participant_id,condition,condition_label,wave,run_index,n_runs,saved_at,actual_score,score_percent,completed_main_tasks,mean_confidence,mean_conf_correct,mean_conf_incorrect,confidence_discrimination,signed_confidence_gap,absolute_confidence_gap,pre_with_ai,pre_without_ai,pre_ai_alone,pre_self_percentile,pre_ai_percentile,post_with_ai,post_without_ai,post_ai_alone,post_self_percentile,post_ai_percentile,signed_estimation_error,absolute_estimation_error,estimate_shift_with_ai,estimate_shift_without_ai,estimate_shift_ai_alone,total_prompts,prompts_per_task,main_tasks_prompted,mean_prompt_words,pasted_task_share,total_user_messages,total_assistant_messages,assistant_output_tokens,assistant_reasoning_tokens,chat_resets,gate_tests,gate_matched,gate_max_coverage,reliability_cards_presented,similarity_tests,cards_hidden,reflection_pages_answered,reflection_words,completion_seconds,completion_minutes,completion_time_source,sus_score,ueq_overall,ueq_pragmatic,ueq_hedonic,tlx_mean,tlx_raw_mean,nfc_mean,trust_mean,attention_passed,attention_found,attention_failed,age,gender,education,fluency,ai_use_label,ai_use_frequency,double_checked_answers,repeated_other_condition,exclude_repeat,exclude_attention,exclude_incomplete,exclude_fast,exclude_manual,exclude_primary
69e682966f693cecc39ac613,ai,AI (baseline),2,0,1,2026-08-16T20:25:43.543554+00:00,3,25.0,12,83.16666666666667,88.0,81.55555555555556,6.444444444444443,58.16666666666667,58.16666666666667,12.0,5.0,8.0,70.0,90.0,5.0,5.0,8.0,70.0,80.0,2.0,2.0,-7.0,0.0,0.0,28,2.3333333333333335,12,58.892857142857146,0.8928571428571429,31,31,31407,23447,0,18,12,1.0,0,0,0,0,0,2312.3680000305176,38.53946666717529,client task timestamps,97.5,2.0,3.0,1.0,6.0,9.166666666666666,4.166666666666667,3.875,4,4,0,26.0,Woman,Vocational college degree,Native English speaker,Several times a day,7,5.0,False,False,False,False,False,False,False
659585d0d682df995ad2c5b5,ai,AI (baseline),2,0,1,2026-08-16T21:51:36.239737+00:00,6,50.0,12,54.916666666666664,60.333333333333336,49.5,10.833333333333336,4.916666666666664,4.916666666666664,8.0,5.0,10.0,51.0,50.0,5.0,0.0,10.0,20.0,50.0,-1.0,1.0,-3.0,-5.0,0.0,25,2.0833333333333335,12,182.28,0.76,26,26,37559,30178,9,18,11,1.0,0,0,0,0,0,5097.938999891281,84.96564999818801,client task timestamps,52.5,-0.375,-0.25,-0.5,16.5,13.666666666666666,4.0,3.375,4,4,0,63.0,Woman,Lower tertiary education degree (Bachelor's level),Native English speaker,Several times a day,7,2.0,False,False,False,False,False,False,False
6a04d6f7d3e6d5170c2f1584,ai,AI (baseline),2,0,1,2026-08-17T10:25:12.750901+00:00,4,33.33333333333333,12,56.166666666666664,57.5,55.5,2.0,22.833333333333336,22.833333333333336,6.0,2.0,10.0,80.0,90.0,6.0,0.0,12.0,20.0,65.0,2.0,2.0,0.0,-2.0,2.0,15,1.25,12,106.73333333333333,0.8,16,16,15795,13619,0,16,12,1.0,0,0,0,0,0,1432.5920000076294,23.87653333346049,client task timestamps,42.5,-1.875,-1.25,-2.5,10.5,13.666666666666666,3.6666666666666665,2.5,4,4,0,59.0,Man,Lower tertiary education degree (Bachelor's level),Native English speaker,About once a day,6,1.0,False,False,False,False,False,False,False
6a22afd22ece5ef29b598074,ai,AI (baseline),2,0,1,2026-08-17T10:54:24.779609+00:00,8,66.66666666666666,12,84.83333333333333,87.0,80.5,6.5,18.16666666666667,18.16666666666667,10.0,5.0,12.0,70.0,50.0,12.0,4.0,12.0,75.0,100.0,4.0,4.0,2.0,-1.0,0.0,20,1.6666666666666667,12,95.7,0.8,22,22,29492,23949,0,18,12,1.0,0,0,0,0,0,2839.1620001792908,47.31936666965485,client task timestamps,87.5,1.375,1.75,1.0,5.833333333333333,8.333333333333334,3.8333333333333335,4.0,4,4,0,35.0,Man,Lower tertiary education degree (Bachelor's level),Native English speaker,Several times a day,7,4.0,False,False,False,False,False,False,False
67d4773442ee746bb00b2542,ai,AI (baseline),2,0,1,2026-08-18T06:12:19.967222+00:00,5,41.66666666666667,12,90.66666666666667,88.4,92.28571428571429,-3.885714285714286,49.0,49.0,10.0,10.0,6.0,59.0,50.0,9.0,12.0,9.0,72.0,70.0,4.0,4.0,-1.0,2.0,3.0,13,1.0833333333333333,12,123.46153846153847,0.9230769230769231,14,14,23137,20386,0,14,12,1.0,0,0,0,0,0,3117.1579999923706,51.95263333320618,client task timestamps,90.0,2.875,3.0,2.75,7.333333333333333,10.166666666666666,3.1666666666666665,3.125,4,4,0,47.0,Woman,Higher tertiary education degree (Master's level),Native English speaker,About once a day,6,5.0,False,False,False,False,False,False,False
67894c4106e9380ced60256e,ai,AI (baseline),1,0,1,2026-07-16T15:06:05.016846+00:00,3,25.0,12,81.58333333333333,76.0,83.44444444444444,-7.444444444444443,56.58333333333333,56.58333333333333,10.0,5.0,8.0,64.0,50.0,12.0,4.0,12.0,39.0,73.0,9.0,9.0,2.0,-1.0,4.0,16,1.3333333333333333,12,104.6875,,18,18,24981,21671,0,0,0,,0,0,0,0,0,2434.194000005722,40.569900000095366,client task timestamps,92.5,0.25,1.5,-1.0,9.666666666666666,10.833333333333334,1.5,4.375,4,4,0,26.0,Woman,Upper secondary school / High school,Native English speaker,About once a day,6,3.0,False,False,False,False,False,False,False
69fd9d6f7d9cd6c042e8a1cc,ai,AI (baseline),1,0,1,2026-07-16T15:12:39.365457+00:00,4,33.33333333333333,12,97.08333333333333,99.75,95.75,4.0,63.75,63.75,12.0,10.0,12.0,50.0,50.0,12.0,7.0,12.0,75.0,75.0,8.0,8.0,0.0,-3.0,0.0,13,1.0833333333333333,12,147.3846153846154,,14,14,22819,19120,0,0,0,,0,0,0,0,0,1181.8789999485016,19.697983332475026,client task timestamps,100.0,2.625,3.0,2.25,1.3333333333333333,4.5,2.8333333333333335,5.0,4,4,0,32.0,Man,Upper secondary school / High school,Native English speaker,Several times a day,7,2.0,False,False,False,False,False,False,False
6a2012eff90f7af67fdfb112,ai,AI (baseline),1,0,1,2026-07-16T15:17:37.324496+00:00,4,33.33333333333333,12,97.58333333333333,99.75,96.5,3.25,64.25,64.25,12.0,12.0,12.0,75.0,90.0,12.0,8.0,12.0,75.0,90.0,8.0,8.0,0.0,-4.0,0.0,16,1.3333333333333333,12,119.5,,17,17,17049,14652,0,0,0,,0,0,0,0,0,1465.0490000247955,24.417483333746592,client task timestamps,87.5,1.875,2.25,1.5,6.666666666666667,8.166666666666666,3.5,4.375,4,4,0,32.0,Man,Lower tertiary education degree (Bachelor's level),Native English speaker,A few times a week,5,3.0,False,False,False,False,False,False,False
6a1c0a74391cb03e607159f3,ai,AI (baseline),1,0,1,2026-07-16T15:35:10.756091+00:00,11,91.66666666666666,12,64.25,68.0,23.0,45.0,-27.416666666666657,27.416666666666657,10.0,5.0,8.0,73.0,88.0,8.0,4.0,6.0,67.0,73.0,-3.0,3.0,-2.0,-1.0,-2.0,14,1.1666666666666667,12,289.7142857142857,,18,18,24165,19099,0,0,0,,0,0,0,0,0,3785.3870000839233,63.089783334732054,client task timestamps,75.0,1.375,1.0,1.75,7.166666666666667,8.333333333333334,4.166666666666667,3.0,4,4,0,19.0,Man,Vocational college degree,Native English speaker,Several times a day,7,5.0,False,False,False,False,False,False,False
5c0430c71a20110001e9b05a,ai,AI (baseline),1,0,1,2026-07-16T15:41:37.277576+00:00,4,33.33333333333333,12,94.16666666666667,90.75,95.875,-5.125,60.83333333333334,60.83333333333334,12.0,4.0,12.0,33.0,97.0,10.0,4.0,12.0,33.0,80.0,6.0,6.0,-2.0,0.0,0.0,16,1.3333333333333333,12,119.8125,,18,18,23537,20903,0,0,0,,0,0,0,0,0,2672.2999999523163,44.538333332538606,client task timestamps,70.0,2.875,3.0,2.75,12.833333333333334,14.0,3.3333333333333335,4.25,4,4,0,44.0,Woman,Vocational college degree,Native English speaker,Several times a day,7,3.0,False,False,False,False,False,False,False
676ada80fe4f612146e3c8b3,ai,AI (baseline),1,0,1,2026-07-16T15:45:33.657022+00:00,4,33.33333333333333,12,99.25,99.75,99.0,0.75,65.91666666666667,65.91666666666667,12.0,9.0,12.0,79.0,97.0,12.0,5.0,6.0,78.0,100.0,8.0,8.0,0.0,-4.0,-6.0,15,1.25,12,107.4,,16,16,15462,13283,0,0,0,,0,0,0,0,0,1512.1740000247955,25.20290000041326,client task timestamps,100.0,3.0,3.0,3.0,3.1666666666666665,6.0,4.0,4.75,4,4,0,34.0,Man,Lower tertiary education degree (Bachelor's level),Native English speaker,Several times a day,7,5.0,False,False,False,False,False,False,False
5a9c41f2dbdb470001eeef9c,ai,AI (baseline),1,0,1,2026-07-16T15:49:30.483426+00:00,7,58.333333333333336,12,57.166666666666664,70.42857142857143,38.6,31.82857142857143,-1.1666666666666714,1.1666666666666714,8.0,6.0,6.0,40.0,45.0,9.0,6.0,10.0,28.0,58.0,2.0,2.0,1.0,0.0,4.0,19,1.5833333333333333,12,89.10526315789474,,22,22,26415,22856,0,0,0,,0,0,0,0,0,1605.7639999389648,26.76273333231608,client task timestamps,65.0,0.375,1.0,-0.25,9.833333333333334,9.333333333333334,4.833333333333333,3.125,4,4,0,50.0,Woman,Higher tertiary education degree (Master's level),Native English speaker,About once a week,4,2.0,False,False,False,False,False,False,False
614b11e399369a0d52b5fbf6,ai,AI (baseline),1,0,1,2026-07-16T15:56:16.672823+00:00,5,41.66666666666667,12,86.16666666666667,82.0,89.14285714285714,-7.142857142857139,44.5,44.5,10.0,10.0,11.0,50.0,50.0,12.0,6.0,12.0,50.0,75.0,7.0,7.0,2.0,-4.0,1.0,13,1.0833333333333333,12,130.15384615384616,,15,15,18641,16216,0,0,0,,0,0,0,0,0,2511.0009999275208,41.85001666545868,client task timestamps,100.0,1.25,3.0,-0.5,1.6666666666666667,3.8333333333333335,3.8333333333333335,4.625,3,4,1,33.0,Man,Lower tertiary education degree (Bachelor's level),Native English speaker,A few times a week,5,3.0,False,False,False,False,False,False,False
5ca9106716aa84001725d880,ai,AI (baseline),1,0,1,2026-07-16T16:06:30.100863+00:00,8,66.66666666666666,12,57.583333333333336,52.125,68.5,-16.375,-9.083333333333321,9.083333333333321,8.0,4.0,9.0,62.0,81.0,7.0,6.0,7.0,75.0,67.0,-1.0,1.0,-1.0,2.0,-2.0,15,1.25,12,106.73333333333333,,16,16,19464,16789,0,0,0,,0,0,0,0,0,1348.8359999656677,22.480599999427795,client task timestamps,92.5,2.0,2.25,1.75,5.5,8.0,4.5,3.75,4,4,0,34.0,Woman,Higher tertiary education degree (Master's level),Native English speaker,Several times a day,7,2.0,False,False,False,False,False,False,False
69e798083733072e5376734b,ai,AI (baseline),1,0,1,2026-07-16T16:18:44.154398+00:00,5,41.66666666666667,12,94.91666666666667,94.8,95.0,-0.20000000000000284,53.25,53.25,12.0,7.0,12.0,76.0,63.0,9.0,7.0,9.0,76.0,77.0,4.0,4.0,-3.0,0.0,-3.0,14,1.1666666666666667,12,114.28571428571429,,15,15,15713,13894,0,0,0,,0,0,0,0,0,1417.3790001869202,23.62298333644867,client task timestamps,100.0,2.0,2.5,1.5,3.0,6.166666666666667,4.166666666666667,4.375,4,4,0,22.0,Woman,Lower tertiary education degree (Bachelor's level),Native English speaker,About once a day,6,2.0,False,False,False,False,False,False,False
5ea824f580b9ef228f589930,ai,AI (baseline),1,0,1,2026-07-16T16:25:50.096430+00:00,6,50.0,12,66.25,65.66666666666667,66.83333333333333,-1.1666666666666572,16.25,16.25,9.0,5.0,9.0,50.0,86.0,11.0,4.0,11.0,81.0,90.0,5.0,5.0,2.0,-1.0,2.0,17,1.4166666666666667,12,253.52941176470588,,19,19,25325,22037,0,0,0,,0,0,0,0,0,3116.5549998283386,51.94258333047231,client task timestamps,100.0,2.5,3.0,2.0,9.333333333333334,10.5,3.8333333333333335,4.125,4,4,0,67.0,Woman,Higher tertiary education degree (Master's level),Native English speaker,Several times a day,7,4.0,False,False,False,False,False,False,False
673f6ffebce20832346325de,ai,AI (baseline),1,0,1,2026-07-16T16:27:32.224920+00:00,5,41.66666666666667,12,92.83333333333333,97.2,89.71428571428571,7.485714285714295,51.16666666666666,51.16666666666666,10.0,7.0,10.0,80.0,45.0,9.0,5.0,9.0,80.0,50.0,4.0,4.0,-1.0,-2.0,-1.0,25,2.0833333333333335,12,183.52,,26,26,26413,21608,0,0,0,,0,0,0,0,0,1657.1480000019073,27.619133333365124,client task timestamps,82.5,1.375,2.25,0.5,8.833333333333334,8.666666666666666,1.3333333333333333,4.5,3,4,1,41.0,Woman,Lower tertiary education degree (Bachelor's level),Native English speaker,Several times a day,7,2.0,False,False,False,False,False,False,False
5ff454f2f0b5ed607169fba6,ai,AI (baseline),1,0,1,2026-07-16T16:30:47.469752+00:00,4,33.33333333333333,12,91.91666666666667,94.25,90.75,3.5,58.58333333333334,58.58333333333334,10.0,8.0,11.0,,,10.0,8.0,10.0,90.0,80.0,6.0,6.0,0.0,0.0,-1.0,24,2.0,12,70.66666666666667,,26,26,27587,23842,0,0,0,,0,0,0,0,0,3162.048000097275,52.700800001621246,client task timestamps,100.0,3.0,3.0,3.0,4.666666666666667,7.833333333333333,5.0,4.625,4,4,0,45.0,Woman,Lower tertiary education degree (Bachelor's level),Native English speaker,Several times a day,7,5.0,False,False,False,False,False,False,False
6a00e5e9deafdfa23003cacb,ai,AI (baseline),1,0,1,2026-07-16T16:33:52.747053+00:00,6,50.0,12,67.91666666666667,73.83333333333333,62.0,11.833333333333329,17.91666666666667,17.91666666666667,8.0,0.0,6.0,13.0,95.0,6.0,2.0,6.0,4.0,75.0,0.0,0.0,-2.0,2.0,0.0,18,1.5,12,91.38888888888889,,19,19,22817,19556,0,0,0,,0,0,0,0,0,2428.680000066757,40.47800000111262,client task timestamps,85.0,1.75,2.25,1.25,9.333333333333334,8.166666666666666,3.0,3.625,4,4,0,41.0,Man,Higher tertiary education degree (Master's level),Native English speaker,Several times a day,7,2.0,False,False,False,False,False,False,False
69ffa808e93cf482f4829587,ai,AI (baseline),1,0,1,2026-07-16T16:59:12.312594+00:00,9,75.0,12,64.33333333333333,63.77777777777778,66.0,-2.2222222222222214,-10.666666666666671,10.666666666666671,10.0,7.0,10.0,66.0,60.0,7.0,3.0,7.0,64.0,66.0,-2.0,2.0,-3.0,-4.0,-3.0,29,2.4166666666666665,12,59.89655172413793,,30,30,25770,21096,0,0,0,,0,0,0,0,0,3626.1920001506805,60.43653333584468,client task timestamps,95.0,2.5,3.0,2.0,9.5,11.333333333333334,3.5,3.625,4,4,0,43.0,Man,Higher tertiary education degree (Master's level),Native English speaker,A few times a week,5,2.0,False,False,False,False,False,False,False
6a05ca3ca97a0b5ea50dd24c,ai,AI (baseline),1,0,1,2026-07-17T13:40:57.212921+00:00,6,50.0,12,80.83333333333333,81.16666666666667,80.5,0.6666666666666714,30.83333333333333,30.83333333333333,10.0,5.0,9.0,95.0,80.0,10.0,4.0,7.0,85.0,70.0,4.0,4.0,0.0,-1.0,-2.0,13,1.0833333333333333,12,118.53846153846153,,14,14,19300,17782,0,0,0,,0,0,0,0,0,1039.1760001182556,17.319600001970926,client task timestamps,77.5,1.875,2.25,1.5,2.6666666666666665,4.5,2.6666666666666665,3.625,4,4,0,22.0,Woman,Lower tertiary education degree (Bachelor's level),Native English speaker,About once a day,6,1.0,False,False,False,False,False,False,False
5f319edf7543f7087932aa98,ai,AI (baseline),1,0,1,2026-07-17T13:52:11.972671+00:00,6,50.0,12,73.33333333333333,72.33333333333333,74.33333333333333,-2.0,23.33333333333333,23.33333333333333,12.0,5.0,12.0,64.0,29.0,12.0,2.0,12.0,59.0,97.0,6.0,6.0,0.0,-3.0,0.0,15,1.25,12,313.06666666666666,,17,17,21940,18307,0,0,0,,0,0,0,0,0,1570.039999961853,26.16733333269755,client task timestamps,77.5,2.25,2.5,2.0,4.666666666666667,6.166666666666667,2.1666666666666665,3.75,4,4,0,46.0,Man,Lower tertiary education degree (Bachelor's level),Native English speaker,A few times a week,5,4.0,False,False,False,False,False,True,False
6a04411878c03cd53d01bc3d,ai,AI (baseline),1,0,1,2026-07-17T14:00:20.970123+00:00,5,41.66666666666667,12,75.41666666666667,77.0,74.28571428571429,2.714285714285708,33.75,33.75,8.0,6.0,10.0,,,12.0,4.0,12.0,69.0,75.0,7.0,7.0,4.0,-2.0,2.0,12,1.0,12,124.58333333333333,,15,15,19998,17867,0,0,0,,0,0,0,0,0,975.1779999732971,16.252966666221617,client task timestamps,80.0,1.25,3.0,-0.5,4.666666666666667,6.166666666666667,2.3333333333333335,3.25,4,4,0,35.0,Man,Higher tertiary education degree (Master's level),Native English speaker,Several times a day,7,1.0,False,False,False,False,False,False,False
5f6f3b4884cdf34934e9db6f,ai,AI (baseline),1,0,1,2026-07-17T14:04:56.483417+00:00,7,58.333333333333336,12,87.58333333333333,91.57142857142857,82.0,9.57142857142857,29.249999999999993,29.249999999999993,12.0,2.0,12.0,37.0,79.0,12.0,2.0,10.0,82.0,83.0,5.0,5.0,0.0,0.0,-2.0,26,2.1666666666666665,12,65.07692307692308,,29,29,17607,14934,0,0,0,,0,0,0,0,0,1354.0810000896454,22.568016668160755,client task timestamps,75.0,1.625,2.25,1.0,7.666666666666667,8.5,3.0,3.875,4,4,0,47.0,Woman,Vocational college degree,Native English speaker,About once a day,6,1.0,False,False,False,False,False,False,False
6710a58eeff954cb2243950e,ai,AI (baseline),1,0,1,2026-07-17T14:13:38.469030+00:00,2,16.666666666666664,12,88.25,97.5,86.4,11.099999999999994,71.58333333333334,71.58333333333334,11.0,7.0,10.0,78.0,91.0,10.0,6.0,5.0,76.0,87.0,8.0,8.0,-1.0,-1.0,-5.0,13,1.0833333333333333,12,97.23076923076923,,14,14,12430,11156,0,0,0,,0,0,0,0,0,2030.8960001468658,33.84826666911443,client task timestamps,97.5,2.75,3.0,2.5,8.5,9.666666666666666,4.833333333333333,4.875,4,4,0,55.0,Woman,Higher tertiary education degree (Master's level),Fully fluent,Several times a day,7,5.0,False,False,False,False,False,False,False
6a1589d7aa43b48061cf738a,ai,AI (baseline),1,0,1,2026-07-17T14:19:04.500825+00:00,5,41.66666666666667,12,60.916666666666664,63.6,59.0,4.600000000000001,19.249999999999993,19.249999999999993,10.0,8.0,8.0,47.0,50.0,8.0,5.0,7.0,50.0,60.0,3.0,3.0,-2.0,-3.0,-1.0,17,1.4166666666666667,12,85.94117647058823,,19,19,22173,18624,0,0,0,,0,0,0,0,0,1497.3220000267029,24.955366667111715,client task timestamps,57.5,-0.25,0.0,-0.5,5.833333333333333,6.333333333333333,2.3333333333333335,3.375,3,4,1,30.0,Man,Lower tertiary education degree (Bachelor's level),Native English speaker,Several times a day,7,1.0,False,False,False,False,False,False,False
6a21b8ae2177f79a3833a3aa,ai,AI (baseline),1,0,1,2026-07-17T14:21:20.551468+00:00,6,50.0,12,93.83333333333333,95.66666666666667,92.0,3.6666666666666714,43.83333333333333,43.83333333333333,10.0,7.0,9.0,60.0,80.0,11.0,1.0,1.0,79.0,75.0,5.0,5.0,1.0,-6.0,-8.0,23,1.9166666666666667,12,175.6086956521739,,25,25,22939,18348,0,0,0,,0,0,0,0,0,1855.848000049591,30.93080000082652,client task timestamps,75.0,1.625,2.25,1.0,9.333333333333334,11.166666666666666,3.6666666666666665,3.25,4,4,0,28.0,Woman,Lower tertiary education degree (Bachelor's level),Native English speaker,Several times a day,7,2.0,False,False,False,False,False,False,False
59b19a277f6c84000151c001,ai,AI (baseline),1,0,1,2026-07-17T14:29:20.844393+00:00,6,50.0,12,72.08333333333333,73.0,71.16666666666667,1.8333333333333286,22.08333333333333,22.08333333333333,9.0,7.0,10.0,29.0,16.0,11.0,9.0,10.0,22.0,25.0,5.0,5.0,2.0,2.0,0.0,28,2.3333333333333335,12,38.892857142857146,,29,29,26271,20647,0,0,0,,0,0,0,0,0,2702.6579999923706,45.04429999987284,client task timestamps,80.0,1.25,2.0,0.5,7.833333333333333,8.666666666666666,3.0,3.75,4,4,0,65.0,Woman,Upper secondary school / High school,Native English speaker,A few times a week,5,4.0,False,False,False,False,False,False,False
6a06e63d31c90ee68757b0d3,ai,AI (baseline),1,0,1,2026-07-17T14:31:15.747044+00:00,6,50.0,12,92.5,92.33333333333333,92.66666666666667,-0.3333333333333428,42.5,42.5,12.0,6.0,12.0,74.0,95.0,12.0,4.0,12.0,92.0,97.0,6.0,6.0,0.0,-2.0,0.0,15,1.25,12,124.4,,16,16,19835,17092,0,0,0,,0,0,0,0,0,2317.476000070572,38.6246000011762,client task timestamps,90.0,3.0,3.0,3.0,10.666666666666666,13.833333333333334,3.6666666666666665,4.875,4,4,0,57.0,Woman,Vocational college degree,Native English speaker,Several times a day,7,3.0,False,False,False,False,False,False,False
6a271c0daa928450f32c7507,ai,AI (baseline),1,0,1,2026-07-17T14:36:52.512250+00:00,8,66.66666666666666,12,89.66666666666667,90.75,87.5,3.25,23.000000000000014,23.000000000000014,12.0,10.0,12.0,77.0,71.0,10.0,4.0,10.0,85.0,91.0,2.0,2.0,-2.0,-6.0,-2.0,14,1.1666666666666667,12,137.92857142857142,,16,16,19291,16449,0,0,0,,0,0,0,0,0,4048.03200006485,67.46720000108083,client task timestamps,97.5,1.125,0.0,2.25,16.0,16.833333333333332,2.6666666666666665,4.75,4,4,0,34.0,Man,Lower tertiary education degree (Bachelor's level),Native English speaker,About once a day,6,4.0,False,False,False,False,False,False,False
65b9a002909e6b9bd3520066,ai,AI (baseline),1,0,1,2026-07-17T14:36:54.224179+00:00,6,50.0,12,92.75,93.16666666666667,92.33333333333333,0.8333333333333428,42.75,42.75,12.0,8.0,12.0,,,12.0,7.0,12.0,51.0,50.0,6.0,6.0,0.0,-1.0,0.0,14,1.1666666666666667,12,82.71428571428571,,15,15,17792,15459,0,0,0,,0,0,0,0,0,1115.8229999542236,18.59704999923706,client task timestamps,82.5,1.5,2.0,1.0,4.166666666666667,5.333333333333333,3.0,4.125,4,4,0,54.0,Woman,Lower tertiary education degree (Bachelor's level),Native English speaker,A few times a week,5,2.0,False,False,False,False,False,False,False
6a06fc17dd60a09eb3ac9bbd,ai,AI (baseline),1,0,1,2026-07-17T14:43:48.857918+00:00,6,50.0,12,84.58333333333333,87.33333333333333,81.83333333333333,5.5,34.58333333333333,34.58333333333333,11.0,10.0,11.0,86.0,79.0,11.0,10.0,12.0,78.0,74.0,5.0,5.0,0.0,0.0,1.0,14,1.1666666666666667,12,99.07142857142857,,15,15,21722,20306,0,0,0,,0,0,0,0,0,1222.0769999027252,20.367949998378755,client task timestamps,75.0,0.125,0.25,0.0,3.6666666666666665,5.166666666666667,4.333333333333333,2.75,4,4,0,23.0,Prefer not to disclose,Lower tertiary education degree (Bachelor's level),Native English speaker,A few times a week,5,4.0,False,False,False,False,False,False,False
5f160514e2a4062d2a0ded58,ai,AI (baseline),1,0,1,2026-07-17T14:44:24.343641+00:00,9,75.0,12,80.41666666666667,79.77777777777777,82.33333333333333,-2.555555555555557,5.416666666666671,5.416666666666671,10.0,8.0,10.0,69.0,75.0,12.0,8.0,11.0,91.0,100.0,3.0,3.0,2.0,0.0,1.0,12,1.0,12,356.4166666666667,,14,14,19746,17827,0,0,0,,0,0,0,0,0,2390.565999984741,39.84276666641235,client task timestamps,100.0,2.125,3.0,1.25,3.5,5.666666666666667,3.1666666666666665,4.25,3,4,1,29.0,Man,Upper secondary school / High school,Native English speaker,A few times a week,5,3.0,False,False,False,False,False,False,False
6a00e2783fab0770e1f95674,ai,AI (baseline),1,0,1,2026-07-17T14:48:26.949864+00:00,5,41.66666666666667,12,96.5,97.2,96.0,1.2000000000000028,54.83333333333333,54.83333333333333,7.0,4.0,5.0,50.0,65.0,12.0,6.0,9.0,70.0,69.0,7.0,7.0,5.0,2.0,4.0,12,1.0,12,110.25,,13,13,14018,12148,0,0,0,,0,0,0,0,0,1490.608999967575,24.843483332792918,client task timestamps,95.0,1.5,1.75,1.25,4.5,4.333333333333333,4.166666666666667,4.25,4,4,0,29.0,Man,Lower tertiary education degree (Bachelor's level),Native English speaker,Several times a day,7,2.0,False,False,False,False,False,False,False
6a1002dabe7f5c918f052d3e,ai,AI (baseline),1,0,1,2026-07-17T15:17:16.588964+00:00,5,41.66666666666667,12,83.75,88.2,80.57142857142857,7.628571428571433,42.08333333333333,42.08333333333333,11.0,11.0,10.0,87.0,76.0,11.0,10.0,10.0,92.0,93.0,6.0,6.0,0.0,-1.0,0.0,12,1.0,12,20.666666666666668,,15,15,2100,310,0,0,0,,0,0,0,0,0,2683.401000022888,44.72335000038147,client task timestamps,52.5,2.125,2.25,2.0,13.666666666666666,16.166666666666668,3.0,4.0,2,4,2,31.0,Man,Higher tertiary education degree (Master's level),Native English speaker,About once a day,6,4.0,False,False,True,False,False,False,True
6a0247c711c1663a4074fa1b,ai,AI (baseline),1,0,1,2026-07-17T16:35:59.376264+00:00,5,41.66666666666667,12,41.25,42.4,40.42857142857143,1.971428571428568,-0.4166666666666714,0.4166666666666714,6.0,2.0,8.0,49.0,83.0,9.0,0.0,12.0,53.0,100.0,4.0,4.0,3.0,-2.0,4.0,16,1.3333333333333333,12,100.0625,,17,17,20108,17279,0,0,0,,0,0,0,0,0,1078.7489998340607,17.979149997234344,client task timestamps,57.5,0.25,0.5,0.0,7.0,9.5,2.8333333333333335,3.75,3,4,1,47.0,Man,Vocational college degree,Native English speaker,A few times a week,5,5.0,False,False,False,False,False,False,False
69fdda7887e460a4d33c272a,ai,AI (baseline),1,0,1,2026-07-17T16:39:40.356096+00:00,7,58.333333333333336,12,75.91666666666667,70.28571428571429,83.8,-13.514285714285705,17.583333333333336,17.583333333333336,10.0,12.0,9.0,49.0,81.0,8.0,10.0,8.0,49.0,68.0,1.0,1.0,-2.0,-2.0,-1.0,18,1.5,12,259.0,,19,19,27074,25065,0,0,0,,0,0,0,0,0,908.635999917984,15.1439333319664,client task timestamps,87.5,0.75,2.5,-1.0,4.666666666666667,6.5,4.333333333333333,3.25,4,4,0,20.0,Man,Lower tertiary education degree (Bachelor's level),Native English speaker,About once a day,6,4.0,False,False,False,False,False,False,False
5c4f9227af9f500001be902e,ai,AI (baseline),1,0,1,2026-07-17T16:59:49.109307+00:00,5,41.66666666666667,12,77.25,76.6,77.71428571428571,-1.1142857142857139,35.58333333333333,35.58333333333333,8.0,5.0,10.0,30.0,50.0,8.0,2.0,6.0,20.0,15.0,3.0,3.0,0.0,-3.0,-4.0,29,2.4166666666666665,12,63.10344827586207,,32,32,30496,24746,0,0,0,,0,0,0,0,0,1990.2160000801086,33.17026666800181,client task timestamps,67.5,0.0,0.75,-0.75,6.333333333333333,7.833333333333333,2.6666666666666665,3.375,4,4,0,45.0,Woman,Upper secondary school / High school,Native English speaker,Several times a day,7,2.0,False,False,False,False,False,False,False
679153802a458f825959cf4a,ai,AI (baseline),1,0,1,2026-07-17T17:02:51.982270+00:00,5,41.66666666666667,12,72.33333333333333,80.0,66.85714285714286,13.142857142857139,30.666666666666657,30.666666666666657,10.0,8.0,11.0,64.0,63.0,8.0,6.0,11.0,51.0,61.0,3.0,3.0,-2.0,-2.0,0.0,12,1.0,12,133.41666666666666,,13,13,20796,17937,0,0,0,,0,0,0,0,0,2793.4260001182556,46.55710000197093,client task timestamps,92.5,2.625,3.0,2.25,10.166666666666666,11.666666666666666,3.5,3.875,4,4,0,46.0,Man,Lower tertiary education degree (Bachelor's level),Native English speaker,Several times a day,7,4.0,False,False,False,False,False,False,False
5908ee77d4b33900015cb3f7,ai,AI (baseline),1,0,1,2026-07-17T17:03:24.628270+00:00,4,33.33333333333333,12,84.5,83.5,85.0,-1.5,51.16666666666667,51.16666666666667,6.0,1.0,9.0,20.0,80.0,9.0,0.0,9.0,84.0,100.0,5.0,5.0,3.0,-1.0,0.0,20,1.6666666666666667,12,62.55,,22,22,11966,10622,0,0,0,,0,0,0,0,0,982.2850000858307,16.37141666809718,client task timestamps,87.5,0.125,-0.75,1.0,13.0,16.166666666666668,4.0,3.5,3,4,1,53.0,Woman,Higher tertiary education degree (Master's level),Native English speaker,About once a day,6,1.0,False,False,False,False,False,False,False
6702f60844f21087e0840e3d,ai,AI (baseline),1,0,1,2026-07-17T17:05:22.800363+00:00,10,83.33333333333334,12,92.5,92.7,91.5,1.2000000000000028,9.166666666666657,9.166666666666657,11.0,5.0,11.0,52.0,62.0,11.0,5.0,10.0,55.0,93.0,1.0,1.0,0.0,0.0,-1.0,15,1.25,12,108.93333333333334,,16,16,21077,19180,0,0,0,,0,0,0,0,0,1947.3229999542236,32.45538333257039,client task timestamps,100.0,2.875,3.0,2.75,4.166666666666667,6.333333333333333,1.3333333333333333,4.75,3,4,1,30.0,Woman,Higher tertiary education degree (Master's level),Native English speaker,Several times a day,7,5.0,False,False,False,False,False,False,False
6a11e96e121c58edac86d8ae,ai,AI (baseline),1,0,1,2026-07-17T17:07:24.996701+00:00,6,50.0,12,81.91666666666667,87.33333333333333,76.5,10.833333333333329,31.91666666666667,31.91666666666667,10.0,7.0,11.0,64.0,87.0,6.0,8.0,6.0,76.0,60.0,0.0,0.0,-4.0,1.0,-5.0,17,1.4166666666666667,12,96.58823529411765,,19,19,25648,21764,0,0,0,,0,0,0,0,0,2914.5930001735687,48.57655000289281,client task timestamps,77.5,0.875,0.5,1.25,9.0,10.833333333333334,4.333333333333333,3.0,4,4,0,31.0,Man,Lower tertiary education degree (Bachelor's level),Native English speaker,Several times a day,7,4.0,False,False,False,False,False,False,False
6a07018cc4b031d691ad7868,ai,AI (baseline),1,0,1,2026-07-17T17:07:43.060977+00:00,7,58.333333333333336,12,86.16666666666667,84.14285714285714,89.0,-4.857142857142861,27.833333333333336,27.833333333333336,10.0,7.0,8.0,100.0,85.0,12.0,2.0,12.0,96.0,88.0,5.0,5.0,2.0,-5.0,4.0,12,1.0,12,359.1666666666667,,15,15,28081,25193,0,0,0,,0,0,0,0,0,3059.8830001354218,50.99805000225703,client task timestamps,87.5,2.5,2.25,2.75,7.666666666666667,10.166666666666666,4.833333333333333,4.625,4,4,0,38.0,Woman,Higher tertiary education degree (Master's level),Native English speaker,Several times a day,7,5.0,False,False,False,False,False,False,False
6a1705de4d66fdccca1d1192,ai,AI (baseline),1,0,1,2026-07-17T17:13:40.324421+00:00,5,41.66666666666667,12,79.75,90.2,72.28571428571429,17.91428571428571,38.08333333333333,38.08333333333333,11.0,10.0,10.0,70.0,50.0,9.0,8.0,8.0,72.0,50.0,4.0,4.0,-2.0,-2.0,-2.0,81,6.75,12,84.72839506172839,,83,83,70011,49753,0,0,0,,0,0,0,0,0,3396.733999967575,56.61223333279292,client task timestamps,75.0,0.875,1.25,0.5,7.833333333333333,10.333333333333334,3.6666666666666665,3.75,4,4,0,33.0,Woman,Lower tertiary education degree (Bachelor's level),Native English speaker,Several times a day,7,4.0,False,False,False,False,False,False,False
6a0b25192c5d95c79b377fc8,ai,AI (baseline),1,0,1,2026-07-17T17:36:18.904800+00:00,6,50.0,12,82.16666666666667,83.33333333333333,81.0,2.3333333333333286,32.16666666666667,32.16666666666667,12.0,2.0,12.0,20.0,90.0,11.0,1.0,11.0,49.0,48.0,5.0,5.0,-1.0,-1.0,-1.0,12,1.0,12,149.91666666666666,,14,14,21404,18973,0,0,0,,0,0,0,0,0,1402.5930001735687,23.376550002892813,client task timestamps,90.0,1.75,2.25,1.25,3.8333333333333335,4.0,2.6666666666666665,4.25,4,4,0,20.0,Woman,Upper secondary school / High school,Fully fluent,About once a day,6,1.0,False,False,False,False,False,False,False
67118c5934ddcc26346c3183,ai,AI (baseline),1,0,1,2026-07-17T17:37:02.305740+00:00,4,33.33333333333333,12,62.666666666666664,59.0,64.5,-5.5,29.333333333333336,29.333333333333336,10.0,5.0,10.0,58.0,54.0,8.0,6.0,10.0,53.0,51.0,4.0,4.0,-2.0,1.0,0.0,27,2.25,12,107.22222222222223,,29,29,28433,23777,0,0,0,,0,0,0,0,0,2019.3099999427795,33.65516666571299,client task timestamps,52.5,1.125,1.25,1.0,8.833333333333334,10.666666666666666,3.8333333333333335,2.75,3,4,1,30.0,Woman,Upper secondary school / High school,Fully fluent,A few times a week,5,3.0,False,False,False,False,False,False,False
6a073f16a1eef181e8a76922,ai,AI (baseline),1,0,1,2026-07-17T17:41:06.181712+00:00,3,25.0,12,99.58333333333333,99.66666666666667,99.55555555555556,0.11111111111111427,74.58333333333333,74.58333333333333,1.0,8.0,10.0,100.0,100.0,12.0,8.0,10.0,81.0,100.0,9.0,9.0,11.0,0.0,0.0,14,1.1666666666666667,12,305.5,,16,16,18806,16835,0,0,0,,0,0,0,0,0,1440.704999923706,24.011749998728433,client task timestamps,100.0,3.0,3.0,3.0,12.0,15.166666666666666,4.666666666666667,4.5,4,4,0,40.0,Man,Higher tertiary education degree (Master's level),Fully fluent,Several times a day,7,5.0,False,False,False,False,False,False,False
6a19406dba2ddac41395a833,ai,AI (baseline),1,0,1,2026-07-17T17:50:49.028633+00:00,7,58.333333333333336,12,96.41666666666667,96.42857142857143,96.4,0.028571428571424917,38.083333333333336,38.083333333333336,9.0,4.0,10.0,50.0,97.0,12.0,12.0,12.0,78.0,90.0,5.0,5.0,3.0,8.0,2.0,12,1.0,12,364.75,,15,15,21625,19011,0,0,0,,0,0,0,0,0,1632.1259999275208,27.20209999879201,client task timestamps,95.0,1.375,3.0,-0.25,3.0,5.5,3.1666666666666665,4.125,3,4,1,37.0,Woman,Lower tertiary education degree (Bachelor's level),Fully fluent,Several times a day,7,2.0,False,False,False,False,False,False,False
69efb71c13372cd446d8b074,ai,AI (baseline),1,0,1,2026-07-17T17:51:26.509437+00:00,7,58.333333333333336,12,80.5,86.71428571428571,71.8,14.914285714285711,22.166666666666664,22.166666666666664,12.0,9.0,11.0,,,9.0,3.0,9.0,61.0,96.0,2.0,2.0,-3.0,-6.0,-2.0,16,1.3333333333333333,12,126.25,,17,17,16000,14064,0,0,0,,0,0,0,0,0,2520.4580001831055,42.00763333638509,client task timestamps,100.0,2.5,3.0,2.0,8.5,8.333333333333334,3.8333333333333335,4.625,4,4,0,34.0,Man,Higher tertiary education degree (Master's level),Native English speaker,Several times a day,7,5.0,False,False,False,False,False,False,False
6a01b9ffa327cfd876cd2caf,ai,AI (baseline),1,0,1,2026-07-17T18:00:31.530051+00:00,5,41.66666666666667,12,80.16666666666667,88.2,74.42857142857143,13.771428571428572,38.5,38.5,10.0,8.0,10.0,70.0,90.0,5.0,6.0,9.0,64.0,70.0,0.0,0.0,-5.0,-2.0,-1.0,14,1.1666666666666667,12,249.28571428571428,,16,16,17003,13170,0,0,0,,0,0,0,0,0,2875.4729998111725,47.924549996852875,client task timestamps,50.0,1.0,1.25,0.75,14.0,15.833333333333334,3.8333333333333335,3.0,4,4,0,29.0,Woman,Lower tertiary education degree (Bachelor's level),Fully fluent,Several times a day,7,5.0,False,False,False,False,False,False,False
63d0e55975e5beb4cdb7b188,ai,AI (baseline),1,0,1,2026-07-20T11:41:27.807580+00:00,4,33.33333333333333,12,87.0,84.5,88.25,-3.75,53.66666666666667,53.66666666666667,10.0,4.0,10.0,25.0,50.0,12.0,1.0,12.0,50.0,70.0,8.0,8.0,2.0,-3.0,2.0,18,1.5,12,93.72222222222223,,21,21,24221,20869,0,0,0,,0,0,0,0,0,1403.4879999160767,23.391466665267945,client task timestamps,97.5,1.875,2.75,1.0,3.0,4.5,3.6666666666666665,4.625,4,4,0,30.0,Man,Vocational college degree,Native English speaker,Several times a day,7,3.0,False,False,False,False,False,False,False
62e02b26e879244a99e852fa,ai,AI (baseline),1,0,1,2026-07-20T11:44:49.080364+00:00,7,58.333333333333336,12,47.583333333333336,48.142857142857146,46.8,1.3428571428571487,-10.75,10.75,7.0,5.0,5.0,36.0,,8.0,4.0,7.0,36.0,62.0,1.0,1.0,1.0,-1.0,2.0,12,1.0,12,126.25,,13,13,20501,17790,0,0,0,,0,0,0,0,0,1201.0820000171661,20.018033333619435,client task timestamps,87.5,-0.25,0.5,-1.0,8.833333333333334,7.666666666666667,3.0,3.625,4,4,0,50.0,Man,Lower tertiary education degree (Bachelor's level),Native English speaker,Several times a day,7,2.0,False,False,False,False,False,False,False
57f9238bc786ac00011ebc72,ai,AI (baseline),1,0,1,2026-07-20T11:45:02.037301+00:00,6,50.0,12,61.0,72.0,50.0,22.0,11.0,11.0,6.0,3.0,6.0,56.0,50.0,4.0,3.0,4.0,44.0,60.0,-2.0,2.0,-2.0,0.0,-2.0,14,1.1666666666666667,12,143.78571428571428,,15,15,22432,17994,0,0,0,,0,0,0,0,0,1603.1159999370575,26.718599998950957,client task timestamps,67.5,-0.75,0.75,-2.25,8.166666666666666,10.0,1.5,3.0,4,4,0,31.0,Man,Higher tertiary education degree (Master's level),Native English speaker,Several times a day,7,4.0,False,False,False,False,False,False,False
677c5eca7746c5274a7d88a4,ai,AI (baseline),1,0,1,2026-07-20T12:00:12.499952+00:00,4,33.33333333333333,12,54.75,53.75,55.25,-1.5,21.41666666666667,21.41666666666667,9.0,6.0,12.0,61.0,52.0,7.0,8.0,7.0,57.0,42.0,3.0,3.0,-2.0,2.0,-5.0,14,1.1666666666666667,12,130.78571428571428,,15,15,18032,15785,0,0,0,,0,0,0,0,0,2262.5119998455048,37.708533330758414,client task timestamps,80.0,1.625,2.0,1.25,7.666666666666667,7.5,3.6666666666666665,3.75,4,4,0,34.0,Woman,Lower tertiary education degree (Bachelor's level),Native English speaker,A few times a week,5,4.0,False,False,False,False,False,False,False
69f1cef04898374f3c779ab0,ai,AI (baseline),1,0,1,2026-07-20T12:01:43.552887+00:00,8,66.66666666666666,12,76.58333333333333,78.5,72.75,5.75,9.916666666666671,9.916666666666671,10.0,8.0,12.0,50.0,0.0,12.0,8.0,12.0,1.0,2.0,4.0,4.0,2.0,0.0,0.0,28,2.3333333333333335,12,107.39285714285714,,31,31,31556,27716,0,0,0,,0,0,0,0,0,2528.4670000076294,42.14111666679382,client task timestamps,90.0,2.5,3.0,2.0,13.0,11.166666666666666,4.333333333333333,3.875,4,4,0,39.0,Woman,Higher tertiary education degree (Master's level),Native English speaker,A few times a week,5,5.0,False,False,False,False,False,False,False
5cab22cd68194f001511b2d6,ai,AI (baseline),1,0,1,2026-07-20T12:06:10.917784+00:00,8,66.66666666666666,12,93.83333333333333,91.625,98.25,-6.625,27.16666666666667,27.16666666666667,10.0,4.0,8.0,50.0,50.0,10.0,4.0,10.0,24.0,85.0,2.0,2.0,0.0,0.0,2.0,27,2.25,12,64.51851851851852,,29,29,37637,30364,0,0,0,,0,0,0,0,0,2812.8680000305176,46.88113333384196,client task timestamps,100.0,1.625,3.0,0.25,7.666666666666667,9.833333333333334,3.1666666666666665,4.375,4,4,0,38.0,Woman,Upper secondary school / High school,Native English speaker,A few times a week,5,5.0,False,False,False,False,False,False,False
6a0464c4873f031f438f0327,ai,AI (baseline),1,0,1,2026-07-20T12:06:15.624419+00:00,6,50.0,12,75.75,85.5,66.0,19.5,25.75,25.75,10.0,8.0,11.0,75.0,92.0,10.0,8.0,10.0,97.0,87.0,4.0,4.0,0.0,0.0,-1.0,16,1.3333333333333333,12,103.9375,,17,17,17315,14979,0,0,0,,0,0,0,0,0,2660.1370000839233,44.33561666806539,client task timestamps,72.5,1.5,1.0,2.0,11.0,13.833333333333334,4.166666666666667,3.875,4,4,0,29.0,Man,Doctoral degree,Fully fluent,Several times a day,7,5.0,False,False,False,False,False,False,False
6a1d6ed2d1f659ae0b6ed638,ai,AI (baseline),1,0,1,2026-07-20T12:13:52.670298+00:00,8,66.66666666666666,12,58.166666666666664,57.875,58.75,-0.875,-8.499999999999993,8.499999999999993,12.0,12.0,8.0,55.0,65.0,10.0,9.0,10.0,76.0,89.0,2.0,2.0,-2.0,-3.0,2.0,13,1.0833333333333333,12,152.23076923076923,,16,16,24034,20929,0,0,0,,0,0,0,0,0,1117.031000137329,18.61718333562215,client task timestamps,77.5,0.125,0.75,-0.5,4.5,6.666666666666667,4.666666666666667,3.125,4,4,0,23.0,Woman,Lower tertiary education degree (Bachelor's level),Native English speaker,A few times a week,5,2.0,False,False,False,False,False,False,False
6a1ea2a53b2581b93256a6a6,ai,AI (baseline),1,0,1,2026-07-20T12:15:14.231340+00:00,2,16.666666666666664,12,85.0,87.5,84.5,3.0,68.33333333333334,68.33333333333334,11.0,8.0,10.0,72.0,90.0,5.0,9.0,8.0,13.0,30.0,3.0,3.0,-6.0,1.0,-2.0,12,1.0,12,5.083333333333333,,13,13,694,129,0,0,0,,0,0,0,0,0,1114.4679999351501,18.574466665585835,client task timestamps,55.0,0.875,0.75,1.0,9.166666666666666,11.0,3.6666666666666665,3.0,4,4,0,24.0,Man,Doctoral degree,Native English speaker,About once a day,6,1.0,False,False,False,False,False,False,False
6a186b9f5994daad25347f2d,ai,AI (baseline),1,0,1,2026-07-20T12:16:47.585417+00:00,3,25.0,12,91.33333333333333,89.66666666666667,91.88888888888889,-2.2222222222222143,66.33333333333333,66.33333333333333,10.0,8.0,9.0,69.0,79.0,9.0,7.0,9.0,83.0,82.0,6.0,6.0,-1.0,-1.0,0.0,27,2.25,12,125.33333333333333,,30,30,18852,17283,0,0,0,,0,0,0,0,0,2362.1639997959137,39.36939999659856,client task timestamps,97.5,1.375,2.0,0.75,8.333333333333334,10.166666666666666,3.6666666666666665,3.875,3,4,1,23.0,Woman,Lower tertiary education degree (Bachelor's level),Native English speaker,Several times a day,7,4.0,False,False,False,False,False,False,False
6a1806979a036be32a527ff3,ai,AI (baseline),1,0,1,2026-07-20T12:20:48.860018+00:00,5,41.66666666666667,12,99.58333333333333,99.6,99.57142857142857,0.028571428571424917,57.91666666666666,57.91666666666666,12.0,12.0,10.0,79.0,75.0,12.0,6.0,12.0,80.0,81.0,7.0,7.0,0.0,-6.0,2.0,16,1.3333333333333333,12,140.0,,18,18,21203,17390,0,0,0,,0,0,0,0,0,1481.7469999790192,24.695783332983652,client task timestamps,77.5,1.625,2.25,1.0,8.333333333333334,9.5,4.0,3.875,3,4,1,49.0,Man,Vocational college degree,Native English speaker,Several times a day,7,4.0,False,False,False,False,False,True,False
671a3ac3dada5efe6d439698,ai,AI (baseline),1,0,1,2026-07-20T12:27:26.219938+00:00,4,33.33333333333333,12,96.0,96.0,96.0,0.0,62.66666666666667,62.66666666666667,8.0,4.0,12.0,50.0,90.0,8.0,4.0,12.0,58.0,96.0,4.0,4.0,0.0,0.0,0.0,15,1.25,12,104.66666666666667,,17,17,20439,17751,0,0,0,,0,0,0,0,0,1581.1760001182556,26.35293333530426,client task timestamps,100.0,3.0,3.0,3.0,3.6666666666666665,6.166666666666667,4.666666666666667,4.5,4,4,0,35.0,Woman,Upper secondary school / High school,Native English speaker,Several times a day,7,4.0,False,False,False,False,False,False,False
6a19fedb153705573a04a9b2,ai,AI (baseline),1,0,1,2026-07-20T12:27:46.950948+00:00,2,16.666666666666664,12,87.91666666666667,83.0,88.9,-5.900000000000006,71.25,71.25,12.0,10.0,12.0,80.0,94.0,12.0,10.0,12.0,82.0,88.0,10.0,10.0,0.0,0.0,0.0,25,2.0833333333333335,12,187.92,,27,27,30118,24915,0,0,0,,0,0,0,0,0,1026.6970000267029,17.111616667111715,client task timestamps,97.5,3.0,3.0,3.0,7.833333333333333,10.0,5.0,4.875,4,4,0,32.0,Woman,Higher tertiary education degree (Master's level),Native English speaker,Several times a day,7,5.0,False,False,False,False,False,False,False
697fbcfaae6bc29a56c28d58,ai,AI (baseline),1,0,1,2026-07-20T12:35:32.553284+00:00,6,50.0,12,99.0,99.0,99.0,0.0,49.0,49.0,12.0,10.0,12.0,99.0,91.0,12.0,10.0,12.0,98.0,95.0,6.0,6.0,0.0,0.0,0.0,13,1.0833333333333333,12,148.07692307692307,,14,14,17598,15210,0,0,0,,0,0,0,0,0,1482.2050001621246,24.703416669368742,client task timestamps,67.5,0.5,1.0,0.0,10.0,12.833333333333334,3.8333333333333335,3.875,3,4,1,29.0,Woman,Lower tertiary education degree (Bachelor's level),Native English speaker,About once a day,6,5.0,False,False,False,False,False,False,False
67c60b46b619cad09b65ab51,ai,AI (baseline),1,0,1,2026-07-20T12:40:31.931635+00:00,5,41.66666666666667,12,42.5,37.0,46.42857142857143,-9.42857142857143,0.8333333333333286,0.8333333333333286,7.0,4.0,7.0,68.0,56.0,8.0,5.0,9.0,73.0,81.0,3.0,3.0,1.0,1.0,2.0,19,1.5833333333333333,12,58.578947368421055,,24,24,4966,2876,0,0,0,,0,0,0,0,0,1703.6579999923706,28.394299999872842,client task timestamps,70.0,2.375,2.75,2.0,11.333333333333334,13.5,3.5,4.5,3,4,1,52.0,Man,Higher tertiary education degree (Master's level),Native English speaker,Several times a day,7,3.0,False,False,False,False,False,False,False
66796f6a50ac90662e958273,ai,AI (baseline),1,0,1,2026-07-20T12:47:25.487152+00:00,7,58.333333333333336,12,87.25,86.28571428571429,88.6,-2.3142857142857025,28.916666666666664,28.916666666666664,11.0,5.0,12.0,31.0,66.0,10.0,2.0,9.0,44.0,68.0,3.0,3.0,-1.0,-3.0,-3.0,25,2.0833333333333335,12,90.84,,26,26,30887,24086,0,0,0,,0,0,0,0,0,1046.0810000896454,17.434683334827422,client task timestamps,82.5,1.375,2.25,0.5,4.0,3.8333333333333335,2.5,3.5,4,4,0,23.0,Man,Lower tertiary education degree (Bachelor's level),Native English speaker,Several times a day,7,1.0,False,False,False,False,False,False,False
6a00e36e3f9414f0d94977fd,ai,AI (baseline),1,0,1,2026-07-20T12:47:48.978971+00:00,7,58.333333333333336,12,73.66666666666667,73.14285714285714,74.4,-1.2571428571428669,15.333333333333336,15.333333333333336,12.0,8.0,12.0,70.0,0.0,12.0,12.0,11.0,70.0,10.0,5.0,5.0,0.0,4.0,-1.0,15,1.25,12,363.6666666666667,,17,17,25563,21911,0,0,0,,0,0,0,0,0,2632.0339999198914,43.867233331998186,client task timestamps,90.0,1.5,2.0,1.0,7.5,10.666666666666666,4.833333333333333,3.375,4,4,0,37.0,Woman,Doctoral degree,Native English speaker,Several times a day,7,5.0,False,False,False,False,False,False,False
63d7a55aac703039f14c6705,ai,AI (baseline),1,0,1,2026-07-20T12:48:10.393256+00:00,3,25.0,12,82.0,87.66666666666667,80.11111111111111,7.555555555555557,57.0,57.0,8.0,4.0,6.0,61.0,21.0,10.0,2.0,11.0,29.0,80.0,7.0,7.0,2.0,-2.0,5.0,16,1.3333333333333333,12,100.375,,18,18,24809,21303,0,0,0,,0,0,0,0,0,1258.2269999980927,20.97044999996821,client task timestamps,75.0,0.25,0.0,0.5,9.166666666666666,12.0,2.6666666666666665,3.875,4,4,0,24.0,Woman,Lower tertiary education degree (Bachelor's level),Fully fluent,A few times a week,5,4.0,False,False,False,False,False,False,False
6a0c5ad1f13f59bf0a03fffc,ai,AI (baseline),1,0,1,2026-07-20T12:50:15.063777+00:00,5,41.66666666666667,12,100.0,100.0,100.0,0.0,58.33333333333333,58.33333333333333,12.0,8.0,10.0,90.0,80.0,12.0,8.0,12.0,90.0,80.0,7.0,7.0,0.0,0.0,2.0,15,1.25,12,107.26666666666667,,16,16,19306,17103,0,0,0,,0,0,0,0,0,3138.7509999275208,52.31251666545868,client task timestamps,95.0,3.0,3.0,3.0,9.0,12.166666666666666,3.8333333333333335,3.875,3,4,1,20.0,Woman,Upper secondary school / High school,Native English speaker,Several times a day,7,5.0,False,False,False,False,False,True,False
5cf510ccb0bafb00161ffd56,ai,AI (baseline),1,0,1,2026-07-20T12:55:18.000866+00:00,6,50.0,12,84.91666666666667,82.83333333333333,87.0,-4.166666666666671,34.91666666666667,34.91666666666667,8.0,6.0,10.0,68.0,75.0,10.0,5.0,10.0,71.0,78.0,4.0,4.0,2.0,-1.0,0.0,24,2.0,12,179.79166666666666,,25,25,28396,25118,0,0,0,,0,0,0,0,0,2573.5899999141693,42.89316666523616,client task timestamps,87.5,2.375,2.25,2.5,5.333333333333333,7.5,4.666666666666667,4.25,2,4,2,28.0,Woman,Vocational college degree,Native English speaker,A few times a week,5,4.0,False,False,True,False,False,False,True
637fad91c9976f9e66a65840,ai,AI (baseline),1,0,1,2026-07-20T13:00:26.037264+00:00,5,41.66666666666667,12,87.66666666666667,87.0,88.14285714285714,-1.1428571428571388,46.0,46.0,8.0,0.0,8.0,42.0,62.0,9.0,0.0,8.0,59.0,79.0,4.0,4.0,1.0,0.0,0.0,25,2.0833333333333335,12,94.8,,26,26,45147,39288,0,0,0,,0,0,0,0,0,1770.4010000228882,29.506683333714804,client task timestamps,100.0,2.5,3.0,2.0,4.333333333333333,7.166666666666667,4.833333333333333,4.75,4,4,0,41.0,Man,Upper secondary school / High school,Native English speaker,About once a day,6,5.0,False,False,False,False,False,False,False
6a4414eb85f59713b94a03a1,ai,AI (baseline),1,0,1,2026-07-20T13:04:47.825638+00:00,6,50.0,12,89.83333333333333,87.83333333333333,91.83333333333333,-4.0,39.83333333333333,39.83333333333333,10.0,7.0,9.0,84.0,81.0,12.0,5.0,12.0,80.0,85.0,6.0,6.0,2.0,-2.0,3.0,12,1.0,12,135.58333333333334,,13,13,20864,18705,0,0,0,,0,0,0,0,0,2663.3410000801086,44.38901666800181,client task timestamps,62.5,-0.375,-0.5,-0.25,12.0,14.5,3.5,3.625,4,4,0,28.0,Man,Lower tertiary education degree (Bachelor's level),Native English speaker,Several times a day,7,3.0,False,False,False,False,False,False,False
69f0e5c8a2d68fe090716dc0,ai,AI (baseline),1,0,1,2026-07-20T13:13:49.740539+00:00,7,58.333333333333336,12,99.91666666666667,99.85714285714286,100.0,-0.1428571428571388,41.583333333333336,41.583333333333336,12.0,12.0,12.0,85.0,80.0,12.0,12.0,12.0,90.0,70.0,5.0,5.0,0.0,0.0,0.0,13,1.0833333333333333,12,296.7692307692308,,15,15,31934,28883,0,0,0,,0,0,0,0,0,1470.1019999980927,24.50169999996821,client task timestamps,95.0,3.0,3.0,3.0,3.1666666666666665,6.333333333333333,4.5,4.5,4,4,0,30.0,Woman,Lower tertiary education degree (Bachelor's level),Native English speaker,About once a day,6,5.0,False,False,False,False,False,False,False
6a21f4c12774bbcebeeca3e7,ai,AI (baseline),1,0,1,2026-07-20T13:15:08.775546+00:00,5,41.66666666666667,12,50.5,55.4,47.0,8.399999999999999,8.833333333333329,8.833333333333329,10.0,5.0,8.0,58.0,80.0,12.0,3.0,9.0,86.0,63.0,7.0,7.0,2.0,-2.0,1.0,17,1.4166666666666667,12,114.76470588235294,,20,20,22734,18079,0,0,0,,0,0,0,0,0,2023.3470001220703,33.722450002034506,client task timestamps,72.5,1.25,1.5,1.0,12.333333333333334,11.833333333333334,4.0,3.75,4,4,0,33.0,Man,Lower tertiary education degree (Bachelor's level),Fully fluent,Several times a day,7,4.0,False,False,False,False,False,False,False
5aec1707c09cd900015d7408,ai,AI (baseline),1,0,1,2026-07-20T13:16:48.778012+00:00,6,50.0,12,14.416666666666666,15.0,13.833333333333334,1.166666666666666,-35.583333333333336,35.583333333333336,7.0,5.0,7.0,46.0,39.0,5.0,0.0,7.0,19.0,29.0,-1.0,1.0,-2.0,-5.0,0.0,15,1.25,12,100.6,,16,16,21160,18595,0,0,0,,0,0,0,0,0,1065.8289999961853,17.763816666603088,client task timestamps,47.5,0.0,0.0,0.0,13.166666666666666,11.0,2.3333333333333335,2.625,4,4,0,61.0,Man,Lower tertiary education degree (Bachelor's level),Native English speaker,About once a day,6,2.0,False,False,False,False,False,False,False
559bbbdafdf99b7ce19d5b3d,ai,AI (baseline),1,0,1,2026-07-20T13:17:08.629496+00:00,8,66.66666666666666,12,78.25,77.0,80.75,-3.75,11.583333333333343,11.583333333333343,10.0,7.0,10.0,63.0,77.0,10.0,2.0,10.0,35.0,85.0,2.0,2.0,0.0,-5.0,0.0,21,1.75,12,158.47619047619048,,22,22,26897,22573,0,0,0,,0,0,0,0,0,1927.9969999790192,32.13328333298365,client task timestamps,85.0,1.125,1.75,0.5,9.5,10.0,2.0,4.375,3,4,1,41.0,Man,Vocational college degree,Native English speaker,About once a day,6,2.0,False,False,False,False,False,False,False
6a269f30c7c9932b93e39124,ai,AI (baseline),1,0,1,2026-07-20T13:22:30.483518+00:00,5,41.66666666666667,12,61.166666666666664,66.8,57.142857142857146,9.657142857142851,19.499999999999993,19.499999999999993,12.0,10.0,12.0,64.0,62.0,9.0,2.0,8.0,51.0,51.0,4.0,4.0,-3.0,-8.0,-4.0,27,2.25,12,159.62962962962962,,30,30,26716,18737,0,0,0,,0,0,0,0,0,4078.577000141144,67.97628333568574,client task timestamps,100.0,2.625,2.75,2.5,13.166666666666666,14.666666666666666,3.6666666666666665,4.125,4,4,0,43.0,Man,Higher tertiary education degree (Master's level),Native English speaker,A few times a week,5,3.0,False,False,False,False,False,False,False
6a00dc49200488c52c09e666,ai,AI (baseline),1,0,1,2026-07-20T13:24:30.487403+00:00,8,66.66666666666666,12,78.08333333333333,75.0,84.25,-9.25,11.416666666666671,11.416666666666671,8.0,6.0,10.0,80.0,70.0,12.0,4.0,11.0,65.0,90.0,4.0,4.0,4.0,-2.0,1.0,23,1.9166666666666667,12,95.26086956521739,,27,27,27476,24600,0,0,0,,0,0,0,0,0,2641.2829999923706,44.021383333206174,client task timestamps,85.0,1.5,2.0,1.0,5.5,6.666666666666667,3.8333333333333335,3.5,4,4,0,37.0,Man,Lower tertiary education degree (Bachelor's level),Native English speaker,Several times a day,7,3.0,False,False,False,False,False,False,False
669053bbebafdd430e770142,ai,AI (baseline),1,0,1,2026-07-20T13:29:02.420432+00:00,6,50.0,12,91.5,93.16666666666667,89.83333333333333,3.333333333333343,41.5,41.5,11.0,3.0,11.0,36.0,62.0,12.0,0.0,12.0,36.0,81.0,6.0,6.0,1.0,-3.0,1.0,17,1.4166666666666667,12,96.58823529411765,,20,20,25823,21672,0,0,0,,0,0,0,0,0,1149.5769999027252,19.15961666504542,client task timestamps,90.0,2.0,3.0,1.0,1.0,4.166666666666667,2.5,4.5,4,4,0,51.0,Woman,Lower tertiary education degree (Bachelor's level),Native English speaker,A few times a month,3,1.0,False,False,False,False,False,False,False
6a063889228a40fd72e93598,ai,AI (baseline),1,0,1,2026-07-20T13:38:18.929295+00:00,7,58.333333333333336,12,83.25,84.14285714285714,82.0,2.142857142857139,24.916666666666664,24.916666666666664,8.0,2.0,8.0,50.0,50.0,10.0,2.0,8.0,50.0,50.0,3.0,3.0,2.0,0.0,0.0,12,1.0,12,357.9166666666667,,14,14,23339,21116,0,0,0,,0,0,0,0,0,870.9700000286102,14.516166667143503,client task timestamps,90.0,1.5,1.75,1.25,8.5,10.0,3.3333333333333335,3.5,4,4,0,26.0,Man,Upper secondary school / High school,Native English speaker,Several times a day,7,3.0,False,False,False,False,False,False,False
5be373e07e3c9b0001c4d434,ai,AI (baseline),1,0,1,2026-07-20T13:39:14.448374+00:00,6,50.0,12,76.5,79.66666666666667,73.33333333333333,6.333333333333343,26.5,26.5,12.0,6.0,12.0,60.0,80.0,12.0,6.0,12.0,68.0,74.0,6.0,6.0,0.0,0.0,0.0,16,1.3333333333333333,12,86.8125,,17,17,17313,14829,0,0,0,,0,0,0,0,0,1219.8960001468658,20.331600002447765,client task timestamps,65.0,1.625,1.5,1.75,8.666666666666666,9.166666666666666,3.8333333333333335,3.125,4,4,0,46.0,Man,Higher tertiary education degree (Master's level),Native English speaker,About once a day,6,3.0,False,False,False,False,False,False,False
5c0cb29e1b80df00017843d2,ai,AI (baseline),1,0,1,2026-07-20T13:41:19.004834+00:00,4,33.33333333333333,12,80.58333333333333,94.25,73.75,20.5,47.25,47.25,6.0,6.0,3.0,100.0,100.0,6.0,6.0,6.0,83.0,85.0,2.0,2.0,0.0,0.0,3.0,15,1.25,12,57.13333333333333,,16,16,8466,7155,0,0,0,,0,0,0,0,0,1368.9680001735687,22.816133336226144,client task timestamps,90.0,2.75,3.0,2.5,9.166666666666666,11.0,5.0,4.375,3,4,1,34.0,Woman,Higher tertiary education degree (Master's level),Native English speaker,About once a week,4,4.0,False,False,False,False,False,False,False
613a37819b27acb95e432628,ai,AI (baseline),1,0,1,2026-07-20T13:55:55.761169+00:00,5,41.66666666666667,12,86.08333333333333,89.4,83.71428571428571,5.6857142857142975,44.41666666666666,44.41666666666666,10.0,8.0,8.0,67.0,79.0,10.0,6.0,10.0,35.0,75.0,5.0,5.0,0.0,-2.0,2.0,29,2.4166666666666665,12,53.37931034482759,,30,30,15947,7768,0,0,0,,0,0,0,0,0,2533.7819998264313,42.22969999710719,client task timestamps,80.0,0.75,2.0,-0.5,7.166666666666667,9.333333333333334,2.0,3.5,4,4,0,29.0,Woman,Lower tertiary education degree (Bachelor's level),Native English speaker,A few times a week,5,4.0,False,False,False,False,False,False,False
69f6512526e29f5893e6c203,ai,AI (baseline),1,0,1,2026-07-20T14:00:26.445191+00:00,7,58.333333333333336,12,65.91666666666667,74.42857142857143,54.0,20.42857142857143,7.583333333333336,7.583333333333336,11.0,8.0,10.0,65.0,50.0,6.0,4.0,1.0,65.0,5.0,-1.0,1.0,-5.0,-4.0,-9.0,44,3.6666666666666665,12,45.84090909090909,,51,51,50726,30328,0,0,0,,0,0,0,0,0,3603.285999774933,60.05476666291555,client task timestamps,82.5,0.875,2.0,-0.25,13.166666666666666,13.0,3.8333333333333335,2.125,4,4,0,25.0,Woman,Higher tertiary education degree (Master's level),Fully fluent,Several times a day,7,5.0,False,False,False,False,False,False,False
6a0dca3aabf1a745cf2fc4d8,ai,AI (baseline),1,0,1,2026-07-20T14:04:22.408859+00:00,8,66.66666666666666,12,78.41666666666667,79.625,76.0,3.625,11.750000000000014,11.750000000000014,12.0,10.0,11.0,75.0,80.0,12.0,10.0,11.0,75.0,71.0,4.0,4.0,0.0,0.0,0.0,15,1.25,12,106.73333333333333,,17,17,24890,21696,0,0,0,,0,0,0,0,0,2274.348999977112,37.9058166662852,client task timestamps,100.0,1.0,0.0,2.0,10.666666666666666,12.5,2.5,4.75,3,4,1,52.0,Woman,Lower tertiary education degree (Bachelor's level),Fully fluent,A few times a week,5,4.0,False,False,False,False,False,False,False
69f251f0d23a0b8b82cab811,ai,AI (baseline),1,0,1,2026-07-20T14:08:07.470706+00:00,3,25.0,12,84.91666666666667,89.0,83.55555555555556,5.444444444444443,59.91666666666667,59.91666666666667,12.0,12.0,12.0,51.0,51.0,12.0,6.0,12.0,69.0,79.0,9.0,9.0,0.0,-6.0,0.0,13,1.0833333333333333,12,123.46153846153847,,14,14,23839,21775,0,0,0,,0,0,0,0,0,1322.1289999485016,22.035483332475028,client task timestamps,95.0,2.0,3.0,1.0,7.833333333333333,10.666666666666666,4.5,4.375,4,4,0,48.0,Man,Vocational college degree,Native English speaker,Several times a day,7,4.0,False,False,False,False,False,False,False
55d22025cc2b18000c0b9d9c,ai,AI (baseline),1,0,1,2026-07-20T14:11:04.793089+00:00,6,50.0,12,49.666666666666664,58.333333333333336,41.0,17.333333333333336,-0.3333333333333357,0.3333333333333357,12.0,8.0,9.0,30.0,50.0,8.0,4.0,6.0,35.0,60.0,2.0,2.0,-4.0,-4.0,-3.0,22,1.8333333333333333,12,76.72727272727273,,25,25,31876,24641,0,0,0,,0,0,0,0,0,3715.2969999313354,61.92161666552226,client task timestamps,62.5,-0.625,0.5,-1.75,13.833333333333334,12.666666666666666,1.6666666666666667,3.25,4,4,0,29.0,Man,Lower tertiary education degree (Bachelor's level),Native English speaker,About once a day,6,4.0,False,False,False,False,False,False,False
6a180ce2e153fafcb23cb3cc,ai,AI (baseline),1,0,1,2026-07-20T14:12:05.324840+00:00,7,58.333333333333336,12,72.41666666666667,73.71428571428571,70.6,3.114285714285714,14.083333333333336,14.083333333333336,10.0,8.0,12.0,40.0,65.0,11.0,4.0,11.0,50.0,96.0,4.0,4.0,1.0,-4.0,-1.0,18,1.5,12,92.33333333333333,,19,19,22310,18233,0,0,0,,0,0,0,0,0,1913.6259999275208,31.893766665458678,client task timestamps,90.0,0.75,2.25,-0.75,11.833333333333334,13.333333333333334,3.0,4.125,4,4,0,34.0,Man,Lower tertiary education degree (Bachelor's level),Native English speaker,Several times a day,7,4.0,False,False,False,False,False,False,False
69fb9150ffbd80e33acb2237,ai,AI (baseline),1,0,1,2026-07-20T14:15:33.746037+00:00,5,41.66666666666667,12,97.66666666666667,98.8,96.85714285714286,1.942857142857136,56.0,56.0,12.0,10.0,11.0,84.0,80.0,12.0,9.0,12.0,95.0,95.0,7.0,7.0,0.0,-1.0,1.0,15,1.25,12,74.53333333333333,,17,17,14968,10055,0,0,0,,0,0,0,0,0,3084.927999973297,51.41546666622162,client task timestamps,80.0,2.125,2.5,1.75,5.833333333333333,8.666666666666666,4.666666666666667,3.875,3,4,1,40.0,Man,Higher tertiary education degree (Master's level),Fully fluent,Several times a day,7,5.0,False,False,False,False,False,False,False
6a05f983071b3fb2a0e01414,ai,AI (baseline),1,0,1,2026-07-20T14:18:50.446781+00:00,5,41.66666666666667,12,61.25,69.2,55.57142857142857,13.628571428571433,19.58333333333333,19.58333333333333,10.0,8.0,9.0,60.0,70.0,8.0,6.0,7.0,70.0,40.0,3.0,3.0,-2.0,-2.0,-2.0,41,3.4166666666666665,12,48.073170731707314,,43,43,42284,32154,0,0,0,,0,0,0,0,0,2949.984999895096,49.166416664918266,client task timestamps,55.0,-0.5,-0.25,-0.75,10.333333333333334,11.166666666666666,4.0,2.5,4,4,0,28.0,Man,Lower tertiary education degree (Bachelor's level),Native English speaker,About once a day,6,5.0,False,False,False,False,False,False,False
6a15aecec496a8f5acb7ea17,ai,AI (baseline),1,0,1,2026-07-20T14:19:59.261908+00:00,5,41.66666666666667,12,75.08333333333333,69.4,79.14285714285714,-9.742857142857133,33.41666666666666,33.41666666666666,12.0,9.0,12.0,,,10.0,7.0,9.0,33.0,57.0,5.0,5.0,-2.0,-2.0,-3.0,22,1.8333333333333333,12,76.5,,27,27,21255,15459,0,0,0,,0,0,0,0,0,1435.420000076294,23.92366666793823,client task timestamps,80.0,1.25,2.0,0.5,7.5,7.333333333333333,4.333333333333333,3.25,4,4,0,27.0,Woman,Lower tertiary education degree (Bachelor's level),Native English speaker,Several times a day,7,4.0,False,False,False,False,False,False,False
5e1e6eccd727e91c36a943fd,ai,AI (baseline),1,0,1,2026-07-20T14:20:37.306950+00:00,5,41.66666666666667,12,80.08333333333333,86.0,75.85714285714286,10.142857142857139,38.41666666666666,38.41666666666666,12.0,12.0,12.0,70.0,80.0,12.0,10.0,10.0,95.0,75.0,7.0,7.0,0.0,-2.0,-2.0,45,3.75,12,61.355555555555554,,50,50,45540,37587,0,0,0,,0,0,0,0,0,3038.1429998874664,50.635716664791104,client task timestamps,95.0,1.875,2.5,1.25,2.5,5.333333333333333,4.333333333333333,4.625,4,4,0,51.0,Man,Lower tertiary education degree (Bachelor's level),Native English speaker,Several times a day,7,5.0,False,False,False,False,False,False,False
6a148943d63fe1ecc3e2970d,ai,AI (baseline),1,0,1,2026-07-20T14:37:42.195914+00:00,7,58.333333333333336,12,79.41666666666667,79.0,80.0,-1.0,21.083333333333336,21.083333333333336,11.0,8.0,9.0,60.0,70.0,11.0,7.0,8.0,50.0,75.0,4.0,4.0,0.0,-1.0,-1.0,33,2.75,12,65.33333333333333,,35,35,45865,34324,0,0,0,,0,0,0,0,0,2564.6749999523163,42.7445833325386,client task timestamps,80.0,1.25,1.75,0.75,7.5,10.0,3.8333333333333335,4.125,4,4,0,23.0,Man,Higher tertiary education degree (Master's level),Native English speaker,A few times a week,5,4.0,False,False,False,False,False,False,False
6a15c95975b2d293de75ed8c,ai,AI (baseline),1,0,1,2026-07-20T14:40:43.592774+00:00,5,41.66666666666667,12,100.0,100.0,100.0,0.0,58.33333333333333,58.33333333333333,11.0,1.0,11.0,,,12.0,0.0,8.0,15.0,50.0,7.0,7.0,1.0,-1.0,-3.0,14,1.1666666666666667,12,108.64285714285714,,15,15,17766,15219,0,0,0,,0,0,0,0,0,1340.9089999198914,22.34848333199819,client task timestamps,97.5,2.0,3.0,1.0,2.0,4.166666666666667,3.6666666666666665,4.625,4,4,0,25.0,Man,Lower tertiary education degree (Bachelor's level),Native English speaker,About once a day,6,3.0,False,False,False,False,False,False,False
6a063e75051be6d8504d339b,ai,AI (baseline),1,0,1,2026-07-20T14:42:38.712722+00:00,4,33.33333333333333,12,98.33333333333333,98.5,98.25,0.25,65.0,65.0,12.0,12.0,11.0,100.0,98.0,12.0,12.0,12.0,100.0,99.0,8.0,8.0,0.0,0.0,1.0,12,1.0,12,375.5833333333333,,13,13,26872,24667,0,0,0,,0,0,0,0,0,1964.641000032425,32.744016667207084,client task timestamps,85.0,3.0,3.0,3.0,8.333333333333334,11.166666666666666,4.5,4.5,3,4,1,31.0,Woman,Doctoral degree,Native English speaker,Several times a day,7,5.0,False,False,False,False,False,False,False
6a062356e11b977c2d0a0eef,ai,AI (baseline),1,0,1,2026-07-20T14:43:54.213540+00:00,5,41.66666666666667,12,32.25,32.8,31.857142857142858,0.9428571428571395,-9.416666666666671,9.416666666666671,9.0,9.0,9.0,48.0,78.0,9.0,12.0,6.0,52.0,50.0,4.0,4.0,0.0,3.0,-3.0,26,2.1666666666666665,12,58.19230769230769,,27,27,32361,25812,0,0,0,,0,0,0,0,0,1326.4959998130798,22.10826666355133,client task timestamps,50.0,-0.875,-0.5,-1.25,7.666666666666667,9.5,3.3333333333333335,1.875,4,4,0,40.0,Woman,Higher tertiary education degree (Master's level),Native English speaker,Several times a day,7,3.0,False,False,False,False,False,False,False
6a01c4c8248651c0157c76c5,ai,AI (baseline),1,0,1,2026-07-20T14:45:19.995499+00:00,6,50.0,12,87.91666666666667,80.0,95.83333333333333,-15.833333333333329,37.91666666666667,37.91666666666667,10.0,8.0,10.0,80.0,91.0,10.0,5.0,10.0,71.0,93.0,4.0,4.0,0.0,-3.0,0.0,18,1.5,12,70.83333333333333,,19,19,11901,7833,0,0,0,,0,0,0,0,0,1356.5659999847412,22.60943333307902,client task timestamps,90.0,2.375,2.5,2.25,6.166666666666667,8.333333333333334,4.5,4.875,4,4,0,31.0,Man,Lower tertiary education degree (Bachelor's level),Native English speaker,Several times a day,7,4.0,False,False,False,False,False,False,False
69ebc08476719be8a035de6d,ai,AI (baseline),1,0,1,2026-07-20T14:52:45.550618+00:00,8,66.66666666666666,12,90.75,90.375,91.5,-1.125,24.083333333333343,24.083333333333343,12.0,7.0,12.0,55.0,60.0,12.0,3.0,12.0,51.0,77.0,4.0,4.0,0.0,-4.0,0.0,28,2.3333333333333335,12,138.10714285714286,,29,29,26043,22417,0,0,0,,0,0,0,0,0,1491.4430000782013,24.857383334636687,client task timestamps,77.5,1.25,2.0,0.5,5.166666666666667,7.333333333333333,4.166666666666667,3.5,4,4,0,58.0,Man,Lower tertiary education degree (Bachelor's level),Native English speaker,About once a week,4,3.0,False,False,False,False,False,False,False
6a20323741d57a440c33f2fc,ai,AI (baseline),1,0,1,2026-07-20T14:52:52.186269+00:00,5,41.66666666666667,12,81.0,86.0,77.42857142857143,8.57142857142857,39.33333333333333,39.33333333333333,12.0,12.0,7.0,75.0,51.0,9.0,12.0,12.0,70.0,71.0,4.0,4.0,-3.0,0.0,5.0,20,1.6666666666666667,12,89.25,,21,21,29830,19983,0,0,0,,0,0,0,0,0,4297.18799996376,71.61979999939601,client task timestamps,62.5,-0.375,1.25,-2.0,8.833333333333334,11.333333333333334,4.5,3.125,4,4,0,27.0,Woman,Lower tertiary education degree (Bachelor's level),Fully fluent,Several times a day,7,4.0,False,False,False,False,False,False,False
6151e69a392433707e7a9dfb,ai,AI (baseline),1,0,1,2026-07-20T14:56:34.844541+00:00,6,50.0,12,71.16666666666667,73.16666666666667,69.16666666666667,4.0,21.16666666666667,21.16666666666667,10.0,7.0,8.0,,,10.0,7.0,8.0,85.0,70.0,4.0,4.0,0.0,0.0,0.0,13,1.0833333333333333,12,122.3076923076923,,14,14,21787,18600,0,0,0,,0,0,0,0,0,2980.9830000400543,49.68305000066757,client task timestamps,77.5,1.0,1.25,0.75,10.666666666666666,13.5,4.5,3.125,4,4,0,28.0,Man,Lower tertiary education degree (Bachelor's level),Native English speaker,Several times a day,7,5.0,False,False,False,False,False,False,False
6a0f4efa4c1c3cea7f8f090a,ai,AI (baseline),1,0,1,2026-07-20T14:58:50.992103+00:00,6,50.0,12,67.41666666666667,71.5,63.333333333333336,8.166666666666664,17.41666666666667,17.41666666666667,10.0,8.0,10.0,75.0,75.0,6.0,8.0,4.0,75.0,25.0,0.0,0.0,-4.0,0.0,-6.0,23,1.9166666666666667,12,70.78260869565217,,25,25,36520,30285,0,0,0,,0,0,0,0,0,2004.6620001792908,33.411033336321516,client task timestamps,67.5,1.125,1.75,0.5,5.5,6.333333333333333,2.1666666666666665,2.375,4,4,0,25.0,Man,Lower tertiary education degree (Bachelor's level),Native English speaker,A few times a week,5,4.0,False,False,False,False,False,False,False
69ff773caae9f9dfb3fc081c,ai,AI (baseline),1,0,1,2026-07-20T14:59:32.769339+00:00,5,41.66666666666667,12,94.75,95.2,94.42857142857143,0.7714285714285722,53.08333333333333,53.08333333333333,12.0,6.0,12.0,70.0,10.0,10.0,3.0,11.0,40.0,20.0,5.0,5.0,-2.0,-3.0,-1.0,16,1.3333333333333333,12,127.1875,,17,17,29824,25869,0,0,0,,0,0,0,0,0,1151.4119999408722,19.190199999014535,client task timestamps,90.0,0.125,2.25,-2.0,9.833333333333334,13.0,4.5,3.125,3,4,1,27.0,Man,Higher tertiary education degree (Master's level),Native English speaker,Several times a day,7,3.0,False,False,False,False,False,False,False
66fad26e4b07f6149ceb136d,ai,AI (baseline),1,0,1,2026-07-20T15:01:01.722980+00:00,4,33.33333333333333,12,68.83333333333333,77.0,64.75,12.25,35.5,35.5,9.0,6.0,9.0,48.0,60.0,10.0,7.0,10.0,70.0,75.0,6.0,6.0,1.0,1.0,1.0,23,1.9166666666666667,12,57.869565217391305,,25,25,17473,13955,0,0,0,,0,0,0,0,0,2825.802999973297,47.09671666622162,client task timestamps,67.5,0.625,1.0,0.25,13.166666666666666,13.666666666666666,4.0,4.0,4,4,0,43.0,Man,Higher tertiary education degree (Master's level),Native English speaker,A few times a week,5,4.0,False,False,False,False,False,False,False
6a24daa3f97e30d2143a085a,ai,AI (baseline),1,0,1,2026-07-20T15:09:54.347361+00:00,4,33.33333333333333,12,39.75,49.0,35.125,13.875,6.416666666666671,6.416666666666671,10.0,8.0,6.0,,,7.0,3.0,6.0,50.0,70.0,3.0,3.0,-3.0,-5.0,0.0,17,1.4166666666666667,12,95.0,,19,19,15527,13177,0,0,0,,0,0,0,0,0,2622.6579999923706,43.71096666653951,client task timestamps,60.0,0.5,1.0,0.0,9.166666666666666,11.0,3.0,2.875,4,4,0,35.0,Woman,Higher tertiary education degree (Master's level),Native English speaker,A few times a week,5,3.0,False,False,False,False,False,False,False
6a21da4f7725746be976f70f,ai,AI (baseline),1,0,1,2026-07-20T15:12:36.157939+00:00,6,50.0,12,96.5,96.0,97.0,-1.0,46.5,46.5,12.0,12.0,12.0,86.0,83.0,9.0,9.0,12.0,95.0,97.0,3.0,3.0,-3.0,-3.0,0.0,14,1.1666666666666667,12,259.35714285714283,,15,15,10690,9309,0,0,0,,0,0,0,0,0,1534.7409999370575,25.579016665617626,client task timestamps,90.0,2.625,2.75,2.5,7.333333333333333,10.166666666666666,3.8333333333333335,3.625,4,4,0,30.0,Man,Higher tertiary education degree (Master's level),Native English speaker,Several times a day,7,4.0,False,False,False,False,False,False,False
6a1f2648e8f22a561550e699,ai,AI (baseline),1,0,1,2026-07-20T15:16:23.578123+00:00,6,50.0,12,83.66666666666667,83.83333333333333,83.5,0.3333333333333286,33.66666666666667,33.66666666666667,12.0,6.0,12.0,50.0,75.0,12.0,3.0,12.0,80.0,72.0,6.0,6.0,0.0,-3.0,0.0,12,1.0,12,193.58333333333334,,16,16,21218,18190,0,0,0,,0,0,0,0,0,1794.8559999465942,29.91426666577657,client task timestamps,75.0,0.0,0.5,-0.5,11.833333333333334,13.0,2.8333333333333335,4.0,4,4,0,44.0,Man,Vocational college degree,Native English speaker,A few times a week,5,2.0,False,False,False,False,False,False,False
6a11601203137aea7dacc186,ai,AI (baseline),1,0,1,2026-07-20T15:24:27.408335+00:00,7,58.333333333333336,12,83.16666666666667,85.71428571428571,79.6,6.114285714285714,24.833333333333336,24.833333333333336,12.0,7.0,10.0,55.0,70.0,4.0,9.0,1.0,67.0,25.0,-3.0,3.0,-8.0,2.0,-9.0,28,2.3333333333333335,12,55.035714285714285,,30,30,43281,36363,0,0,0,,0,0,0,0,0,2828.563000202179,47.142716670036314,client task timestamps,50.0,1.0,1.25,0.75,12.5,13.666666666666666,3.6666666666666665,3.375,3,4,1,36.0,Man,Lower tertiary education degree (Bachelor's level),Native English speaker,About once a day,6,5.0,False,False,False,False,False,False,False
6a0c537b5ea99e16c2db1324,ai,AI (baseline),1,0,1,2026-07-20T15:26:47.448010+00:00,4,33.33333333333333,12,77.91666666666667,81.25,76.25,5.0,44.58333333333334,44.58333333333334,12.0,8.0,12.0,40.0,20.0,10.0,5.0,12.0,40.0,60.0,6.0,6.0,-2.0,-3.0,0.0,14,1.1666666666666667,12,50.714285714285715,,15,15,20010,15979,0,0,0,,0,0,0,0,0,1837.2720000743866,30.621200001239778,client task timestamps,97.5,0.75,3.0,-1.5,7.833333333333333,11.0,4.166666666666667,4.25,4,4,0,19.0,Man,Upper secondary school / High school,Native English speaker,About once a week,4,4.0,False,False,False,False,False,False,False
6a1de887b7cd6b85f4db6cf2,ai,AI (baseline),1,0,1,2026-07-20T15:42:48.353090+00:00,3,25.0,12,90.75,90.66666666666667,90.77777777777777,-0.11111111111110006,65.75,65.75,10.0,6.0,3.0,80.0,78.0,12.0,5.0,12.0,78.0,89.0,9.0,9.0,2.0,-1.0,9.0,18,1.5,12,112.77777777777777,,20,20,26622,23053,0,0,0,,0,0,0,0,0,2133.5629999637604,35.55938333272934,client task timestamps,85.0,-0.625,-0.25,-1.0,4.5,7.333333333333333,3.8333333333333335,3.75,4,4,0,28.0,Woman,Lower tertiary education degree (Bachelor's level),Native English speaker,Several times a day,7,4.0,False,False,False,False,False,False,False
602252fc987b513210335173,ai,AI (baseline),1,0,1,2026-07-21T08:58:03.387446+00:00,6,50.0,12,85.83333333333333,92.66666666666667,79.0,13.666666666666671,35.83333333333333,35.83333333333333,10.0,2.0,12.0,50.0,80.0,12.0,0.0,12.0,71.0,96.0,6.0,6.0,2.0,-2.0,0.0,13,1.0833333333333333,12,65.15384615384616,,14,14,18584,17452,0,0,0,,0,0,0,0,0,932.9409999847412,15.549016666412353,client task timestamps,92.5,3.0,3.0,3.0,2.1666666666666665,4.333333333333333,3.6666666666666665,4.625,3,4,1,30.0,Woman,Lower tertiary education degree (Bachelor's level),Fully fluent,About once a day,6,2.0,False,False,False,False,False,False,False
60dc63cf94238618c443b2d9,ai,AI (baseline),1,0,1,2026-07-21T09:00:27.786165+00:00,2,16.666666666666664,12,76.33333333333333,83.0,75.0,8.0,59.666666666666664,59.666666666666664,12.0,4.0,12.0,55.0,91.0,7.0,0.0,10.0,31.0,63.0,5.0,5.0,-5.0,-4.0,-2.0,19,1.5833333333333333,12,173.26315789473685,,22,22,26094,20017,0,0,0,,0,0,0,0,0,1211.1239998340607,20.185399997234345,client task timestamps,55.0,-1.125,-0.25,-2.0,4.833333333333333,5.666666666666667,3.3333333333333335,2.875,4,4,0,34.0,Woman,Lower tertiary education degree (Bachelor's level),Native English speaker,Less than once a month,2,1.0,False,False,False,False,False,False,False
62e25115fb932baf4a93173f,ai,AI (baseline),1,0,1,2026-07-21T09:04:36.287965+00:00,6,50.0,12,71.5,75.5,67.5,8.0,21.5,21.5,7.0,3.0,8.0,75.0,65.0,10.0,4.0,10.0,50.0,70.0,4.0,4.0,3.0,1.0,2.0,16,1.3333333333333333,12,100.875,,19,19,22943,19817,0,0,0,,0,0,0,0,0,1383.5820000171661,23.059700000286103,client task timestamps,100.0,2.0,3.0,1.0,4.166666666666667,6.0,1.8333333333333333,4.625,4,4,0,34.0,Man,Vocational college degree,Native English speaker,About once a day,6,2.0,True,False,False,False,False,False,False
614714ff71b7fab77e0a8ef6,ai,AI (baseline),1,0,1,2026-07-21T09:08:21.652635+00:00,7,58.333333333333336,12,99.5,99.57142857142857,99.4,0.17142857142856371,41.166666666666664,41.166666666666664,11.0,6.0,10.0,70.0,100.0,12.0,0.0,9.0,73.0,98.0,5.0,5.0,1.0,-6.0,-1.0,25,2.0833333333333335,12,175.04,,27,27,28831,23663,0,0,0,,0,0,0,0,0,1296.7009999752045,21.611683332920073,client task timestamps,95.0,3.0,3.0,3.0,2.8333333333333335,6.0,3.1666666666666665,4.875,4,4,0,44.0,Woman,Lower tertiary education degree (Bachelor's level),Native English speaker,A few times a week,5,3.0,False,False,False,False,False,False,False
6a33b4c44efab6e3d08691d7,ai,AI (baseline),1,0,1,2026-07-21T09:09:24.450611+00:00,3,25.0,12,94.5,96.33333333333333,93.88888888888889,2.444444444444443,69.5,69.5,10.0,8.0,12.0,60.0,50.0,12.0,7.0,12.0,85.0,100.0,9.0,9.0,2.0,-1.0,0.0,13,1.0833333333333333,12,144.3846153846154,,14,14,17276,15728,0,0,0,,0,0,0,0,0,1193.9360001087189,19.898933335145315,client task timestamps,95.0,1.875,2.75,1.0,2.5,5.666666666666667,3.0,4.625,4,4,0,26.0,Man,Upper secondary school / High school,Fully fluent,Several times a day,7,4.0,False,False,False,False,False,False,False
5f3ec93efbd299158253f283,ai,AI (baseline),1,0,1,2026-07-21T09:20:17.900137+00:00,8,66.66666666666666,12,83.33333333333333,82.25,85.5,-3.25,16.66666666666667,16.66666666666667,11.0,2.0,11.0,23.0,51.0,12.0,0.0,12.0,50.0,70.0,4.0,4.0,1.0,-2.0,1.0,12,1.0,12,119.16666666666667,,14,14,23984,22008,0,0,0,,0,0,0,0,0,2174.1459999084473,36.23576666514079,client task timestamps,90.0,2.0,2.5,1.5,7.0,9.166666666666666,3.1666666666666665,4.375,4,4,0,54.0,Man,Lower tertiary education degree (Bachelor's level),Native English speaker,A few times a week,5,3.0,True,False,False,False,False,False,False
6a0f6dad60f4e6d19724e737,ai,AI (baseline),1,0,1,2026-07-21T09:20:47.591253+00:00,9,75.0,12,92.91666666666667,91.33333333333333,97.66666666666667,-6.333333333333343,17.91666666666667,17.91666666666667,12.0,12.0,12.0,40.0,81.0,8.0,12.0,8.0,74.0,76.0,-1.0,1.0,-4.0,0.0,-4.0,19,1.5833333333333333,12,196.89473684210526,,20,20,13891,11622,0,0,0,,0,0,0,0,0,2312.664999961853,38.544416666030884,client task timestamps,80.0,-0.125,-0.5,0.25,7.166666666666667,9.333333333333334,2.6666666666666665,3.0,4,4,0,31.0,Man,Higher tertiary education degree (Master's level),Fully fluent,Several times a day,7,5.0,False,False,False,False,False,False,False
63d7b16595cb392c4501cc1e,ai,AI (baseline),1,0,1,2026-07-21T09:24:21.677288+00:00,5,41.66666666666667,12,99.08333333333333,99.8,98.57142857142857,1.2285714285714278,57.41666666666666,57.41666666666666,12.0,1.0,11.0,60.0,0.0,12.0,0.0,12.0,74.0,100.0,7.0,7.0,0.0,-1.0,1.0,15,1.25,12,99.6,,16,16,19493,16641,0,0,0,,0,0,0,0,0,1219.49799990654,20.324966665109,client task timestamps,100.0,2.75,3.0,2.5,3.0,6.166666666666667,1.0,5.0,4,4,0,38.0,Woman,Vocational college degree,Native English speaker,About once a day,6,2.0,False,False,False,False,False,False,False
6a1602689050cce832321f97,ai,AI (baseline),1,0,1,2026-07-21T09:29:50.716474+00:00,7,58.333333333333336,12,99.0,98.85714285714286,99.2,-0.34285714285714164,40.666666666666664,40.666666666666664,12.0,12.0,12.0,85.0,100.0,12.0,12.0,12.0,53.0,93.0,5.0,5.0,0.0,0.0,0.0,16,1.3333333333333333,12,110.1875,,18,18,32827,29038,0,0,0,,0,0,0,0,0,1542.016000032425,25.70026666720708,client task timestamps,100.0,3.0,3.0,3.0,1.5,4.666666666666667,4.0,5.0,4,4,0,30.0,Woman,Higher tertiary education degree (Master's level),Native English speaker,Several times a day,7,5.0,True,False,False,False,False,False,False
5ee10c33a3011311034f2cb1,ai,AI (baseline),1,0,1,2026-07-21T09:33:42.938275+00:00,5,41.66666666666667,12,99.66666666666667,100.0,99.42857142857143,0.5714285714285694,58.0,58.0,12.0,10.0,12.0,90.0,100.0,3.0,8.0,4.0,16.0,20.0,-2.0,2.0,-9.0,-2.0,-8.0,20,1.6666666666666667,12,92.5,,21,21,19786,16390,0,0,0,,0,0,0,0,0,2579.013000011444,42.98355000019073,client task timestamps,5.0,-1.0,-0.5,-1.5,10.666666666666666,7.5,1.0,2.375,3,4,1,33.0,Man,Higher tertiary education degree (Master's level),Native English speaker,Several times a day,7,5.0,False,False,False,False,False,False,False
5fbf90f025a567296d943c7e,ai,AI (baseline),1,0,1,2026-07-21T09:39:07.579684+00:00,4,33.33333333333333,12,59.666666666666664,57.5,60.75,-3.25,26.333333333333336,26.333333333333336,10.0,4.0,10.0,28.0,65.0,8.0,0.0,6.0,38.0,34.0,4.0,4.0,-2.0,-4.0,-4.0,31,2.5833333333333335,12,53.806451612903224,,36,36,49184,39762,0,0,0,,0,0,0,0,0,2816.4120001792908,46.94020000298818,client task timestamps,47.5,0.375,0.25,0.5,12.833333333333334,12.0,1.3333333333333333,2.25,4,4,0,43.0,Man,Lower tertiary education degree (Bachelor's level),Native English speaker,Several times a day,7,5.0,True,False,False,False,False,False,False
6054cdc28222dc1ca6f58d8c,ai,AI (baseline),1,0,1,2026-07-21T09:47:33.035772+00:00,8,66.66666666666666,12,72.66666666666667,69.875,78.25,-8.375,6.000000000000014,6.000000000000014,10.0,7.0,12.0,52.0,36.0,8.0,5.0,5.0,66.0,71.0,0.0,0.0,-2.0,-2.0,-7.0,25,2.0833333333333335,12,159.24,,28,28,30948,26390,0,0,0,,0,0,0,0,0,1687.968999862671,28.13281666437785,client task timestamps,90.0,2.125,2.25,2.0,11.333333333333334,13.166666666666666,4.0,4.375,4,4,0,37.0,Woman,Upper secondary school / High school,Native English speaker,A few times a week,5,5.0,True,False,False,False,False,False,False
6a0c810fde5e00323faefdfb,ai,AI (baseline),1,0,1,2026-07-21T09:50:01.323341+00:00,5,41.66666666666667,12,84.91666666666667,80.2,88.28571428571429,-8.085714285714289,43.25,43.25,12.0,3.0,12.0,20.0,85.0,12.0,3.0,10.0,75.0,70.0,7.0,7.0,0.0,0.0,-2.0,13,1.0833333333333333,12,125.92307692307692,,14,14,25880,22702,0,0,0,,0,0,0,0,0,2564.7850000858307,42.746416668097176,client task timestamps,92.5,1.125,3.0,-0.75,7.166666666666667,9.333333333333334,4.333333333333333,4.25,4,4,0,41.0,Man,Lower tertiary education degree (Bachelor's level),Native English speaker,Several times a day,7,4.0,False,False,False,False,False,False,False
66bc9847760de03da07d1f28,ai,AI (baseline),1,0,1,2026-07-21T09:55:05.176539+00:00,9,75.0,12,85.83333333333333,85.33333333333333,87.33333333333333,-2.0,10.833333333333329,10.833333333333329,10.0,10.0,6.0,51.0,52.0,10.0,6.0,10.0,50.0,50.0,1.0,1.0,0.0,-4.0,4.0,15,1.25,12,96.8,,16,16,21417,18483,0,0,0,,0,0,0,0,0,1098.8150000572205,18.313583334287006,client task timestamps,67.5,1.0,1.75,0.25,5.333333333333333,4.833333333333333,3.1666666666666665,3.375,4,4,0,30.0,Non-binary,Lower tertiary education degree (Bachelor's level),Native English speaker,About once a day,6,3.0,True,False,False,False,False,False,False
6a11a434b06823950a4448a5,ai,AI (baseline),1,0,1,2026-07-21T09:56:28.943253+00:00,5,41.66666666666667,12,74.58333333333333,78.0,72.14285714285714,5.857142857142861,32.91666666666666,32.91666666666666,10.0,7.0,8.0,72.0,80.0,8.0,5.0,8.0,65.0,70.0,3.0,3.0,-2.0,-2.0,0.0,42,3.5,12,114.57142857142857,,43,43,64149,42987,0,0,0,,0,0,0,0,0,3973.0910000801086,66.21818333466848,client task timestamps,72.5,1.0,1.5,0.5,10.166666666666666,10.666666666666666,4.666666666666667,3.375,3,4,1,25.0,Man,Vocational college degree,Native English speaker,Several times a day,7,5.0,True,False,False,False,False,False,False
6a2181d1f0ad377a924abd5d,ai,AI (baseline),1,0,1,2026-07-21T10:06:46.363451+00:00,7,58.333333333333336,12,87.16666666666667,91.14285714285714,81.6,9.542857142857144,28.833333333333336,28.833333333333336,11.0,8.0,11.0,70.0,60.0,11.0,7.0,11.0,60.0,67.0,4.0,4.0,0.0,-1.0,0.0,15,1.25,12,143.6,,16,16,23985,18838,0,0,0,,0,0,0,0,0,1973.3499999046326,32.88916666507721,client task timestamps,90.0,1.75,2.25,1.25,5.0,6.166666666666667,3.8333333333333335,4.75,4,4,0,27.0,Man,Upper secondary school / High school,Native English speaker,About once a day,6,3.0,True,False,False,False,False,False,False
6a21935e44fa7ca6cd47ffd1,ai,AI (baseline),1,0,1,2026-07-21T10:08:06.587011+00:00,6,50.0,12,51.166666666666664,47.0,55.333333333333336,-8.333333333333336,1.1666666666666643,1.1666666666666643,12.0,8.0,12.0,50.0,85.0,7.0,4.0,8.0,30.0,34.0,1.0,1.0,-5.0,-4.0,-4.0,17,1.4166666666666667,12,256.52941176470586,,18,18,21687,16757,0,0,0,,0,0,0,0,0,2237.3799998760223,37.289666664600375,client task timestamps,60.0,0.625,1.25,0.0,5.666666666666667,5.833333333333333,3.5,3.625,4,4,0,31.0,Woman,Lower tertiary education degree (Bachelor's level),Native English speaker,About once a day,6,4.0,True,False,False,False,False,False,False
6346d9fda71cffd6c403c4a2,ai,AI (baseline),1,0,1,2026-07-21T10:08:16.561309+00:00,7,58.333333333333336,12,59.166666666666664,64.57142857142857,51.6,12.971428571428568,0.8333333333333286,0.8333333333333286,8.0,4.0,7.0,59.0,62.0,9.0,6.0,10.0,42.0,71.0,2.0,2.0,1.0,2.0,3.0,12,1.0,12,410.5,,15,15,20715,17356,0,0,0,,0,0,0,0,0,2804.9249999523163,46.74874999920527,client task timestamps,72.5,0.75,1.0,0.5,8.666666666666666,7.5,3.3333333333333335,3.875,4,4,0,29.0,Man,Higher tertiary education degree (Master's level),Conversationally fluent,Several times a day,7,2.0,False,False,False,False,False,False,False
60a6e4db0fb2c1d91fc00724,ai,AI (baseline),1,0,1,2026-07-21T10:08:36.754659+00:00,6,50.0,12,91.91666666666667,90.83333333333333,93.0,-2.1666666666666714,41.91666666666667,41.91666666666667,9.0,7.0,10.0,,,11.0,4.0,11.0,16.0,78.0,5.0,5.0,2.0,-3.0,1.0,16,1.3333333333333333,12,99.9375,,17,17,18520,15714,0,0,0,,0,0,0,0,0,2361.7000000476837,39.36166666746139,client task timestamps,97.5,2.625,3.0,2.25,4.5,7.333333333333333,3.5,4.375,3,4,1,40.0,Woman,Lower tertiary education degree (Bachelor's level),Native English speaker,A few times a week,5,3.0,False,False,False,False,False,False,False
66cdeb8a1b24ca4b3267616c,ai,AI (baseline),1,0,1,2026-07-21T10:11:27.461125+00:00,6,50.0,12,77.41666666666667,80.83333333333333,74.0,6.833333333333329,27.41666666666667,27.41666666666667,9.0,5.0,12.0,40.0,65.0,10.0,5.0,11.0,35.0,76.0,4.0,4.0,1.0,0.0,-1.0,22,1.8333333333333333,12,190.54545454545453,,24,24,42266,37512,0,0,0,,0,0,0,0,0,1642.3659999370575,27.372766665617625,client task timestamps,55.0,2.25,2.5,2.0,10.666666666666666,9.833333333333334,2.6666666666666665,3.625,3,4,1,30.0,Woman,Upper secondary school / High school,Native English speaker,A few times a week,5,4.0,True,False,False,False,False,False,False
668a563a0991d87c8cc08069,ai,AI (baseline),1,0,1,2026-07-21T10:16:33.797175+00:00,5,41.66666666666667,12,78.83333333333333,80.0,78.0,2.0,37.16666666666666,37.16666666666666,12.0,9.0,10.0,50.0,65.0,12.0,2.0,12.0,66.0,85.0,7.0,7.0,0.0,-7.0,2.0,21,1.75,12,75.38095238095238,,25,25,21474,17507,0,0,0,,0,0,0,0,0,3108.669000148773,51.81115000247955,client task timestamps,85.0,1.75,2.5,1.0,5.833333333333333,8.333333333333334,2.0,4.125,4,4,0,45.0,Woman,Vocational college degree,Native English speaker,A few times a week,5,4.0,False,False,False,False,False,False,False
637e1c5a4cf3a6a0f0acd67c,ai,AI (baseline),1,0,1,2026-07-21T10:18:34.834833+00:00,7,58.333333333333336,12,91.66666666666667,91.85714285714286,91.4,0.4571428571428555,33.333333333333336,33.333333333333336,12.0,12.0,12.0,78.0,91.0,12.0,2.0,12.0,50.0,90.0,5.0,5.0,0.0,-10.0,0.0,24,2.0,12,166.125,,26,26,24590,21433,0,0,0,,0,0,0,0,0,1174.194000005722,19.569900000095366,client task timestamps,90.0,1.75,3.0,0.5,3.3333333333333335,6.166666666666667,3.8333333333333335,3.75,4,4,0,35.0,Man,Vocational college degree,Native English speaker,About once a day,6,1.0,True,False,False,False,False,False,False
69f48670cedd5791181362cb,ai,AI (baseline),1,0,1,2026-07-21T10:22:39.892597+00:00,7,58.333333333333336,12,92.41666666666667,93.0,91.6,1.4000000000000057,34.083333333333336,34.083333333333336,9.0,7.0,9.0,78.0,77.0,5.0,9.0,5.0,50.0,57.0,-2.0,2.0,-4.0,2.0,-4.0,19,1.5833333333333333,12,159.10526315789474,,21,21,37315,31101,0,0,0,,0,0,0,0,0,2092.540999889374,34.87568333148956,client task timestamps,32.5,0.125,0.0,0.25,11.5,13.333333333333334,3.8333333333333335,2.375,4,4,0,41.0,Man,Lower tertiary education degree (Bachelor's level),Native English speaker,Several times a day,7,4.0,False,False,False,False,False,False,False
676ed6c97f59dba5a786886d,ai,AI (baseline),1,0,1,2026-07-21T10:23:54.715906+00:00,6,50.0,12,76.0,84.16666666666667,67.83333333333333,16.333333333333343,26.0,26.0,11.0,7.0,10.0,70.0,80.0,6.0,4.0,6.0,39.0,72.0,0.0,0.0,-5.0,-3.0,-4.0,21,1.75,12,93.52380952380952,,22,22,16709,13346,0,0,0,,0,0,0,0,0,1374.9010000228882,22.915016667048135,client task timestamps,52.5,-0.375,0.0,-0.75,11.0,11.833333333333334,3.1666666666666665,2.375,4,4,0,43.0,Man,Higher tertiary education degree (Master's level),Native English speaker,About once a day,6,4.0,False,False,False,False,False,False,False
669677d986a5a20026bbf20e,ai,AI (baseline),1,0,1,2026-07-21T10:24:28.033092+00:00,2,16.666666666666664,12,70.66666666666667,92.0,66.4,25.599999999999994,54.00000000000001,54.00000000000001,10.0,2.0,10.0,19.0,74.0,6.0,2.0,6.0,15.0,31.0,4.0,4.0,-4.0,0.0,-4.0,26,2.1666666666666665,12,36.03846153846154,,29,29,33161,26435,0,0,0,,0,0,0,0,0,1853.0620000362396,30.884366667270662,client task timestamps,27.5,0.0,0.0,0.0,15.333333333333334,12.833333333333334,3.8333333333333335,2.0,4,4,0,60.0,Woman,Higher tertiary education degree (Master's level),Native English speaker,A few times a month,3,3.0,False,False,False,False,False,False,False
69ea247da4f33d963f6377bd,ai,AI (baseline),1,0,1,2026-07-21T10:32:16.638994+00:00,6,50.0,12,89.5,90.5,88.5,2.0,39.5,39.5,8.0,6.0,10.0,75.0,85.0,8.0,4.0,10.0,25.0,90.0,2.0,2.0,0.0,-2.0,0.0,21,1.75,12,88.95238095238095,,23,23,32261,28423,0,0,0,,0,0,0,0,0,2794.9140000343323,46.581900000572205,client task timestamps,75.0,2.0,2.0,2.0,9.833333333333334,10.333333333333334,4.166666666666667,4.0,4,4,0,62.0,Man,Higher tertiary education degree (Master's level),Native English speaker,Several times a day,7,4.0,False,False,False,False,False,False,False
68493ffd97ee0ae8c1f6683e,ai,AI (baseline),1,0,1,2026-07-21T10:33:54.378488+00:00,10,83.33333333333334,12,70.0,71.4,63.0,8.400000000000006,-13.333333333333343,13.333333333333343,11.0,7.0,10.0,76.0,86.0,8.0,4.0,7.0,60.0,86.0,-2.0,2.0,-3.0,-3.0,-3.0,12,1.0,12,356.3333333333333,,14,14,28786,25402,0,0,0,,0,0,0,0,0,4005.9560000896454,66.76593333482742,client task timestamps,100.0,2.75,3.0,2.5,6.333333333333333,8.166666666666666,3.6666666666666665,4.375,4,4,0,30.0,Man,Lower tertiary education degree (Bachelor's level),Native English speaker,Several times a day,7,4.0,False,False,False,False,False,False,False
6a1f03c7db3ac189886daa83,ai,AI (baseline),1,0,1,2026-07-21T10:43:18.364345+00:00,4,33.33333333333333,12,91.5,90.75,91.875,-1.125,58.16666666666667,58.16666666666667,12.0,10.0,8.0,99.0,95.0,12.0,10.0,7.0,94.0,90.0,8.0,8.0,0.0,0.0,-1.0,24,2.0,12,178.20833333333334,,26,26,26740,21164,0,0,0,,0,0,0,0,0,1412.638000011444,23.5439666668574,client task timestamps,100.0,3.0,3.0,3.0,3.5,6.333333333333333,4.333333333333333,3.875,3,4,1,30.0,Man,Higher tertiary education degree (Master's level),Native English speaker,Several times a day,7,3.0,True,False,False,False,False,False,False
69ffbea27516957e550655d3,ai,AI (baseline),1,0,1,2026-07-21T10:43:31.073197+00:00,7,58.333333333333336,12,85.66666666666667,81.14285714285714,92.0,-10.857142857142861,27.333333333333336,27.333333333333336,9.0,6.0,8.0,60.0,65.0,9.0,3.0,8.0,70.0,75.0,2.0,2.0,0.0,-3.0,0.0,42,3.5,12,104.80952380952381,,45,45,29930,24401,0,0,0,,0,0,0,0,0,2312.7730000019073,38.546216666698456,client task timestamps,90.0,1.5,2.5,0.5,7.833333333333333,9.333333333333334,2.8333333333333335,3.5,4,4,0,33.0,Man,Vocational college degree,Native English speaker,About once a day,6,3.0,True,False,False,False,False,False,False
69fb31c7fd922d9f38394582,ai,AI (baseline),1,0,1,2026-07-21T10:46:00.555223+00:00,8,66.66666666666666,12,92.75,92.75,92.75,0.0,26.083333333333343,26.083333333333343,8.0,5.0,12.0,65.0,68.0,10.0,4.0,12.0,87.0,87.0,2.0,2.0,2.0,-1.0,0.0,38,3.1666666666666665,12,117.84210526315789,,43,43,30111,24940,0,0,0,,0,0,0,0,0,2047.7939999103546,34.12989999850591,client task timestamps,52.5,0.25,0.0,0.5,13.5,12.666666666666666,3.1666666666666665,4.25,4,4,0,49.0,Woman,Lower tertiary education degree (Bachelor's level),Native English speaker,About once a day,6,4.0,False,False,False,False,False,False,False
66718bbb61a1ad0225968d18,ai,AI (baseline),1,0,1,2026-07-21T10:46:13.864997+00:00,7,58.333333333333336,12,66.41666666666667,64.57142857142857,69.0,-4.428571428571431,8.083333333333336,8.083333333333336,8.0,6.0,6.0,75.0,51.0,8.0,7.0,6.0,41.0,71.0,1.0,1.0,0.0,1.0,0.0,18,1.5,12,85.55555555555556,,20,20,26681,20999,0,0,0,,0,0,0,0,0,1871.611999988556,31.1935333331426,client task timestamps,60.0,1.0,1.25,0.75,9.0,10.833333333333334,4.0,3.0,3,4,1,27.0,Woman,Lower tertiary education degree (Bachelor's level),Native English speaker,Several times a day,7,4.0,False,False,False,False,False,False,False
6a2688815956a47ca8d505ca,ai,AI (baseline),1,0,1,2026-07-21T10:52:04.916180+00:00,6,50.0,12,78.83333333333333,78.66666666666667,79.0,-0.3333333333333286,28.83333333333333,28.83333333333333,12.0,8.0,12.0,70.0,85.0,12.0,6.0,12.0,50.0,85.0,6.0,6.0,0.0,-2.0,0.0,13,1.0833333333333333,12,145.0,,14,14,22638,20779,0,0,0,,0,0,0,0,0,2396.6710000038147,39.944516666730244,client task timestamps,100.0,2.0,3.0,1.0,8.333333333333334,8.833333333333334,5.0,3.875,4,4,0,38.0,Woman,Lower tertiary education degree (Bachelor's level),Native English speaker,About once a week,4,3.0,False,False,False,False,False,False,False
60da18693053b2c1d420085f,ai,AI (baseline),1,0,1,2026-07-21T10:55:59.907698+00:00,2,16.666666666666664,12,64.66666666666667,75.5,62.5,13.0,48.00000000000001,48.00000000000001,8.0,6.0,7.0,50.0,22.0,7.0,6.0,8.0,50.0,50.0,5.0,5.0,-1.0,0.0,1.0,21,1.75,12,38.904761904761905,,22,22,12827,7073,0,0,0,,0,0,0,0,0,1899.7709999084473,31.662849998474123,client task timestamps,82.5,0.625,2.25,-1.0,6.333333333333333,8.5,4.166666666666667,2.375,4,4,0,33.0,Woman,Vocational college degree,Native English speaker,A few times a week,5,2.0,False,False,False,False,False,False,False
6a142cdec2bab559d61afe46,ai,AI (baseline),1,0,1,2026-07-21T10:57:25.958798+00:00,10,83.33333333333334,12,94.33333333333333,94.0,96.0,-2.0,10.999999999999986,10.999999999999986,10.0,7.0,9.0,70.0,80.0,11.0,9.0,10.0,66.0,75.0,1.0,1.0,1.0,2.0,1.0,15,1.25,12,288.4,,16,16,29595,25536,0,0,0,,0,0,0,0,0,1956.4820001125336,32.608033335208894,client task timestamps,80.0,1.375,2.25,0.5,7.833333333333333,9.0,4.0,4.375,4,4,0,36.0,Man,Lower tertiary education degree (Bachelor's level),Native English speaker,Several times a day,7,4.0,False,False,False,False,False,False,False
6a00f63a7116be2797d122a9,ai,AI (baseline),1,0,1,2026-07-21T11:02:52.743388+00:00,4,33.33333333333333,12,65.33333333333333,43.0,76.5,-33.5,32.0,32.0,12.0,12.0,12.0,70.0,50.0,8.0,7.0,6.0,25.0,14.0,4.0,4.0,-4.0,-5.0,-6.0,24,2.0,12,79.91666666666667,,25,25,35298,29220,0,0,0,,0,0,0,0,0,2928.460000038147,48.80766666730245,client task timestamps,50.0,-0.75,-0.75,-0.75,9.666666666666666,9.166666666666666,4.333333333333333,2.0,4,4,0,36.0,Woman,Lower tertiary education degree (Bachelor's level),Fully fluent,A few times a week,5,3.0,False,False,False,False,False,False,False
6614fb6af3c5aa23b962ea2d,ai,AI (baseline),1,0,1,2026-07-21T11:08:15.482626+00:00,4,33.33333333333333,12,41.416666666666664,47.0,38.625,8.375,8.083333333333336,8.083333333333336,6.0,3.0,6.0,20.0,25.0,6.0,4.0,8.0,60.0,90.0,2.0,2.0,0.0,1.0,2.0,18,1.5,12,82.38888888888889,,21,21,9833,9265,0,0,0,,0,0,0,0,0,1741.4809999465942,29.02468333244324,client task timestamps,85.0,1.375,1.5,1.25,15.0,14.5,4.166666666666667,4.25,4,4,0,58.0,Man,Upper secondary school / High school,Native English speaker,About once a week,4,2.0,True,False,False,False,False,False,False
6a0351dea82c3941d87ce46c,ai,AI (baseline),1,0,1,2026-07-21T11:08:28.049834+00:00,3,25.0,12,95.0,94.0,95.33333333333333,-1.3333333333333286,70.0,70.0,11.0,8.0,11.0,83.0,50.0,12.0,4.0,12.0,38.0,85.0,9.0,9.0,1.0,-4.0,1.0,13,1.0833333333333333,12,67.0,,15,15,19990,18038,0,0,0,,0,0,0,0,0,1992.0810000896454,33.20135000149409,client task timestamps,85.0,0.5,1.0,0.0,5.666666666666667,6.5,2.1666666666666665,4.25,4,4,0,23.0,Man,Lower tertiary education degree (Bachelor's level),Native English speaker,Several times a day,7,2.0,False,False,False,False,False,False,False
6a1d5035af8f2677814eebd2,ai,AI (baseline),1,0,1,2026-07-21T11:10:58.402562+00:00,7,58.333333333333336,12,78.5,81.57142857142857,74.2,7.371428571428567,20.166666666666664,20.166666666666664,10.0,3.0,11.0,66.0,73.0,12.0,4.0,12.0,87.0,91.0,5.0,5.0,2.0,1.0,1.0,12,1.0,12,57.25,,14,14,24146,21432,0,0,0,,0,0,0,0,0,1786.305999994278,29.7717666665713,client task timestamps,75.0,1.75,2.0,1.5,8.5,9.333333333333334,3.0,3.5,4,4,0,45.0,Woman,Upper secondary school / High school,Fully fluent,A few times a week,5,4.0,False,False,False,False,False,False,False
6a00fa4092ac27e2db73d8eb,ai,AI (baseline),1,0,1,2026-07-21T11:13:47.090994+00:00,6,50.0,12,77.41666666666667,74.66666666666667,80.16666666666667,-5.5,27.41666666666667,27.41666666666667,12.0,5.0,12.0,,89.0,12.0,5.0,7.0,70.0,89.0,6.0,6.0,0.0,0.0,-5.0,36,3.0,12,91.86111111111111,,38,38,33258,28897,0,0,0,,0,0,0,0,0,1493.798999786377,24.896649996439617,client task timestamps,62.5,2.75,2.5,3.0,11.666666666666666,13.5,3.8333333333333335,4.0,4,4,0,34.0,Woman,Vocational college degree,Native English speaker,About once a day,6,2.0,False,False,False,False,False,False,False
69e8d5e7f1abaa500ce31a11,ai,AI (baseline),1,0,1,2026-07-21T11:15:02.512553+00:00,7,58.333333333333336,12,71.16666666666667,63.57142857142857,81.8,-18.228571428571428,12.833333333333336,12.833333333333336,9.0,10.0,10.0,63.0,54.0,12.0,6.0,12.0,54.0,64.0,5.0,5.0,3.0,-4.0,2.0,13,1.0833333333333333,12,73.53846153846153,,17,17,8724,6299,0,0,0,,0,0,0,0,0,1628.4930000305176,27.141550000508627,client task timestamps,77.5,0.0,2.0,-2.0,6.833333333333333,7.666666666666667,4.833333333333333,3.5,4,4,0,33.0,Woman,Lower tertiary education degree (Bachelor's level),Native English speaker,About once a day,6,3.0,False,False,False,False,False,False,False
6a03481ce47e292cca49df5c,ai,AI (baseline),1,0,1,2026-07-21T11:18:05.844482+00:00,2,16.666666666666664,12,86.0,87.0,85.8,1.2000000000000028,69.33333333333334,69.33333333333334,12.0,10.0,7.0,72.0,71.0,12.0,12.0,10.0,80.0,78.0,10.0,10.0,0.0,2.0,3.0,12,1.0,12,213.58333333333334,,14,14,18115,15854,0,0,0,,0,0,0,0,0,1184.4520001411438,19.740866669019063,client task timestamps,85.0,1.5,2.0,1.0,9.666666666666666,11.833333333333334,4.166666666666667,3.75,4,4,0,34.0,Man,Higher tertiary education degree (Master's level),Fully fluent,Several times a day,7,4.0,False,False,False,False,False,False,False
5929c96027ea400001301061,ai,AI (baseline),1,0,1,2026-07-21T11:18:27.227495+00:00,11,91.66666666666666,12,99.41666666666667,99.45454545454545,99.0,0.45454545454545325,7.750000000000014,7.750000000000014,12.0,6.0,12.0,10.0,0.0,12.0,4.0,12.0,10.0,10.0,1.0,1.0,0.0,-2.0,0.0,12,1.0,12,134.08333333333334,,13,13,23211,21562,0,0,0,,0,0,0,0,0,1388.4179999828339,23.140299999713896,client task timestamps,95.0,2.25,3.0,1.5,1.5,4.666666666666667,3.3333333333333335,4.875,4,4,0,54.0,Man,Doctoral degree,Native English speaker,Several times a day,7,2.0,False,False,False,False,False,False,False
67252ccdf91cf97c0989172d,ai,AI (baseline),1,0,1,2026-07-21T11:25:47.490453+00:00,5,41.66666666666667,12,97.66666666666667,100.0,96.0,4.0,56.0,56.0,10.0,8.0,10.0,85.0,80.0,10.0,8.0,8.0,75.0,75.0,5.0,5.0,0.0,0.0,-2.0,22,1.8333333333333333,12,201.3181818181818,,23,23,29526,23896,0,0,0,,0,0,0,0,0,2696.3769998550415,44.93961666425069,client task timestamps,95.0,2.25,3.0,1.5,1.5,4.666666666666667,5.0,4.625,4,4,0,24.0,Man,Vocational college degree,Native English speaker,About once a day,6,5.0,False,False,False,False,False,False,False
6a245c90cdf34a9b43add620,ai,AI (baseline),1,0,1,2026-07-21T11:33:46.989302+00:00,4,33.33333333333333,12,85.08333333333333,79.25,88.0,-8.75,51.75,51.75,12.0,12.0,12.0,53.0,87.0,12.0,6.0,12.0,75.0,88.0,8.0,8.0,0.0,-6.0,0.0,16,1.3333333333333333,12,75.4375,,18,18,13701,12783,0,0,0,,0,0,0,0,0,1574.010999917984,26.233516665299735,client task timestamps,72.5,1.5,1.75,1.25,8.333333333333334,9.166666666666666,3.3333333333333335,4.125,4,4,0,62.0,Woman,Upper secondary school / High school,Native English speaker,About once a day,6,2.0,False,False,False,False,False,False,False
5bdee6652f49a40001c440c0,ai,AI (baseline),1,0,1,2026-07-21T11:39:32.651282+00:00,6,50.0,12,78.16666666666667,79.5,76.83333333333333,2.6666666666666714,28.16666666666667,28.16666666666667,12.0,4.0,9.0,50.0,73.0,10.0,5.0,12.0,24.0,70.0,4.0,4.0,-2.0,1.0,3.0,23,1.9166666666666667,12,182.47826086956522,,25,25,24578,19819,0,0,0,,0,0,0,0,0,925.305999994278,15.4217666665713,client task timestamps,82.5,0.5,0.75,0.25,7.5,7.333333333333333,3.3333333333333335,3.25,4,4,0,29.0,Woman,Higher tertiary education degree (Master's level),Native English speaker,About once a day,6,2.0,False,False,False,False,False,False,False
69e66fedb8e42d3cd50f9519,ai,AI (baseline),1,0,1,2026-07-21T11:43:17.367918+00:00,6,50.0,12,67.75,72.16666666666667,63.333333333333336,8.833333333333336,17.75,17.75,5.0,3.0,10.0,49.0,53.0,7.0,3.0,12.0,25.0,50.0,1.0,1.0,2.0,0.0,2.0,14,1.1666666666666667,12,63.42857142857143,,15,15,15204,12589,0,0,0,,0,0,0,0,0,1635.4619998931885,27.25769999821981,client task timestamps,62.5,0.125,0.5,-0.25,9.166666666666666,9.0,3.3333333333333335,2.25,4,4,0,30.0,Woman,Lower tertiary education degree (Bachelor's level),Native English speaker,A few times a week,5,2.0,False,False,False,False,False,False,False
5f5bb87a0093333445af65f2,ai,AI (baseline),1,0,1,2026-07-21T11:46:37.347195+00:00,5,41.66666666666667,12,86.83333333333333,88.4,85.71428571428571,2.6857142857142975,45.16666666666666,45.16666666666666,10.0,9.0,10.0,78.0,90.0,11.0,10.0,12.0,83.0,95.0,6.0,6.0,1.0,1.0,2.0,18,1.5,12,127.27777777777777,,19,19,21345,17713,0,0,0,,0,0,0,0,0,1517.6640000343323,25.294400000572203,client task timestamps,80.0,1.625,2.5,0.75,10.333333333333334,12.166666666666666,4.166666666666667,4.125,4,4,0,42.0,Man,Lower tertiary education degree (Bachelor's level),Native English speaker,Several times a day,7,3.0,True,False,False,False,False,False,False
69fa5d8d659152a4924ade4d,ai,AI (baseline),1,0,1,2026-07-21T11:47:39.605955+00:00,4,33.33333333333333,12,100.0,100.0,100.0,0.0,66.66666666666667,66.66666666666667,12.0,5.0,12.0,67.0,100.0,11.0,3.0,10.0,97.0,100.0,7.0,7.0,-1.0,-2.0,-2.0,13,1.0833333333333333,12,120.15384615384616,,14,14,26278,23233,0,0,0,,0,0,0,0,0,1351.1050000190735,22.518416666984557,client task timestamps,77.5,1.75,2.0,1.5,3.6666666666666665,5.833333333333333,3.0,4.75,4,4,0,33.0,Man,Higher tertiary education degree (Master's level),Fully fluent,Several times a day,7,2.0,False,False,False,False,False,False,False
5bc690392885710001a0bb76,ai,AI (baseline),1,0,1,2026-07-21T11:48:15.809737+00:00,7,58.333333333333336,12,61.25,69.28571428571429,50.0,19.285714285714292,2.9166666666666643,2.9166666666666643,10.0,5.0,8.0,,,9.0,0.0,9.0,30.0,45.0,2.0,2.0,-1.0,-5.0,1.0,20,1.6666666666666667,12,93.25,,25,25,21043,16945,0,0,0,,0,0,0,0,0,2071.3799998760223,34.5229999979337,client task timestamps,87.5,1.25,2.0,0.5,7.833333333333333,7.666666666666667,1.6666666666666667,3.875,3,4,1,61.0,Woman,Upper secondary school / High school,Native English speaker,About once a week,4,3.0,False,False,False,False,False,False,False
69bd43b3638c297e98b9f8df,ai,AI (baseline),1,0,1,2026-07-21T11:52:49.602935+00:00,1,8.333333333333332,12,99.66666666666667,100.0,99.63636363636364,0.36363636363635976,91.33333333333334,91.33333333333334,12.0,6.0,0.0,100.0,50.0,12.0,8.0,3.0,85.0,50.0,11.0,11.0,0.0,2.0,3.0,13,1.0833333333333333,12,329.0,,14,14,16734,14425,0,0,0,,0,0,0,0,0,1827.598000049591,30.459966667493184,client task timestamps,100.0,3.0,3.0,3.0,6.333333333333333,9.5,3.8333333333333335,4.375,4,4,0,24.0,Man,Lower tertiary education degree (Bachelor's level),Native English speaker,Several times a day,7,5.0,False,False,False,False,False,False,False
6a4da2ed98dcae617c8a7857,ai,AI (baseline),1,0,1,2026-07-21T12:00:45.282224+00:00,7,58.333333333333336,12,59.25,58.0,61.0,-3.0,0.9166666666666643,0.9166666666666643,11.0,10.0,9.0,65.0,80.0,10.0,7.0,9.0,59.0,67.0,3.0,3.0,-1.0,-3.0,0.0,18,1.5,12,92.94444444444444,,20,20,18962,14706,0,0,0,,0,0,0,0,0,1212.848000049591,20.21413333415985,client task timestamps,70.0,0.625,2.0,-0.75,9.166666666666666,9.666666666666666,3.5,4.0,4,4,0,20.0,Man,Upper secondary school / High school,Native English speaker,A few times a week,5,3.0,False,False,False,False,False,False,False
640106276a808bdba519eb05,ai,AI (baseline),1,0,1,2026-07-21T12:05:51.960413+00:00,3,25.0,12,77.08333333333333,64.0,81.44444444444444,-17.444444444444443,52.08333333333333,52.08333333333333,10.0,8.0,6.0,78.0,81.0,6.0,8.0,7.0,43.0,41.0,3.0,3.0,-4.0,0.0,1.0,28,2.3333333333333335,12,157.89285714285714,,29,29,29797,24729,0,0,0,,0,0,0,0,0,2129.8420000076294,35.49736666679382,client task timestamps,27.5,-1.125,-1.25,-1.0,9.166666666666666,8.666666666666666,3.3333333333333335,2.125,4,4,0,25.0,Man,Vocational college degree,Native English speaker,A few times a week,5,3.0,False,False,False,False,False,False,False
66b370883fc774c23e102c46,ai,AI (baseline),1,0,1,2026-07-21T12:08:04.681813+00:00,4,33.33333333333333,12,100.0,100.0,100.0,0.0,66.66666666666667,66.66666666666667,12.0,12.0,12.0,75.0,50.0,12.0,12.0,12.0,75.0,50.0,8.0,8.0,0.0,0.0,0.0,12,1.0,12,157.08333333333334,,13,13,16631,14765,0,0,0,,0,0,0,0,0,1082.651999950409,18.044199999173482,client task timestamps,100.0,2.25,3.0,1.5,1.1666666666666667,4.333333333333333,2.3333333333333335,5.0,4,4,0,28.0,Man,Upper secondary school / High school,Native English speaker,A few times a week,5,2.0,False,False,False,False,False,False,False
6a0aed9a06391bae485433ba,ai,AI (baseline),1,0,1,2026-07-21T12:16:59.010084+00:00,6,50.0,12,95.33333333333333,100.0,90.66666666666667,9.333333333333329,45.33333333333333,45.33333333333333,12.0,6.0,10.0,50.0,50.0,11.0,2.0,12.0,94.0,100.0,5.0,5.0,-1.0,-4.0,2.0,16,1.3333333333333333,12,106.5,,18,18,25622,21632,0,0,0,,0,0,0,0,0,1240.37299990654,20.672883331775665,client task timestamps,97.5,2.0,3.0,1.0,1.5,4.666666666666667,2.5,4.375,4,4,0,28.0,Woman,Lower tertiary education degree (Bachelor's level),Native English speaker,Several times a day,7,4.0,False,False,False,False,False,False,False
671cbe3cf696c5952e41ddb7,ai,AI (baseline),1,0,1,2026-07-21T12:21:21.183534+00:00,6,50.0,12,75.66666666666667,76.66666666666667,74.66666666666667,2.0,25.66666666666667,25.66666666666667,10.0,5.0,6.0,68.0,66.0,5.0,3.0,4.0,62.0,55.0,-1.0,1.0,-5.0,-2.0,-2.0,13,1.0833333333333333,12,112.07692307692308,,14,14,19270,16475,0,0,0,,0,0,0,0,0,1241.042000055313,20.68403333425522,client task timestamps,52.5,1.0,1.0,1.0,6.0,7.5,2.8333333333333335,3.75,3,4,1,26.0,Woman,Lower tertiary education degree (Bachelor's level),Native English speaker,About once a day,6,2.0,False,False,False,False,False,False,False
6a0c2610d6081bf92e4be74d,ai,AI (baseline),1,0,1,2026-07-21T12:21:56.356981+00:00,7,58.333333333333336,12,67.91666666666667,69.85714285714286,65.2,4.657142857142858,9.583333333333336,9.583333333333336,12.0,3.0,8.0,70.0,50.0,9.0,3.0,9.0,70.0,50.0,2.0,2.0,-3.0,0.0,1.0,49,4.083333333333333,12,55.714285714285715,,51,51,39169,26343,0,0,0,,0,0,0,0,0,6806.2699999809265,113.43783333301545,client task timestamps,80.0,0.5,1.5,-0.5,11.666666666666666,13.166666666666666,4.166666666666667,3.25,4,4,0,38.0,Man,Higher tertiary education degree (Master's level),Fully fluent,A few times a week,5,4.0,False,False,False,False,False,False,False
6772635d620fb499e8d268e6,ai,AI (baseline),1,0,1,2026-07-21T12:22:18.022776+00:00,4,33.33333333333333,12,86.08333333333333,75.25,91.5,-16.25,52.75,52.75,12.0,10.0,12.0,79.0,97.0,12.0,10.0,12.0,92.0,75.0,8.0,8.0,0.0,0.0,0.0,12,1.0,12,81.5,,17,17,3429,3082,0,0,0,,0,0,0,0,0,2014.0260000228882,33.56710000038147,client task timestamps,97.5,2.25,3.0,1.5,9.0,11.166666666666666,4.0,4.5,3,4,1,30.0,Man,Higher tertiary education degree (Master's level),Native English speaker,Several times a day,7,5.0,True,False,False,False,False,False,False
659c01027a942e6d4d2bd6a4,ai,AI (baseline),1,0,1,2026-07-21T12:29:34.451798+00:00,7,58.333333333333336,12,74.33333333333333,74.14285714285714,74.6,-0.4571428571428555,15.999999999999993,15.999999999999993,9.0,6.0,9.0,43.0,42.0,6.0,2.0,10.0,51.0,77.0,-1.0,1.0,-3.0,-4.0,1.0,18,1.5,12,92.38888888888889,,20,20,33969,29433,0,0,0,,0,0,0,0,0,1296.1240000724792,21.602066667874656,client task timestamps,75.0,1.125,1.25,1.0,6.333333333333333,7.5,4.333333333333333,3.125,4,4,0,47.0,Woman,Upper secondary school / High school,Native English speaker,About once a week,4,4.0,False,False,False,False,False,False,False
5d8e154af2858200171fdb95,ai,AI (baseline),1,0,1,2026-07-21T12:30:10.533566+00:00,4,33.33333333333333,12,83.83333333333333,78.75,86.375,-7.625,50.5,50.5,10.0,8.0,10.0,63.0,50.0,10.0,10.0,10.0,62.0,66.0,6.0,6.0,0.0,2.0,0.0,16,1.3333333333333333,12,87.5,,18,18,18078,16473,0,0,0,,0,0,0,0,0,1443.4739999771118,24.05789999961853,client task timestamps,95.0,1.5,2.5,0.5,7.833333333333333,10.333333333333334,3.5,4.0,4,4,0,40.0,Woman,Lower tertiary education degree (Bachelor's level),Native English speaker,A few times a week,5,5.0,False,False,False,False,False,False,False
6a0cd3904db1482540e9dede,ai,AI (baseline),1,0,1,2026-07-21T12:35:22.903299+00:00,3,25.0,12,85.41666666666667,92.0,83.22222222222223,8.777777777777771,60.41666666666667,60.41666666666667,12.0,7.0,12.0,65.0,50.0,12.0,6.0,12.0,55.0,79.0,9.0,9.0,0.0,-1.0,0.0,17,1.4166666666666667,12,137.11764705882354,,18,18,17104,14327,0,0,0,,0,0,0,0,0,2757.949999809265,45.96583333015442,client task timestamps,85.0,1.5,2.25,0.75,7.166666666666667,9.0,4.333333333333333,4.5,4,4,0,32.0,Woman,Higher tertiary education degree (Master's level),Fully fluent,About once a day,6,4.0,True,False,False,False,False,False,False
6a15cd68dfe6b38127015329,ai,AI (baseline),1,0,1,2026-07-21T12:41:16.009272+00:00,6,50.0,12,62.333333333333336,55.833333333333336,68.83333333333333,-12.999999999999993,12.333333333333336,12.333333333333336,10.0,6.0,9.0,82.0,90.0,10.0,7.0,9.0,71.0,78.0,4.0,4.0,0.0,1.0,0.0,19,1.5833333333333333,12,169.47368421052633,,20,20,21239,17905,0,0,0,,0,0,0,0,0,1325.5480000972748,22.092466668287912,client task timestamps,97.5,1.75,2.0,1.5,7.666666666666667,10.833333333333334,3.8333333333333335,3.75,4,4,0,39.0,Man,Lower tertiary education degree (Bachelor's level),Native English speaker,Several times a day,7,3.0,False,False,False,False,False,False,False
66d26b17a28e77051a40fd99,ai,AI (baseline),1,0,1,2026-07-21T12:43:47.924897+00:00,8,66.66666666666666,12,81.0,82.0,79.0,3.0,14.333333333333343,14.333333333333343,6.0,0.0,11.0,51.0,70.0,12.0,0.0,12.0,51.0,66.0,4.0,4.0,6.0,0.0,1.0,24,2.0,12,178.20833333333334,,26,26,28020,24378,0,0,0,,0,0,0,0,0,2440.53400015831,40.67556666930516,client task timestamps,90.0,2.125,2.5,1.75,4.333333333333333,6.5,3.5,4.25,4,4,0,59.0,Man,Upper secondary school / High school,Native English speaker,A few times a week,5,1.0,False,False,False,False,False,False,False
5942d73df8bfc00001985c3c,ai,AI (baseline),1,0,1,2026-07-21T12:47:52.936296+00:00,4,33.33333333333333,12,62.083333333333336,57.75,64.25,-6.5,28.750000000000007,28.750000000000007,8.0,5.0,7.0,50.0,51.0,6.0,2.0,7.0,50.0,46.0,2.0,2.0,-2.0,-3.0,0.0,19,1.5833333333333333,12,78.10526315789474,,22,22,22330,18548,0,0,0,,0,0,0,0,0,1311.9800000190735,21.866333333651223,client task timestamps,45.0,0.125,0.75,-0.5,7.166666666666667,7.333333333333333,2.5,3.375,4,4,0,39.0,Woman,Lower tertiary education degree (Bachelor's level),Native English speaker,A few times a week,5,4.0,False,False,False,False,False,False,False
6a12f9ea10383337fb6d1e8d,ai,AI (baseline),1,0,1,2026-07-21T12:48:39.976000+00:00,3,25.0,12,57.5,64.66666666666667,55.111111111111114,9.555555555555557,32.5,32.5,6.0,7.0,12.0,69.0,74.0,4.0,5.0,7.0,33.0,68.0,1.0,1.0,-2.0,-2.0,-5.0,13,1.0833333333333333,12,30.0,,14,14,2546,2069,0,0,0,,0,0,0,0,0,1235.1440000534058,20.58573333422343,client task timestamps,37.5,-0.25,-0.75,0.25,10.166666666666666,9.666666666666666,3.6666666666666665,2.75,3,4,1,37.0,Woman,Higher tertiary education degree (Master's level),Native English speaker,Several times a day,7,2.0,False,False,False,False,False,True,False
6a12ff970973e1f8a4525760,ai,AI (baseline),1,0,1,2026-07-21T12:53:54.404422+00:00,6,50.0,12,91.33333333333333,99.66666666666667,83.0,16.66666666666667,41.33333333333333,41.33333333333333,12.0,5.0,12.0,62.0,56.0,12.0,6.0,12.0,61.0,62.0,6.0,6.0,0.0,1.0,0.0,15,1.25,12,293.06666666666666,,18,18,22064,20700,0,0,0,,0,0,0,0,0,1328.582999944687,22.143049999078116,client task timestamps,100.0,2.0,2.25,1.75,7.0,7.833333333333333,4.166666666666667,4.5,4,4,0,35.0,Man,Lower tertiary education degree (Bachelor's level),Native English speaker,Several times a day,7,4.0,False,False,False,False,False,False,False
69fbb24e37c5184dceacd07a,ai,AI (baseline),1,0,1,2026-07-21T13:11:46.327897+00:00,5,41.66666666666667,12,73.0,74.2,72.14285714285714,2.057142857142864,31.33333333333333,31.33333333333333,10.0,4.0,7.0,55.0,65.0,8.0,5.0,6.0,42.0,71.0,3.0,3.0,-2.0,1.0,-1.0,14,1.1666666666666667,12,128.57142857142858,,16,16,23849,19025,0,0,0,,0,0,0,0,0,2719.808000087738,45.33013333479563,client task timestamps,70.0,1.125,1.75,0.5,7.833333333333333,9.666666666666666,2.8333333333333335,3.0,4,4,0,34.0,Woman,Higher tertiary education degree (Master's level),Native English speaker,About once a week,4,3.0,False,False,False,False,False,False,False
5a991dd86475f900019fe4b6,ai,AI (baseline),1,0,1,2026-07-21T13:24:24.160868+00:00,4,33.33333333333333,12,87.0,88.75,86.125,2.625,53.66666666666667,53.66666666666667,9.0,2.0,9.0,78.0,84.0,9.0,1.0,9.0,80.0,81.0,5.0,5.0,0.0,-1.0,0.0,14,1.1666666666666667,12,63.0,,15,15,14981,12722,0,0,0,,0,0,0,0,0,1564.388000011444,26.07313333352407,client task timestamps,77.5,1.375,2.0,0.75,6.666666666666667,8.166666666666666,2.6666666666666665,3.875,4,4,0,47.0,Woman,Vocational college degree,Native English speaker,A few times a month,3,3.0,False,False,False,False,False,False,False
676f730d7b956c6dc4eb2102,ai,AI (baseline),1,0,1,2026-07-21T13:40:19.061220+00:00,5,41.66666666666667,12,88.66666666666667,89.2,88.28571428571429,0.914285714285711,47.0,47.0,9.0,8.0,10.0,77.0,74.0,12.0,8.0,10.0,100.0,70.0,7.0,7.0,3.0,0.0,0.0,13,1.0833333333333333,12,151.07692307692307,,14,14,21649,18767,0,0,0,,0,0,0,0,0,1387.1039998531342,23.118399997552235,client task timestamps,90.0,2.75,3.0,2.5,7.333333333333333,10.166666666666666,4.166666666666667,4.75,3,4,1,32.0,Man,Higher tertiary education degree (Master's level),Native English speaker,About once a day,6,1.0,True,False,False,False,False,False,False
69e69e80bc8af64a9f5e8f2b,ai,AI (baseline),1,0,1,2026-07-21T13:48:49.902637+00:00,7,58.333333333333336,12,68.5,64.42857142857143,74.2,-9.771428571428572,10.166666666666664,10.166666666666664,3.0,3.0,5.0,13.0,52.0,7.0,3.0,8.0,12.0,77.0,0.0,0.0,4.0,0.0,3.0,19,1.5833333333333333,12,233.8421052631579,,22,22,34240,30616,0,0,0,,0,0,0,0,0,2319.9249999523163,38.66541666587194,client task timestamps,75.0,0.875,0.25,1.5,6.833333333333333,6.666666666666667,3.8333333333333335,3.0,4,4,0,19.0,Woman,Upper secondary school / High school,Fully fluent,Several times a day,7,3.0,False,False,False,False,False,False,False
69f3476a557b6eb0c17cdfd3,ai,AI (baseline),1,0,1,2026-07-16T11:08:25.869210+00:00,4,33.33333333333333,12,64.16666666666667,69.0,61.75,7.25,30.833333333333343,30.833333333333343,10.0,5.0,9.0,30.0,50.0,10.0,5.0,10.0,44.0,52.0,6.0,6.0,0.0,0.0,1.0,16,1.3333333333333333,12,98.875,,17,17,29962,25430,0,0,0,,0,0,0,0,0,2192.970999956131,36.54951666593551,client task timestamps,87.5,0.75,1.75,-0.25,7.833333333333333,8.333333333333334,4.0,3.625,4,4,0,18.0,Man,Vocational college degree,Native English speaker,A few times a month,3,4.0,False,False,False,False,False,False,False
55f6be3a32af74000b17021c,ai,AI (baseline),1,0,1,2026-07-16T11:13:03.980048+00:00,5,41.66666666666667,12,97.91666666666667,98.0,97.85714285714286,0.1428571428571388,56.25,56.25,8.0,8.0,7.0,64.0,86.0,12.0,8.0,9.0,90.0,93.0,7.0,7.0,4.0,0.0,2.0,13,1.0833333333333333,12,300.7692307692308,,16,16,25282,22026,0,0,0,,0,0,0,0,0,2764.790999889374,46.07984999815623,client task timestamps,80.0,2.0,2.75,1.25,7.333333333333333,9.5,3.1666666666666665,3.625,3,4,1,48.0,Woman,Lower tertiary education degree (Bachelor's level),Native English speaker,A few times a week,5,4.0,False,False,False,False,False,False,False
5e11ff6f814bba8816cca900,ai,AI (baseline),1,0,1,2026-07-16T11:23:05.575689+00:00,6,50.0,12,51.0,51.0,51.0,0.0,1.0,1.0,12.0,12.0,12.0,50.0,50.0,12.0,12.0,12.0,50.0,50.0,6.0,6.0,0.0,0.0,0.0,15,1.25,12,104.8,,16,16,17095,14599,0,0,0,,0,0,0,0,0,1966.5620000362396,32.77603333393733,client task timestamps,60.0,0.0,0.0,0.0,7.5,7.333333333333333,4.333333333333333,2.875,4,4,0,37.0,Woman,Lower tertiary education degree (Bachelor's level),Native English speaker,A few times a week,5,3.0,False,False,False,False,False,False,False
6a1ec8f64f05ec5575287664,ai,AI (baseline),1,0,1,2026-07-16T11:37:54.199741+00:00,7,58.333333333333336,12,88.41666666666667,93.71428571428571,81.0,12.714285714285708,30.083333333333336,30.083333333333336,10.0,8.0,7.0,95.0,71.0,2.0,1.0,1.0,28.0,1.0,-5.0,5.0,-8.0,-7.0,-6.0,38,3.1666666666666665,12,60.60526315789474,,40,40,36048,23189,0,0,0,,0,0,0,0,0,5124.144000053406,85.4024000008901,client task timestamps,27.5,-1.625,-2.25,-1.0,13.5,11.333333333333334,3.1666666666666665,1.125,4,4,0,26.0,Woman,Lower tertiary education degree (Bachelor's level),Native English speaker,Several times a day,7,5.0,False,False,False,False,False,False,False
6a19937f21bff5970fb45bf5,ai,AI (baseline),1,0,1,2026-07-16T12:16:36.754909+00:00,3,25.0,12,79.0,74.66666666666667,80.44444444444444,-5.7777777777777715,54.0,54.0,11.0,11.0,10.0,70.0,85.0,12.0,9.0,12.0,85.0,50.0,9.0,9.0,1.0,-2.0,2.0,17,1.4166666666666667,12,95.23529411764706,,19,19,24265,21009,0,0,0,,0,0,0,0,0,1771.5320000648499,29.525533334414163,client task timestamps,95.0,0.75,1.75,-0.25,4.5,6.333333333333333,4.333333333333333,4.125,3,4,1,38.0,Woman,Higher tertiary education degree (Master's level),Fully fluent,About once a day,6,3.0,False,False,False,False,False,False,False
66de0fe631ea4b3facbc2d37,ai,AI (baseline),1,0,1,2026-07-16T12:43:26.381494+00:00,6,50.0,12,89.16666666666667,89.33333333333333,89.0,0.3333333333333286,39.16666666666667,39.16666666666667,12.0,5.0,8.0,78.0,78.0,12.0,6.0,12.0,76.0,87.0,6.0,6.0,0.0,1.0,4.0,13,1.0833333333333333,12,123.0,,14,14,20234,17864,0,0,0,,0,0,0,0,0,1381.7880001068115,23.029800001780192,client task timestamps,97.5,2.875,3.0,2.75,9.0,11.5,3.8333333333333335,4.625,4,4,0,66.0,Woman,Lower tertiary education degree (Bachelor's level),Native English speaker,Several times a day,7,4.0,False,False,False,False,False,False,False
6760595cc33a17ad769453b4,ai,AI (baseline),1,0,1,2026-07-17T10:54:15.080659+00:00,3,25.0,12,44.916666666666664,44.666666666666664,45.0,-0.3333333333333357,19.916666666666664,19.916666666666664,11.0,12.0,12.0,27.0,70.0,7.0,1.0,9.0,33.0,28.0,4.0,4.0,-4.0,-11.0,-3.0,22,1.8333333333333333,12,89.95454545454545,,23,23,40766,35832,0,0,0,,0,0,0,0,0,1092.733999967575,18.212233332792916,client task timestamps,57.5,-0.125,0.25,-0.5,7.5,7.0,3.5,2.375,4,4,0,20.0,Woman,Vocational college degree,Native English speaker,About once a day,6,5.0,False,False,False,False,False,False,False
6a22f3e9176d5e2456f908b0,ai,AI (baseline),1,0,1,2026-07-17T11:03:48.919171+00:00,5,41.66666666666667,12,53.083333333333336,60.4,47.857142857142854,12.542857142857144,11.416666666666664,11.416666666666664,12.0,6.0,12.0,50.0,75.0,10.0,3.0,4.0,50.0,70.0,5.0,5.0,-2.0,-3.0,-8.0,21,1.75,12,92.23809523809524,,23,23,35463,27251,0,0,0,,0,0,0,0,0,1833.8170001506805,30.56361666917801,client task timestamps,70.0,-0.75,-0.5,-1.0,7.0,8.5,4.0,3.5,3,4,1,30.0,Man,Doctoral degree,Native English speaker,About once a day,6,2.0,False,False,False,False,False,False,False
6a218dae2f1b98857277d1de,ai,AI (baseline),1,0,1,2026-07-17T11:31:22.708259+00:00,6,50.0,12,66.0,65.0,67.0,-2.0,16.0,16.0,10.0,5.0,10.0,15.0,80.0,10.0,5.0,9.0,15.0,75.0,4.0,4.0,0.0,0.0,-1.0,12,1.0,12,383.5833333333333,,13,13,23852,21662,0,0,0,,0,0,0,0,0,1131.9179999828339,18.865299999713898,client task timestamps,52.5,-1.125,-1.75,-0.5,8.166666666666666,8.0,1.1666666666666667,2.75,4,4,0,21.0,Woman,Upper secondary school / High school,Native English speaker,A few times a week,5,2.0,False,False,False,False,False,False,False
6a1dae952d20ecda007b5877,ai,AI (baseline),1,0,1,2026-07-17T12:05:57.937690+00:00,5,41.66666666666667,12,76.5,78.6,75.0,3.5999999999999943,34.83333333333333,34.83333333333333,12.0,8.0,12.0,70.0,85.0,10.0,3.0,10.0,51.0,80.0,5.0,5.0,-2.0,-5.0,-2.0,13,1.0833333333333333,12,126.92307692307692,,14,14,23762,21617,0,0,0,,0,0,0,0,0,2531.938999891281,42.198983331521355,client task timestamps,85.0,1.5,1.75,1.25,10.0,13.166666666666666,3.6666666666666665,3.75,3,4,1,33.0,Man,Higher tertiary education degree (Master's level),Native English speaker,Several times a day,7,3.0,False,False,False,False,False,False,False
60e48eec877235a629691790,ai,AI (baseline),1,0,1,2026-07-17T12:40:44.759609+00:00,3,25.0,12,87.16666666666667,92.0,85.55555555555556,6.444444444444443,62.16666666666667,62.16666666666667,12.0,6.0,12.0,50.0,90.0,10.0,6.0,10.0,50.0,50.0,7.0,7.0,-2.0,0.0,-2.0,14,1.1666666666666667,12,223.14285714285714,,16,16,21957,18823,0,0,0,,0,0,0,0,0,1546.9399998188019,25.782333330313364,client task timestamps,55.0,0.375,2.0,-1.25,4.833333333333333,6.666666666666667,3.8333333333333335,4.625,4,4,0,38.0,Woman,Doctoral degree,Native English speaker,About once a week,4,4.0,False,False,False,False,False,False,False
69e91eb03d3b8e3a861ec30b,ai-reliability,Reliability cards,1,0,1,2026-07-16T15:22:27.370566+00:00,9,75.0,12,79.66666666666667,78.22222222222223,84.0,-5.7777777777777715,4.666666666666671,4.666666666666671,9.0,6.0,9.0,66.0,54.0,9.0,4.0,9.0,67.0,66.0,0.0,0.0,0.0,-2.0,0.0,12,1.0,12,134.33333333333334,,14,14,20994,18097,0,0,0,,12,14,1,0,0,1988.0479998588562,33.13413333098094,client task timestamps,92.5,1.75,2.0,1.5,9.833333333333334,10.666666666666666,3.8333333333333335,3.75,4,4,0,48.0,Woman,Vocational college degree,Native English speaker,Several times a day,7,3.0,False,False,False,False,False,False,False
6978d836ea6703b9dde8f92e,ai-reliability,Reliability cards,1,0,1,2026-07-16T15:27:42.120805+00:00,5,41.66666666666667,12,40.333333333333336,33.6,45.142857142857146,-11.542857142857144,-1.3333333333333357,1.3333333333333357,8.0,3.0,8.0,32.0,78.0,5.0,0.0,5.0,19.0,40.0,0.0,0.0,-3.0,-3.0,-3.0,14,1.1666666666666667,12,102.42857142857143,,16,16,25293,22335,0,0,0,,12,16,0,0,0,2261.3689999580383,37.68948333263397,client task timestamps,57.5,-0.5,-0.5,-0.5,7.5,9.0,1.5,3.25,4,4,0,31.0,Woman,Lower tertiary education degree (Bachelor's level),Native English speaker,Several times a day,7,1.0,False,False,False,False,False,False,False
6a00dc03128b71d40ab29141,ai-reliability,Reliability cards,1,0,1,2026-07-16T15:41:13.249365+00:00,5,41.66666666666667,12,90.16666666666667,90.4,90.0,0.4000000000000057,48.5,48.5,12.0,4.0,12.0,75.0,90.0,9.0,2.0,9.0,77.0,79.0,4.0,4.0,-3.0,-2.0,-3.0,15,1.25,12,108.86666666666666,,18,18,18516,16228,0,0,0,,12,18,11,0,0,1336.675999879837,22.27793333133062,client task timestamps,90.0,1.0,2.25,-0.25,5.0,6.5,1.3333333333333333,4.75,4,4,0,39.0,Man,Lower tertiary education degree (Bachelor's level),Native English speaker,A few times a month,3,1.0,False,False,False,False,False,False,False
6978df95c23f5064d0581f23,ai-reliability,Reliability cards,1,0,1,2026-07-16T15:41:24.717408+00:00,7,58.333333333333336,12,76.75,72.14285714285714,83.2,-11.057142857142864,18.416666666666664,18.416666666666664,12.0,12.0,12.0,80.0,100.0,6.0,6.0,3.0,46.0,63.0,-1.0,1.0,-6.0,-6.0,-9.0,12,1.0,12,131.83333333333334,,13,13,16280,13385,0,0,0,,12,13,8,0,0,3241.023999929428,54.01706666549047,client task timestamps,70.0,0.625,1.25,0.0,10.833333333333334,10.333333333333334,3.3333333333333335,3.125,3,4,1,32.0,Woman,Lower tertiary education degree (Bachelor's level),Fully fluent,Several times a day,7,5.0,False,False,False,False,False,False,False
6a0daf62ec01cd69c04d1da8,ai-reliability,Reliability cards,1,0,1,2026-07-16T15:42:26.335187+00:00,3,25.0,12,64.91666666666667,70.66666666666667,63.0,7.666666666666671,39.91666666666667,39.91666666666667,12.0,5.0,12.0,71.0,85.0,10.0,3.0,10.0,35.0,85.0,7.0,7.0,-2.0,-2.0,-2.0,15,1.25,12,101.93333333333334,,16,16,20223,18107,0,0,0,,12,17,11,0,0,2711.7510001659393,45.19585000276565,client task timestamps,42.5,-0.25,-0.25,-0.25,9.333333333333334,9.166666666666666,3.6666666666666665,2.75,4,4,0,35.0,Man,Lower tertiary education degree (Bachelor's level),Native English speaker,Several times a day,7,3.0,True,False,False,False,False,False,False
5d68c8aa40524c00189e8ac2,ai-reliability,Reliability cards,1,0,1,2026-07-16T15:46:01.277947+00:00,7,58.333333333333336,12,92.16666666666667,90.85714285714286,94.0,-3.142857142857139,33.833333333333336,33.833333333333336,12.0,12.0,8.0,60.0,50.0,7.0,6.0,7.0,10.0,72.0,0.0,0.0,-5.0,-6.0,-1.0,12,1.0,12,159.33333333333334,,13,13,17829,15759,0,0,0,,12,13,0,0,0,2281.4900000095367,38.02483333349228,client task timestamps,50.0,-0.5,1.25,-2.25,13.166666666666666,14.666666666666666,4.166666666666667,2.875,4,4,0,35.0,Man,Upper secondary school / High school,Native English speaker,A few times a week,5,4.0,False,False,False,False,False,False,False
6a0f3b12622c149244b455c6,ai-reliability,Reliability cards,1,0,1,2026-07-16T15:49:43.061425+00:00,5,41.66666666666667,12,75.91666666666667,80.6,72.57142857142857,8.028571428571425,34.25,34.25,8.0,6.0,6.0,20.0,25.0,8.0,7.0,10.0,15.0,25.0,3.0,3.0,0.0,1.0,4.0,18,1.5,12,102.11111111111111,,20,20,15023,10978,0,0,0,,12,20,5,0,0,2137.452999830246,35.62421666383743,client task timestamps,95.0,1.625,2.5,0.75,4.0,4.5,2.8333333333333335,3.125,4,4,0,28.0,Man,Lower tertiary education degree (Bachelor's level),Fully fluent,About once a week,4,5.0,False,False,False,False,False,False,False
59e7276d5de9b000017ed1c1,ai-reliability,Reliability cards,1,0,1,2026-07-16T15:53:31.208312+00:00,5,41.66666666666667,12,69.66666666666667,75.2,65.71428571428571,9.485714285714295,28.0,28.0,10.0,4.0,12.0,58.0,95.0,9.0,4.0,9.0,65.0,73.0,4.0,4.0,-1.0,0.0,-3.0,26,2.1666666666666665,12,113.8076923076923,,27,27,32130,26932,0,0,0,,12,27,11,0,0,2744.0339999198914,45.73389999866485,client task timestamps,90.0,2.625,2.25,3.0,8.833333333333334,10.0,4.5,3.75,4,4,0,44.0,Man,Vocational college degree,Native English speaker,Several times a day,7,4.0,False,False,False,False,False,False,False
6a197061d6e8373f3d65e81f,ai-reliability,Reliability cards,1,0,1,2026-07-16T15:54:01.844959+00:00,5,41.66666666666667,12,56.583333333333336,70.8,46.42857142857143,24.371428571428567,14.916666666666664,14.916666666666664,10.0,0.0,10.0,14.0,77.0,10.0,3.0,7.0,18.0,72.0,5.0,5.0,0.0,3.0,-3.0,22,1.8333333333333333,12,74.0,,25,25,26516,19089,0,0,0,,12,25,11,0,0,1717.5860002040863,28.62643333673477,client task timestamps,90.0,1.375,2.25,0.5,11.333333333333334,10.166666666666666,4.333333333333333,4.25,4,4,0,45.0,Man,Higher tertiary education degree (Master's level),Native English speaker,Several times a day,7,3.0,False,False,False,False,False,False,False
69f783aafc8753bcdcde193d,ai-reliability,Reliability cards,1,0,1,2026-07-16T16:02:03.396451+00:00,5,41.66666666666667,12,71.58333333333333,71.2,71.85714285714286,-0.6571428571428584,29.916666666666657,29.916666666666657,11.0,10.0,10.0,68.0,68.0,9.0,10.0,7.0,61.0,61.0,4.0,4.0,-2.0,0.0,-3.0,12,1.0,12,380.3333333333333,,13,13,18224,15824,0,0,0,,12,13,10,0,0,1037.4860000610352,17.291433334350586,client task timestamps,47.5,-1.375,-0.75,-2.0,9.333333333333334,9.166666666666666,3.3333333333333335,2.625,4,4,0,38.0,Man,Higher tertiary education degree (Master's level),Native English speaker,Several times a day,7,4.0,False,False,False,False,False,False,False
67d80b3db0cac8b1bd982fb2,ai-reliability,Reliability cards,1,0,1,2026-07-16T16:12:05.702410+00:00,2,16.666666666666664,12,74.41666666666667,76.0,74.1,1.9000000000000057,57.75000000000001,57.75000000000001,10.0,8.0,8.0,82.0,67.0,10.0,8.0,8.0,81.0,79.0,8.0,8.0,0.0,0.0,0.0,12,1.0,12,331.0833333333333,,14,14,19709,17901,0,0,0,,12,15,11,0,0,1697.7139999866486,28.295233333110808,client task timestamps,72.5,2.25,2.25,2.25,6.5,8.0,4.0,3.75,4,4,0,21.0,Man,Lower tertiary education degree (Bachelor's level),Native English speaker,Several times a day,7,4.0,False,False,False,False,False,False,False
6a1133732417b2fc2a138870,ai-reliability,Reliability cards,1,0,1,2026-07-16T16:19:11.726590+00:00,4,33.33333333333333,12,50.333333333333336,76.75,37.125,39.625,17.000000000000007,17.000000000000007,7.0,0.0,7.0,64.0,63.0,6.0,0.0,6.0,72.0,44.0,2.0,2.0,-1.0,0.0,-1.0,12,1.0,12,125.83333333333333,,13,13,19214,16589,0,0,0,,12,13,1,0,0,1110.2009999752045,18.503349999586742,client task timestamps,42.5,1.625,1.75,1.5,10.166666666666666,12.0,2.8333333333333335,2.75,4,4,0,31.0,Woman,Lower tertiary education degree (Bachelor's level),Native English speaker,Several times a day,7,4.0,False,False,False,False,False,False,False
69fdef338f87c1f1bf52ec2d,ai-reliability,Reliability cards,1,0,1,2026-07-16T16:28:06.849248+00:00,4,33.33333333333333,12,66.75,73.5,63.375,10.125,33.41666666666667,33.41666666666667,10.0,8.0,10.0,56.0,54.0,8.0,4.0,7.0,53.0,39.0,4.0,4.0,-2.0,-4.0,-3.0,20,1.6666666666666667,12,58.9,,22,22,14592,10802,0,0,0,,10,22,7,0,0,1314.007000207901,21.900116670131684,client task timestamps,72.5,1.0,2.25,-0.25,7.333333333333333,8.166666666666666,2.5,3.125,4,4,0,31.0,Woman,Lower tertiary education degree (Bachelor's level),Native English speaker,Less than once a month,2,3.0,False,False,False,False,False,False,False
6a14ed94ddfccd8c074e9f98,ai-reliability,Reliability cards,1,0,1,2026-07-16T16:30:11.907137+00:00,2,16.666666666666664,12,43.333333333333336,53.5,41.3,12.200000000000003,26.66666666666667,26.66666666666667,10.0,1.0,11.0,25.0,80.0,4.0,1.0,3.0,19.0,60.0,2.0,2.0,-6.0,0.0,-8.0,25,2.0833333333333335,12,159.04,,28,28,30227,28095,0,0,0,,12,29,4,0,0,1892.9509999752045,31.549183332920073,client task timestamps,17.5,0.125,-0.5,0.75,11.166666666666666,9.0,2.3333333333333335,2.75,4,4,0,20.0,Woman,Upper secondary school / High school,Native English speaker,About once a day,6,2.0,False,False,False,False,False,False,False
69f20160e7342e6f292d61ba,ai-reliability,Reliability cards,1,0,1,2026-07-16T16:34:16.749042+00:00,6,50.0,12,62.833333333333336,64.33333333333333,61.333333333333336,2.999999999999993,12.833333333333336,12.833333333333336,7.0,10.0,5.0,56.0,40.0,9.0,4.0,9.0,61.0,62.0,3.0,3.0,2.0,-6.0,4.0,17,1.4166666666666667,12,102.3529411764706,,19,19,28454,25193,0,0,0,,12,19,4,0,0,2675.4960000514984,44.59160000085831,client task timestamps,87.5,1.125,2.0,0.25,12.666666666666666,13.166666666666666,1.8333333333333333,2.625,4,4,0,48.0,Woman,Vocational college degree,Fully fluent,A few times a week,5,5.0,False,False,False,False,False,False,False
6a19abd9f379edc1b66ac895,ai-reliability,Reliability cards,1,0,1,2026-07-16T17:01:23.281537+00:00,6,50.0,12,81.91666666666667,92.33333333333333,71.5,20.83333333333333,31.91666666666667,31.91666666666667,12.0,10.0,11.0,85.0,95.0,8.0,6.0,7.0,86.0,75.0,2.0,2.0,-4.0,-4.0,-4.0,14,1.1666666666666667,12,114.71428571428571,,17,17,20085,17037,0,0,0,,12,17,9,0,0,3731.242999792099,62.18738332986832,client task timestamps,100.0,2.625,3.0,2.25,9.166666666666666,11.0,4.666666666666667,3.375,4,4,0,28.0,Woman,Higher tertiary education degree (Master's level),Native English speaker,A few times a week,5,5.0,False,False,False,False,False,False,False
6a25c070d132810cf4aa0a9b,ai-reliability,Reliability cards,1,0,1,2026-07-17T13:39:29.814538+00:00,5,41.66666666666667,12,82.16666666666667,82.6,81.85714285714286,0.7428571428571331,40.5,40.5,12.0,9.0,12.0,82.0,91.0,8.0,5.0,9.0,82.0,92.0,3.0,3.0,-4.0,-4.0,-3.0,12,1.0,12,1.0833333333333333,,13,13,510,198,0,0,0,,0,13,0,0,0,1117.2450001239777,18.620750002066295,client task timestamps,60.0,2.75,2.75,2.75,15.833333333333334,18.666666666666668,3.5,4.375,4,4,0,18.0,Woman,Vocational college degree,Native English speaker,Several times a day,7,5.0,False,False,False,False,False,False,False
60dca45abca3eb229bafdedf,ai-reliability,Reliability cards,1,0,1,2026-07-17T13:49:20.480596+00:00,4,33.33333333333333,12,54.916666666666664,82.75,41.0,41.75,21.583333333333336,21.583333333333336,10.0,5.0,8.0,50.0,60.0,8.0,4.0,8.0,30.0,40.0,4.0,4.0,-2.0,-1.0,0.0,12,1.0,12,265.1666666666667,,13,13,21606,18344,0,0,0,,12,13,0,0,0,1484.8160002231598,24.746933337052663,client task timestamps,85.0,-0.5,0.0,-1.0,9.0,9.166666666666666,3.1666666666666665,3.25,4,4,0,38.0,Man,Lower tertiary education degree (Bachelor's level),Native English speaker,About once a day,6,2.0,False,False,False,False,False,False,False
667178d77f8b6ed980c256ff,ai-reliability,Reliability cards,1,0,1,2026-07-17T14:10:25.911280+00:00,6,50.0,12,55.916666666666664,55.833333333333336,56.0,-0.1666666666666643,5.916666666666664,5.916666666666664,5.0,2.0,5.0,16.0,29.0,3.0,4.0,1.0,3.0,11.0,-3.0,3.0,-2.0,2.0,-4.0,21,1.75,12,90.76190476190476,,23,23,28731,23826,0,0,0,,12,23,10,0,0,2768.2220001220703,46.13703333536784,client task timestamps,77.5,0.125,0.75,-0.5,11.666666666666666,8.833333333333334,1.0,2.625,4,4,0,20.0,Woman,Lower tertiary education degree (Bachelor's level),Native English speaker,A few times a week,5,4.0,False,False,False,False,False,False,False
59dbb88b0fb3a90001bd90b0,ai-reliability,Reliability cards,1,0,1,2026-07-17T14:14:07.954088+00:00,7,58.333333333333336,12,66.0,70.0,60.4,9.600000000000001,7.666666666666664,7.666666666666664,10.0,8.0,10.0,52.0,54.0,9.0,5.0,10.0,37.0,61.0,2.0,2.0,-1.0,-3.0,0.0,20,1.6666666666666667,12,97.65,,21,21,27564,22760,0,0,0,,12,21,12,0,0,2596.871999979019,43.28119999965032,client task timestamps,70.0,-0.125,0.25,-0.5,10.666666666666666,11.833333333333334,1.5,3.25,4,4,0,32.0,Woman,Lower tertiary education degree (Bachelor's level),Native English speaker,A few times a week,5,4.0,False,False,False,False,False,False,False
69f1d42295e8a37f889c52dd,ai-reliability,Reliability cards,1,0,1,2026-07-17T14:19:09.463715+00:00,5,41.66666666666667,12,68.58333333333333,77.8,62.0,15.799999999999997,26.916666666666657,26.916666666666657,10.0,10.0,5.0,25.0,72.0,8.0,12.0,6.0,51.0,53.0,3.0,3.0,-2.0,2.0,1.0,20,1.6666666666666667,12,59.3,,22,22,15043,12875,0,0,0,,11,23,1,0,0,1859.590000152588,30.9931666692098,client task timestamps,75.0,0.625,0.5,0.75,6.333333333333333,7.833333333333333,4.833333333333333,2.25,3,4,1,32.0,Man,Doctoral degree,Native English speaker,Less than once a month,2,2.0,False,False,False,False,False,False,False
6a03866a5ae4e72614dba225,ai-reliability,Reliability cards,1,0,1,2026-07-17T14:20:06.086906+00:00,3,25.0,12,66.58333333333333,80.0,62.111111111111114,17.888888888888886,41.58333333333333,41.58333333333333,12.0,7.0,12.0,74.0,98.0,10.0,5.0,10.0,66.0,87.0,7.0,7.0,-2.0,-2.0,-2.0,19,1.5833333333333333,12,107.15789473684211,,22,22,22990,20060,0,0,0,,12,22,11,0,0,2107.0120000839233,35.11686666806539,client task timestamps,100.0,3.0,3.0,3.0,13.333333333333334,15.833333333333334,5.0,4.125,4,4,0,26.0,Man,Lower tertiary education degree (Bachelor's level),Native English speaker,Several times a day,7,5.0,False,False,False,False,False,False,False
671d39090c9e2ad9ec75a03c,ai-reliability,Reliability cards,1,0,1,2026-07-17T14:21:24.522652+00:00,5,41.66666666666667,12,91.08333333333333,87.6,93.57142857142857,-5.971428571428575,49.41666666666666,49.41666666666666,10.0,8.0,11.0,50.0,50.0,12.0,3.0,12.0,50.0,70.0,7.0,7.0,2.0,-5.0,1.0,26,2.1666666666666665,12,114.0,,27,27,23279,19581,0,0,0,,12,28,0,0,0,3257.84299993515,54.2973833322525,client task timestamps,92.5,2.125,3.0,1.25,7.333333333333333,8.5,1.8333333333333333,5.0,4,4,0,60.0,Woman,Basic education / Middle school,Native English speaker,A few times a month,3,3.0,False,False,False,False,False,False,False
696c14c4c7de2d012b0911cb,ai-reliability,Reliability cards,1,0,1,2026-07-17T14:24:22.975385+00:00,6,50.0,12,87.25,87.0,87.5,-0.5,37.25,37.25,12.0,3.0,12.0,76.0,84.0,10.0,10.0,8.0,89.0,88.0,4.0,4.0,-2.0,7.0,-4.0,13,1.0833333333333333,12,334.38461538461536,,15,15,17490,16692,0,0,0,,12,16,0,0,0,1950.4179999828339,32.50696666638056,client task timestamps,72.5,1.125,2.0,0.25,4.666666666666667,7.5,4.166666666666667,3.25,3,4,1,27.0,Man,Upper secondary school / High school,Native English speaker,Several times a day,7,5.0,False,False,False,False,False,False,False
6a0c18983b81664b14057d67,ai-reliability,Reliability cards,1,0,1,2026-07-17T14:39:47.377766+00:00,5,41.66666666666667,12,36.416666666666664,32.4,39.285714285714285,-6.885714285714286,-5.250000000000007,5.250000000000007,8.0,6.0,10.0,52.0,35.0,6.0,2.0,8.0,65.0,47.0,1.0,1.0,-2.0,-4.0,-2.0,15,1.25,12,126.73333333333333,,17,17,19937,17668,0,0,0,,12,20,2,0,0,1077.625,17.960416666666667,client task timestamps,85.0,0.0,0.5,-0.5,10.666666666666666,10.166666666666666,3.3333333333333335,3.375,4,4,0,30.0,Woman,Upper secondary school / High school,Native English speaker,About once a week,4,4.0,False,False,False,False,False,False,False
6a142dc26ed32d4a9430fab8,ai-reliability,Reliability cards,1,0,1,2026-07-17T14:52:29.898320+00:00,3,25.0,12,59.5,62.333333333333336,58.55555555555556,3.7777777777777786,34.5,34.5,7.0,3.0,11.0,15.0,50.0,6.0,2.0,9.0,10.0,65.0,3.0,3.0,-1.0,-1.0,-2.0,24,2.0,12,48.0,,25,25,15188,10808,0,0,0,,10,25,9,0,0,2118.391000032425,35.306516667207084,client task timestamps,65.0,0.75,1.75,-0.25,12.0,10.166666666666666,1.6666666666666667,3.25,4,4,0,29.0,Woman,Lower tertiary education degree (Bachelor's level),Native English speaker,About once a day,6,4.0,False,False,False,False,False,False,False
60f716c8e672d09c3ba24006,ai-reliability,Reliability cards,1,0,1,2026-07-17T14:53:58.948707+00:00,5,41.66666666666667,12,89.0,87.8,89.85714285714286,-2.057142857142864,47.33333333333333,47.33333333333333,12.0,8.0,12.0,85.0,50.0,12.0,9.0,12.0,67.0,58.0,7.0,7.0,0.0,1.0,0.0,12,1.0,12,355.9166666666667,,13,13,19961,17266,0,0,0,,12,13,0,0,0,1277.635999917984,21.2939333319664,client task timestamps,85.0,1.25,2.0,0.5,11.333333333333334,12.833333333333334,4.166666666666667,3.875,4,4,0,23.0,Man,Lower tertiary education degree (Bachelor's level),Native English speaker,A few times a week,5,5.0,False,False,False,False,False,False,False
6a0adda4ab63b9293ca9d4ab,ai-reliability,Reliability cards,1,0,1,2026-07-17T14:55:27.154709+00:00,5,41.66666666666667,12,65.0,74.4,58.285714285714285,16.11428571428572,23.33333333333333,23.33333333333333,12.0,2.0,0.0,34.0,30.0,5.0,1.0,6.0,29.0,43.0,0.0,0.0,-7.0,-1.0,6.0,17,1.4166666666666667,12,71.41176470588235,,18,18,20206,15931,0,0,0,,12,20,5,0,0,1339.486999988556,22.324783333142598,client task timestamps,80.0,0.25,1.5,-1.0,10.0,8.5,1.1666666666666667,3.25,4,4,0,34.0,Woman,Upper secondary school / High school,Native English speaker,About once a day,6,1.0,False,False,False,False,False,False,False
6a25abc2ee592e874458786b,ai-reliability,Reliability cards,1,0,1,2026-07-17T15:19:55.888895+00:00,7,58.333333333333336,12,63.583333333333336,63.714285714285715,63.4,0.3142857142857167,5.25,5.25,4.0,2.0,12.0,75.0,61.0,8.0,2.0,9.0,41.0,64.0,1.0,1.0,4.0,0.0,-3.0,37,3.0833333333333335,12,45.567567567567565,,48,48,22749,12578,0,0,0,,12,47,10,0,0,3272.4189999103546,54.540316665172575,client task timestamps,67.5,0.125,0.25,0.0,13.0,12.5,5.0,2.875,4,4,0,27.0,Woman,Upper secondary school / High school,Native English speaker,A few times a month,3,4.0,False,False,False,False,False,False,False
69ea08bd7a900ff4a9b6f7c2,ai-reliability,Reliability cards,1,0,1,2026-07-17T15:26:00.069017+00:00,5,41.66666666666667,12,51.416666666666664,53.4,50.0,3.3999999999999986,9.749999999999993,9.749999999999993,12.0,12.0,12.0,50.0,50.0,4.0,8.0,3.0,21.0,15.0,-1.0,1.0,-8.0,-4.0,-9.0,22,1.8333333333333333,12,76.0909090909091,,24,24,25985,20575,0,0,0,,12,25,7,0,0,2775.013999938965,46.25023333231608,client task timestamps,75.0,0.75,2.0,-0.5,14.833333333333334,12.333333333333334,3.5,1.25,4,4,0,33.0,Man,Lower tertiary education degree (Bachelor's level),Native English speaker,Several times a day,7,3.0,False,False,False,False,False,False,False
6658b1a747c3b7e6e7d4a63e,ai-reliability,Reliability cards,1,0,1,2026-07-17T16:35:08.054756+00:00,7,58.333333333333336,12,46.916666666666664,49.285714285714285,43.6,5.685714285714283,-11.416666666666671,11.416666666666671,4.0,1.0,12.0,63.0,90.0,7.0,1.0,12.0,57.0,80.0,0.0,0.0,3.0,0.0,0.0,12,1.0,12,142.0,,13,13,14439,11958,0,0,0,,12,13,10,0,0,1172.9360001087189,19.548933335145314,client task timestamps,70.0,0.625,1.0,0.25,8.5,8.666666666666666,3.0,3.75,2,4,2,35.0,Woman,Vocational college degree,Native English speaker,Several times a day,7,2.0,False,False,True,False,False,False,True
5ede66237578b70c1548f73e,ai-reliability,Reliability cards,1,0,1,2026-07-17T16:36:56.818139+00:00,4,33.33333333333333,12,62.833333333333336,84.0,52.25,31.75,29.500000000000007,29.500000000000007,8.0,8.0,6.0,50.0,25.0,6.0,6.0,6.0,42.0,59.0,2.0,2.0,-2.0,-2.0,0.0,14,1.1666666666666667,12,289.0,,16,16,17150,14733,0,0,0,,12,16,1,0,0,854.2539999485016,14.23756666580836,client task timestamps,87.5,1.375,2.75,0.0,3.6666666666666665,3.5,2.5,3.125,4,4,0,19.0,Man,Vocational college degree,Native English speaker,Several times a day,7,1.0,False,False,False,False,False,False,False
6a1eccd60ae50d68ab01c141,ai-reliability,Reliability cards,1,0,1,2026-07-17T16:37:14.039746+00:00,3,25.0,12,58.083333333333336,52.333333333333336,60.0,-7.666666666666664,33.083333333333336,33.083333333333336,5.0,1.0,8.0,68.0,58.0,6.0,8.0,3.0,66.0,57.0,3.0,3.0,1.0,7.0,-5.0,14,1.1666666666666667,12,50.5,,18,18,8021,6790,0,0,0,,12,18,0,0,0,1085.6819999217987,18.094699998696644,client task timestamps,55.0,1.25,1.25,1.25,8.0,8.833333333333334,2.8333333333333335,3.625,4,4,0,23.0,Man,Lower tertiary education degree (Bachelor's level),Native English speaker,Several times a day,7,3.0,False,False,False,False,False,False,False
6a246d7667cc4c295e3135fc,ai-reliability,Reliability cards,1,0,1,2026-07-17T16:51:24.330460+00:00,5,41.66666666666667,12,62.416666666666664,60.2,64.0,-3.799999999999997,20.749999999999993,20.749999999999993,12.0,9.0,10.0,78.0,50.0,6.0,6.0,8.0,50.0,50.0,1.0,1.0,-6.0,-3.0,-2.0,15,1.25,12,121.06666666666666,,16,16,19027,17569,0,0,0,,12,16,11,0,0,2155.3570001125336,35.922616668542226,client task timestamps,57.5,-0.625,-0.5,-0.75,12.166666666666666,12.0,3.5,3.0,4,4,0,18.0,Man,Upper secondary school / High school,Native English speaker,A few times a week,5,4.0,False,False,False,False,False,False,False
56896501d3d6a7000ca23da8,ai-reliability,Reliability cards,1,0,1,2026-07-17T16:59:59.795903+00:00,2,16.666666666666664,12,73.75,94.5,69.6,24.900000000000006,57.083333333333336,57.083333333333336,8.0,5.0,8.0,50.0,50.0,7.0,3.0,7.0,50.0,50.0,5.0,5.0,-1.0,-2.0,-1.0,21,1.75,12,58.38095238095238,,23,23,12990,9560,0,0,0,,12,23,9,0,0,1290.5529999732971,21.50921666622162,client task timestamps,97.5,2.25,3.0,1.5,8.833333333333334,8.666666666666666,3.5,4.75,4,4,0,36.0,Woman,Vocational college degree,Native English speaker,A few times a month,3,4.0,False,False,False,False,False,False,False
69f6a9b7a7b418e1549df619,ai-reliability,Reliability cards,1,0,1,2026-07-17T17:02:34.425358+00:00,4,33.33333333333333,12,94.0,97.5,92.25,5.25,60.66666666666667,60.66666666666667,11.0,9.0,7.0,75.0,80.0,8.0,8.0,9.0,90.0,86.0,4.0,4.0,-3.0,-1.0,2.0,22,1.8333333333333333,12,75.18181818181819,,27,27,23601,18591,0,0,0,,12,27,4,0,0,2781.75,46.3625,client task timestamps,92.5,1.25,2.75,-0.25,7.5,9.666666666666666,4.5,3.75,3,4,1,26.0,Man,Higher tertiary education degree (Master's level),Native English speaker,Several times a day,7,5.0,False,False,False,False,False,False,False
6a0b23f183c91f11588f9713,ai-reliability,Reliability cards,1,0,1,2026-07-17T17:07:47.479312+00:00,8,66.66666666666666,12,57.833333333333336,58.625,56.25,2.375,-8.833333333333321,8.833333333333321,6.0,3.0,9.0,59.0,58.0,7.0,2.0,7.0,61.0,61.0,-1.0,1.0,1.0,-1.0,-2.0,14,1.1666666666666667,12,103.64285714285714,,15,15,18330,16454,0,0,0,,12,15,0,0,0,1411.0969998836517,23.518283331394194,client task timestamps,65.0,0.875,1.0,0.75,8.666666666666666,9.5,3.1666666666666665,3.875,4,4,0,19.0,Man,Upper secondary school / High school,Native English speaker,About once a day,6,3.0,False,False,False,False,False,False,False
6a04cb3402503b68cf6c8128,ai-reliability,Reliability cards,1,0,1,2026-07-17T17:21:20.610428+00:00,5,41.66666666666667,12,92.83333333333333,94.2,91.85714285714286,2.3428571428571416,51.16666666666666,51.16666666666666,12.0,12.0,9.0,81.0,75.0,9.0,10.0,6.0,85.0,75.0,4.0,4.0,-3.0,-2.0,-3.0,34,2.8333333333333335,12,54.14705882352941,,36,36,35837,25694,0,0,0,,12,37,5,0,0,3703.2300000190735,61.72050000031789,client task timestamps,77.5,0.75,2.0,-0.5,6.333333333333333,9.5,4.5,2.25,4,4,0,26.0,Man,Lower tertiary education degree (Bachelor's level),Native English speaker,About once a week,4,5.0,False,False,False,False,False,False,False
6a158948095b952dff4cf19a,ai-reliability,Reliability cards,1,0,1,2026-07-17T17:22:10.690823+00:00,3,25.0,12,99.25,97.0,100.0,-3.0,74.25,74.25,8.0,5.0,8.0,76.0,76.0,8.0,5.0,8.0,75.0,60.0,5.0,5.0,0.0,0.0,0.0,14,1.1666666666666667,12,133.78571428571428,,15,15,8697,6857,0,0,0,,12,15,0,0,0,801.055999994278,13.350933333237966,client task timestamps,65.0,2.0,2.0,2.0,11.833333333333334,13.333333333333334,3.1666666666666665,3.75,4,4,0,34.0,Man,Higher tertiary education degree (Master's level),Fully fluent,Several times a day,7,5.0,False,False,False,False,False,False,False
5eb9da8201c8981162b0cb03,ai-reliability,Reliability cards,1,0,1,2026-07-17T17:29:26.468673+00:00,6,50.0,12,100.0,100.0,100.0,0.0,50.0,50.0,12.0,3.0,3.0,80.0,100.0,12.0,6.0,5.0,70.0,75.0,6.0,6.0,0.0,3.0,2.0,12,1.0,12,287.5833333333333,,14,14,19198,16852,0,0,0,,12,14,0,0,0,2797.098000049591,46.618300000826515,client task timestamps,62.5,1.75,2.25,1.25,13.0,15.833333333333334,3.1666666666666665,4.125,4,4,0,39.0,Man,Higher tertiary education degree (Master's level),Native English speaker,Several times a day,7,5.0,False,False,False,False,False,False,False
6a018269dce40eb22c0b9026,ai-reliability,Reliability cards,1,0,1,2026-07-17T17:36:46.015005+00:00,5,41.66666666666667,12,75.66666666666667,76.0,75.42857142857143,0.5714285714285694,34.0,34.0,12.0,7.0,11.0,64.0,91.0,12.0,2.0,12.0,51.0,71.0,7.0,7.0,0.0,-5.0,1.0,12,1.0,12,130.5,,13,13,15939,14218,0,0,0,,12,13,0,0,0,3633.1979999542236,60.55329999923706,client task timestamps,75.0,0.125,1.0,-0.75,15.333333333333334,14.5,3.0,3.75,4,4,0,35.0,Woman,Lower tertiary education degree (Bachelor's level),Fully fluent,Several times a day,7,1.0,False,False,False,False,False,False,False
672380a64e984ba03695602f,ai-reliability,Reliability cards,1,0,1,2026-07-17T17:39:54.597714+00:00,5,41.66666666666667,12,90.58333333333333,89.0,91.71428571428571,-2.714285714285708,48.91666666666666,48.91666666666666,12.0,10.0,12.0,80.0,100.0,10.0,8.0,10.0,80.0,90.0,5.0,5.0,-2.0,-2.0,-2.0,13,1.0833333333333333,12,157.30769230769232,,14,14,22560,19254,0,0,0,,12,14,13,0,0,2499.164999961853,41.65274999936422,client task timestamps,87.5,2.0,1.5,2.5,7.833333333333333,10.0,4.333333333333333,4.25,4,4,0,42.0,Woman,Higher tertiary education degree (Master's level),Native English speaker,A few times a week,5,5.0,False,False,False,False,False,False,False
6a18b6036aa5ef9ebce73f63,ai-reliability,Reliability cards,1,0,1,2026-07-17T17:48:19.084485+00:00,7,58.333333333333336,12,90.91666666666667,91.85714285714286,89.6,2.257142857142867,32.583333333333336,32.583333333333336,12.0,12.0,12.0,100.0,90.0,12.0,5.0,12.0,100.0,100.0,5.0,5.0,0.0,-7.0,0.0,22,1.8333333333333333,12,106.31818181818181,,24,24,28830,24641,0,0,0,,10,24,11,0,0,1998.6510000228882,33.31085000038147,client task timestamps,97.5,3.0,3.0,3.0,3.1666666666666665,6.0,4.833333333333333,4.875,4,4,0,38.0,Woman,Higher tertiary education degree (Master's level),Native English speaker,Several times a day,7,5.0,False,False,False,False,False,True,False
5d352f8bb02857001963539a,ai-reliability,Reliability cards,1,0,1,2026-07-17T17:55:07.505746+00:00,4,33.33333333333333,12,58.0,78.25,47.875,30.375,24.66666666666667,24.66666666666667,8.0,2.0,8.0,63.0,42.0,7.0,1.0,7.0,44.0,30.0,3.0,3.0,-1.0,-1.0,-1.0,14,1.1666666666666667,12,129.35714285714286,,15,15,22153,19500,0,0,0,,12,15,6,0,0,1473.9909999370575,24.566516665617623,client task timestamps,22.5,-0.625,-0.75,-0.5,11.5,12.666666666666666,2.5,2.0,4,4,0,26.0,Non-binary,Lower tertiary education degree (Bachelor's level),Native English speaker,A few times a week,5,2.0,False,False,False,False,False,False,False
69fdced3c093b1d6f1b3b2d2,ai-reliability,Reliability cards,1,0,1,2026-07-17T18:04:30.542134+00:00,5,41.66666666666667,12,9.833333333333334,10.6,9.285714285714286,1.3142857142857132,-31.833333333333336,31.833333333333336,10.0,7.0,10.0,70.0,80.0,10.0,7.0,10.0,80.0,90.0,5.0,5.0,0.0,0.0,0.0,14,1.1666666666666667,12,110.35714285714286,,18,18,6043,5293,0,0,0,,12,18,11,0,0,2146.289999961853,35.77149999936422,client task timestamps,82.5,2.0,2.0,2.0,10.0,11.833333333333334,4.5,4.5,4,4,0,44.0,Man,Doctoral degree,Fully fluent,Several times a day,7,4.0,False,False,False,False,False,True,False
69ebd19b31c8e6f5e203c471,ai-reliability,Reliability cards,1,0,1,2026-07-20T11:41:36.695098+00:00,4,33.33333333333333,12,85.75,90.75,83.25,7.5,52.41666666666667,52.41666666666667,12.0,6.0,10.0,80.0,90.0,10.0,6.0,8.0,80.0,80.0,6.0,6.0,-2.0,0.0,-2.0,16,1.3333333333333333,12,112.6875,,17,17,23994,21344,0,0,0,,12,17,1,0,0,1281.0079998970032,21.35013333161672,client task timestamps,75.0,0.75,2.25,-0.75,5.833333333333333,7.333333333333333,4.333333333333333,3.75,4,4,0,38.0,Woman,Lower tertiary education degree (Bachelor's level),Native English speaker,About once a day,6,1.0,False,False,False,False,False,False,False
6501c0a2e788b5556c24569d,ai-reliability,Reliability cards,1,0,1,2026-07-20T11:43:01.286511+00:00,7,58.333333333333336,12,0.08333333333333333,0.14285714285714285,0.0,0.14285714285714285,-58.25,58.25,8.0,4.0,8.0,30.0,11.0,8.0,4.0,4.0,17.0,5.0,1.0,1.0,0.0,0.0,-4.0,13,1.0833333333333333,12,300.53846153846155,,15,15,22804,19869,0,0,0,,11,15,9,0,0,1057.683000087738,17.628050001462302,client task timestamps,60.0,2.625,2.75,2.5,3.0,2.8333333333333335,2.6666666666666665,4.0,4,4,0,29.0,Man,Lower tertiary education degree (Bachelor's level),Fully fluent,About once a day,6,2.0,False,False,False,False,False,False,False
6a1440fbc95e29c6e954c401,ai-reliability,Reliability cards,1,0,1,2026-07-20T11:51:48.243961+00:00,5,41.66666666666667,12,85.08333333333333,87.0,83.71428571428571,3.285714285714292,43.41666666666666,43.41666666666666,10.0,9.0,11.0,80.0,93.0,10.0,10.0,9.0,100.0,92.0,5.0,5.0,0.0,1.0,-2.0,15,1.25,12,85.33333333333333,,19,19,12305,9891,0,0,0,,11,19,0,0,0,1955.164999961853,32.58608333269755,client task timestamps,65.0,2.625,2.5,2.75,12.166666666666666,11.333333333333334,3.5,3.875,4,4,0,35.0,Woman,Lower tertiary education degree (Bachelor's level),Native English speaker,Several times a day,7,5.0,False,False,False,False,False,False,False
69ea53a90c6cacb935a68043,ai-reliability,Reliability cards,1,0,1,2026-07-20T11:57:43.877506+00:00,6,50.0,12,81.25,83.83333333333333,78.66666666666667,5.166666666666657,31.25,31.25,11.0,6.0,9.0,50.0,74.0,11.0,7.0,12.0,100.0,100.0,5.0,5.0,0.0,1.0,3.0,12,1.0,12,129.41666666666666,,14,14,22201,19736,0,0,0,,12,14,9,0,0,2144.565999984741,35.74276666641235,client task timestamps,100.0,3.0,3.0,3.0,8.166666666666666,9.666666666666666,3.3333333333333335,4.125,4,4,0,36.0,Man,Lower tertiary education degree (Bachelor's level),Native English speaker,About once a day,6,4.0,False,False,False,False,False,False,False
69f11629a735e5ddc2434cb9,ai-reliability,Reliability cards,1,0,1,2026-07-20T11:58:33.734720+00:00,6,50.0,12,97.66666666666667,96.83333333333333,98.5,-1.6666666666666714,47.66666666666667,47.66666666666667,12.0,6.0,12.0,53.0,97.0,10.0,6.0,12.0,67.0,99.0,4.0,4.0,-2.0,0.0,0.0,19,1.5833333333333333,12,80.42105263157895,,20,20,27374,22497,0,0,0,,12,20,12,0,0,2249.949999809265,37.49916666348775,client task timestamps,92.5,3.0,3.0,3.0,8.5,10.0,5.0,4.0,4,4,0,30.0,Woman,Vocational college degree,Native English speaker,A few times a week,5,4.0,False,False,False,False,False,False,False
66c62c2a76d4919685cd6767,ai-reliability,Reliability cards,1,0,1,2026-07-20T11:58:53.526994+00:00,6,50.0,12,65.0,62.833333333333336,67.16666666666667,-4.333333333333336,15.0,15.0,12.0,5.0,12.0,69.0,90.0,3.0,3.0,7.0,27.0,29.0,-3.0,3.0,-9.0,-2.0,-5.0,18,1.5,12,240.0,,20,20,31677,26484,0,0,0,,12,20,0,0,0,2125.7089998722076,35.42848333120346,client task timestamps,45.0,0.375,0.5,0.25,9.333333333333334,8.833333333333334,2.0,2.25,4,4,0,21.0,Woman,Vocational college degree,Native English speaker,About once a day,6,5.0,False,False,False,False,False,False,False
660d6a1f4a7f1337de235daa,ai-reliability,Reliability cards,1,0,1,2026-07-20T12:01:15.715527+00:00,4,33.33333333333333,12,47.083333333333336,35.0,53.125,-18.125,13.750000000000007,13.750000000000007,6.0,6.0,6.0,59.0,58.0,5.0,5.0,5.0,29.0,34.0,1.0,1.0,-1.0,-1.0,-1.0,15,1.25,12,99.46666666666667,,16,16,20152,16636,0,0,0,,12,16,10,0,0,2086.521999835968,34.7753666639328,client task timestamps,25.0,-0.75,-0.75,-0.75,14.333333333333334,17.5,4.0,1.875,4,4,0,60.0,Prefer not to disclose,Vocational college degree,Native English speaker,A few times a week,5,5.0,False,False,False,False,False,False,False
6a0ee010a00d40c9212e139e,ai-reliability,Reliability cards,1,0,1,2026-07-20T12:02:18.704904+00:00,7,58.333333333333336,12,95.0,93.0,97.8,-4.799999999999997,36.666666666666664,36.666666666666664,12.0,8.0,10.0,80.0,100.0,12.0,8.0,12.0,100.0,100.0,5.0,5.0,0.0,0.0,2.0,15,1.25,12,131.33333333333334,,16,16,17463,16806,0,0,0,,12,16,13,0,0,2425.776999950409,40.42961666584015,client task timestamps,100.0,2.0,2.0,2.0,14.333333333333334,17.5,4.833333333333333,4.875,3,4,1,49.0,Woman,Upper secondary school / High school,Fully fluent,Several times a day,7,4.0,False,False,False,False,False,True,False
5bbb5e3f118c0600013c3202,ai-reliability,Reliability cards,1,0,1,2026-07-20T12:05:09.666139+00:00,7,58.333333333333336,12,48.833333333333336,54.142857142857146,41.4,12.742857142857147,-9.5,9.5,8.0,5.0,8.0,63.0,84.0,7.0,9.0,9.0,56.0,75.0,0.0,0.0,-1.0,4.0,1.0,12,1.0,12,84.25,,13,13,2776,2027,0,0,0,,12,13,0,0,0,2870.111000061035,47.83518333435059,client task timestamps,65.0,1.25,1.25,1.25,8.5,8.333333333333334,4.5,2.75,4,4,0,40.0,Woman,Doctoral degree,Native English speaker,Several times a day,7,5.0,False,False,False,False,False,False,False
6979f7df3438942e2dd5141e,ai-reliability,Reliability cards,1,0,1,2026-07-20T12:07:43.542467+00:00,5,41.66666666666667,12,78.41666666666667,81.0,76.57142857142857,4.428571428571431,36.75,36.75,12.0,10.0,8.0,95.0,97.0,12.0,7.0,10.0,100.0,96.0,7.0,7.0,0.0,-3.0,2.0,26,2.1666666666666665,12,170.53846153846155,,29,29,33259,28488,0,0,0,,12,29,9,0,0,2390.199000120163,39.83665000200271,client task timestamps,100.0,3.0,3.0,3.0,8.0,11.166666666666666,5.0,4.875,3,4,1,32.0,Man,Higher tertiary education degree (Master's level),Native English speaker,Several times a day,7,5.0,False,False,False,False,False,False,False
6a213d191d739202448d3b7d,ai-reliability,Reliability cards,1,0,1,2026-07-20T12:18:51.666837+00:00,6,50.0,12,61.416666666666664,62.5,60.333333333333336,2.1666666666666643,11.416666666666664,11.416666666666664,10.0,8.0,6.0,61.0,42.0,12.0,1.0,12.0,73.0,81.0,6.0,6.0,2.0,-7.0,6.0,18,1.5,12,81.77777777777777,,20,20,21054,17282,0,0,0,,12,20,0,0,0,1321.3999998569489,22.023333330949146,client task timestamps,70.0,-0.625,0.25,-1.5,8.166666666666666,9.333333333333334,2.1666666666666665,3.875,4,4,0,38.0,Man,Lower tertiary education degree (Bachelor's level),Native English speaker,Several times a day,7,2.0,False,False,False,False,False,False,False
69fbbd287ad72ce563b72cb7,ai-reliability,Reliability cards,1,0,1,2026-07-20T12:19:00.002326+00:00,7,58.333333333333336,12,99.75,99.57142857142857,100.0,-0.4285714285714306,41.416666666666664,41.416666666666664,10.0,10.0,9.0,70.0,73.0,8.0,10.0,8.0,77.0,75.0,1.0,1.0,-2.0,0.0,-1.0,22,1.8333333333333333,12,178.95454545454547,,24,24,23543,19264,0,0,0,,12,27,6,0,0,2631.9049999713898,43.86508333285649,client task timestamps,97.5,3.0,3.0,3.0,6.333333333333333,9.5,4.0,3.875,4,4,0,31.0,Man,Higher tertiary education degree (Master's level),Native English speaker,Several times a day,7,5.0,False,False,False,False,False,False,False
57c57ea095a3ea00016e5a14,ai-reliability,Reliability cards,1,0,1,2026-07-20T12:20:11.863851+00:00,7,58.333333333333336,12,60.333333333333336,58.0,63.6,-5.600000000000001,2.0,2.0,8.0,4.0,9.0,27.0,58.0,6.0,2.0,10.0,12.0,63.0,-1.0,1.0,-2.0,-2.0,1.0,19,1.5833333333333333,12,184.21052631578948,,21,21,21998,17495,0,0,0,,12,21,5,0,0,1334.273999929428,22.237899998823803,client task timestamps,85.0,2.0,3.0,1.0,14.166666666666666,12.666666666666666,3.3333333333333335,3.875,4,4,0,38.0,Woman,Vocational college degree,Native English speaker,Several times a day,7,4.0,False,False,False,False,False,False,False
6a19d16ca6a49d41a36f4f90,ai-reliability,Reliability cards,1,0,1,2026-07-20T12:25:37.524713+00:00,5,41.66666666666667,12,65.0,77.4,56.142857142857146,21.25714285714286,23.33333333333333,23.33333333333333,10.0,5.0,10.0,64.0,84.0,8.0,5.0,8.0,64.0,70.0,3.0,3.0,-2.0,0.0,-2.0,15,1.25,12,152.86666666666667,,17,17,17858,15170,0,0,0,,12,17,0,0,0,957.2979998588562,15.95496666431427,client task timestamps,67.5,-0.25,-0.75,0.25,12.166666666666666,12.666666666666666,5.0,3.625,4,4,0,52.0,Man,Higher tertiary education degree (Master's level),Native English speaker,Several times a day,7,5.0,False,False,False,False,False,False,False
6a1c62ade144e261ce52fc53,ai-reliability,Reliability cards,1,0,1,2026-07-20T12:37:03.803619+00:00,5,41.66666666666667,12,99.16666666666667,98.8,99.42857142857143,-0.6285714285714334,57.5,57.5,0.0,10.0,12.0,80.0,100.0,12.0,12.0,12.0,100.0,100.0,7.0,7.0,12.0,2.0,0.0,24,2.0,12,170.79166666666666,,26,26,24061,20408,0,0,0,,12,26,12,0,0,1552.2990000247955,25.871650000413258,client task timestamps,100.0,3.0,3.0,3.0,8.833333333333334,11.666666666666666,4.0,5.0,3,4,1,27.0,Woman,Lower tertiary education degree (Bachelor's level),Native English speaker,A few times a week,5,5.0,False,False,False,False,False,False,False
5ec96e3609117f0a67231842,ai-reliability,Reliability cards,1,0,1,2026-07-20T12:39:28.026527+00:00,8,66.66666666666666,12,75.91666666666667,82.25,63.25,19.0,9.250000000000014,9.250000000000014,5.0,6.0,5.0,63.0,52.0,8.0,2.0,8.0,70.0,59.0,0.0,0.0,3.0,-4.0,3.0,15,1.25,12,238.4,,16,16,19693,17587,0,0,0,,12,16,0,0,0,2396.0819997787476,39.93469999631246,client task timestamps,70.0,0.375,1.25,-0.5,5.833333333333333,8.666666666666666,4.0,3.125,4,4,0,55.0,Man,Lower tertiary education degree (Bachelor's level),Native English speaker,A few times a month,3,3.0,False,False,False,False,False,False,False
6a00ec1a75c6444a2a6e3d69,ai-reliability,Reliability cards,1,0,1,2026-07-20T12:42:04.754160+00:00,7,58.333333333333336,12,63.166666666666664,66.0,59.2,6.799999999999997,4.833333333333329,4.833333333333329,8.0,0.0,12.0,14.0,48.0,7.0,0.0,7.0,5.0,51.0,0.0,0.0,-1.0,0.0,-5.0,15,1.25,12,100.33333333333333,,19,19,27244,23235,0,0,0,,12,19,15,0,0,2192.646000146866,36.54410000244776,client task timestamps,92.5,2.25,2.5,2.0,5.5,3.0,1.1666666666666667,3.625,4,4,0,41.0,Man,Lower tertiary education degree (Bachelor's level),Native English speaker,About once a day,6,5.0,False,False,False,False,False,False,False
677f2415a436ac59cafc20a7,ai-reliability,Reliability cards,1,0,1,2026-07-20T12:49:19.010021+00:00,8,66.66666666666666,12,70.75,80.125,52.0,28.125,4.083333333333343,4.083333333333343,10.0,8.0,10.0,60.0,85.0,7.0,6.0,8.0,52.0,71.0,-1.0,1.0,-3.0,-2.0,-2.0,15,1.25,12,105.93333333333334,,17,17,16494,13478,0,0,0,,12,17,0,0,0,1205.8849999904633,20.098083333174387,client task timestamps,55.0,1.625,1.75,1.5,9.166666666666666,10.333333333333334,3.3333333333333335,3.375,4,4,0,21.0,Man,Lower tertiary education degree (Bachelor's level),Fully fluent,Several times a day,7,2.0,False,False,False,False,False,False,False
6a0480dac0d46c461e741542,ai-reliability,Reliability cards,1,0,1,2026-07-20T12:49:55.194693+00:00,3,25.0,12,77.5,73.33333333333333,78.88888888888889,-5.555555555555557,52.5,52.5,12.0,10.0,12.0,86.0,92.0,10.0,8.0,12.0,82.0,90.0,7.0,7.0,-2.0,-2.0,0.0,15,1.25,12,79.06666666666666,,16,16,2670,1039,0,0,0,,12,16,5,0,0,1959.3050000667572,32.655083334445955,client task timestamps,67.5,1.25,1.0,1.5,10.5,13.666666666666666,3.8333333333333335,3.875,3,4,1,50.0,Man,Higher tertiary education degree (Master's level),Fully fluent,Several times a day,7,4.0,False,False,False,False,False,False,False
636cc5fa559ec4d93e272972,ai-reliability,Reliability cards,1,0,1,2026-07-20T12:59:09.028328+00:00,5,41.66666666666667,12,58.75,66.0,53.57142857142857,12.42857142857143,17.08333333333333,17.08333333333333,10.0,4.0,10.0,26.0,75.0,8.0,2.0,8.0,22.0,69.0,3.0,3.0,-2.0,-2.0,-2.0,16,1.3333333333333333,12,103.25,,19,19,21972,18300,0,0,0,,12,19,7,0,0,1720.7239999771118,28.678733332951865,client task timestamps,77.5,1.75,1.75,1.75,9.166666666666666,8.666666666666666,2.8333333333333335,4.0,4,4,0,56.0,Man,Lower tertiary education degree (Bachelor's level),Fully fluent,Several times a day,7,5.0,False,False,False,False,False,False,False
5eb4547590acf228f8d965ae,ai-reliability,Reliability cards,1,0,1,2026-07-20T13:01:53.140824+00:00,1,8.333333333333332,12,52.25,66.0,51.0,15.0,43.91666666666667,43.91666666666667,12.0,3.0,12.0,34.0,36.0,9.0,0.0,9.0,39.0,36.0,8.0,8.0,-3.0,-3.0,-3.0,15,1.25,12,84.86666666666666,,18,18,20133,17491,0,0,0,,12,18,9,0,0,2289.8120000362396,38.16353333393733,client task timestamps,72.5,2.0,2.25,1.75,9.166666666666666,10.0,1.6666666666666667,3.5,4,4,0,46.0,Woman,Upper secondary school / High school,Native English speaker,A few times a week,5,5.0,False,False,False,False,False,False,False
6a185f2e5f903801a7899ddd,ai-reliability,Reliability cards,1,0,1,2026-07-20T13:02:19.677725+00:00,11,91.66666666666666,12,58.166666666666664,59.0,49.0,10.0,-33.49999999999999,33.49999999999999,12.0,8.0,10.0,64.0,67.0,10.0,6.0,7.0,61.0,58.0,-1.0,1.0,-2.0,-2.0,-3.0,30,2.5,12,58.833333333333336,,32,32,29187,19801,0,0,0,,12,32,0,0,0,3036.2809998989105,50.60468333164851,client task timestamps,70.0,0.625,1.25,0.0,9.0,9.166666666666666,3.1666666666666665,2.75,4,4,0,34.0,Woman,Lower tertiary education degree (Bachelor's level),Fully fluent,About once a day,6,4.0,False,False,False,False,False,False,False
67a9da49f62daef62d4f4d5c,ai-reliability,Reliability cards,1,0,1,2026-07-20T13:03:35.332877+00:00,7,58.333333333333336,12,75.66666666666667,83.28571428571429,65.0,18.285714285714292,17.333333333333336,17.333333333333336,10.0,7.0,10.0,50.0,55.0,10.0,6.0,10.0,50.0,55.0,3.0,3.0,0.0,-1.0,0.0,22,1.8333333333333333,12,227.54545454545453,,23,23,30677,24781,0,0,0,,12,23,11,0,0,3752.503000020981,62.541716667016345,client task timestamps,90.0,2.125,2.25,2.0,10.166666666666666,12.0,3.8333333333333335,3.875,4,4,0,32.0,Woman,Higher tertiary education degree (Master's level),Fully fluent,Several times a day,7,4.0,False,False,False,False,False,True,False
665ddc38a270e0c579baf993,ai-reliability,Reliability cards,1,0,1,2026-07-20T13:07:24.924718+00:00,8,66.66666666666666,12,57.583333333333336,63.5,45.75,17.75,-9.083333333333321,9.083333333333321,12.0,12.0,12.0,70.0,60.0,8.0,4.0,8.0,37.0,62.0,0.0,0.0,-4.0,-8.0,-4.0,12,1.0,12,345.8333333333333,,15,15,26081,23068,0,0,0,,12,15,8,0,0,2532.0460000038147,42.200766666730246,client task timestamps,55.0,0.75,2.0,-0.5,9.5,10.666666666666666,4.333333333333333,3.0,4,4,0,22.0,Man,Lower tertiary education degree (Bachelor's level),Native English speaker,Never,1,1.0,False,False,False,False,False,False,False
6234a3d5cd2f63c705e5842d,ai-reliability,Reliability cards,1,0,1,2026-07-20T13:08:59.822702+00:00,5,41.66666666666667,12,61.5,70.6,55.0,15.599999999999994,19.83333333333333,19.83333333333333,10.0,6.0,9.0,50.0,50.0,8.0,6.0,8.0,26.0,50.0,3.0,3.0,-2.0,0.0,-1.0,12,1.0,12,131.83333333333334,,14,14,19699,17735,0,0,0,,12,14,9,0,0,2037.7140002250671,33.96190000375112,client task timestamps,72.5,1.5,1.75,1.25,7.833333333333333,8.333333333333334,2.8333333333333335,3.125,4,4,0,53.0,Man,Doctoral degree,Native English speaker,A few times a week,5,1.0,False,False,False,False,False,False,False
5edf878332e230257937edd1,ai-reliability,Reliability cards,1,0,1,2026-07-20T13:28:40.559578+00:00,4,33.33333333333333,12,63.75,85.25,53.0,32.25,30.41666666666667,30.41666666666667,12.0,8.0,10.0,50.0,50.0,8.0,6.0,6.0,53.0,38.0,4.0,4.0,-4.0,-2.0,-4.0,24,2.0,12,178.04166666666666,,26,26,31396,25977,0,0,0,,12,26,2,0,0,1099.8519999980927,18.33086666663488,client task timestamps,97.5,2.5,3.0,2.0,8.166666666666666,10.666666666666666,4.833333333333333,4.125,4,4,0,48.0,Man,Lower tertiary education degree (Bachelor's level),Native English speaker,Several times a day,7,4.0,False,False,False,False,False,False,False
69fced1caced4f03469e3287,ai-reliability,Reliability cards,1,0,1,2026-07-20T13:28:41.370205+00:00,6,50.0,12,95.66666666666667,99.16666666666667,92.16666666666667,7.0,45.66666666666667,45.66666666666667,8.0,3.0,12.0,50.0,21.0,7.0,5.0,7.0,31.0,50.0,1.0,1.0,-1.0,2.0,-5.0,41,3.4166666666666665,12,107.29268292682927,,42,42,37795,28342,0,0,0,,12,41,14,0,0,3476.0039999485016,57.93339999914169,client task timestamps,32.5,0.25,1.0,-0.5,13.333333333333334,11.166666666666666,3.1666666666666665,2.25,4,4,0,41.0,Woman,Lower tertiary education degree (Bachelor's level),Native English speaker,Several times a day,7,3.0,False,False,False,False,False,False,False
6a243b3f378e1499259d8683,ai-reliability,Reliability cards,1,0,1,2026-07-20T13:28:48.809873+00:00,4,33.33333333333333,12,94.0,93.0,94.5,-1.5,60.66666666666667,60.66666666666667,12.0,9.0,11.0,69.0,50.0,8.0,5.0,10.0,82.0,50.0,4.0,4.0,-4.0,-4.0,-1.0,18,1.5,12,97.16666666666667,,19,19,10146,9101,0,0,0,,12,19,6,0,0,1986.733999967575,33.11223333279292,client task timestamps,82.5,2.75,2.75,2.75,12.166666666666666,14.333333333333334,3.5,4.5,4,4,0,48.0,Man,Lower tertiary education degree (Bachelor's level),Native English speaker,About once a day,6,3.0,False,False,False,False,False,False,False
647869e6f69318bacc341d53,ai-reliability,Reliability cards,1,0,1,2026-07-20T13:30:26.496798+00:00,6,50.0,12,59.166666666666664,69.66666666666667,48.666666666666664,21.000000000000007,9.166666666666664,9.166666666666664,10.0,6.0,10.0,49.0,74.0,8.0,6.0,6.0,57.0,58.0,2.0,2.0,-2.0,0.0,-4.0,16,1.3333333333333333,12,99.6875,,17,17,21991,18195,0,0,0,,12,17,0,0,0,1249.162999868393,20.819383331139882,client task timestamps,65.0,-0.25,0.0,-0.5,9.166666666666666,9.0,2.0,2.75,4,4,0,51.0,Woman,Lower tertiary education degree (Bachelor's level),Native English speaker,A few times a week,5,2.0,True,False,False,False,False,False,False
6a03636a700eaf3d19f2809a,ai-reliability,Reliability cards,1,0,1,2026-07-20T13:30:29.201314+00:00,2,16.666666666666664,12,99.25,99.0,99.3,-0.29999999999999716,82.58333333333334,82.58333333333334,12.0,8.0,12.0,70.0,90.0,12.0,8.0,12.0,100.0,100.0,10.0,10.0,0.0,0.0,0.0,12,1.0,12,356.4166666666667,,14,14,21076,18727,0,0,0,,12,14,12,0,0,1472.8780000209808,24.547966667016347,client task timestamps,100.0,3.0,3.0,3.0,6.0,9.166666666666666,4.333333333333333,4.75,4,4,0,34.0,Man,Higher tertiary education degree (Master's level),Native English speaker,Several times a day,7,3.0,False,False,False,False,False,False,False
5e1da370b734b411521e22ed,ai-reliability,Reliability cards,1,0,1,2026-07-20T13:38:49.573594+00:00,5,41.66666666666667,12,55.583333333333336,62.2,50.857142857142854,11.342857142857149,13.916666666666664,13.916666666666664,9.0,3.0,5.0,83.0,56.0,6.0,9.0,11.0,82.0,62.0,1.0,1.0,-3.0,6.0,6.0,12,1.0,12,132.91666666666666,,13,13,21540,19137,0,0,0,,12,13,1,0,0,1222.720999956131,20.378683332602183,client task timestamps,87.5,0.375,0.5,0.25,4.666666666666667,7.166666666666667,5.0,3.125,4,4,0,33.0,Woman,Lower tertiary education degree (Bachelor's level),Native English speaker,Several times a day,7,3.0,False,False,False,False,False,False,False
61505373bc903980a66ab1e1,ai-reliability,Reliability cards,1,0,1,2026-07-20T13:40:10.581235+00:00,5,41.66666666666667,12,70.25,77.2,65.28571428571429,11.914285714285711,28.58333333333333,28.58333333333333,10.0,7.0,12.0,68.0,69.0,8.0,5.0,10.0,57.0,56.0,3.0,3.0,-2.0,-2.0,-2.0,24,2.0,12,156.58333333333334,,26,26,32405,28139,0,0,0,,11,26,0,0,0,1651.7880001068115,27.529800001780192,client task timestamps,97.5,2.0,2.25,1.75,8.833333333333334,9.333333333333334,4.5,4.25,4,4,0,47.0,Woman,Vocational college degree,Native English speaker,Several times a day,7,4.0,False,False,False,False,False,False,False
6a1ab9e31755a18be4c11991,ai-reliability,Reliability cards,1,0,1,2026-07-20T13:45:25.545922+00:00,7,58.333333333333336,12,96.5,96.42857142857143,96.6,-0.17142857142856371,38.166666666666664,38.166666666666664,12.0,10.0,12.0,80.0,98.0,12.0,8.0,12.0,91.0,91.0,5.0,5.0,0.0,-2.0,0.0,12,1.0,12,131.58333333333334,,14,14,16744,13775,0,0,0,,12,14,0,0,0,1278.470999956131,21.30784999926885,client task timestamps,97.5,2.5,3.0,2.0,7.666666666666667,9.5,1.1666666666666667,4.375,4,4,0,29.0,Woman,Lower tertiary education degree (Bachelor's level),Native English speaker,Several times a day,7,3.0,False,False,False,False,False,False,False
69f3c29f7f3969d3695109a8,ai-reliability,Reliability cards,1,0,1,2026-07-20T13:48:47.623366+00:00,5,41.66666666666667,12,76.25,76.4,76.14285714285714,0.2571428571428669,34.58333333333333,34.58333333333333,10.0,8.0,10.0,90.0,100.0,9.0,7.0,9.0,58.0,52.0,4.0,4.0,-1.0,-1.0,-1.0,16,1.3333333333333333,12,71.8125,,18,18,18893,14601,0,0,0,,11,19,13,0,0,1758.2789998054504,29.304649996757508,client task timestamps,65.0,1.875,2.0,1.75,7.666666666666667,8.5,3.1666666666666665,2.75,4,4,0,34.0,Woman,Lower tertiary education degree (Bachelor's level),Fully fluent,Several times a day,7,4.0,False,False,False,False,False,False,False
656f0ce82c0ba5e95ad58a03,ai-reliability,Reliability cards,1,0,1,2026-07-20T13:54:27.694184+00:00,5,41.66666666666667,12,60.666666666666664,78.0,48.285714285714285,29.714285714285715,18.999999999999993,18.999999999999993,12.0,3.0,12.0,34.0,87.0,8.0,3.0,9.0,60.0,63.0,3.0,3.0,-4.0,0.0,-3.0,18,1.5,12,89.61111111111111,,21,21,24207,21546,0,0,0,,12,22,12,0,0,2147.9919998645782,35.799866664409635,client task timestamps,87.5,2.625,3.0,2.25,4.666666666666667,6.5,2.3333333333333335,4.375,4,4,0,22.0,Man,Lower tertiary education degree (Bachelor's level),Native English speaker,A few times a week,5,2.0,False,False,False,False,False,False,False
60b932147633bf0dd446941e,ai-reliability,Reliability cards,1,0,1,2026-07-20T13:57:01.045973+00:00,7,58.333333333333336,12,34.833333333333336,42.57142857142857,24.0,18.57142857142857,-23.5,23.5,6.0,5.0,2.0,50.0,77.0,8.0,5.0,9.0,49.0,63.0,1.0,1.0,2.0,0.0,7.0,18,1.5,12,93.22222222222223,,22,22,22905,17222,0,0,0,,12,22,12,0,0,2246.2819998264313,37.43803333044052,client task timestamps,82.5,1.125,2.0,0.25,5.5,6.666666666666667,4.0,3.25,3,4,1,51.0,Man,Upper secondary school / High school,Native English speaker,Several times a day,7,1.0,False,False,False,False,False,False,False
6a019c3cc3985370727003c9,ai-reliability,Reliability cards,1,0,1,2026-07-20T14:00:43.900265+00:00,3,25.0,12,85.5,88.0,84.66666666666667,3.3333333333333286,60.5,60.5,10.0,8.0,10.0,56.0,86.0,10.0,8.0,10.0,49.0,77.0,7.0,7.0,0.0,0.0,0.0,13,1.0833333333333333,12,334.53846153846155,,14,14,21728,18895,0,0,0,,12,15,13,0,0,1754.7720000743866,29.246200001239778,client task timestamps,100.0,1.75,2.25,1.25,9.0,11.166666666666666,2.3333333333333335,4.375,4,4,0,32.0,Man,Upper secondary school / High school,Native English speaker,Several times a day,7,3.0,False,False,False,False,False,False,False
5d48ae562c8b78001a16088d,ai-reliability,Reliability cards,1,0,1,2026-07-20T14:08:49.272756+00:00,4,33.33333333333333,12,63.166666666666664,66.75,61.375,5.375,29.833333333333336,29.833333333333336,10.0,9.0,9.0,71.0,51.0,9.0,8.0,9.0,64.0,66.0,5.0,5.0,-1.0,-1.0,0.0,15,1.25,12,106.33333333333333,,18,18,19458,17006,0,0,0,,12,18,12,0,0,1954.8300001621246,32.580500002702074,client task timestamps,75.0,0.875,1.0,0.75,8.166666666666666,9.0,4.0,3.0,4,4,0,48.0,Woman,Higher tertiary education degree (Master's level),Native English speaker,A few times a week,5,4.0,False,False,False,False,False,False,False
5d35c29a467d18001981d677,ai-reliability,Reliability cards,1,0,1,2026-07-20T14:15:01.966441+00:00,7,58.333333333333336,12,55.833333333333336,61.857142857142854,47.4,14.457142857142856,-2.5,2.5,8.0,4.0,6.0,40.0,70.0,6.0,3.0,7.0,40.0,65.0,-1.0,1.0,-2.0,-1.0,1.0,31,2.5833333333333335,12,56.74193548387097,,35,35,45321,40846,0,0,0,,12,35,1,0,0,2448.457000017166,40.80761666695277,client task timestamps,50.0,0.125,0.5,-0.25,8.666666666666666,9.166666666666666,2.3333333333333335,3.25,4,4,0,27.0,Man,Lower tertiary education degree (Bachelor's level),Native English speaker,A few times a week,5,5.0,False,False,False,False,False,False,False
603b9be389c6cf7d0dd74fd1,ai-reliability,Reliability cards,1,0,1,2026-07-20T14:15:16.245072+00:00,3,25.0,12,59.583333333333336,70.66666666666667,55.888888888888886,14.777777777777786,34.583333333333336,34.583333333333336,10.0,6.0,8.0,50.0,90.0,7.0,2.0,7.0,13.0,37.0,4.0,4.0,-3.0,-4.0,-1.0,18,1.5,12,72.27777777777777,,20,20,17648,15000,0,0,0,,12,20,8,0,0,1943.9919998645782,32.399866664409636,client task timestamps,92.5,0.0,2.25,-2.25,6.5,6.333333333333333,1.8333333333333333,2.625,4,4,0,39.0,Man,Vocational college degree,Native English speaker,About once a week,4,1.0,False,False,False,False,False,False,False
6a08c850e3be322170e22d6f,ai-reliability,Reliability cards,1,0,1,2026-07-20T14:18:12.913342+00:00,7,58.333333333333336,12,63.0,69.28571428571429,54.2,15.085714285714289,4.666666666666664,4.666666666666664,12.0,8.0,11.0,70.0,90.0,7.0,4.0,7.0,40.0,45.0,0.0,0.0,-5.0,-4.0,-4.0,12,1.0,12,123.0,,13,13,20770,17577,0,0,0,,12,13,0,0,0,2604.827000141144,43.41378333568573,client task timestamps,42.5,-0.125,-0.75,0.5,11.5,11.333333333333334,4.0,2.25,4,4,0,31.0,Woman,Vocational college degree,Native English speaker,About once a day,6,4.0,False,False,False,False,False,False,False
6130c7f7d0112fa23b17079c,ai-reliability,Reliability cards,1,0,1,2026-07-20T14:29:15.508317+00:00,6,50.0,12,41.416666666666664,52.333333333333336,30.5,21.833333333333336,-8.583333333333336,8.583333333333336,8.0,2.0,7.0,9.0,70.0,4.0,0.0,3.0,5.0,35.0,-2.0,2.0,-4.0,-2.0,-4.0,36,3.0,12,52.19444444444444,,40,40,37246,27755,0,0,0,,12,40,15,0,0,3056.8759999275208,50.947933332125345,client task timestamps,72.5,1.0,1.5,0.5,17.166666666666668,14.333333333333334,1.0,3.0,4,4,0,26.0,Woman,Higher tertiary education degree (Master's level),Native English speaker,A few times a month,3,4.0,False,False,False,False,False,False,False
69f332f70c69cf198ed920ee,ai-reliability,Reliability cards,1,0,1,2026-07-20T14:37:20.223785+00:00,4,33.33333333333333,12,45.0,64.25,35.375,28.875,11.666666666666671,11.666666666666671,12.0,5.0,11.0,11.0,75.0,8.0,2.0,6.0,60.0,60.0,4.0,4.0,-4.0,-3.0,-5.0,16,1.3333333333333333,12,119.5,,18,18,16051,13334,0,0,0,,12,18,0,0,0,1433.0910000801086,23.884850001335145,client task timestamps,85.0,1.625,2.5,0.75,6.833333333333333,8.333333333333334,4.333333333333333,4.25,4,4,0,19.0,Woman,Upper secondary school / High school,Native English speaker,A few times a week,5,3.0,False,False,False,False,False,False,False
6a0329b483b7cb1ca6763ffe,ai-reliability,Reliability cards,1,0,1,2026-07-20T14:41:06.535141+00:00,6,50.0,12,73.41666666666667,79.33333333333333,67.5,11.833333333333329,23.41666666666667,23.41666666666667,12.0,2.0,12.0,70.0,90.0,7.0,6.0,6.0,75.0,51.0,1.0,1.0,-5.0,4.0,-6.0,13,1.0833333333333333,12,121.38461538461539,,14,14,23977,21099,0,0,0,,12,14,2,0,0,3295.454999923706,54.924249998728435,client task timestamps,90.0,1.875,2.75,1.0,10.0,12.166666666666666,2.1666666666666665,3.5,4,4,0,34.0,Man,Higher tertiary education degree (Master's level),Native English speaker,About once a day,6,5.0,False,False,False,False,False,False,False
695c0670de1faedbce882831,ai-reliability,Reliability cards,1,0,1,2026-07-20T14:45:21.591621+00:00,4,33.33333333333333,12,84.91666666666667,94.25,80.25,14.0,51.58333333333334,51.58333333333334,12.0,6.0,12.0,84.0,60.0,8.0,5.0,6.0,57.0,9.0,4.0,4.0,-4.0,-1.0,-6.0,20,1.6666666666666667,12,100.75,,22,22,40734,36179,0,0,0,,12,23,0,0,0,1975.2980000972748,32.92163333495458,client task timestamps,45.0,-0.75,1.0,-2.5,7.666666666666667,9.5,4.833333333333333,2.75,4,4,0,31.0,Man,Lower tertiary education degree (Bachelor's level),Native English speaker,Several times a day,7,5.0,False,False,False,False,False,False,False
62b44f66a16d45783569fad6,ai-reliability,Reliability cards,1,0,1,2026-07-20T14:47:06.489479+00:00,5,41.66666666666667,12,76.91666666666667,80.2,74.57142857142857,5.628571428571433,35.25,35.25,10.0,7.0,9.0,60.0,50.0,10.0,6.0,8.0,70.0,50.0,5.0,5.0,0.0,-1.0,-1.0,32,2.6666666666666665,12,54.25,,37,37,40223,31675,0,0,0,,12,37,3,0,0,2985.1080000400543,49.75180000066757,client task timestamps,92.5,2.0,2.5,1.5,9.5,12.0,4.0,4.625,4,4,0,33.0,Man,Lower tertiary education degree (Bachelor's level),Native English speaker,A few times a week,5,5.0,False,False,False,False,False,False,False
5ae82944a0e4390001f090fd,ai-reliability,Reliability cards,1,0,1,2026-07-20T14:54:38.202442+00:00,6,50.0,12,81.08333333333333,86.83333333333333,75.33333333333333,11.5,31.08333333333333,31.08333333333333,9.0,6.0,12.0,73.0,97.0,7.0,2.0,9.0,49.0,76.0,1.0,1.0,-2.0,-4.0,-3.0,15,1.25,12,96.66666666666667,,16,16,13890,11619,0,0,0,,11,16,10,0,0,1910.3789999485016,31.83964999914169,client task timestamps,87.5,1.875,1.75,2.0,10.833333333333334,10.333333333333334,3.6666666666666665,4.25,4,4,0,47.0,Woman,Lower tertiary education degree (Bachelor's level),Native English speaker,Several times a day,7,3.0,False,False,False,False,False,False,False
63d53d150a864eb06120bb88,ai-reliability,Reliability cards,1,0,1,2026-07-20T14:59:39.151398+00:00,6,50.0,12,39.916666666666664,40.5,39.333333333333336,1.1666666666666643,-10.083333333333336,10.083333333333336,12.0,6.0,12.0,60.0,56.0,8.0,0.0,10.0,66.0,55.0,2.0,2.0,-4.0,-6.0,-2.0,17,1.4166666666666667,12,78.76470588235294,,19,19,23453,21543,0,0,0,,12,19,0,0,0,899.5360000133514,14.99226666688919,client task timestamps,55.0,-0.375,-0.5,-0.25,7.5,6.333333333333333,2.8333333333333335,3.25,4,4,0,34.0,Woman,Higher tertiary education degree (Master's level),Native English speaker,Several times a day,7,2.0,False,False,False,False,False,False,False
6a02840904eed4f800acaf95,ai-reliability,Reliability cards,1,0,1,2026-07-20T15:00:18.321809+00:00,1,8.333333333333332,12,64.0,85.0,62.09090909090909,22.909090909090907,55.66666666666667,55.66666666666667,12.0,9.0,12.0,24.0,68.0,10.0,8.0,10.0,16.0,67.0,9.0,9.0,-2.0,-1.0,-2.0,12,1.0,12,131.41666666666666,,13,13,23679,20727,0,0,0,,12,13,0,0,0,2249.125,37.485416666666666,client task timestamps,70.0,0.25,0.75,-0.25,10.166666666666666,9.666666666666666,2.0,2.75,4,4,0,27.0,Woman,Lower tertiary education degree (Bachelor's level),Native English speaker,Less than once a month,2,2.0,False,False,False,False,False,False,False
6a1ca28f39a714391ec26ae5,ai-reliability,Reliability cards,1,0,1,2026-07-20T15:06:17.886696+00:00,4,33.33333333333333,12,72.33333333333333,79.75,68.625,11.125,39.0,39.0,12.0,12.0,0.0,70.0,40.0,10.0,12.0,8.0,50.0,50.0,6.0,6.0,-2.0,0.0,8.0,17,1.4166666666666667,12,96.17647058823529,,18,18,23439,21015,0,0,0,,12,17,2,0,0,2607.7379999160767,43.462299998601274,client task timestamps,70.0,-0.375,0.5,-1.25,9.166666666666666,10.333333333333334,3.0,2.25,4,4,0,33.0,Man,Lower tertiary education degree (Bachelor's level),Native English speaker,About once a day,6,4.0,False,False,False,False,False,False,False
69f63441f6c4dbf4138036ee,ai-reliability,Reliability cards,1,0,1,2026-07-20T15:13:23.696991+00:00,7,58.333333333333336,12,62.916666666666664,75.85714285714286,44.8,31.057142857142864,4.583333333333329,4.583333333333329,12.0,6.0,12.0,49.0,85.0,8.0,2.0,8.0,25.0,72.0,1.0,1.0,-4.0,-4.0,-4.0,18,1.5,12,102.94444444444444,,20,20,14510,12342,0,0,0,,12,20,0,0,0,1804.5639998912811,30.076066664854686,client task timestamps,90.0,1.25,2.75,-0.25,9.833333333333334,8.333333333333334,3.3333333333333335,3.875,4,4,0,36.0,Man,Upper secondary school / High school,Native English speaker,Several times a day,7,4.0,False,False,False,False,False,False,False
59a722657a657b0001aae223,ai-reliability,Reliability cards,1,0,1,2026-07-20T15:14:29.106132+00:00,6,50.0,12,68.16666666666667,72.5,63.833333333333336,8.666666666666664,18.16666666666667,18.16666666666667,9.0,7.0,8.0,53.0,82.0,6.0,3.0,7.0,58.0,75.0,0.0,0.0,-3.0,-4.0,-1.0,16,1.3333333333333333,12,96.9375,,17,17,25251,22188,0,0,0,,12,17,0,0,0,1266.5280001163483,21.108800001939137,client task timestamps,87.5,2.125,2.0,2.25,9.166666666666666,9.333333333333334,4.166666666666667,4.25,4,4,0,39.0,Woman,Vocational college degree,Native English speaker,About once a day,6,5.0,False,False,False,False,False,False,False
6731b77af6e8e00a06ffa7ee,ai-reliability,Reliability cards,1,0,1,2026-07-20T15:15:30.960548+00:00,6,50.0,12,68.58333333333333,64.0,73.16666666666667,-9.166666666666671,18.58333333333333,18.58333333333333,10.0,5.0,10.0,75.0,75.0,7.0,6.0,8.0,73.0,79.0,1.0,1.0,-3.0,1.0,-2.0,13,1.0833333333333333,12,10.923076923076923,,15,15,2908,858,0,0,0,,2,15,0,0,0,2945.726000070572,49.09543333450953,client task timestamps,67.5,1.875,2.0,1.75,9.0,9.833333333333334,3.3333333333333335,3.5,4,4,0,39.0,Man,Higher tertiary education degree (Master's level),Fully fluent,Several times a day,7,4.0,False,False,False,False,False,False,False
6a1d926a6d8b19bb96fa8054,ai-reliability,Reliability cards,1,0,1,2026-07-20T15:16:24.182442+00:00,4,33.33333333333333,12,69.91666666666667,78.0,65.875,12.125,36.58333333333334,36.58333333333334,12.0,8.0,4.0,65.0,80.0,8.0,4.0,6.0,49.0,50.0,4.0,4.0,-4.0,-4.0,2.0,12,1.0,12,133.41666666666666,,14,14,20154,18283,0,0,0,,12,14,1,0,0,1576.8780000209808,26.28130000034968,client task timestamps,75.0,0.875,1.75,0.0,7.166666666666667,9.0,3.3333333333333335,3.125,4,4,0,39.0,Man,Lower tertiary education degree (Bachelor's level),Native English speaker,Several times a day,7,4.0,False,False,False,False,False,False,False
609ac2fa3340da7e2c5557ee,ai-reliability,Reliability cards,1,0,1,2026-07-20T15:24:29.043883+00:00,4,33.33333333333333,12,58.166666666666664,78.5,48.0,30.5,24.833333333333336,24.833333333333336,12.0,8.0,12.0,53.0,72.0,7.0,2.0,6.0,32.0,55.0,3.0,3.0,-5.0,-6.0,-6.0,31,2.5833333333333335,12,41.16129032258065,,33,33,26739,17171,0,0,0,,10,33,9,0,0,3387.09299993515,56.45154999891917,client task timestamps,75.0,0.125,1.0,-0.75,9.666666666666666,10.833333333333334,3.8333333333333335,2.875,4,4,0,39.0,Woman,Lower tertiary education degree (Bachelor's level),Native English speaker,A few times a month,3,4.0,False,False,False,False,False,False,False
6a12f8b2075822430f96d6e6,ai-reliability,Reliability cards,1,0,1,2026-07-20T15:28:35.824952+00:00,5,41.66666666666667,12,63.0,59.0,65.85714285714286,-6.857142857142861,21.33333333333333,21.33333333333333,10.0,7.0,8.0,65.0,70.0,10.0,12.0,9.0,50.0,75.0,5.0,5.0,0.0,5.0,1.0,21,1.75,12,90.95238095238095,,23,23,28088,23380,0,0,0,,11,23,7,0,0,2608.819999933243,43.48033333222072,client task timestamps,65.0,2.125,2.5,1.75,9.5,11.666666666666666,3.8333333333333335,4.0,4,4,0,54.0,Man,Higher tertiary education degree (Master's level),Native English speaker,Several times a day,7,5.0,False,False,False,False,False,False,False
6a1d422c5cd5b69b949f3d4f,ai-reliability,Reliability cards,1,0,1,2026-07-20T15:29:10.574612+00:00,5,41.66666666666667,12,70.08333333333333,68.4,71.28571428571429,-2.885714285714286,28.416666666666657,28.416666666666657,12.0,10.0,8.0,70.0,70.0,12.0,8.0,10.0,85.0,82.0,7.0,7.0,0.0,-2.0,2.0,14,1.1666666666666667,12,118.92857142857143,,15,15,18127,15423,0,0,0,,12,15,9,0,0,3033.707999944687,50.56179999907811,client task timestamps,45.0,-1.125,-0.75,-1.5,11.833333333333334,12.666666666666666,4.333333333333333,3.5,4,4,0,40.0,Man,Lower tertiary education degree (Bachelor's level),Native English speaker,Several times a day,7,5.0,False,False,False,False,False,False,False
6a1878f047ada5b4889358bc,ai-reliability,Reliability cards,1,0,1,2026-07-20T15:40:13.624875+00:00,6,50.0,12,56.083333333333336,62.0,50.166666666666664,11.833333333333336,6.083333333333336,6.083333333333336,8.0,4.0,10.0,60.0,85.0,4.0,3.0,5.0,85.0,60.0,-2.0,2.0,-4.0,-1.0,-5.0,58,4.833333333333333,12,37.258620689655174,,61,61,41252,25184,0,0,0,,12,61,0,0,0,4835.425000190735,80.59041666984558,client task timestamps,52.5,0.5,0.75,0.25,10.333333333333334,11.5,3.0,2.875,4,4,0,18.0,Woman,Upper secondary school / High school,Native English speaker,A few times a week,5,3.0,False,False,False,False,False,False,False
5ce031fc7f65ee001a985a6b,ai-reliability,Reliability cards,1,0,1,2026-07-20T16:02:43.163425+00:00,7,58.333333333333336,12,74.66666666666667,72.14285714285714,78.2,-6.057142857142864,16.333333333333336,16.333333333333336,6.0,6.0,12.0,48.0,85.0,8.0,4.0,10.0,31.0,76.0,1.0,1.0,2.0,-2.0,-2.0,16,1.3333333333333333,12,89.6875,,17,17,20231,17193,0,0,0,,12,19,12,0,0,1386.2019999027252,23.10336666504542,client task timestamps,47.5,0.375,1.0,-0.25,13.333333333333334,12.5,2.3333333333333335,2.75,4,4,0,26.0,Woman,Upper secondary school / High school,Native English speaker,Several times a day,7,3.0,False,False,False,False,False,False,False
5ca356cb72a23200160ce912,ai-reliability,Reliability cards,1,0,1,2026-07-21T09:02:09.695316+00:00,7,58.333333333333336,12,59.0,68.0,46.4,21.6,0.6666666666666643,0.6666666666666643,10.0,4.0,9.0,66.0,50.0,6.0,2.0,10.0,63.0,28.0,-1.0,1.0,-4.0,-2.0,1.0,14,1.1666666666666667,12,84.42857142857143,,15,15,20781,18143,0,0,0,,12,16,13,0,0,1307.0039999485016,21.783399999141693,client task timestamps,70.0,0.75,0.5,1.0,9.833333333333334,12.0,3.1666666666666665,2.75,4,4,0,43.0,Woman,Upper secondary school / High school,Native English speaker,About once a week,4,2.0,False,False,False,False,False,False,False
66d5b98153700fd933371467,ai-reliability,Reliability cards,1,0,1,2026-07-21T09:08:42.822726+00:00,6,50.0,12,81.66666666666667,92.5,70.83333333333333,21.66666666666667,31.66666666666667,31.66666666666667,10.0,5.0,12.0,66.0,80.0,10.0,3.0,10.0,11.0,77.0,4.0,4.0,0.0,-2.0,-2.0,13,1.0833333333333333,12,323.46153846153845,,16,16,18961,17138,0,0,0,,12,16,0,0,0,1404.9260001182556,23.41543333530426,client task timestamps,65.0,-0.125,-0.75,0.5,11.333333333333334,13.166666666666666,2.5,4.125,3,4,1,61.0,Woman,Higher tertiary education degree (Master's level),Native English speaker,About once a day,6,2.0,False,False,False,False,False,False,False
6a21a57078af3e9063c328ff,ai-reliability,Reliability cards,1,0,1,2026-07-21T09:13:43.685815+00:00,5,41.66666666666667,12,98.58333333333333,98.6,98.57142857142857,0.028571428571424917,56.91666666666666,56.91666666666666,10.0,8.0,11.0,95.0,91.0,10.0,8.0,10.0,91.0,97.0,5.0,5.0,0.0,0.0,-1.0,18,1.5,12,77.0,,19,19,17179,14102,0,0,0,,12,19,0,0,0,1658.2710001468658,27.637850002447763,client task timestamps,67.5,2.25,1.5,3.0,13.166666666666666,15.0,4.333333333333333,4.375,3,4,1,29.0,Man,Higher tertiary education degree (Master's level),Native English speaker,About once a day,6,5.0,True,False,False,False,False,False,False
69fdaf9d85430102ab57d442,ai-reliability,Reliability cards,1,0,1,2026-07-21T09:15:41.482810+00:00,6,50.0,12,58.25,55.166666666666664,61.333333333333336,-6.166666666666671,8.25,8.25,10.0,8.0,6.0,82.0,48.0,8.0,6.0,0.0,63.0,53.0,2.0,2.0,-2.0,-2.0,-6.0,20,1.6666666666666667,12,72.65,,22,22,16440,12627,0,0,0,,12,22,0,0,0,1795.0880000591278,29.918133334318796,client task timestamps,80.0,-0.5,1.0,-2.0,6.333333333333333,7.833333333333333,3.6666666666666665,3.625,4,4,0,32.0,Woman,Lower tertiary education degree (Bachelor's level),Native English speaker,A few times a week,5,2.0,True,False,False,False,False,False,False
67139698ab79b82f8afd1e93,ai-reliability,Reliability cards,1,0,1,2026-07-21T09:16:35.830632+00:00,8,66.66666666666666,12,88.75,88.5,89.25,-0.75,22.083333333333343,22.083333333333343,9.0,8.0,5.0,81.0,75.0,12.0,10.0,9.0,88.0,85.0,4.0,4.0,3.0,2.0,4.0,14,1.1666666666666667,12,112.0,,15,15,16486,13722,0,0,0,,12,15,0,0,0,2077.8369998931885,34.630616664886475,client task timestamps,87.5,1.375,1.5,1.25,9.166666666666666,11.333333333333334,4.333333333333333,4.0,4,4,0,31.0,Man,Higher tertiary education degree (Master's level),Native English speaker,About once a day,6,4.0,False,False,False,False,False,False,False
5e909d6c5321c13abee11725,ai-reliability,Reliability cards,1,0,1,2026-07-21T09:20:43.607733+00:00,4,33.33333333333333,12,49.25,37.5,55.125,-17.625,15.916666666666671,15.916666666666671,10.0,10.0,7.0,49.0,55.0,8.0,5.0,9.0,64.0,70.0,4.0,4.0,-2.0,-5.0,2.0,12,1.0,12,356.5,,14,14,17813,15220,0,0,0,,12,14,12,0,0,2476.7330000400543,41.2788833340009,client task timestamps,100.0,1.875,2.25,1.5,7.0,6.5,3.0,4.0,4,4,0,37.0,Woman,Lower tertiary education degree (Bachelor's level),Native English speaker,Several times a day,7,2.0,True,False,False,False,False,False,False
602566f8b47a130ae1d2f94b,ai-reliability,Reliability cards,1,0,1,2026-07-21T09:26:53.751963+00:00,5,41.66666666666667,12,24.5,12.8,32.857142857142854,-20.057142857142853,-17.16666666666667,17.16666666666667,8.0,4.0,2.0,45.0,50.0,4.0,1.0,4.0,19.0,48.0,-1.0,1.0,-4.0,-3.0,2.0,12,1.0,12,91.25,,16,16,6175,5616,0,0,0,,12,16,9,0,0,1612.5259997844696,26.87543332974116,client task timestamps,87.5,0.125,1.0,-0.75,7.833333333333333,7.666666666666667,3.1666666666666665,2.125,4,4,0,27.0,Woman,Higher tertiary education degree (Master's level),Native English speaker,A few times a month,3,2.0,True,False,False,False,False,False,False
65bbf83dbe0f27e1a871bf48,ai-reliability,Reliability cards,1,0,1,2026-07-21T09:31:46.632744+00:00,3,25.0,12,64.25,70.66666666666667,62.111111111111114,8.555555555555557,39.25,39.25,12.0,10.0,12.0,65.0,68.0,7.0,2.0,8.0,24.0,51.0,4.0,4.0,-5.0,-8.0,-4.0,15,1.25,12,85.4,,16,16,17186,13994,0,0,0,,12,18,6,0,0,1263.8819999694824,21.064699999491374,client task timestamps,57.5,-0.375,0.5,-1.25,4.833333333333333,7.333333333333333,3.6666666666666665,2.5,4,4,0,32.0,Man,Lower tertiary education degree (Bachelor's level),Native English speaker,About once a day,6,5.0,False,False,False,False,False,False,False
5ba33d995196c600014853b6,ai-reliability,Reliability cards,1,0,1,2026-07-21T09:37:01.323956+00:00,6,50.0,12,77.25,83.5,71.0,12.5,27.25,27.25,12.0,10.0,12.0,50.0,50.0,12.0,8.0,8.0,66.0,72.0,6.0,6.0,0.0,-2.0,-4.0,18,1.5,12,131.55555555555554,,23,23,28547,24748,0,0,0,,12,23,6,0,0,1775.858999967575,29.597649999459584,client task timestamps,90.0,1.5,2.75,0.25,6.333333333333333,8.5,4.166666666666667,4.125,4,4,0,55.0,Man,Lower tertiary education degree (Bachelor's level),Native English speaker,About once a day,6,5.0,False,False,False,False,False,False,False
6a00bcb801abd80f812f7c4b,ai-reliability,Reliability cards,1,0,1,2026-07-21T09:42:28.151351+00:00,5,41.66666666666667,12,89.33333333333333,89.0,89.57142857142857,-0.5714285714285694,47.66666666666666,47.66666666666666,12.0,10.0,12.0,88.0,94.0,12.0,8.0,12.0,71.0,96.0,7.0,7.0,0.0,-2.0,0.0,23,1.9166666666666667,12,187.69565217391303,,27,27,28148,23865,0,0,0,,12,27,9,0,0,2826.75,47.1125,client task timestamps,90.0,2.25,2.25,2.25,6.666666666666667,9.833333333333334,4.666666666666667,4.875,3,4,1,42.0,Man,Lower tertiary education degree (Bachelor's level),Native English speaker,Several times a day,7,3.0,True,False,False,False,False,False,False
69ee2a86be2657dd6b52f0dc,ai-reliability,Reliability cards,1,0,1,2026-07-21T09:46:41.662726+00:00,6,50.0,12,93.5,94.33333333333333,92.66666666666667,1.6666666666666572,43.5,43.5,0.0,12.0,0.0,84.0,4.0,12.0,12.0,6.0,85.0,84.0,6.0,6.0,12.0,0.0,6.0,24,2.0,12,178.20833333333334,,26,26,27844,23396,0,0,0,,12,26,11,0,0,2344.9720001220703,39.08286666870117,client task timestamps,35.0,-0.75,-0.5,-1.0,10.333333333333334,12.5,3.5,2.25,4,4,0,38.0,Woman,Upper secondary school / High school,Native English speaker,About once a day,6,5.0,True,False,False,False,False,False,False
6a0de69c307d0b81b5a95bf9,ai-reliability,Reliability cards,1,0,1,2026-07-21T09:50:40.051829+00:00,5,41.66666666666667,12,64.75,66.8,63.285714285714285,3.5142857142857125,23.08333333333333,23.08333333333333,12.0,12.0,9.0,85.0,85.0,12.0,12.0,12.0,90.0,80.0,7.0,7.0,0.0,0.0,3.0,13,1.0833333333333333,12,125.61538461538461,,15,15,15683,13832,0,0,0,,12,15,10,0,0,3316.3450000286102,55.2724166671435,client task timestamps,97.5,2.625,3.0,2.25,8.166666666666666,11.0,3.0,4.375,4,4,0,33.0,Woman,Lower tertiary education degree (Bachelor's level),Native English speaker,About once a day,6,4.0,False,False,False,False,False,False,False
6a2409cf2b45d40f46952ea2,ai-reliability,Reliability cards,1,0,1,2026-07-21T09:52:58.696462+00:00,6,50.0,12,60.833333333333336,75.83333333333333,45.833333333333336,29.999999999999993,10.833333333333336,10.833333333333336,12.0,2.0,12.0,81.0,51.0,10.0,2.0,5.0,53.0,69.0,4.0,4.0,-2.0,0.0,-7.0,18,1.5,12,96.11111111111111,,19,19,21448,19786,0,0,0,,12,19,0,0,0,1417.430999994278,23.623849999904632,client task timestamps,75.0,1.0,0.0,2.0,5.666666666666667,6.5,4.0,3.375,4,4,0,61.0,Man,Lower tertiary education degree (Bachelor's level),Native English speaker,About once a week,4,4.0,False,False,False,False,False,False,False
6a2213047c98121dd4e08cfe,ai-reliability,Reliability cards,1,0,1,2026-07-21T09:55:50.459753+00:00,2,16.666666666666664,12,49.5,64.0,46.6,17.4,32.833333333333336,32.833333333333336,10.0,6.0,7.0,57.0,80.0,6.0,4.0,10.0,76.0,95.0,4.0,4.0,-4.0,-2.0,3.0,15,1.25,12,99.53333333333333,,17,17,26813,23787,0,0,0,,12,17,2,0,0,1805.8890001773834,30.09815000295639,client task timestamps,82.5,0.875,1.0,0.75,15.833333333333334,14.666666666666666,3.6666666666666665,4.25,4,4,0,33.0,Woman,Lower tertiary education degree (Bachelor's level),Native English speaker,Several times a day,7,4.0,False,False,False,False,False,True,False
63beebaa4c5884797ff00a98,ai-reliability,Reliability cards,1,0,1,2026-07-21T09:58:04.534062+00:00,4,33.33333333333333,12,60.666666666666664,71.0,55.5,15.5,27.333333333333336,27.333333333333336,7.0,5.0,7.0,56.0,61.0,7.0,5.0,7.0,54.0,66.0,3.0,3.0,0.0,0.0,0.0,15,1.25,12,101.26666666666667,,17,17,19117,15573,0,0,0,,12,17,0,0,0,1236.8440001010895,20.61406666835149,client task timestamps,77.5,0.5,1.0,0.0,10.0,10.5,2.0,2.625,4,4,0,75.0,Woman,Upper secondary school / High school,Native English speaker,Less than once a month,2,2.0,True,False,False,False,False,True,False
6a25d388fec497bcb43cbf44,ai-reliability,Reliability cards,1,0,1,2026-07-21T09:58:32.760787+00:00,7,58.333333333333336,12,97.66666666666667,97.0,98.6,-1.5999999999999943,39.333333333333336,39.333333333333336,12.0,12.0,9.0,92.0,86.0,12.0,12.0,8.0,93.0,89.0,5.0,5.0,0.0,0.0,-1.0,13,1.0833333333333333,12,22.53846153846154,,14,14,1590,842,0,0,0,,1,14,0,0,0,3248.4110000133514,54.14018333355586,client task timestamps,50.0,0.0,0.0,0.0,6.833333333333333,9.333333333333334,3.0,3.0,3,4,1,39.0,Man,Lower tertiary education degree (Bachelor's level),Native English speaker,Several times a day,7,5.0,False,False,False,False,False,True,False
69fcc5eb8c8ed4f5ace0d917,ai-reliability,Reliability cards,1,0,1,2026-07-21T10:04:52.291787+00:00,7,58.333333333333336,12,57.583333333333336,60.42857142857143,53.6,6.828571428571429,-0.75,0.75,10.0,7.0,9.0,60.0,90.0,9.0,3.0,8.0,65.0,90.0,2.0,2.0,-1.0,-4.0,-1.0,18,1.5,12,82.66666666666667,,19,19,20024,16600,0,0,0,,12,19,2,0,0,1613.9389998912811,26.898983331521354,client task timestamps,85.0,0.0,0.5,-0.5,8.666666666666666,9.833333333333334,3.8333333333333335,3.75,4,4,0,35.0,Man,Upper secondary school / High school,Native English speaker,A few times a week,5,2.0,False,False,False,False,False,False,False
6a12071b383cff537e09f28b,ai-reliability,Reliability cards,1,0,1,2026-07-21T10:07:22.114940+00:00,6,50.0,12,57.833333333333336,61.666666666666664,54.0,7.666666666666664,7.833333333333336,7.833333333333336,7.0,2.0,12.0,70.0,100.0,7.0,2.0,10.0,34.0,74.0,1.0,1.0,0.0,0.0,-2.0,21,1.75,12,93.71428571428571,,24,24,24236,19288,0,0,0,,12,24,8,0,0,1108.9519999027252,18.482533331712087,client task timestamps,80.0,1.375,2.5,0.25,10.333333333333334,10.833333333333334,2.8333333333333335,4.125,4,4,0,38.0,Woman,Upper secondary school / High school,Native English speaker,A few times a week,5,4.0,False,False,False,False,False,False,False
60d35fa71e56e17e064c2c1e,ai-reliability,Reliability cards,1,0,1,2026-07-21T10:12:00.030920+00:00,5,41.66666666666667,12,75.75,76.0,75.57142857142857,0.4285714285714306,34.08333333333333,34.08333333333333,6.0,6.0,7.0,73.0,49.0,10.0,6.0,6.0,85.0,88.0,5.0,5.0,4.0,0.0,-1.0,15,1.25,12,106.86666666666666,,17,17,16159,13738,0,0,0,,12,17,3,0,0,1732.1349999904633,28.868916666507722,client task timestamps,55.0,0.125,0.5,-0.25,7.0,9.833333333333334,4.5,1.5,4,4,0,24.0,Man,Lower tertiary education degree (Bachelor's level),Native English speaker,Several times a day,7,5.0,False,False,False,False,False,False,False
58ff31a1d10e2b000108579e,ai-reliability,Reliability cards,1,0,1,2026-07-21T10:16:04.747841+00:00,6,50.0,12,64.25,69.16666666666667,59.333333333333336,9.833333333333336,14.25,14.25,6.0,10.0,6.0,50.0,50.0,6.0,0.0,6.0,7.0,50.0,0.0,0.0,0.0,-10.0,0.0,17,1.4166666666666667,12,101.82352941176471,,19,19,17531,13462,0,0,0,,12,19,2,0,0,3413.0279998779297,56.8837999979655,client task timestamps,35.0,-1.125,-0.75,-1.5,15.166666666666666,12.0,3.3333333333333335,2.375,4,4,0,58.0,Man,Doctoral degree,Native English speaker,A few times a month,3,3.0,False,False,False,False,False,False,False
6a1f0c595bd98a080100d47f,ai-reliability,Reliability cards,1,0,1,2026-07-21T10:17:03.534109+00:00,3,25.0,12,78.66666666666667,80.0,78.22222222222223,1.7777777777777715,53.66666666666667,53.66666666666667,10.0,6.0,6.0,68.0,47.0,9.0,3.0,9.0,74.0,75.0,6.0,6.0,-1.0,-3.0,3.0,41,3.4166666666666665,12,35.926829268292686,,46,46,26203,16578,0,0,0,,11,46,4,0,0,2835.970999956131,47.26618333260218,client task timestamps,92.5,1.5,2.0,1.0,10.333333333333334,12.833333333333334,3.6666666666666665,3.125,4,4,0,35.0,Woman,Lower tertiary education degree (Bachelor's level),Native English speaker,Several times a day,7,4.0,True,False,False,False,False,False,False
6a15d2732cabece02074c924,ai-reliability,Reliability cards,1,0,1,2026-07-21T10:20:15.996950+00:00,3,25.0,12,57.166666666666664,60.333333333333336,56.111111111111114,4.222222222222221,32.166666666666664,32.166666666666664,8.0,4.0,6.0,25.0,53.0,6.0,3.0,1.0,50.0,60.0,3.0,3.0,-2.0,-1.0,-5.0,14,1.1666666666666667,12,106.71428571428571,,15,15,21161,17263,0,0,0,,12,15,0,0,0,1566.4010000228882,26.106683333714802,client task timestamps,62.5,0.875,0.75,1.0,8.166666666666666,8.666666666666666,2.6666666666666665,3.125,3,4,1,26.0,Woman,Higher tertiary education degree (Master's level),Native English speaker,About once a week,4,3.0,False,False,False,False,False,False,False
69ea3ae0cebb94ec4126d00d,ai-reliability,Reliability cards,1,0,1,2026-07-21T10:27:07.536214+00:00,6,50.0,12,20.75,28.5,13.0,15.5,-29.25,29.25,12.0,3.0,12.0,52.0,73.0,6.0,3.0,7.0,70.0,52.0,0.0,0.0,-6.0,0.0,-5.0,15,1.25,12,178.46666666666667,,16,16,21163,17794,0,0,0,,12,16,1,0,0,1095.654000043869,18.26090000073115,client task timestamps,85.0,1.5,1.5,1.5,9.0,8.833333333333334,4.0,4.0,4,4,0,24.0,Man,Lower tertiary education degree (Bachelor's level),Native English speaker,About once a day,6,3.0,True,False,False,False,False,False,False
60b3a96992ed9ff79208cd7a,ai-reliability,Reliability cards,1,0,1,2026-07-21T10:34:36.651919+00:00,2,16.666666666666664,12,58.333333333333336,51.5,59.7,-8.200000000000003,41.66666666666667,41.66666666666667,10.0,8.0,3.0,70.0,86.0,5.0,9.0,10.0,75.0,35.0,3.0,3.0,-5.0,1.0,7.0,12,1.0,12,60.0,,13,13,3328,2002,0,0,0,,12,14,0,0,0,635.6870000362396,10.594783333937327,client task timestamps,40.0,1.375,1.5,1.25,6.166666666666667,9.333333333333334,3.0,3.625,4,4,0,24.0,Man,Lower tertiary education degree (Bachelor's level),Native English speaker,A few times a week,5,5.0,False,False,False,False,False,False,False
69f32784fdfdfa574a4ce7a5,ai-reliability,Reliability cards,1,0,1,2026-07-21T10:35:11.124530+00:00,6,50.0,12,77.83333333333333,81.33333333333333,74.33333333333333,7.0,27.83333333333333,27.83333333333333,12.0,6.0,10.0,55.0,42.0,8.0,5.0,3.0,35.0,36.0,2.0,2.0,-4.0,-1.0,-7.0,15,1.25,12,136.0,,19,19,21037,18315,0,0,0,,12,19,7,0,0,973.944000005722,16.232400000095367,client task timestamps,75.0,0.125,1.25,-1.0,9.0,8.5,3.8333333333333335,3.125,4,4,0,28.0,Man,Lower tertiary education degree (Bachelor's level),Native English speaker,A few times a week,5,2.0,False,False,False,False,False,False,False
697ce85c6bc7a3ecc8d3a36b,ai-reliability,Reliability cards,1,0,1,2026-07-21T10:35:19.789109+00:00,5,41.66666666666667,12,47.75,29.0,61.142857142857146,-32.142857142857146,6.083333333333329,6.083333333333329,8.0,5.0,1.0,28.0,76.0,5.0,2.0,6.0,41.0,73.0,0.0,0.0,-3.0,-3.0,5.0,18,1.5,12,229.88888888888889,,20,20,28274,25551,0,0,0,,12,20,0,0,0,1844.8599998950958,30.747666664918263,client task timestamps,50.0,0.0,0.0,0.0,12.333333333333334,11.5,3.3333333333333335,3.75,3,4,1,45.0,Man,Upper secondary school / High school,Native English speaker,Several times a day,7,2.0,False,False,False,False,False,False,False
69fa1661524487df9d12bcd3,ai-reliability,Reliability cards,1,0,1,2026-07-21T10:37:52.809218+00:00,7,58.333333333333336,12,73.41666666666667,79.57142857142857,64.8,14.771428571428572,15.083333333333336,15.083333333333336,9.0,6.0,8.0,77.0,81.0,8.0,2.0,6.0,75.0,81.0,1.0,1.0,-1.0,-4.0,-2.0,19,1.5833333333333333,12,107.26315789473684,,20,20,28594,25206,0,0,0,,12,20,9,0,0,1558.960000038147,25.98266666730245,client task timestamps,97.5,1.5,3.0,0.0,7.5,9.666666666666666,4.833333333333333,3.0,4,4,0,30.0,Man,Lower tertiary education degree (Bachelor's level),Native English speaker,Several times a day,7,5.0,False,False,False,False,False,False,False
69e6ca5cda0abb6476671ca3,ai-reliability,Reliability cards,1,0,1,2026-07-21T10:39:20.754436+00:00,4,33.33333333333333,12,68.75,81.25,62.5,18.75,35.41666666666667,35.41666666666667,10.0,7.0,8.0,64.0,78.0,8.0,5.0,8.0,50.0,37.0,4.0,4.0,-2.0,-2.0,0.0,29,2.4166666666666665,12,150.10344827586206,,31,31,35975,28401,0,0,0,,12,31,3,0,0,1061.8689999580383,17.697816665967306,client task timestamps,90.0,2.25,2.75,1.75,7.0,6.833333333333333,4.0,3.5,3,4,1,18.0,Man,Vocational college degree,Native English speaker,A few times a week,5,2.0,False,False,False,False,False,False,False
6a0377ab9f56f6356a06f3ec,ai-reliability,Reliability cards,1,0,1,2026-07-21T10:42:48.495407+00:00,4,33.33333333333333,12,97.41666666666667,97.75,97.25,0.5,64.08333333333334,64.08333333333334,12.0,12.0,6.0,81.0,54.0,10.0,4.0,12.0,80.0,32.0,6.0,6.0,-2.0,-8.0,6.0,14,1.1666666666666667,12,104.85714285714286,,16,16,19685,16335,0,0,0,,12,16,0,0,0,1027.9900000095367,17.133166666825613,client task timestamps,95.0,3.0,3.0,3.0,9.0,10.833333333333334,5.0,4.875,4,4,0,32.0,Man,Vocational college degree,Native English speaker,A few times a week,5,1.0,True,False,False,False,False,False,False
69e7635ed757a3fa3d7ecef5,ai-reliability,Reliability cards,1,0,1,2026-07-21T10:44:42.568771+00:00,4,33.33333333333333,12,69.33333333333333,88.5,59.75,28.75,36.0,36.0,10.0,7.0,8.0,72.0,80.0,10.0,5.0,9.0,57.0,77.0,6.0,6.0,0.0,-2.0,1.0,26,2.1666666666666665,12,167.65384615384616,,28,28,33005,25688,0,0,0,,12,28,13,0,0,5155.767999887466,85.92946666479111,client task timestamps,90.0,2.5,2.75,2.25,5.333333333333333,7.5,4.333333333333333,3.75,4,4,0,32.0,Man,Lower tertiary education degree (Bachelor's level),Native English speaker,About once a day,6,4.0,False,False,False,False,False,False,False
69f0facfb34205fe685cfb63,ai-reliability,Reliability cards,1,0,1,2026-07-21T10:44:54.379110+00:00,5,41.66666666666667,12,70.41666666666667,81.0,62.857142857142854,18.142857142857146,28.75,28.75,6.0,2.0,9.0,81.0,87.0,7.0,2.0,8.0,79.0,53.0,2.0,2.0,1.0,0.0,-1.0,12,1.0,12,317.6666666666667,,14,14,27032,23998,0,0,0,,12,15,8,0,0,962.3220000267029,16.038700000445047,client task timestamps,65.0,2.625,3.0,2.25,9.833333333333334,12.333333333333334,4.666666666666667,3.375,2,4,2,26.0,Man,Lower tertiary education degree (Bachelor's level),Native English speaker,About once a day,6,5.0,False,False,True,False,False,False,True
6a22c3eb4725e325fd168a95,ai-reliability,Reliability cards,1,0,1,2026-07-21T10:52:04.137331+00:00,7,58.333333333333336,12,39.083333333333336,39.285714285714285,38.8,0.48571428571428754,-19.25,19.25,6.0,5.0,12.0,15.0,50.0,6.0,3.0,6.0,5.0,50.0,-1.0,1.0,0.0,-2.0,-6.0,16,1.3333333333333333,12,119.5,,17,17,19843,17237,0,0,0,,12,17,6,0,0,2744.8069999217987,45.74678333202998,client task timestamps,50.0,-1.125,-0.25,-2.0,9.333333333333334,9.166666666666666,3.3333333333333335,2.0,4,4,0,33.0,Woman,Upper secondary school / High school,Native English speaker,Never,1,3.0,False,False,False,False,False,False,False
6a1d90acdbc882a935904998,ai-reliability,Reliability cards,1,0,1,2026-07-21T10:59:54.833081+00:00,6,50.0,12,80.66666666666667,81.33333333333333,80.0,1.3333333333333286,30.66666666666667,30.66666666666667,10.0,7.0,12.0,66.0,77.0,10.0,8.0,3.0,81.0,79.0,4.0,4.0,0.0,1.0,-9.0,16,1.3333333333333333,12,145.375,,18,18,28201,22865,0,0,0,,12,18,13,0,0,1354.433000087738,22.573883334795635,client task timestamps,67.5,0.5,0.5,0.5,8.166666666666666,10.333333333333334,3.0,3.625,4,4,0,37.0,Man,Upper secondary school / High school,Native English speaker,Several times a day,7,4.0,False,False,False,False,False,False,False
6a00de0fef1ab5f141829594,ai-reliability,Reliability cards,1,0,1,2026-07-21T11:04:44.353681+00:00,5,41.66666666666667,12,81.83333333333333,96.4,71.42857142857143,24.971428571428575,40.16666666666666,40.16666666666666,11.0,3.0,7.0,55.0,81.0,8.0,4.0,4.0,65.0,81.0,3.0,3.0,-3.0,1.0,-3.0,25,2.0833333333333335,12,109.68,,26,26,32026,26651,0,0,0,,12,26,13,0,0,2361.5910000801086,39.35985000133515,client task timestamps,82.5,1.25,2.0,0.5,8.166666666666666,7.666666666666667,3.5,3.5,3,4,1,31.0,Man,Lower tertiary education degree (Bachelor's level),Native English speaker,A few times a week,5,5.0,True,False,False,False,False,False,False
6a0fa4d0752408b8b9e0ed8d,ai-reliability,Reliability cards,1,0,1,2026-07-21T11:08:38.707326+00:00,1,8.333333333333332,12,69.91666666666667,79.0,69.0909090909091,9.909090909090907,61.58333333333334,61.58333333333334,10.0,9.0,8.0,67.0,59.0,7.0,10.0,6.0,47.0,72.0,6.0,6.0,-3.0,1.0,-2.0,18,1.5,12,71.94444444444444,,20,20,16792,11371,0,0,0,,12,20,9,0,0,3022.99799990654,50.38329999844233,client task timestamps,82.5,0.5,2.0,-1.0,11.666666666666666,10.5,1.6666666666666667,3.875,4,4,0,28.0,Man,Upper secondary school / High school,Native English speaker,About once a day,6,5.0,False,False,False,False,False,False,False
6a158d6cdc77d53781df91dd,ai-reliability,Reliability cards,1,0,1,2026-07-21T11:11:36.835216+00:00,3,25.0,12,75.08333333333333,66.66666666666667,77.88888888888889,-11.222222222222214,50.08333333333333,50.08333333333333,8.0,1.0,9.0,60.0,60.0,11.0,4.0,7.0,61.0,39.0,8.0,8.0,3.0,3.0,-2.0,34,2.8333333333333335,12,92.05882352941177,,35,35,49171,42542,0,0,0,,12,35,4,0,0,2306.864000082016,38.44773333470027,client task timestamps,47.5,0.25,0.75,-0.25,10.5,12.0,3.3333333333333335,2.625,4,4,0,38.0,Man,Lower tertiary education degree (Bachelor's level),Native English speaker,Several times a day,7,3.0,False,False,False,False,False,True,False
6a0f3f3bcf45b31c84254187,ai-reliability,Reliability cards,1,0,1,2026-07-21T11:13:59.912341+00:00,6,50.0,12,71.33333333333333,77.0,65.66666666666667,11.333333333333329,21.33333333333333,21.33333333333333,11.0,3.0,9.0,71.0,85.0,10.0,10.0,8.0,66.0,77.0,4.0,4.0,-1.0,7.0,-1.0,20,1.6666666666666667,12,80.7,,23,23,32824,28902,0,0,0,,12,24,13,0,0,3167.50400018692,52.79173333644867,client task timestamps,72.5,1.125,1.75,0.5,7.0,8.5,3.5,3.5,4,4,0,19.0,Woman,Lower tertiary education degree (Bachelor's level),Native English speaker,A few times a week,5,4.0,False,False,False,False,False,False,False
69fef864a0d772b10f302eab,ai-reliability,Reliability cards,1,0,1,2026-07-21T11:26:54.834766+00:00,5,41.66666666666667,12,78.25,78.4,78.14285714285714,0.2571428571428669,36.58333333333333,36.58333333333333,10.0,5.0,10.0,35.0,75.0,7.0,5.0,7.0,22.0,71.0,2.0,2.0,-3.0,0.0,-3.0,13,1.0833333333333333,12,322.7692307692308,,14,14,22538,20004,0,0,0,,12,14,7,0,0,3063.7119998931885,51.06186666488647,client task timestamps,90.0,1.625,2.0,1.25,9.5,10.666666666666666,2.8333333333333335,3.5,4,4,0,25.0,Woman,Higher tertiary education degree (Master's level),Fully fluent,Several times a day,7,4.0,False,False,False,False,False,False,False
6a05df9dcade14a5baa8434a,ai-reliability,Reliability cards,1,0,1,2026-07-21T11:32:27.345753+00:00,7,58.333333333333336,12,69.08333333333333,69.14285714285714,69.0,0.1428571428571388,10.749999999999993,10.749999999999993,8.0,10.0,11.0,65.0,51.0,7.0,5.0,6.0,39.0,55.0,0.0,0.0,-1.0,-5.0,-5.0,27,2.25,12,58.48148148148148,,29,29,29662,23205,0,0,0,,12,30,0,0,0,2657.6189999580383,44.29364999930064,client task timestamps,70.0,0.75,1.25,0.25,6.833333333333333,7.0,3.0,3.0,4,4,0,35.0,Man,Upper secondary school / High school,Native English speaker,A few times a week,5,4.0,False,False,False,False,False,False,False
677678dc7428fa4f36a7795c,ai-reliability,Reliability cards,1,0,1,2026-07-21T11:42:59.837138+00:00,7,58.333333333333336,12,53.75,55.285714285714285,51.6,3.6857142857142833,-4.583333333333336,4.583333333333336,10.0,8.0,9.0,57.0,70.0,9.0,6.0,8.0,50.0,63.0,2.0,2.0,-1.0,-2.0,-1.0,12,1.0,12,146.91666666666666,,13,13,23261,20526,0,0,0,,12,14,8,0,0,1404.010999917984,23.4001833319664,client task timestamps,67.5,2.0,2.0,2.0,6.333333333333333,7.833333333333333,3.3333333333333335,2.625,4,4,0,20.0,Woman,Upper secondary school / High school,Native English speaker,Several times a day,7,4.0,False,False,False,False,False,False,False
696d0dc6c9d44fdb4020b215,ai-reliability,Reliability cards,1,0,1,2026-07-21T11:43:08.930844+00:00,5,41.66666666666667,12,82.75,88.2,78.85714285714286,9.342857142857142,41.08333333333333,41.08333333333333,12.0,8.0,12.0,75.0,60.0,10.0,6.0,8.0,67.0,53.0,5.0,5.0,-2.0,-2.0,-4.0,25,2.0833333333333335,12,170.96,,28,28,30446,23902,0,0,0,,12,28,12,0,0,2576.305000066757,42.938416667779286,client task timestamps,95.0,2.125,3.0,1.25,6.0,8.5,3.5,4.375,4,4,0,31.0,Man,Higher tertiary education degree (Master's level),Native English speaker,Several times a day,7,5.0,False,False,False,False,False,False,False
63d3f928e97451dbc1c745da,ai-reliability,Reliability cards,1,0,1,2026-07-21T11:46:11.711126+00:00,7,58.333333333333336,12,100.0,100.0,100.0,0.0,41.666666666666664,41.666666666666664,12.0,7.0,12.0,85.0,90.0,12.0,9.0,12.0,100.0,100.0,5.0,5.0,0.0,2.0,0.0,13,1.0833333333333333,12,125.38461538461539,,14,14,19786,17314,0,0,0,,12,14,10,0,0,1685.4559998512268,28.09093333085378,client task timestamps,95.0,1.625,2.75,0.5,5.666666666666667,8.833333333333334,3.6666666666666665,4.5,4,4,0,27.0,Man,Vocational college degree,Native English speaker,A few times a week,5,5.0,False,False,False,False,False,False,False
5b8fe19ae3a406000131f1a6,ai-reliability,Reliability cards,1,0,1,2026-07-21T11:48:21.985427+00:00,5,41.66666666666667,12,63.333333333333336,88.6,45.285714285714285,43.31428571428571,21.666666666666664,21.666666666666664,12.0,8.0,12.0,30.0,60.0,9.0,4.0,12.0,30.0,70.0,4.0,4.0,-3.0,-4.0,0.0,25,2.0833333333333335,12,170.8,,27,27,30984,25131,0,0,0,,12,27,12,0,0,3053.4000000953674,50.890000001589456,client task timestamps,67.5,1.125,0.5,1.75,11.0,9.833333333333334,3.5,3.875,4,4,0,41.0,Man,Vocational college degree,Native English speaker,About once a week,4,3.0,False,False,False,False,False,False,False
6a1ef512fd22c5aeb0f054b9,ai-reliability,Reliability cards,1,0,1,2026-07-21T11:51:09.101584+00:00,5,41.66666666666667,12,93.25,90.6,95.14285714285714,-4.5428571428571445,51.58333333333333,51.58333333333333,12.0,8.0,12.0,49.0,69.0,8.0,9.0,6.0,50.0,80.0,3.0,3.0,-4.0,1.0,-6.0,23,1.9166666666666667,12,71.3913043478261,,24,24,22095,15857,0,0,0,,12,24,11,0,0,2504.87700009346,41.74795000155767,client task timestamps,72.5,1.5,1.5,1.5,8.666666666666666,10.5,3.5,3.875,4,4,0,28.0,Man,Lower tertiary education degree (Bachelor's level),Native English speaker,About once a day,6,2.0,False,False,False,False,False,False,False
6048c1da4fb34916883f2e7d,ai-reliability,Reliability cards,1,0,1,2026-07-21T12:00:26.559708+00:00,3,25.0,12,59.416666666666664,76.66666666666667,53.666666666666664,23.000000000000007,34.416666666666664,34.416666666666664,8.0,6.0,7.0,61.0,50.0,8.0,4.0,8.0,50.0,18.0,5.0,5.0,0.0,-2.0,1.0,16,1.3333333333333333,12,96.1875,,17,17,14715,11499,0,0,0,,11,17,9,0,0,1787.7110002040863,29.795183336734773,client task timestamps,72.5,1.5,1.75,1.25,8.166666666666666,7.666666666666667,3.6666666666666665,3.5,4,4,0,42.0,Woman,Lower tertiary education degree (Bachelor's level),Native English speaker,A few times a month,3,1.0,False,False,False,False,False,False,False
6a0afb57417835eaa8cf978e,ai-reliability,Reliability cards,1,0,1,2026-07-21T12:05:26.547496+00:00,4,33.33333333333333,12,83.91666666666667,91.75,80.0,11.75,50.58333333333334,50.58333333333334,10.0,4.0,8.0,70.0,25.0,8.0,3.0,6.0,70.0,39.0,4.0,4.0,-2.0,-1.0,-2.0,41,3.4166666666666665,12,36.26829268292683,,44,44,25018,14765,0,0,0,,12,44,0,0,0,3237.0380001068115,53.95063333511352,client task timestamps,70.0,1.375,1.5,1.25,11.333333333333334,12.166666666666666,4.166666666666667,2.875,4,4,0,26.0,Man,Lower tertiary education degree (Bachelor's level),Native English speaker,Several times a day,7,4.0,False,False,False,False,False,False,False
69f0bd15dacaf72b392f5c90,ai-reliability,Reliability cards,1,0,1,2026-07-21T12:06:21.492256+00:00,4,33.33333333333333,12,75.16666666666667,73.75,75.875,-2.125,41.83333333333334,41.83333333333334,10.0,5.0,10.0,60.0,85.0,8.0,6.0,5.0,60.0,90.0,4.0,4.0,-2.0,1.0,-5.0,31,2.5833333333333335,12,38.45161290322581,,35,35,22368,15806,0,0,0,,10,35,0,0,0,2767.746999979019,46.12911666631699,client task timestamps,95.0,1.25,1.75,0.75,5.833333333333333,7.333333333333333,3.1666666666666665,3.375,4,4,0,21.0,Man,Vocational college degree,Native English speaker,Several times a day,7,4.0,False,False,False,False,False,False,False
5cd59823d88b4400207b467c,ai-reliability,Reliability cards,1,0,1,2026-07-21T12:06:36.336458+00:00,3,25.0,12,73.16666666666667,84.0,69.55555555555556,14.444444444444443,48.16666666666667,48.16666666666667,12.0,10.0,12.0,72.0,88.0,9.0,2.0,9.0,60.0,85.0,6.0,6.0,-3.0,-8.0,-3.0,19,1.5833333333333333,12,62.73684210526316,,22,22,18392,14953,0,0,0,,12,21,12,0,0,2532.792999982834,42.21321666638057,client task timestamps,95.0,2.125,2.25,2.0,4.333333333333333,6.5,4.833333333333333,3.5,3,4,1,58.0,Man,Upper secondary school / High school,Native English speaker,A few times a month,3,4.0,False,False,False,False,False,False,False
6a259d5aa0f34da2cfbf5004,ai-reliability,Reliability cards,1,0,1,2026-07-21T12:14:01.242509+00:00,4,33.33333333333333,12,57.083333333333336,69.75,50.75,19.0,23.750000000000007,23.750000000000007,9.0,8.0,7.0,84.0,50.0,4.0,8.0,6.0,51.0,35.0,0.0,0.0,-5.0,0.0,-1.0,13,1.0833333333333333,12,303.2307692307692,,15,15,19969,16864,0,0,0,,12,15,12,0,0,1730.5659999847412,28.842766666412352,client task timestamps,75.0,1.25,1.5,1.0,4.5,6.333333333333333,4.0,1.75,4,4,0,19.0,Man,Upper secondary school / High school,Native English speaker,A few times a week,5,2.0,False,False,False,False,False,False,False
596e000bfb7959000162f52f,ai-reliability,Reliability cards,1,0,1,2026-07-21T12:15:50.585398+00:00,5,41.66666666666667,12,56.416666666666664,62.6,52.0,10.600000000000001,14.749999999999993,14.749999999999993,7.0,4.0,7.0,62.0,74.0,8.0,4.0,11.0,75.0,74.0,3.0,3.0,1.0,0.0,4.0,16,1.3333333333333333,12,110.1875,,18,18,21982,19188,0,0,0,,12,18,5,0,0,1318.8849999904633,21.98141666650772,client task timestamps,97.5,0.875,1.0,0.75,6.833333333333333,9.333333333333334,4.0,3.625,4,4,0,42.0,Woman,Vocational college degree,Native English speaker,A few times a week,5,3.0,False,False,False,False,False,False,False
665efdf173820edd2b8d4d23,ai-reliability,Reliability cards,1,0,1,2026-07-21T12:18:15.660916+00:00,4,33.33333333333333,12,86.91666666666667,93.25,83.75,9.5,53.58333333333334,53.58333333333334,12.0,10.0,12.0,50.0,80.0,10.0,6.0,9.0,35.0,83.0,6.0,6.0,-2.0,-4.0,-3.0,21,1.75,12,77.9047619047619,,22,22,32056,25842,0,0,0,,12,22,2,0,0,2788.3600001335144,46.472666668891904,client task timestamps,92.5,1.25,2.5,0.0,9.166666666666666,11.333333333333334,3.8333333333333335,3.75,4,4,0,21.0,Man,Lower tertiary education degree (Bachelor's level),Native English speaker,A few times a week,5,4.0,False,False,False,False,False,False,False
5dfc28644b49a19583f7cc7a,ai-reliability,Reliability cards,1,0,1,2026-07-21T12:19:31.413199+00:00,9,75.0,12,40.416666666666664,43.0,32.666666666666664,10.333333333333336,-34.583333333333336,34.583333333333336,12.0,0.0,12.0,35.0,90.0,6.0,0.0,6.0,5.0,40.0,-3.0,3.0,-6.0,0.0,-6.0,17,1.4166666666666667,12,92.52941176470588,,18,18,24776,21551,0,0,0,,12,20,12,0,0,1369.75200009346,22.82920000155767,client task timestamps,70.0,1.25,1.75,0.75,8.333333333333334,8.166666666666666,3.1666666666666665,4.125,4,4,0,37.0,Woman,Lower tertiary education degree (Bachelor's level),Native English speaker,About once a week,4,1.0,False,False,False,False,False,False,False
6a215752a155484c322dae18,ai-reliability,Reliability cards,1,0,1,2026-07-21T12:21:15.925750+00:00,5,41.66666666666667,12,85.66666666666667,88.2,83.85714285714286,4.342857142857142,44.0,44.0,2.0,10.0,8.0,18.0,35.0,6.0,3.0,6.0,16.0,50.0,1.0,1.0,4.0,-7.0,-2.0,14,1.1666666666666667,12,121.0,,15,15,17964,14045,0,0,0,,12,15,0,0,0,4032.2860000133514,67.20476666688918,client task timestamps,90.0,1.5,2.0,1.0,13.0,11.833333333333334,3.3333333333333335,3.625,4,4,0,42.0,Woman,Higher tertiary education degree (Master's level),Native English speaker,A few times a week,5,5.0,True,False,False,False,False,False,False
6a1e8e544ddce8244cfc707f,ai-reliability,Reliability cards,1,0,1,2026-07-21T12:24:30.256824+00:00,5,41.66666666666667,12,96.58333333333333,96.2,96.85714285714286,-0.6571428571428584,54.91666666666666,54.91666666666666,10.0,7.0,10.0,50.0,95.0,10.0,0.0,12.0,84.0,0.0,5.0,5.0,0.0,-7.0,2.0,42,3.5,12,62.333333333333336,,43,43,22661,15113,0,0,0,,10,45,9,0,0,3435.678999900818,57.26131666501363,client task timestamps,97.5,2.125,2.75,1.5,10.666666666666666,12.166666666666666,4.5,4.375,4,4,0,43.0,Woman,Upper secondary school / High school,Native English speaker,Several times a day,7,5.0,False,False,False,False,False,False,False
5b88022114e8c600010485b9,ai-reliability,Reliability cards,1,0,1,2026-07-21T12:24:53.980770+00:00,4,33.33333333333333,12,44.333333333333336,50.75,41.125,9.625,11.000000000000007,11.000000000000007,6.0,9.0,5.0,60.0,50.0,6.0,8.0,7.0,58.0,52.0,2.0,2.0,0.0,-1.0,2.0,21,1.75,12,83.66666666666667,,22,22,33529,26862,0,0,0,,12,24,3,0,0,2076.7679998874664,34.61279999812444,client task timestamps,60.0,-0.25,0.5,-1.0,7.5,8.333333333333334,3.6666666666666665,3.375,4,4,0,34.0,Woman,Lower tertiary education degree (Bachelor's level),Native English speaker,About once a day,6,4.0,False,False,False,False,False,False,False
6a1e93a3a409de92d38f9059,ai-reliability,Reliability cards,1,0,1,2026-07-21T12:29:40.558407+00:00,5,41.66666666666667,12,49.0,77.6,28.571428571428573,49.028571428571425,7.333333333333329,7.333333333333329,12.0,7.0,12.0,15.0,26.0,8.0,5.0,10.0,4.0,33.0,3.0,3.0,-4.0,-2.0,-2.0,24,2.0,12,180.125,,26,26,28437,23640,0,0,0,,12,27,6,0,0,1088.5210001468658,18.14201666911443,client task timestamps,87.5,1.0,0.75,1.25,2.1666666666666665,3.6666666666666665,1.5,3.375,4,4,0,23.0,Man,Upper secondary school / High school,Native English speaker,Several times a day,7,4.0,False,False,False,False,False,False,False
69fcda1943761c2a0204373e,ai-reliability,Reliability cards,1,0,1,2026-07-21T12:39:07.746570+00:00,5,41.66666666666667,12,77.0,88.0,69.14285714285714,18.85714285714286,35.33333333333333,35.33333333333333,9.0,5.0,10.0,20.0,50.0,10.0,5.0,9.0,15.0,30.0,5.0,5.0,1.0,0.0,-1.0,14,1.1666666666666667,12,117.64285714285714,,15,15,22446,19653,0,0,0,,12,15,0,0,0,2927.2190001010895,48.78698333501816,client task timestamps,70.0,1.375,1.75,1.0,9.666666666666666,11.166666666666666,4.333333333333333,3.375,4,4,0,60.0,Woman,Vocational college degree,Native English speaker,A few times a week,5,4.0,True,False,False,False,False,False,False
676ae3e650a28a06d8486941,ai-reliability,Reliability cards,1,0,1,2026-07-21T12:41:18.383192+00:00,6,50.0,12,73.0,80.5,65.5,15.0,23.0,23.0,12.0,12.0,12.0,70.0,50.0,8.0,12.0,8.0,60.0,50.0,2.0,2.0,-4.0,0.0,-4.0,16,1.3333333333333333,12,103.8125,,18,18,21241,19391,0,0,0,,12,18,4,0,0,902.7359998226166,15.04559999704361,client task timestamps,97.5,1.125,3.0,-0.75,1.8333333333333333,3.3333333333333335,1.3333333333333333,4.125,4,4,0,35.0,Man,Upper secondary school / High school,Native English speaker,About once a day,6,1.0,False,False,False,False,False,False,False
6a0633e7c1fd84e5fadfe80e,ai-reliability,Reliability cards,1,0,1,2026-07-21T12:43:58.383387+00:00,4,33.33333333333333,12,72.58333333333333,74.0,71.875,2.125,39.25,39.25,10.0,6.0,7.0,45.0,70.0,8.0,3.0,2.0,25.0,50.0,4.0,4.0,-2.0,-3.0,-5.0,23,1.9166666666666667,12,108.52173913043478,,25,25,23486,21474,0,0,0,,12,26,12,0,0,2946.5789999961853,49.10964999993642,client task timestamps,72.5,-0.375,-0.5,-0.25,10.0,9.5,3.8333333333333335,3.25,4,4,0,24.0,Man,Upper secondary school / High school,Native English speaker,A few times a week,5,4.0,False,False,False,False,False,False,False
69f0e10237e70629b1851b6f,ai-reliability,Reliability cards,1,0,1,2026-07-21T12:51:19.986397+00:00,3,25.0,12,91.41666666666667,94.0,90.55555555555556,3.444444444444443,66.41666666666667,66.41666666666667,12.0,4.0,12.0,83.0,91.0,6.0,3.0,10.0,94.0,85.0,3.0,3.0,-6.0,-1.0,-2.0,24,2.0,12,26.125,,28,28,8342,3946,0,0,0,,9,28,4,0,0,3579.8079998493195,59.66346666415532,client task timestamps,87.5,2.625,2.5,2.75,11.833333333333334,10.666666666666666,3.8333333333333335,3.625,4,4,0,52.0,Man,Lower tertiary education degree (Bachelor's level),Fully fluent,Several times a day,7,5.0,True,False,False,False,False,False,False
69f3b206e69dd82798c52778,ai-reliability,Reliability cards,1,0,1,2026-07-21T13:01:07.136540+00:00,9,75.0,12,60.5,61.888888888888886,56.333333333333336,5.55555555555555,-14.5,14.5,10.0,7.0,1.0,58.0,69.0,8.0,5.0,6.0,59.0,65.0,-1.0,1.0,-2.0,-2.0,5.0,18,1.5,12,82.0,,22,22,22178,18082,0,0,0,,12,22,5,0,0,4007.936000108719,66.79893333514532,client task timestamps,67.5,0.875,1.75,0.0,10.0,9.5,3.8333333333333335,2.625,4,4,0,35.0,Woman,Lower tertiary education degree (Bachelor's level),Native English speaker,Less than once a month,2,3.0,False,False,False,False,False,False,False
62a999b8ed876efe5ffe9599,ai-reliability,Reliability cards,1,0,1,2026-07-21T13:03:29.701637+00:00,4,33.33333333333333,12,59.416666666666664,73.25,52.5,20.75,26.083333333333336,26.083333333333336,6.0,0.0,6.0,10.0,50.0,6.0,0.0,0.0,24.0,80.0,2.0,2.0,0.0,0.0,-6.0,18,1.5,12,213.22222222222223,,19,19,24715,20741,0,0,0,,12,20,2,0,0,3382.563999891281,56.37606666485468,client task timestamps,95.0,2.0,2.5,1.5,6.833333333333333,8.0,3.0,4.375,4,4,0,46.0,Man,Upper secondary school / High school,Native English speaker,About once a day,6,4.0,False,False,False,False,False,False,False
6a1b22b2400fd8fa375bf6d2,ai-reliability,Reliability cards,1,0,1,2026-07-21T13:18:28.327795+00:00,6,50.0,12,60.5,59.5,61.5,-2.0,10.5,10.5,12.0,4.0,12.0,70.0,50.0,10.0,5.0,12.0,74.0,28.0,4.0,4.0,-2.0,1.0,0.0,14,1.1666666666666667,12,92.14285714285714,,15,15,17744,15057,0,0,0,,12,16,8,0,0,1396.5529999732971,23.275883332888284,client task timestamps,67.5,0.625,0.75,0.5,8.0,9.166666666666666,3.1666666666666665,3.875,4,4,0,29.0,Woman,Vocational college degree,Native English speaker,About once a day,6,3.0,False,False,False,False,False,False,False
66019f5e10adbe524f2a844a,ai-reliability,Reliability cards,1,0,1,2026-07-21T13:19:10.451959+00:00,4,33.33333333333333,12,82.91666666666667,78.0,85.375,-7.375,49.58333333333334,49.58333333333334,9.0,4.0,10.0,20.0,59.0,10.0,3.0,9.0,39.0,62.0,6.0,6.0,1.0,-1.0,-1.0,29,2.4166666666666665,12,58.275862068965516,,33,33,23975,19311,0,0,0,,12,33,7,0,0,2754.6259999275208,45.91043333212534,client task timestamps,70.0,-0.25,1.25,-1.75,11.833333333333334,12.666666666666666,1.1666666666666667,4.25,4,4,0,50.0,Woman,Vocational college degree,Native English speaker,A few times a week,5,2.0,True,False,False,False,False,False,False
6a025bd21792d1c049fa132b,ai-reliability,Reliability cards,1,0,1,2026-07-21T13:27:54.448264+00:00,6,50.0,12,63.75,84.66666666666667,42.833333333333336,41.833333333333336,13.75,13.75,9.0,6.0,8.0,20.0,70.0,5.0,3.0,2.0,31.0,10.0,-1.0,1.0,-4.0,-3.0,-6.0,36,3.0,12,55.5,,37,37,42180,33084,0,0,0,,12,37,12,0,0,3768.3180000782013,62.80530000130336,client task timestamps,55.0,-1.5,-1.25,-1.75,16.333333333333332,14.166666666666666,2.5,2.5,4,4,0,41.0,Woman,Higher tertiary education degree (Master's level),Native English speaker,Several times a day,7,4.0,False,False,False,False,False,False,False
56b78f11e77ebe000cbefe79,ai-reliability,Reliability cards,1,0,1,2026-07-21T13:29:03.374134+00:00,5,41.66666666666667,12,78.08333333333333,80.8,76.14285714285714,4.657142857142858,36.41666666666666,36.41666666666666,9.0,2.0,9.0,65.0,51.0,8.0,2.0,7.0,65.0,70.0,3.0,3.0,-1.0,0.0,-2.0,43,3.5833333333333335,12,45.72093023255814,,46,46,31513,22237,0,0,0,,12,46,0,0,0,4161.552999973297,69.35921666622161,client task timestamps,82.5,0.75,2.5,-1.0,14.0,14.166666666666666,3.5,3.875,4,4,0,60.0,Woman,Lower tertiary education degree (Bachelor's level),Native English speaker,A few times a month,3,4.0,False,False,False,False,False,False,False
6a1ebce36344944543760e59,ai-reliability,Reliability cards,1,0,1,2026-07-21T13:32:43.148449+00:00,5,41.66666666666667,12,51.583333333333336,51.8,51.42857142857143,0.37142857142856656,9.916666666666664,9.916666666666664,12.0,6.0,12.0,50.0,75.0,8.0,3.0,8.0,30.0,40.0,3.0,3.0,-4.0,-3.0,-4.0,29,2.4166666666666665,12,66.86206896551724,,34,34,36547,27697,0,0,0,,12,34,9,0,0,4928.133999824524,82.13556666374207,client task timestamps,77.5,0.625,1.5,-0.25,14.333333333333334,14.166666666666666,4.166666666666667,4.5,4,4,0,35.0,Man,Higher tertiary education degree (Master's level),Native English speaker,Several times a day,7,4.0,False,False,False,False,False,False,False
6a2005ef97f72a2148a5f52b,ai-reliability,Reliability cards,1,0,1,2026-07-21T13:38:22.780742+00:00,6,50.0,12,71.0,71.66666666666667,70.33333333333333,1.3333333333333428,21.0,21.0,7.0,7.0,8.0,51.0,51.0,6.0,3.0,6.0,50.0,50.0,0.0,0.0,-1.0,-4.0,-2.0,34,2.8333333333333335,12,64.1470588235294,,36,36,42184,33360,0,0,0,,12,36,17,0,0,2172.082999944687,36.201383332411446,client task timestamps,62.5,0.25,1.5,-1.0,9.166666666666666,9.666666666666666,3.0,2.5,4,4,0,30.0,Woman,Lower tertiary education degree (Bachelor's level),Native English speaker,About once a day,6,4.0,True,False,False,False,False,False,False
67e8289e4c317bd8072e7c96,ai-reliability,Reliability cards,1,0,1,2026-07-21T14:29:38.565520+00:00,6,50.0,12,59.25,65.33333333333333,53.166666666666664,12.166666666666664,9.25,9.25,8.0,5.0,7.0,40.0,70.0,7.0,4.0,4.0,40.0,65.0,1.0,1.0,-1.0,-1.0,-3.0,69,5.75,12,28.942028985507246,,78,78,54852,35356,0,0,0,,12,78,4,0,0,7353.59299993515,122.5598833322525,client task timestamps,70.0,-0.5,0.25,-1.25,10.0,9.833333333333334,4.5,2.75,4,4,0,56.0,Man,Lower tertiary education degree (Bachelor's level),Native English speaker,About once a day,6,3.0,False,False,False,False,False,False,False
6a1d8a523e6779817d014374,ai-reliability,Reliability cards,1,0,1,2026-07-21T14:57:49.145523+00:00,7,58.333333333333336,12,83.83333333333333,82.57142857142857,85.6,-3.028571428571425,25.499999999999993,25.499999999999993,10.0,3.0,8.0,18.0,2.0,10.0,6.0,5.0,20.0,0.0,3.0,3.0,0.0,3.0,-3.0,28,2.3333333333333335,12,60.857142857142854,,29,29,30229,24342,0,0,0,,12,29,10,0,0,1052.3280000686646,17.53880000114441,client task timestamps,77.5,-0.125,1.75,-2.0,6.666666666666667,8.5,2.6666666666666665,2.625,4,4,0,31.0,Woman,Lower tertiary education degree (Bachelor's level),Native English speaker,Several times a day,7,1.0,False,False,False,False,False,True,False
69f4765b9bfd320086f11f14,ai-reliability,Reliability cards,1,0,1,2026-07-16T11:03:50.906285+00:00,6,50.0,12,57.25,63.5,51.0,12.5,7.25,7.25,10.0,8.0,10.0,57.0,50.0,8.0,4.0,8.0,42.0,65.0,2.0,2.0,-2.0,-4.0,-2.0,17,1.4166666666666667,12,115.17647058823529,,18,18,22821,18352,0,0,0,,12,18,12,0,0,2932.845999956131,48.88076666593552,client task timestamps,55.0,-0.125,0.5,-0.75,10.5,10.333333333333334,3.3333333333333335,2.875,4,4,0,26.0,Woman,Lower tertiary education degree (Bachelor's level),Native English speaker,About once a week,4,3.0,False,False,False,False,False,False,False
69fd88994d71fdbe41dc06cb,ai-reliability,Reliability cards,1,0,1,2026-07-16T11:04:28.072851+00:00,5,41.66666666666667,12,58.583333333333336,54.2,61.714285714285715,-7.5142857142857125,16.916666666666664,16.916666666666664,4.0,6.0,2.0,40.0,50.0,6.0,3.0,4.0,36.0,41.0,1.0,1.0,2.0,-3.0,2.0,27,2.25,12,40.2962962962963,,30,30,19909,13456,0,0,0,,12,32,1,0,0,2538.3890001773834,42.30648333628972,client task timestamps,57.5,0.0,0.5,-0.5,12.166666666666666,10.666666666666666,4.166666666666667,2.125,4,4,0,30.0,Man,Higher tertiary education degree (Master's level),Native English speaker,A few times a month,3,5.0,False,False,False,False,False,False,False
6a04366fb4a4aa679e7dc1ba,ai-reliability,Reliability cards,1,0,1,2026-07-16T11:10:53.060383+00:00,7,58.333333333333336,12,68.16666666666667,73.57142857142857,60.6,12.971428571428568,9.833333333333336,9.833333333333336,6.0,2.0,12.0,40.0,30.0,6.0,3.0,9.0,60.0,53.0,-1.0,1.0,0.0,1.0,-3.0,17,1.4166666666666667,12,122.05882352941177,,18,18,20048,15943,0,0,0,,12,18,12,0,0,2537.3860001564026,42.28976666927338,client task timestamps,97.5,1.875,2.25,1.5,10.5,11.0,3.8333333333333335,3.875,4,4,0,31.0,Woman,Lower tertiary education degree (Bachelor's level),Native English speaker,A few times a week,5,4.0,False,False,False,False,False,False,False
6a0f23984ca40187cbf977c3,ai-reliability,Reliability cards,1,0,1,2026-07-16T12:06:56.045955+00:00,3,25.0,12,82.75,80.33333333333333,83.55555555555556,-3.2222222222222285,57.75,57.75,10.0,12.0,10.0,70.0,23.0,6.0,8.0,7.0,43.0,6.0,3.0,3.0,-4.0,-4.0,-3.0,16,1.3333333333333333,12,104.5,,20,20,36765,30687,0,0,0,,12,20,2,0,0,5499.87099981308,91.66451666355132,client task timestamps,45.0,-0.875,-0.25,-1.5,14.166666666666666,13.0,4.0,2.125,4,4,0,31.0,Man,Lower tertiary education degree (Bachelor's level),Fully fluent,Several times a day,7,1.0,False,False,False,False,False,False,False
69fd091c3ac967918648e10c,ai-reliability,Reliability cards,1,0,1,2026-07-16T12:12:56.933822+00:00,4,33.33333333333333,12,68.58333333333333,69.0,68.375,0.625,35.25,35.25,9.0,7.0,10.0,68.0,85.0,7.0,5.0,8.0,59.0,64.0,3.0,3.0,-2.0,-2.0,-2.0,12,1.0,12,130.41666666666666,,13,13,20511,18868,0,0,0,,12,14,1,0,0,2058.444999933243,34.307416665554044,client task timestamps,52.5,1.5,2.0,1.0,10.0,8.5,3.3333333333333335,3.75,3,4,1,35.0,Woman,Higher tertiary education degree (Master's level),Fully fluent,About once a day,6,3.0,False,False,False,False,False,False,False
59a3b1a35fd74b0001abf9c1,ai-reliability,Reliability cards,1,0,1,2026-07-17T10:54:49.339146+00:00,3,25.0,12,59.916666666666664,84.66666666666667,51.666666666666664,33.00000000000001,34.916666666666664,34.916666666666664,12.0,6.0,12.0,49.0,92.0,10.0,0.0,10.0,74.0,59.0,7.0,7.0,-2.0,-6.0,-2.0,22,1.8333333333333333,12,24.727272727272727,,24,24,19826,16189,0,0,0,,12,33,0,0,0,1433.736999988556,23.89561666647593,client task timestamps,100.0,3.0,3.0,3.0,7.833333333333333,9.666666666666666,3.3333333333333335,4.5,4,4,0,54.0,Woman,Lower tertiary education degree (Bachelor's level),Native English speaker,Several times a day,7,3.0,True,False,False,False,False,False,False
6a00c8a7e99da785c9fe6493,ai-reliability,Reliability cards,1,0,1,2026-07-17T11:18:15.031147+00:00,6,50.0,12,49.416666666666664,49.833333333333336,49.0,0.8333333333333357,-0.5833333333333357,0.5833333333333357,12.0,6.0,12.0,19.0,86.0,4.0,2.0,4.0,5.0,16.0,-2.0,2.0,-8.0,-4.0,-8.0,18,1.5,12,180.55555555555554,,20,20,15748,13346,0,0,0,,12,21,0,0,0,1728.1029999256134,28.80171666542689,client task timestamps,47.5,1.5,1.25,1.75,14.833333333333334,12.333333333333334,4.166666666666667,3.75,3,4,1,49.0,Man,Higher tertiary education degree (Master's level),Native English speaker,A few times a week,5,2.0,False,False,False,False,False,False,False
6a0b4fa8c69b7f8c74ef1238,ai-reliability,Reliability cards,1,0,1,2026-07-17T11:31:46.202210+00:00,4,33.33333333333333,12,91.83333333333333,99.5,88.0,11.5,58.5,58.5,12.0,6.0,12.0,70.0,50.0,10.0,7.0,8.0,73.0,50.0,6.0,6.0,-2.0,1.0,-4.0,21,1.75,12,76.95238095238095,,23,23,26430,22633,0,0,0,,12,24,3,0,0,2488.548000097275,41.475800001621245,client task timestamps,87.5,0.375,1.0,-0.25,8.166666666666666,8.0,3.3333333333333335,3.75,3,4,1,29.0,Woman,Lower tertiary education degree (Bachelor's level),Native English speaker,About once a day,6,5.0,True,False,False,False,False,False,False
6a0b003f6fd78e5df58d4c69,ai-reliability,Reliability cards,1,0,1,2026-07-17T11:54:21.509750+00:00,8,66.66666666666666,12,51.583333333333336,52.0,50.75,1.25,-15.083333333333321,15.083333333333321,10.0,8.0,10.0,13.0,15.0,8.0,4.0,6.0,0.0,10.0,0.0,0.0,-2.0,-4.0,-4.0,22,1.8333333333333333,12,94.9090909090909,,24,24,26349,22244,0,0,0,,12,24,11,0,0,3324.5390000343323,55.40898333390554,client task timestamps,72.5,0.375,1.25,-0.5,13.5,11.666666666666666,3.3333333333333335,3.25,4,4,0,45.0,Woman,Doctoral degree,Native English speaker,Several times a day,7,4.0,False,False,False,False,False,False,False
668d16ae27f1ad4461650742,ai-reliability,Reliability cards,1,0,1,2026-07-17T12:00:36.387342+00:00,5,41.66666666666667,12,100.0,100.0,100.0,0.0,58.33333333333333,58.33333333333333,12.0,12.0,12.0,80.0,0.0,12.0,12.0,6.0,75.0,0.0,7.0,7.0,0.0,0.0,-6.0,14,1.1666666666666667,12,113.21428571428571,,15,15,23986,20814,0,0,0,,12,15,10,0,0,2557.6319999694824,42.627199999491374,client task timestamps,65.0,1.25,2.0,0.5,7.833333333333333,10.333333333333334,4.833333333333333,1.625,4,4,0,38.0,Man,Vocational college degree,Native English speaker,About once a day,6,5.0,False,False,False,False,False,False,False
612a1e54112f947dc881398a,alternatives,Alternatives,2,0,1,2026-08-14T09:34:34.231838+00:00,3,25.0,12,81.08333333333333,86.33333333333333,79.33333333333333,7.0,56.08333333333333,56.08333333333333,12.0,8.0,6.0,50.0,78.0,8.0,6.0,8.0,40.0,71.0,5.0,5.0,-4.0,-2.0,2.0,12,1.0,12,154.33333333333334,1.0,13,25,47062,44396,2,13,12,1.0,0,0,0,0,0,1353.4570000171661,22.557616666952768,client task timestamps,85.0,1.0,2.0,0.0,9.166666666666666,10.666666666666666,3.0,4.125,4,4,0,27.0,Man,Lower tertiary education degree (Bachelor's level),Native English speaker,About once a day,6,3.0,False,False,False,False,False,False,False
6a023f4680391bcad5d12a8e,alternatives,Alternatives,2,0,1,2026-08-14T09:41:07.476465+00:00,9,75.0,12,59.166666666666664,60.77777777777778,54.333333333333336,6.444444444444443,-15.833333333333336,15.833333333333336,10.0,8.0,10.0,36.0,71.0,8.0,3.0,8.0,50.0,66.0,-1.0,1.0,-2.0,-5.0,-2.0,12,1.0,12,134.16666666666666,1.0,13,25,40920,35772,0,13,12,1.0,0,0,0,0,0,1868.6749999523163,31.144583332538605,client task timestamps,65.0,0.75,1.5,0.0,9.0,8.5,3.0,3.375,3,4,1,35.0,Man,Lower tertiary education degree (Bachelor's level),Native English speaker,About once a week,4,2.0,False,False,False,False,False,False,False
5b0f27321e55760001b9a8a5,alternatives,Alternatives,2,0,1,2026-08-14T09:47:53.893939+00:00,4,33.33333333333333,12,76.75,86.0,72.125,13.875,43.41666666666667,43.41666666666667,12.0,6.0,12.0,63.0,88.0,10.0,2.0,10.0,68.0,71.0,6.0,6.0,-2.0,-4.0,-2.0,18,1.5,12,90.33333333333333,0.8333333333333334,22,40,56630,49724,0,19,12,1.0,0,0,0,0,0,2282.4589998722076,38.04098333120346,client task timestamps,75.0,1.125,1.25,1.0,10.833333333333334,10.0,3.8333333333333335,3.0,4,4,0,45.0,Woman,Lower tertiary education degree (Bachelor's level),Native English speaker,Several times a day,7,5.0,False,False,False,False,False,False,False
6a05af046f4fff8e7c4bf65f,alternatives,Alternatives,2,0,1,2026-08-14T09:52:53.798113+00:00,3,25.0,12,86.25,94.66666666666667,83.44444444444444,11.222222222222229,61.25,61.25,12.0,10.0,9.0,71.0,55.0,10.0,8.0,9.0,79.0,75.0,7.0,7.0,-2.0,-2.0,0.0,17,1.4166666666666667,12,90.70588235294117,0.8235294117647058,19,36,60912,52339,2,17,12,1.0,0,0,0,0,0,2689.0520000457764,44.817533334096275,client task timestamps,82.5,0.25,1.25,-0.75,8.666666666666666,10.166666666666666,4.166666666666667,3.25,4,4,0,29.0,Woman,Lower tertiary education degree (Bachelor's level),Native English speaker,A few times a week,5,4.0,False,False,False,False,False,False,False
5c0f6121a166d700013881ec,alternatives,Alternatives,2,0,1,2026-08-14T09:54:07.161532+00:00,8,66.66666666666666,12,78.75,74.75,86.75,-12.0,12.083333333333343,12.083333333333343,10.0,8.0,7.0,80.0,51.0,6.0,4.0,5.0,30.0,40.0,-2.0,2.0,-4.0,-4.0,-2.0,21,1.75,12,115.38095238095238,1.0,24,45,88057,74167,0,15,12,1.0,0,0,0,0,0,2650.753000020981,44.17921666701635,client task timestamps,75.0,0.5,1.0,0.0,8.333333333333334,8.166666666666666,3.1666666666666665,3.5,4,4,0,34.0,Man,Lower tertiary education degree (Bachelor's level),Fully fluent,Several times a day,7,5.0,False,False,False,False,False,False,False
6a14f818ca7d49f469ab3163,alternatives,Alternatives,2,0,1,2026-08-14T09:55:49.725148+00:00,2,16.666666666666664,12,85.58333333333333,95.5,83.6,11.900000000000006,68.91666666666666,68.91666666666666,10.0,6.0,12.0,41.0,21.0,8.0,3.0,6.0,31.0,71.0,6.0,6.0,-2.0,-3.0,-6.0,18,1.5,12,112.55555555555556,1.0,19,37,74506,64234,3,14,13,1.0,0,0,0,0,0,2898.5889999866486,48.30981666644414,client task timestamps,80.0,1.5,1.25,1.75,10.0,10.833333333333334,3.6666666666666665,3.625,4,4,0,45.0,Man,Upper secondary school / High school,Native English speaker,Several times a day,7,5.0,False,False,False,False,False,False,False
69f1386d8f8e9af4ec5759a7,alternatives,Alternatives,2,0,1,2026-08-14T10:14:52.635672+00:00,4,33.33333333333333,12,62.916666666666664,74.5,57.125,17.375,29.583333333333336,29.583333333333336,8.0,6.0,9.0,50.0,70.0,8.0,7.0,9.0,30.0,67.0,4.0,4.0,0.0,1.0,0.0,32,2.6666666666666665,12,76.40625,0.0625,34,66,41176,24036,0,34,2,1.0,0,0,0,0,0,3797.4079999923706,63.29013333320618,client task timestamps,72.5,0.375,0.5,0.25,9.0,10.166666666666666,3.5,3.125,4,4,0,30.0,Woman,Lower tertiary education degree (Bachelor's level),Native English speaker,About once a day,6,3.0,False,False,False,False,False,False,False
61472242d56808cc5a4c94d9,alternatives,Alternatives,2,0,1,2026-08-14T10:18:37.848576+00:00,4,33.33333333333333,12,85.83333333333333,91.25,83.125,8.125,52.5,52.5,8.0,5.0,12.0,45.0,40.0,6.0,3.0,6.0,51.0,48.0,2.0,2.0,-2.0,-2.0,-6.0,15,1.25,12,133.86666666666667,0.6666666666666666,16,30,40543,34253,0,14,8,1.0,0,0,0,0,0,2971.5609998703003,49.52601666450501,client task timestamps,80.0,0.5,0.75,0.25,12.5,15.666666666666666,3.5,2.375,4,4,0,32.0,Woman,Upper secondary school / High school,Native English speaker,Less than once a month,2,3.0,False,False,False,False,False,False,False
6a06ee4535f3599505bc54f6,alternatives,Alternatives,2,0,1,2026-08-14T10:29:01.206465+00:00,3,25.0,12,40.5,54.0,36.0,18.0,15.5,15.5,6.0,3.0,10.0,,,3.0,1.0,10.0,30.0,50.0,0.0,0.0,-3.0,-2.0,0.0,19,1.5833333333333333,12,88.3157894736842,0.8421052631578947,21,40,47337,41204,0,17,12,1.0,0,0,0,0,0,2354.8359999656677,39.24726666609446,client task timestamps,95.0,2.0,1.5,2.5,10.166666666666666,9.666666666666666,5.0,4.0,4,4,0,32.0,Man,Lower tertiary education degree (Bachelor's level),Native English speaker,Several times a day,7,5.0,False,False,False,False,False,False,False
59d6165050f88f000161e951,alternatives,Alternatives,2,0,1,2026-08-14T10:35:28.245261+00:00,4,33.33333333333333,12,88.08333333333333,89.25,87.5,1.75,54.75,54.75,12.0,5.0,12.0,63.0,81.0,9.0,8.0,8.0,46.0,52.0,5.0,5.0,-3.0,3.0,-4.0,13,1.0833333333333333,12,78.46153846153847,0.9230769230769231,15,26,19946,16383,0,15,12,1.0,0,0,0,0,0,583.8320000171661,9.730533333619436,client task timestamps,62.5,0.625,1.25,0.0,2.6666666666666665,4.5,2.3333333333333335,3.125,4,4,0,32.0,Woman,Higher tertiary education degree (Master's level),Native English speaker,About once a day,6,2.0,False,False,False,False,True,False,True
6a01ff6376140a39df37af06,alternatives,Alternatives,2,0,1,2026-08-14T10:48:51.531757+00:00,6,50.0,12,68.33333333333333,62.0,74.66666666666667,-12.666666666666671,18.33333333333333,18.33333333333333,8.0,8.0,10.0,50.0,50.0,8.0,10.0,6.0,53.0,60.0,2.0,2.0,0.0,2.0,-4.0,38,3.1666666666666665,12,100.13157894736842,0.868421052631579,39,77,87569,63530,0,18,12,1.0,0,0,0,0,0,5024.858999967575,83.74764999945958,client task timestamps,57.5,1.375,1.5,1.25,16.0,16.5,4.333333333333333,3.75,4,4,0,65.0,Man,Higher tertiary education degree (Master's level),Native English speaker,Several times a day,7,5.0,False,False,False,False,False,False,False
69ee224d4896c8720f0ed466,alternatives,Alternatives,2,0,1,2026-08-14T10:55:51.839415+00:00,7,58.333333333333336,12,48.333333333333336,48.857142857142854,47.6,1.2571428571428527,-10.0,10.0,6.0,0.0,0.0,,,7.0,0.0,0.0,49.0,53.0,0.0,0.0,1.0,0.0,0.0,34,2.8333333333333335,12,132.52941176470588,0.6470588235294118,36,70,83190,69827,0,26,12,1.0,0,0,0,0,0,1976.367999792099,32.93946666320165,client task timestamps,77.5,0.0,0.0,0.0,10.666666666666666,8.5,4.666666666666667,3.25,4,4,0,51.0,Man,Lower tertiary education degree (Bachelor's level),Native English speaker,Several times a day,7,4.0,False,False,False,False,False,False,False
6a0b2039dd72f88d56961a7c,alternatives,Alternatives,2,0,1,2026-08-14T11:10:02.774329+00:00,6,50.0,12,73.33333333333333,78.83333333333333,67.83333333333333,11.0,23.33333333333333,23.33333333333333,10.0,2.0,10.0,20.0,80.0,7.0,1.0,5.0,25.0,75.0,1.0,1.0,-3.0,-1.0,-5.0,67,5.583333333333333,12,77.46268656716418,0.7313432835820896,69,136,183893,158929,11,31,11,1.0,0,0,0,0,0,3126.9049999713898,52.11508333285649,client task timestamps,97.5,1.75,3.0,0.5,6.333333333333333,7.5,2.8333333333333335,3.125,4,4,0,43.0,Man,Lower tertiary education degree (Bachelor's level),Native English speaker,Less than once a month,2,5.0,False,False,False,False,False,False,False
603ceb8f82d6b0a88e6cb99a,alternatives,Alternatives,2,0,1,2026-08-14T11:22:37.599262+00:00,4,33.33333333333333,12,68.41666666666667,75.0,65.125,9.875,35.08333333333334,35.08333333333334,10.0,5.0,12.0,63.0,75.0,9.0,5.0,10.0,54.0,58.0,5.0,5.0,-1.0,0.0,-2.0,25,2.0833333333333335,12,173.56,0.52,27,52,51256,41626,0,26,12,1.0,0,0,0,0,0,1100.5579998493195,18.34263333082199,client task timestamps,85.0,1.0,1.0,1.0,3.5,5.666666666666667,1.0,4.0,4,4,0,55.0,Woman,Lower tertiary education degree (Bachelor's level),Native English speaker,Several times a day,7,1.0,False,False,False,False,False,False,False
6a04a03cd33b0d59049eb5fa,alternatives,Alternatives,2,0,1,2026-08-14T11:27:27.759420+00:00,4,33.33333333333333,12,56.583333333333336,58.0,55.875,2.125,23.250000000000007,23.250000000000007,7.0,8.0,7.0,60.0,40.0,6.0,5.0,4.0,39.0,24.0,2.0,2.0,-1.0,-3.0,-3.0,13,1.0833333333333333,12,122.38461538461539,1.0,14,27,51631,45591,0,13,12,1.0,0,0,0,0,0,1296.0840001106262,21.60140000184377,client task timestamps,52.5,-0.25,0.25,-0.75,10.833333333333334,9.0,4.0,1.75,4,4,0,21.0,Woman,Higher tertiary education degree (Master's level),Native English speaker,Never,1,3.0,False,False,False,False,False,False,False
69fedf9f76ae1cce5911453a,alternatives,Alternatives,2,0,1,2026-08-14T12:01:31.155666+00:00,8,66.66666666666666,12,64.33333333333333,73.0,47.0,26.0,-2.3333333333333286,2.3333333333333286,7.0,2.0,7.0,67.0,58.0,10.0,9.0,9.0,73.0,68.0,2.0,2.0,3.0,7.0,2.0,23,1.9166666666666667,12,159.8695652173913,0.7391304347826086,25,48,73685,64405,8,19,11,1.0,0,0,0,0,0,1642.0139999389648,27.36689999898275,client task timestamps,72.5,2.125,1.75,2.5,10.5,12.0,3.0,4.125,4,4,0,32.0,Man,Higher tertiary education degree (Master's level),Native English speaker,A few times a month,3,4.0,False,False,False,False,False,False,False
6a08d7ebd6444314bbbf1112,alternatives,Alternatives,2,0,1,2026-08-14T12:02:52.193562+00:00,5,41.66666666666667,12,88.75,88.4,89.0,-0.5999999999999943,47.08333333333333,47.08333333333333,12.0,3.0,12.0,85.0,80.0,8.0,2.0,8.0,80.0,85.0,3.0,3.0,-4.0,-1.0,-4.0,18,1.5,12,160.0,0.9444444444444444,20,38,62322,52690,0,15,12,1.0,0,0,0,0,0,1903.2179999351501,31.72029999891917,client task timestamps,100.0,2.0,3.0,1.0,2.6666666666666665,3.8333333333333335,5.0,3.625,4,4,0,37.0,Man,Lower tertiary education degree (Bachelor's level),Native English speaker,Several times a day,7,4.0,False,False,False,False,False,False,False
6601a00c30582f248a36232c,alternatives,Alternatives,2,0,1,2026-08-14T12:03:36.345141+00:00,3,25.0,12,83.25,94.0,79.66666666666667,14.333333333333329,58.25,58.25,12.0,6.0,12.0,71.0,86.0,9.0,2.0,10.0,67.0,60.0,6.0,6.0,-3.0,-4.0,-2.0,14,1.1666666666666667,12,128.71428571428572,0.9285714285714286,15,29,38272,33270,2,14,12,1.0,0,0,0,0,0,3427.231000185013,57.12051666975022,client task timestamps,72.5,1.875,2.25,1.5,9.333333333333334,10.833333333333334,3.6666666666666665,4.375,4,4,0,43.0,Woman,Lower tertiary education degree (Bachelor's level),Fully fluent,Several times a day,7,5.0,False,False,False,False,False,False,False
5cacc30ef7db0100175998e7,alternatives,Alternatives,2,0,1,2026-08-14T12:05:30.324989+00:00,5,41.66666666666667,12,58.5,48.8,65.42857142857143,-16.628571428571433,16.83333333333333,16.83333333333333,11.0,0.0,0.0,17.0,71.0,4.0,4.0,3.0,21.0,21.0,-1.0,1.0,-7.0,4.0,3.0,17,1.4166666666666667,12,102.76470588235294,0.7058823529411765,19,36,56393,46513,0,18,11,1.0,0,0,0,0,0,1278.3020000457764,21.305033334096272,client task timestamps,12.5,0.25,0.75,-0.25,6.0,3.8333333333333335,4.0,2.625,3,4,1,26.0,Man,Lower tertiary education degree (Bachelor's level),Native English speaker,About once a day,6,3.0,False,False,False,False,False,False,False
69ed80361ac67e060ad6e85e,alternatives,Alternatives,2,0,1,2026-08-14T12:13:45.508674+00:00,8,66.66666666666666,12,77.58333333333333,76.625,79.5,-2.875,10.916666666666671,10.916666666666671,9.0,6.0,8.0,60.0,70.0,10.0,6.0,8.0,70.0,60.0,2.0,2.0,1.0,0.0,0.0,30,2.5,12,147.06666666666666,0.6,32,62,69843,63861,0,26,12,1.0,0,0,0,0,0,4331.129999876022,72.1854999979337,client task timestamps,72.5,1.25,0.75,1.75,9.666666666666666,11.5,3.5,3.625,4,4,0,41.0,Man,Lower tertiary education degree (Bachelor's level),Fully fluent,About once a day,6,5.0,False,False,False,False,False,False,False
66ef7a5b05edfd0f5bed68a6,alternatives,Alternatives,2,0,1,2026-08-14T12:17:20.514248+00:00,5,41.66666666666667,12,66.41666666666667,63.6,68.42857142857143,-4.828571428571429,24.75,24.75,10.0,5.0,8.0,35.0,50.0,6.0,3.0,8.0,20.0,65.0,1.0,1.0,-4.0,-2.0,0.0,15,1.25,12,106.73333333333333,0.8,17,32,54368,46985,0,17,12,1.0,0,0,0,0,0,1518.7979998588562,25.313299997647604,client task timestamps,62.5,-0.125,0.25,-0.5,11.666666666666666,12.5,2.0,2.5,4,4,0,32.0,Woman,Vocational college degree,Native English speaker,About once a week,4,2.0,False,False,False,False,False,False,False
68123a73ba06c472ccd5edb8,alternatives,Alternatives,2,0,1,2026-08-14T12:24:02.976763+00:00,5,41.66666666666667,12,82.16666666666667,89.4,77.0,12.400000000000006,40.5,40.5,11.0,8.0,11.0,71.0,86.0,10.0,6.0,10.0,66.0,75.0,5.0,5.0,-1.0,-2.0,-1.0,17,1.4166666666666667,12,167.2941176470588,1.0,18,35,56073,47369,0,13,12,1.0,0,0,0,0,0,2161.077000141144,36.0179500023524,client task timestamps,85.0,1.875,2.25,1.5,9.0,10.166666666666666,2.6666666666666665,3.25,4,4,0,46.0,Woman,Higher tertiary education degree (Master's level),Native English speaker,About once a day,6,4.0,False,False,False,False,False,False,False
5fb281433a31c686f0ec3ecb,alternatives,Alternatives,2,0,1,2026-08-14T12:32:49.188015+00:00,4,33.33333333333333,12,43.583333333333336,66.5,32.125,34.375,10.250000000000007,10.250000000000007,12.0,3.0,12.0,77.0,76.0,7.0,4.0,7.0,51.0,69.0,3.0,3.0,-5.0,1.0,-5.0,16,1.3333333333333333,12,72.5625,0.875,19,35,52821,47223,0,17,12,1.0,0,0,0,0,0,1029.1070001125336,17.151783335208894,client task timestamps,60.0,-0.125,-0.25,0.0,4.666666666666667,4.166666666666667,3.0,3.25,4,4,0,50.0,Man,Lower tertiary education degree (Bachelor's level),Native English speaker,A few times a week,5,3.0,False,False,False,False,False,False,False
66e1961788c0c89fa75ecb42,alternatives,Alternatives,2,0,1,2026-08-14T13:11:14.584637+00:00,5,41.66666666666667,12,45.5,44.6,46.142857142857146,-1.5428571428571445,3.8333333333333286,3.8333333333333286,10.0,6.0,9.0,79.0,87.0,6.0,3.0,2.0,33.0,29.0,1.0,1.0,-4.0,-3.0,-7.0,15,1.25,12,110.06666666666666,0.8666666666666667,17,32,44188,40031,0,14,10,1.0,0,0,0,0,0,2326.513000011444,38.7752166668574,client task timestamps,47.5,0.0,0.0,0.0,13.0,12.5,3.6666666666666665,2.5,3,4,1,49.0,Woman,Lower tertiary education degree (Bachelor's level),Native English speaker,Several times a day,7,4.0,False,False,False,False,False,False,False
6a05ee899cecc3b8b6d7f6a9,alternatives,Alternatives,2,0,1,2026-08-14T13:22:42.312325+00:00,6,50.0,12,98.5,99.33333333333333,97.66666666666667,1.6666666666666572,48.5,48.5,12.0,10.0,11.0,81.0,81.0,12.0,6.0,8.0,83.0,75.0,6.0,6.0,0.0,-4.0,-3.0,58,4.833333333333333,12,47.810344827586206,0.8103448275862069,61,110,97457,72102,3,27,13,1.0,0,0,0,0,0,4311.338999986649,71.85564999977747,client task timestamps,62.5,0.625,0.75,0.5,13.0,16.166666666666668,4.166666666666667,3.875,4,4,0,36.0,Man,Doctoral degree,Fully fluent,Several times a day,7,5.0,False,False,False,False,False,False,False
6a09d6941d61d7f9899ff0ac,alternatives,Alternatives,2,0,1,2026-08-14T13:26:16.515122+00:00,5,41.66666666666667,12,76.66666666666667,91.4,66.14285714285714,25.257142857142867,35.0,35.0,9.0,4.0,10.0,7.0,50.0,6.0,3.0,4.0,25.0,31.0,1.0,1.0,-3.0,-1.0,-6.0,28,2.3333333333333335,12,52.464285714285715,0.17857142857142858,29,46,28226,15975,3,27,3,1.0,0,0,0,0,0,4286.543999910355,71.4423999985059,client task timestamps,87.5,1.25,0.5,2.0,9.333333333333334,9.5,2.3333333333333335,2.625,4,4,0,30.0,Non-binary,Lower tertiary education degree (Bachelor's level),Fully fluent,About once a week,4,4.0,False,False,False,False,False,False,False
6a491aa7aaf10918bfb6954d,alternatives,Alternatives,2,0,1,2026-08-16T15:57:12.906772+00:00,4,33.33333333333333,12,42.5,48.5,39.5,9.0,9.166666666666671,9.166666666666671,10.0,6.0,2.0,44.0,54.0,7.0,3.0,3.0,30.0,43.0,3.0,3.0,-3.0,-3.0,1.0,13,1.0833333333333333,12,337.7692307692308,1.0,14,25,42389,36704,0,13,12,1.0,0,0,0,0,0,1037.9969999790192,17.29994999965032,client task timestamps,50.0,0.0,0.0,0.0,9.5,8.333333333333334,3.0,3.0,4,4,0,24.0,Man,Vocational college degree,Fully fluent,About once a day,6,3.0,False,False,False,False,False,False,False
6a2be100ca70eb388aa5dee3,alternatives,Alternatives,2,0,1,2026-08-16T15:58:55.995468+00:00,5,41.66666666666667,12,44.416666666666664,45.2,43.857142857142854,1.3428571428571487,2.749999999999993,2.749999999999993,10.0,5.0,12.0,50.0,63.0,10.0,5.0,12.0,23.0,66.0,5.0,5.0,0.0,0.0,0.0,12,1.0,12,127.91666666666667,1.0,13,25,42345,38883,0,13,12,1.0,0,0,0,0,0,1410.7780001163483,23.512966668605806,client task timestamps,85.0,0.5,1.75,-0.75,3.6666666666666665,5.166666666666667,2.8333333333333335,3.75,4,4,0,24.0,Woman,Upper secondary school / High school,Native English speaker,A few times a week,5,1.0,False,False,False,False,False,False,False
5f84e472052cf81ae5752252,alternatives,Alternatives,2,0,1,2026-08-16T16:13:27.051413+00:00,3,25.0,12,47.833333333333336,50.333333333333336,47.0,3.3333333333333357,22.833333333333336,22.833333333333336,6.0,6.0,6.0,61.0,47.0,6.0,2.0,6.0,53.0,66.0,3.0,3.0,0.0,-4.0,0.0,16,1.3333333333333333,12,100.4375,0.8125,18,34,51598,44210,0,17,12,1.0,0,0,0,0,0,2161.848000049591,36.03080000082652,client task timestamps,47.5,-1.5,-0.5,-2.5,12.0,9.833333333333334,3.1666666666666665,2.125,4,4,0,35.0,Woman,Higher tertiary education degree (Master's level),Native English speaker,Less than once a month,2,4.0,False,False,False,False,False,False,False
5fb3eee93064870009d4ed30,alternatives,Alternatives,2,0,1,2026-08-16T16:16:04.339142+00:00,5,41.66666666666667,12,82.25,99.8,69.71428571428571,30.08571428571429,40.58333333333333,40.58333333333333,10.0,2.0,6.0,76.0,48.0,8.0,0.0,6.0,74.0,27.0,3.0,3.0,-2.0,-2.0,0.0,25,2.0833333333333335,12,77.2,1.0,31,56,64458,60540,0,18,12,1.0,0,0,0,0,0,2510.332000017166,41.83886666695277,client task timestamps,95.0,1.25,3.0,-0.5,6.333333333333333,7.5,3.5,4.5,4,4,0,68.0,Woman,Lower tertiary education degree (Bachelor's level),Native English speaker,Several times a day,7,5.0,False,False,False,False,False,False,False
629dd4199343d7710fcdb39c,alternatives,Alternatives,2,0,1,2026-08-16T16:19:37.884690+00:00,7,58.333333333333336,12,75.5,81.0,67.8,13.200000000000003,17.166666666666664,17.166666666666664,6.0,6.0,2.0,50.0,33.0,6.0,4.0,7.0,28.0,34.0,-1.0,1.0,0.0,-2.0,5.0,15,1.25,12,106.73333333333333,0.8,16,31,44761,37138,0,16,12,1.0,0,0,0,0,0,1754.4900000095367,29.241500000158947,client task timestamps,47.5,-0.75,0.5,-2.0,12.333333333333334,10.833333333333334,4.5,1.25,4,4,0,34.0,Man,Higher tertiary education degree (Master's level),Native English speaker,Never,1,4.0,False,False,False,False,False,False,False
5c5ff87f8c0552000109d7de,alternatives,Alternatives,2,0,1,2026-08-16T16:22:32.573358+00:00,6,50.0,12,41.5,46.5,36.5,10.0,-8.5,8.5,9.0,5.0,8.0,70.0,50.0,6.0,1.0,7.0,40.0,48.0,0.0,0.0,-3.0,-4.0,-1.0,20,1.6666666666666667,12,137.9,0.9,22,42,59211,49309,2,17,13,1.0,0,0,0,0,0,2638.9850001335144,43.983083335558575,client task timestamps,47.5,-0.875,-0.5,-1.25,15.5,15.333333333333334,1.1666666666666667,1.625,4,4,0,33.0,Woman,Upper secondary school / High school,Native English speaker,About once a day,6,2.0,False,False,False,False,False,False,False
6a25b8b3be3afd2e1c895f96,alternatives,Alternatives,2,0,1,2026-08-16T16:22:45.508178+00:00,5,41.66666666666667,12,49.083333333333336,38.0,57.0,-19.0,7.416666666666664,7.416666666666664,10.0,5.0,10.0,51.0,52.0,4.0,2.0,5.0,24.0,19.0,-1.0,1.0,-6.0,-3.0,-5.0,21,1.75,12,122.47619047619048,1.0,22,43,70530,60912,6,13,12,1.0,0,0,0,0,0,2698.0350000858307,44.967250001430514,client task timestamps,15.0,-2.0,-2.75,-1.25,12.833333333333334,11.0,3.8333333333333335,1.0,4,4,0,32.0,Woman,Lower tertiary education degree (Bachelor's level),Native English speaker,Several times a day,7,3.0,False,False,False,False,False,False,False
5f1f36c5321e4e10385f1ad8,alternatives,Alternatives,2,0,1,2026-08-16T16:42:58.367711+00:00,4,33.33333333333333,12,36.333333333333336,46.75,31.125,15.625,3.000000000000007,3.000000000000007,6.0,6.0,6.0,,,4.0,0.0,6.0,32.0,48.0,0.0,0.0,-2.0,-6.0,0.0,12,1.0,12,131.41666666666666,1.0,14,26,45759,40951,0,14,12,1.0,0,0,0,0,0,1535.1210000514984,25.585350000858305,client task timestamps,67.5,0.625,1.0,0.25,13.833333333333334,12.666666666666666,4.333333333333333,2.625,4,4,0,38.0,Woman,Lower tertiary education degree (Bachelor's level),Native English speaker,A few times a week,5,5.0,False,False,False,False,False,False,False
6a207b2c1a84a11c40e28dd0,alternatives,Alternatives,2,0,1,2026-08-16T16:44:37.659192+00:00,4,33.33333333333333,12,61.416666666666664,58.0,63.125,-5.125,28.083333333333336,28.083333333333336,10.0,8.0,10.0,86.0,77.0,8.0,4.0,8.0,73.0,82.0,4.0,4.0,-2.0,-4.0,-2.0,15,1.25,12,105.53333333333333,0.8,17,32,40977,33745,0,17,12,1.0,0,0,0,0,0,1295.7859997749329,21.596433329582215,client task timestamps,45.0,0.0,0.0,0.0,10.833333333333334,11.333333333333334,2.8333333333333335,3.5,4,4,0,32.0,Woman,Higher tertiary education degree (Master's level),Fully fluent,A few times a week,5,4.0,False,False,False,False,False,False,False
659d52af923c07a8e1aac79a,alternatives,Alternatives,2,0,1,2026-08-16T16:53:33.077399+00:00,3,25.0,12,51.0,56.0,49.333333333333336,6.666666666666664,26.0,26.0,12.0,6.0,12.0,55.0,100.0,6.0,0.0,12.0,100.0,100.0,3.0,3.0,-6.0,-6.0,0.0,12,1.0,12,3.5,0.0,13,25,3438,199,0,13,0,0.05555555555555555,0,0,0,0,0,1167.1189999580383,19.451983332633972,client task timestamps,55.0,3.0,3.0,3.0,17.666666666666668,17.5,3.0,4.375,4,4,0,47.0,Woman,Vocational college degree,Native English speaker,Several times a day,7,5.0,False,False,False,False,False,False,False
63e8a4efd541d6d1d3f2bb89,alternatives,Alternatives,2,0,1,2026-08-16T17:05:59.281380+00:00,5,41.66666666666667,12,78.08333333333333,87.6,71.28571428571429,16.314285714285703,36.41666666666666,36.41666666666666,11.0,10.0,10.0,41.0,39.0,8.0,5.0,8.0,38.0,51.0,3.0,3.0,-3.0,-5.0,-2.0,32,2.6666666666666665,12,138.25,0.09375,35,59,36426,28754,0,33,1,1.0,0,0,0,0,0,4353.668999910355,72.56114999850591,client task timestamps,50.0,0.0,0.0,0.0,12.0,11.833333333333334,4.5,2.125,4,4,0,32.0,Woman,Lower tertiary education degree (Bachelor's level),Native English speaker,About once a day,6,4.0,False,False,False,False,False,False,False
6551469abe377d3646c6cd6e,alternatives,Alternatives,2,0,1,2026-08-16T17:12:43.444283+00:00,6,50.0,12,59.083333333333336,64.16666666666667,54.0,10.166666666666671,9.083333333333336,9.083333333333336,7.0,2.0,8.0,,,6.0,3.0,9.0,34.0,64.0,0.0,0.0,-1.0,1.0,1.0,14,1.1666666666666667,12,319.85714285714283,0.9285714285714286,18,32,49599,43433,0,17,12,1.0,0,0,0,0,0,959.1280000209808,15.985466667016347,client task timestamps,67.5,0.875,0.75,1.0,8.166666666666666,7.666666666666667,1.6666666666666667,3.75,4,4,0,25.0,Man,Lower tertiary education degree (Bachelor's level),Native English speaker,Several times a day,7,3.0,False,False,False,False,False,False,False
63e5412532b6ef655b596338,alternatives,Alternatives,2,0,1,2026-08-16T17:12:54.789717+00:00,3,25.0,12,48.833333333333336,38.0,52.44444444444444,-14.444444444444443,23.833333333333336,23.833333333333336,7.0,3.0,5.0,38.0,75.0,4.0,0.0,6.0,13.0,69.0,1.0,1.0,-3.0,-3.0,1.0,14,1.1666666666666667,12,92.5,1.0,16,30,37086,35275,0,14,12,1.0,0,0,0,0,0,1509.8320000171661,25.163866666952767,client task timestamps,67.5,-0.125,0.75,-1.0,9.5,9.333333333333334,2.1666666666666665,2.625,4,4,0,30.0,Man,Vocational college degree,Native English speaker,Several times a day,7,2.0,False,False,False,False,False,False,False
6a01c1a9359a62df3c7e44cb,alternatives,Alternatives,2,0,1,2026-08-16T17:14:17.279943+00:00,6,50.0,12,100.0,100.0,100.0,0.0,50.0,50.0,10.0,8.0,9.0,79.0,91.0,10.0,8.0,7.0,83.0,82.0,4.0,4.0,0.0,0.0,-2.0,31,2.5833333333333335,12,145.2258064516129,0.7419354838709677,33,64,76890,64485,0,22,12,1.0,0,0,0,0,0,2145.808000087738,35.76346666812897,client task timestamps,80.0,1.75,2.0,1.5,8.333333333333334,9.5,4.0,3.5,4,4,0,45.0,Man,Vocational college degree,Native English speaker,About once a day,6,4.0,False,False,False,False,False,False,False
6a105589ebb19a9c0de90949,alternatives,Alternatives,2,0,1,2026-08-16T17:15:00.516805+00:00,3,25.0,12,93.33333333333333,99.0,91.44444444444444,7.555555555555557,68.33333333333333,68.33333333333333,10.0,5.0,12.0,91.0,85.0,9.0,4.0,10.0,85.0,90.0,6.0,6.0,-1.0,-1.0,-2.0,46,3.8333333333333335,12,127.52173913043478,0.8695652173913043,49,95,111291,88386,0,21,12,1.0,0,0,0,0,0,3075.815999984741,51.263599999745686,client task timestamps,85.0,0.0,0.0,0.0,9.666666666666666,11.5,3.6666666666666665,3.5,4,4,0,44.0,Man,Higher tertiary education degree (Master's level),Fully fluent,Several times a day,7,4.0,False,False,False,False,False,False,False
5aafe2a9fb22320001babb3a,alternatives,Alternatives,2,0,1,2026-08-16T17:16:05.615131+00:00,6,50.0,12,72.08333333333333,70.0,74.16666666666667,-4.166666666666671,22.08333333333333,22.08333333333333,9.0,8.0,8.0,33.0,43.0,6.0,4.0,6.0,43.0,40.0,0.0,0.0,-3.0,-4.0,-2.0,17,1.4166666666666667,12,141.94117647058823,1.0,18,35,43870,38173,0,13,12,1.0,0,0,0,0,0,2290.0750000476837,38.1679166674614,client task timestamps,67.5,0.375,0.0,0.75,6.333333333333333,8.833333333333334,3.5,3.25,4,4,0,32.0,Man,Lower tertiary education degree (Bachelor's level),Native English speaker,A few times a week,5,3.0,False,False,False,False,False,False,False
6a15d35d97c9ae5e06f572af,alternatives,Alternatives,2,0,1,2026-08-16T17:21:44.614816+00:00,5,41.66666666666667,12,96.0,95.4,96.42857142857143,-1.028571428571425,54.33333333333333,54.33333333333333,10.0,12.0,12.0,100.0,94.0,12.0,12.0,12.0,95.0,85.0,7.0,7.0,2.0,0.0,0.0,27,2.25,12,171.7037037037037,0.5185185185185185,29,56,56235,47461,0,27,12,1.0,0,0,0,0,0,2339.845999956131,38.997433332602185,client task timestamps,77.5,2.25,2.5,2.0,8.0,10.5,4.166666666666667,3.5,3,4,1,31.0,Man,Higher tertiary education degree (Master's level),Native English speaker,Several times a day,7,5.0,False,False,False,False,False,False,False
69f10174456b2d60465d8350,alternatives,Alternatives,2,0,1,2026-08-16T17:27:16.520191+00:00,7,58.333333333333336,12,56.75,66.57142857142857,43.0,23.57142857142857,-1.5833333333333357,1.5833333333333357,12.0,5.0,12.0,50.0,53.0,9.0,2.0,9.0,30.0,60.0,2.0,2.0,-3.0,-3.0,-3.0,23,1.9166666666666667,12,134.04347826086956,0.6521739130434783,25,46,55364,40201,0,22,12,1.0,0,0,0,0,0,2673.3389999866486,44.55564999977748,client task timestamps,85.0,1.25,0.75,1.75,11.166666666666666,14.333333333333334,4.833333333333333,4.125,4,4,0,48.0,Man,Vocational college degree,Native English speaker,Several times a day,7,5.0,False,False,False,False,False,False,False
6a58b015795466b0e827a675,alternatives,Alternatives,2,0,1,2026-08-16T17:27:25.230921+00:00,5,41.66666666666667,12,97.0,100.0,94.85714285714286,5.142857142857139,55.33333333333333,55.33333333333333,12.0,10.0,12.0,63.0,63.0,7.0,3.0,10.0,43.0,40.0,2.0,2.0,-5.0,-7.0,-2.0,30,2.5,12,151.46666666666667,0.6666666666666666,32,62,65192,54241,0,24,12,1.0,0,0,0,0,0,3015.390000104904,50.2565000017484,client task timestamps,75.0,1.0,1.0,1.0,8.666666666666666,11.833333333333334,2.8333333333333335,3.875,4,4,0,33.0,Woman,Lower tertiary education degree (Bachelor's level),Fully fluent,Several times a day,7,4.0,False,False,False,False,False,False,False
5f392fae9168cc472f0468f6,alternatives,Alternatives,2,0,1,2026-08-16T17:30:56.987865+00:00,6,50.0,12,88.58333333333333,92.5,84.66666666666667,7.833333333333329,38.58333333333333,38.58333333333333,12.0,10.0,5.0,57.0,100.0,12.0,8.0,12.0,58.0,81.0,6.0,6.0,0.0,-2.0,7.0,25,2.0833333333333335,12,58.88,0.28,26,51,44327,38219,0,23,4,1.0,0,0,0,0,0,2634.3420000076294,43.905700000127155,client task timestamps,87.5,0.875,1.75,0.0,10.666666666666666,11.5,4.333333333333333,3.375,4,4,0,78.0,Man,Doctoral degree,Native English speaker,A few times a month,3,2.0,False,False,False,False,False,False,False
6676d41ded1cb587040780e3,alternatives,Alternatives,2,0,1,2026-08-16T17:35:35.483846+00:00,6,50.0,12,68.08333333333333,82.66666666666667,53.5,29.16666666666667,18.08333333333333,18.08333333333333,9.0,10.0,6.0,70.0,87.0,6.0,1.0,3.0,20.0,63.0,0.0,0.0,-3.0,-9.0,-3.0,17,1.4166666666666667,12,95.94117647058823,0.7058823529411765,18,35,48605,44712,0,18,12,1.0,0,0,0,0,0,2996.045000076294,49.9340833346049,client task timestamps,57.5,0.625,1.5,-0.25,8.333333333333334,11.5,2.5,2.875,4,4,0,30.0,Woman,Higher tertiary education degree (Master's level),Fully fluent,About once a day,6,3.0,False,False,False,False,False,False,False
69162d60bbb2b3e0981e6521,alternatives,Alternatives,2,0,1,2026-08-16T17:36:02.475255+00:00,2,16.666666666666664,12,54.083333333333336,68.5,51.2,17.299999999999997,37.41666666666667,37.41666666666667,10.0,8.0,12.0,54.0,58.0,6.0,8.0,6.0,67.0,71.0,4.0,4.0,-4.0,0.0,-6.0,19,1.5833333333333333,12,165.10526315789474,0.6842105263157895,21,40,50410,40530,0,18,10,1.0,0,0,0,0,0,1968.7109999656677,32.81184999942779,client task timestamps,62.5,2.0,2.0,2.0,9.333333333333334,11.5,3.0,3.5,3,4,1,37.0,Man,Higher tertiary education degree (Master's level),Native English speaker,Several times a day,7,4.0,False,False,False,False,False,False,False
6a07fdc3d6f0cebc8d73922e,alternatives,Alternatives,2,0,1,2026-08-16T17:36:12.768930+00:00,6,50.0,12,76.08333333333333,78.83333333333333,73.33333333333333,5.5,26.08333333333333,26.08333333333333,12.0,8.0,12.0,50.0,50.0,10.0,4.0,8.0,70.0,30.0,4.0,4.0,-2.0,-4.0,-4.0,15,1.25,12,103.66666666666667,0.9333333333333333,17,32,56006,48065,1,15,12,1.0,0,0,0,0,0,3425.106000185013,57.08510000308355,client task timestamps,75.0,0.375,1.0,-0.25,8.833333333333334,10.666666666666666,4.333333333333333,2.625,4,4,0,44.0,Woman,Lower tertiary education degree (Bachelor's level),Native English speaker,Several times a day,7,5.0,False,False,False,False,False,False,False
55d51a6b8ce09000127d4821,alternatives,Alternatives,2,0,1,2026-08-16T17:37:01.436878+00:00,3,25.0,12,37.083333333333336,48.333333333333336,33.333333333333336,15.0,12.083333333333336,12.083333333333336,8.0,1.0,8.0,28.0,70.0,4.0,1.0,4.0,20.0,42.0,1.0,1.0,-4.0,0.0,-4.0,25,2.0833333333333335,12,118.68,0.68,29,54,74570,59226,0,24,12,1.0,0,0,0,0,0,2059.276999950409,34.321283332506816,client task timestamps,80.0,-0.375,0.75,-1.5,9.166666666666666,7.333333333333333,2.5,2.875,4,4,0,36.0,Man,Lower tertiary education degree (Bachelor's level),Native English speaker,About once a day,6,4.0,False,False,False,False,False,False,False
69fd21146ec1cd3f5cf58aa2,alternatives,Alternatives,2,0,1,2026-08-16T17:39:29.369957+00:00,3,25.0,12,62.75,76.0,58.333333333333336,17.666666666666664,37.75,37.75,8.0,11.0,10.0,73.0,27.0,8.0,9.0,8.0,17.0,0.0,5.0,5.0,0.0,-2.0,-2.0,25,2.0833333333333335,12,68.24,0.96,27,52,90632,74151,1,15,12,1.0,0,0,0,0,0,2903.263000011444,48.3877166668574,client task timestamps,65.0,1.125,1.0,1.25,8.333333333333334,9.166666666666666,4.0,2.375,4,4,0,27.0,Woman,Higher tertiary education degree (Master's level),Native English speaker,A few times a week,5,5.0,False,False,False,False,False,False,False
6a1c84e1bb1c82a05c2deead,alternatives,Alternatives,2,0,1,2026-08-16T17:54:35.559540+00:00,5,41.66666666666667,12,75.66666666666667,67.4,81.57142857142857,-14.171428571428564,34.0,34.0,11.0,9.0,11.0,71.0,81.0,10.0,9.0,11.0,76.0,100.0,5.0,5.0,-1.0,0.0,0.0,22,1.8333333333333333,12,181.5,0.9090909090909091,24,38,42177,32447,1,15,11,1.0,0,0,0,0,0,3346.6859998703003,55.77809999783834,client task timestamps,50.0,0.25,0.75,-0.25,10.333333333333334,12.166666666666666,3.3333333333333335,4.0,3,4,1,25.0,Man,Lower tertiary education degree (Bachelor's level),Native English speaker,Several times a day,7,4.0,False,False,False,False,False,False,False
69fc8055319a58b14e700432,alternatives,Alternatives,2,0,1,2026-08-16T18:30:36.769495+00:00,6,50.0,12,77.25,85.5,69.0,16.5,27.25,27.25,10.0,7.0,8.0,66.0,75.0,8.0,5.0,7.0,33.0,75.0,2.0,2.0,-2.0,-2.0,-1.0,40,3.3333333333333335,12,47.45,0.975,43,83,77556,56825,0,16,12,1.0,0,0,0,0,0,5080.4729998111725,84.67454999685287,client task timestamps,67.5,0.75,0.5,1.0,9.666666666666666,10.166666666666666,3.3333333333333335,3.5,4,4,0,44.0,Woman,Vocational college degree,Native English speaker,A few times a week,5,4.0,False,False,False,False,False,False,False
6a21c6513a6c4fe6762d46bd,alternatives,Alternatives,2,0,1,2026-08-16T19:21:40.358421+00:00,5,41.66666666666667,12,86.5,95.2,80.28571428571429,14.914285714285711,44.83333333333333,44.83333333333333,12.0,6.0,12.0,41.0,78.0,11.0,5.0,7.0,51.0,72.0,6.0,6.0,-1.0,-1.0,-5.0,19,1.5833333333333333,12,100.10526315789474,1.0,21,40,70840,59269,0,14,12,1.0,0,0,0,0,0,1465.9069998264313,24.43178333044052,client task timestamps,87.5,0.5,1.5,-0.5,6.5,8.0,4.333333333333333,3.625,4,4,0,34.0,Man,Upper secondary school / High school,Native English speaker,Several times a day,7,5.0,False,False,False,False,False,False,False
6023f94d1951e70ae21770ec,alternatives,Alternatives,2,0,1,2026-08-16T19:22:39.198699+00:00,6,50.0,12,77.41666666666667,74.66666666666667,80.16666666666667,-5.5,27.41666666666667,27.41666666666667,8.0,1.0,12.0,69.0,91.0,10.0,7.0,7.0,56.0,71.0,4.0,4.0,2.0,6.0,-5.0,20,1.6666666666666667,12,106.1,0.9,22,36,50298,43076,0,16,12,1.0,0,0,0,0,0,1483.9679999351501,24.73279999891917,client task timestamps,57.5,1.625,1.75,1.5,7.833333333333333,7.333333333333333,3.5,3.5,4,4,0,38.0,Man,Lower tertiary education degree (Bachelor's level),Native English speaker,Several times a day,7,5.0,False,False,False,False,False,False,False
67673a7ecec3cd778dfbd91f,alternatives,Alternatives,2,0,1,2026-08-16T19:24:41.433143+00:00,7,58.333333333333336,12,64.16666666666667,69.28571428571429,57.0,12.285714285714292,5.833333333333336,5.833333333333336,6.0,1.0,7.0,55.0,60.0,3.0,1.0,3.0,55.0,35.0,-4.0,4.0,-3.0,0.0,-4.0,12,1.0,12,133.16666666666666,1.0,13,25,37973,33614,3,13,12,1.0,0,0,0,0,0,1593.5,26.558333333333334,client task timestamps,55.0,2.25,2.0,2.5,12.333333333333334,11.833333333333334,4.0,3.625,2,4,2,39.0,Woman,Lower tertiary education degree (Bachelor's level),Native English speaker,Several times a day,7,4.0,False,False,True,False,False,False,True
6694751cee786dace40d4112,alternatives,Alternatives,2,0,1,2026-08-16T19:27:43.161800+00:00,3,25.0,12,62.5,51.333333333333336,66.22222222222223,-14.888888888888893,37.5,37.5,10.0,3.0,7.0,56.0,58.0,7.0,2.0,7.0,50.0,50.0,4.0,4.0,-3.0,-1.0,0.0,15,1.25,12,106.46666666666667,1.0,16,31,36101,31775,0,13,12,1.0,0,0,0,0,0,1596.7580001354218,26.612633335590363,client task timestamps,82.5,0.625,1.0,0.25,6.666666666666667,7.166666666666667,3.5,3.0,4,4,0,30.0,Woman,Higher tertiary education degree (Master's level),Native English speaker,Several times a day,7,3.0,False,False,False,False,False,False,False
60c39b2c50f631d28eb09b60,alternatives,Alternatives,2,0,1,2026-08-16T19:29:18.672530+00:00,4,33.33333333333333,12,77.75,90.0,71.625,18.375,44.41666666666667,44.41666666666667,8.0,6.0,10.0,63.0,74.0,6.0,4.0,10.0,31.0,52.0,2.0,2.0,-2.0,-2.0,0.0,22,1.8333333333333333,12,82.0,0.3181818181818182,24,44,31540,22804,0,22,5,1.0,0,0,0,0,0,1850.845999956131,30.847433332602183,client task timestamps,37.5,1.625,1.25,2.0,10.5,9.666666666666666,4.333333333333333,2.625,4,4,0,44.0,Woman,Vocational college degree,Native English speaker,About once a day,6,4.0,False,False,False,False,False,False,False
69ece68ef03e274276ba73c8,alternatives,Alternatives,2,0,1,2026-08-16T19:30:06.890943+00:00,5,41.66666666666667,12,95.41666666666667,97.0,94.28571428571429,2.714285714285708,53.75,53.75,12.0,12.0,12.0,85.0,63.0,10.0,10.0,10.0,84.0,85.0,5.0,5.0,-2.0,-2.0,-2.0,23,1.9166666666666667,12,146.08695652173913,0.34782608695652173,25,46,51653,45135,0,25,8,1.0,0,0,0,0,0,1555.513000011444,25.925216666857402,client task timestamps,62.5,0.75,0.75,0.75,12.5,14.0,3.3333333333333335,3.5,4,4,0,48.0,Man,Basic education / Middle school,Native English speaker,Several times a day,7,4.0,False,False,False,False,False,False,False
598f22af33481c000164d359,alternatives,Alternatives,2,0,1,2026-08-16T19:34:34.433510+00:00,4,33.33333333333333,12,81.5,88.75,77.875,10.875,48.16666666666667,48.16666666666667,2.0,10.0,10.0,51.0,85.0,8.0,2.0,8.0,51.0,76.0,4.0,4.0,6.0,-8.0,-2.0,44,3.6666666666666665,12,94.52272727272727,0.6136363636363636,48,91,86131,74051,0,33,12,1.0,0,0,0,0,0,2284.5049998760223,38.07508333126704,client task timestamps,87.5,1.75,1.5,2.0,5.666666666666667,7.833333333333333,5.0,3.375,4,4,0,55.0,Woman,Higher tertiary education degree (Master's level),Native English speaker,About once a day,6,5.0,False,False,False,False,False,False,False
6a101293fd6e7c493e3b4ff7,alternatives,Alternatives,2,0,1,2026-08-16T19:35:36.642441+00:00,6,50.0,12,43.333333333333336,43.833333333333336,42.833333333333336,1.0,-6.666666666666664,6.666666666666664,1.0,1.0,4.0,50.0,43.0,5.0,8.0,12.0,43.0,60.0,-1.0,1.0,4.0,7.0,8.0,18,1.5,12,75.33333333333333,0.6666666666666666,20,38,49170,42870,2,20,12,0.8333333333333334,0,0,0,0,0,2237.725000143051,37.29541666905085,client task timestamps,72.5,-0.375,1.0,-1.75,9.0,7.5,3.8333333333333335,2.875,4,4,0,21.0,Prefer not to disclose,Lower tertiary education degree (Bachelor's level),Native English speaker,Less than once a month,2,5.0,False,False,False,False,False,False,False
6a14c4f28aee84ae414353a5,alternatives,Alternatives,2,0,1,2026-08-16T19:36:59.502863+00:00,7,58.333333333333336,12,83.41666666666667,76.14285714285714,93.6,-17.457142857142856,25.083333333333336,25.083333333333336,1.0,12.0,8.0,79.0,62.0,10.0,4.0,9.0,50.0,87.0,3.0,3.0,9.0,-8.0,1.0,19,1.5833333333333333,12,228.78947368421052,1.0,20,39,104054,94609,11,13,12,1.0,0,0,0,0,0,1964.4939999580383,32.741566665967305,client task timestamps,85.0,1.25,2.25,0.25,10.833333333333334,13.0,2.8333333333333335,3.375,4,4,0,26.0,Woman,Higher tertiary education degree (Master's level),Native English speaker,Several times a day,7,5.0,False,False,False,False,False,False,False
60154af277ec314fd8fe1449,alternatives,Alternatives,2,0,1,2026-08-16T19:37:44.761229+00:00,9,75.0,12,64.25,60.77777777777778,74.66666666666667,-13.888888888888893,-10.75,10.75,7.0,4.0,3.0,67.0,73.0,3.0,7.0,4.0,57.0,30.0,-6.0,6.0,-4.0,3.0,1.0,24,2.0,12,78.25,1.0,26,49,83890,72751,0,14,12,1.0,0,0,0,0,0,1670.3890001773834,27.83981666962306,client task timestamps,65.0,1.0,1.5,0.5,14.5,13.333333333333334,4.0,2.75,4,4,0,29.0,Woman,Lower tertiary education degree (Bachelor's level),Native English speaker,About once a day,6,4.0,False,False,False,False,False,False,False
6a01fb37db575dd348af07d1,alternatives,Alternatives,2,0,1,2026-08-16T19:41:26.818036+00:00,7,58.333333333333336,12,67.5,65.0,71.0,-6.0,9.166666666666664,9.166666666666664,9.0,8.0,12.0,67.0,75.0,7.0,4.0,8.0,37.0,50.0,0.0,0.0,-2.0,-4.0,-4.0,16,1.3333333333333333,12,100.5625,0.8125,17,33,38469,32711,0,15,11,1.0,0,0,0,0,0,2342.8229999542236,39.04704999923706,client task timestamps,37.5,0.125,-0.5,0.75,11.333333333333334,11.166666666666666,4.166666666666667,2.125,4,4,0,30.0,Woman,Vocational college degree,Native English speaker,About once a week,4,3.0,False,False,False,False,False,False,False
676db977f398d4be462fca83,alternatives,Alternatives,2,0,1,2026-08-16T19:42:52.776443+00:00,5,41.66666666666667,12,72.91666666666667,88.2,62.0,26.200000000000003,31.25,31.25,8.0,5.0,12.0,52.0,16.0,5.0,12.0,12.0,13.0,95.0,0.0,0.0,-3.0,7.0,0.0,28,2.3333333333333335,12,78.85714285714286,0.7857142857142857,32,60,65801,51520,0,22,12,1.0,0,0,0,0,0,2491.5789999961853,41.52631666660309,client task timestamps,32.5,0.0,-0.5,0.5,11.833333333333334,10.333333333333334,4.166666666666667,3.0,4,4,0,32.0,Woman,Higher tertiary education degree (Master's level),Native English speaker,A few times a week,5,4.0,False,False,False,False,False,False,False
69f48669f09bb26f32069f27,alternatives,Alternatives,2,0,1,2026-08-16T19:44:02.416679+00:00,5,41.66666666666667,12,79.25,78.8,79.57142857142857,-0.7714285714285722,37.58333333333333,37.58333333333333,12.0,6.0,12.0,50.0,90.0,8.0,2.0,8.0,50.0,60.0,3.0,3.0,-4.0,-4.0,-4.0,16,1.3333333333333333,12,126.25,0.75,18,26,49352,44300,2,18,12,1.0,0,0,0,0,0,2303.5209999084473,38.39201666514079,client task timestamps,75.0,0.0,2.0,-2.0,4.166666666666667,6.333333333333333,2.8333333333333335,3.25,4,4,0,40.0,Woman,Upper secondary school / High school,Native English speaker,A few times a week,5,3.0,False,False,False,False,False,False,False
60745654775360c343322bd9,alternatives,Alternatives,2,0,1,2026-08-16T19:52:31.216758+00:00,6,50.0,12,62.583333333333336,73.5,51.666666666666664,21.833333333333336,12.583333333333336,12.583333333333336,9.0,6.0,10.0,65.0,51.0,7.0,5.0,6.0,58.0,66.0,1.0,1.0,-2.0,-1.0,-4.0,23,1.9166666666666667,12,75.0,0.9130434782608695,26,49,74761,56193,0,17,12,1.0,0,0,0,0,0,2603.6289999485016,43.39381666580836,client task timestamps,75.0,0.75,0.75,0.75,9.166666666666666,8.666666666666666,2.6666666666666665,3.375,4,4,0,30.0,Woman,Higher tertiary education degree (Master's level),Native English speaker,A few times a week,5,4.0,False,False,False,False,False,False,False
56b6e2fcf2fc70000c32f9d5,alternatives,Alternatives,2,0,1,2026-08-16T19:54:06.613369+00:00,3,25.0,12,67.83333333333333,68.33333333333333,67.66666666666667,0.6666666666666572,42.83333333333333,42.83333333333333,10.0,2.0,10.0,20.0,50.0,8.0,0.0,6.0,40.0,45.0,5.0,5.0,-2.0,-2.0,-4.0,34,2.8333333333333335,12,61.61764705882353,0.8823529411764706,38,72,85696,72312,0,20,12,1.0,0,0,0,0,0,2555.233999967575,42.58723333279292,client task timestamps,27.5,-1.5,-1.0,-2.0,8.0,5.833333333333333,2.3333333333333335,1.5,4,4,0,51.0,Woman,Higher tertiary education degree (Master's level),Native English speaker,About once a day,6,3.0,False,False,False,False,False,False,False
69e7da37fa7a6441a477386f,alternatives,Alternatives,2,0,1,2026-08-16T19:54:28.956462+00:00,5,41.66666666666667,12,77.91666666666667,84.2,73.42857142857143,10.771428571428572,36.25,36.25,,,,,,6.0,3.0,9.0,83.0,83.0,1.0,1.0,,,,24,2.0,12,178.20833333333334,0.5,26,50,86070,74361,11,26,12,1.0,0,0,0,0,0,3388.633999824524,56.47723333040873,client task timestamps,95.0,1.0,1.5,0.5,6.833333333333333,9.0,3.6666666666666665,4.125,4,4,0,38.0,Woman,Higher tertiary education degree (Master's level),Native English speaker,Several times a day,7,2.0,False,False,False,False,False,False,False
65c242831388550b0a42bd25,alternatives,Alternatives,2,0,1,2026-08-16T20:11:44.123135+00:00,4,33.33333333333333,12,68.75,68.0,69.125,-1.125,35.41666666666667,35.41666666666667,10.0,6.0,8.0,86.0,65.0,7.0,2.0,7.0,34.0,36.0,3.0,3.0,-3.0,-4.0,-1.0,34,2.8333333333333335,12,47.55882352941177,0.5,39,73,65944,50391,0,29,7,1.0,0,0,0,0,0,2881.856000185013,48.03093333641688,client task timestamps,87.5,0.625,1.0,0.25,7.166666666666667,8.0,4.0,3.875,4,4,0,48.0,Woman,Higher tertiary education degree (Master's level),Native English speaker,A few times a week,5,4.0,False,False,False,False,False,False,False
6a07658dda0017a86f04f995,alternatives,Alternatives,2,0,1,2026-08-16T20:14:44.831360+00:00,8,66.66666666666666,12,91.75,92.0,91.25,0.75,25.083333333333343,25.083333333333343,10.0,8.0,9.0,75.0,76.0,10.0,7.0,2.0,87.0,22.0,2.0,2.0,0.0,-1.0,-7.0,63,5.25,12,68.61904761904762,0.9523809523809523,65,128,180988,140067,2,17,12,1.0,0,0,0,0,0,4066.4830000400543,67.77471666733423,client task timestamps,67.5,2.0,1.75,2.25,10.666666666666666,13.166666666666666,3.1666666666666665,3.75,4,4,0,22.0,Man,Lower tertiary education degree (Bachelor's level),Native English speaker,Several times a day,7,5.0,False,False,False,False,False,False,False
6761e75cf22f2b17fc157335,alternatives,Alternatives,2,0,1,2026-08-16T20:21:57.277902+00:00,7,58.333333333333336,12,58.25,66.42857142857143,46.8,19.628571428571433,-0.0833333333333357,0.0833333333333357,12.0,10.0,7.0,,,12.0,9.0,11.0,88.0,33.0,5.0,5.0,0.0,-1.0,4.0,19,1.5833333333333333,12,85.52631578947368,0.631578947368421,21,40,60460,51029,0,21,12,1.0,0,0,0,0,0,2729.3359999656677,45.48893333276113,client task timestamps,32.5,-0.625,-1.0,-0.25,6.666666666666667,8.5,4.5,2.375,4,4,0,24.0,Man,Lower tertiary education degree (Bachelor's level),Native English speaker,About once a day,6,5.0,False,False,False,False,False,False,False
6a257563faa98b484c52eb69,alternatives,Alternatives,2,0,1,2026-08-16T20:28:45.346759+00:00,7,58.333333333333336,12,75.58333333333333,83.85714285714286,64.0,19.85714285714286,17.249999999999993,17.249999999999993,12.0,8.0,12.0,50.0,71.0,10.0,2.0,8.0,18.0,77.0,3.0,3.0,-2.0,-6.0,-4.0,18,1.5,12,97.88888888888889,1.0,19,37,36753,30958,0,13,12,1.0,0,0,0,0,0,4080.5199999809265,68.00866666634877,client task timestamps,100.0,3.0,3.0,3.0,13.333333333333334,13.166666666666666,2.8333333333333335,3.75,4,4,0,19.0,Woman,Upper secondary school / High school,Native English speaker,Several times a day,7,4.0,False,False,False,False,False,False,False
5c3e562ebff5620001e34dd5,alternatives,Alternatives,2,0,1,2026-08-16T20:29:19.006405+00:00,5,41.66666666666667,12,46.333333333333336,46.8,46.0,0.7999999999999972,4.666666666666664,4.666666666666664,6.0,6.0,6.0,50.0,50.0,4.0,4.0,4.0,50.0,20.0,-1.0,1.0,-2.0,-2.0,-2.0,13,1.0833333333333333,12,126.92307692307692,1.0,16,29,63597,53884,0,15,12,1.0,0,0,0,0,0,4146.338999986649,69.10564999977747,client task timestamps,30.0,0.0,0.0,0.0,15.666666666666666,14.166666666666666,4.0,1.375,4,4,0,36.0,Woman,Higher tertiary education degree (Master's level),Native English speaker,A few times a month,3,4.0,False,False,False,False,False,False,False
5951a92fcea3470001827a18,alternatives,Alternatives,2,0,1,2026-08-16T20:37:15.731300+00:00,4,33.33333333333333,12,61.0,73.5,54.75,18.75,27.66666666666667,27.66666666666667,12.0,8.0,8.0,100.0,100.0,7.0,5.0,9.0,50.0,50.0,3.0,3.0,-5.0,-3.0,1.0,16,1.3333333333333333,12,89.4375,0.8125,17,33,39448,32768,0,14,10,1.0,0,0,0,0,0,1611.2759997844696,26.854599996407828,client task timestamps,60.0,2.125,1.75,2.5,4.333333333333333,5.833333333333333,4.333333333333333,2.875,4,4,0,45.0,Woman,Vocational college degree,Native English speaker,Several times a day,7,3.0,False,False,False,False,False,False,False
5fb3c41de0ad7503ae17b2e9,alternatives,Alternatives,2,0,1,2026-08-16T20:37:42.906076+00:00,3,25.0,12,56.083333333333336,50.0,58.111111111111114,-8.111111111111114,31.083333333333336,31.083333333333336,8.0,6.0,7.0,51.0,50.0,9.0,6.0,7.0,51.0,51.0,6.0,6.0,1.0,0.0,0.0,15,1.25,12,106.73333333333333,0.9333333333333333,16,31,35505,29900,0,14,12,1.0,0,0,0,0,0,1286.090000152588,21.434833335876466,client task timestamps,52.5,0.75,0.75,0.75,9.833333333333334,10.333333333333334,3.1666666666666665,2.5,4,4,0,52.0,Man,Higher tertiary education degree (Master's level),Native English speaker,A few times a week,5,4.0,False,False,False,False,False,False,False
5b39fe0206f9f90001fb91c8,alternatives,Alternatives,2,0,1,2026-08-16T20:40:07.666272+00:00,6,50.0,12,80.08333333333333,85.66666666666667,74.5,11.166666666666671,30.08333333333333,30.08333333333333,1.0,3.0,10.0,53.0,65.0,8.0,5.0,4.0,41.0,20.0,2.0,2.0,7.0,2.0,-6.0,12,1.0,12,351.0,1.0,13,25,40901,36034,0,13,12,1.0,0,0,0,0,0,918.3210000991821,15.305350001653036,client task timestamps,52.5,0.25,0.25,0.25,9.833333333333334,9.666666666666666,3.3333333333333335,2.625,4,4,0,30.0,Man,Higher tertiary education degree (Master's level),Fully fluent,Several times a day,7,3.0,False,False,False,False,False,False,False
5999aedebbe8480001796677,alternatives,Alternatives,2,0,1,2026-08-16T20:42:22.689885+00:00,4,33.33333333333333,12,24.333333333333332,34.0,19.5,14.5,-8.999999999999996,8.999999999999996,8.0,4.0,10.0,0.0,40.0,6.0,2.0,9.0,0.0,0.0,2.0,2.0,-2.0,-2.0,-1.0,17,1.4166666666666667,12,94.52941176470588,0.7647058823529411,19,36,43672,38688,0,18,12,1.0,0,0,0,0,0,1895.7289998531342,31.595483330885568,client task timestamps,60.0,0.875,1.25,0.5,9.5,7.666666666666667,3.0,3.0,4,4,0,42.0,Woman,Higher tertiary education degree (Master's level),Native English speaker,About once a day,6,4.0,False,False,False,False,False,False,False
60c5165878a82f763c29536a,alternatives,Alternatives,2,0,1,2026-08-16T20:46:16.272663+00:00,5,41.66666666666667,12,72.66666666666667,91.4,59.285714285714285,32.11428571428572,31.0,31.0,12.0,4.0,12.0,58.0,91.0,6.0,0.0,10.0,53.0,92.0,1.0,1.0,-6.0,-4.0,-2.0,14,1.1666666666666667,12,108.14285714285714,0.8571428571428571,16,30,45615,40992,0,16,12,1.0,0,0,0,0,0,2114.5689997673035,35.24281666278839,client task timestamps,92.5,2.0,2.0,2.0,9.833333333333334,11.666666666666666,3.0,3.625,3,4,1,30.0,Man,Lower tertiary education degree (Bachelor's level),Native English speaker,Several times a day,7,1.0,False,False,False,False,False,False,False
6a072733481f9ae0a474664e,alternatives,Alternatives,2,0,1,2026-08-16T20:47:32.704712+00:00,5,41.66666666666667,12,82.66666666666667,85.4,80.71428571428571,4.6857142857142975,41.0,41.0,12.0,6.0,12.0,46.0,85.0,9.0,6.0,10.0,48.0,80.0,4.0,4.0,-3.0,0.0,-2.0,25,2.0833333333333335,12,171.12,0.48,27,52,55489,48609,2,27,12,1.0,0,0,0,0,0,1751.638000011444,29.193966666857403,client task timestamps,72.5,1.375,1.75,1.0,3.8333333333333335,7.0,2.5,3.375,4,4,0,39.0,Woman,Upper secondary school / High school,Native English speaker,A few times a week,5,5.0,False,False,False,False,False,False,False
58bfee7de5869400018f5e9e,alternatives,Alternatives,2,0,1,2026-08-16T20:48:20.578588+00:00,5,41.66666666666667,12,63.333333333333336,65.4,61.857142857142854,3.5428571428571516,21.666666666666664,21.666666666666664,9.0,4.0,8.0,,,6.0,3.0,5.0,30.0,65.0,1.0,1.0,-3.0,-1.0,-3.0,17,1.4166666666666667,12,94.58823529411765,0.8235294117647058,18,35,36633,31257,2,18,14,1.0,0,0,0,0,0,1716.7320001125336,28.61220000187556,client task timestamps,40.0,0.25,-0.25,0.75,9.666666666666666,10.833333333333334,2.5,4.125,3,4,1,40.0,Man,Higher tertiary education degree (Master's level),Fully fluent,Several times a day,7,2.0,False,False,False,False,False,False,False
542bdb6dfdf99b324ea37c3a,alternatives,Alternatives,2,0,1,2026-08-16T20:49:20.594430+00:00,5,41.66666666666667,12,32.666666666666664,36.4,30.0,6.399999999999999,-9.000000000000007,9.000000000000007,4.0,6.0,6.0,20.0,45.0,3.0,6.0,6.0,35.0,35.0,-2.0,2.0,-1.0,0.0,0.0,13,1.0833333333333333,12,300.15384615384613,1.0,14,27,33942,30548,0,13,12,1.0,0,0,0,0,0,2159.4609999656677,35.99101666609446,client task timestamps,37.5,0.0,0.0,0.0,9.5,8.0,3.3333333333333335,2.25,4,4,0,55.0,Man,Lower tertiary education degree (Bachelor's level),Native English speaker,Less than once a month,2,2.0,False,False,False,False,False,False,False
631758454de096e38f669093,alternatives,Alternatives,2,0,1,2026-08-16T20:49:55.244166+00:00,6,50.0,12,24.166666666666668,18.666666666666668,29.666666666666668,-11.0,-25.833333333333332,25.833333333333332,8.0,2.0,6.0,26.0,3.0,6.0,0.0,6.0,4.0,0.0,0.0,0.0,-2.0,-2.0,0.0,14,1.1666666666666667,12,237.42857142857142,1.0,15,29,47347,42606,1,13,12,1.0,0,0,0,0,0,2017.9059998989105,33.63176666498184,client task timestamps,75.0,0.75,2.25,-0.75,10.333333333333334,7.166666666666667,3.6666666666666665,3.25,4,4,0,22.0,Man,Vocational college degree,Native English speaker,A few times a week,5,4.0,False,False,False,False,False,False,False
677c00e0f6d8cdcff534ecb7,alternatives,Alternatives,2,0,1,2026-08-16T20:51:37.732193+00:00,8,66.66666666666666,12,80.5,79.625,82.25,-2.625,13.833333333333343,13.833333333333343,12.0,7.0,12.0,32.0,87.0,9.0,2.0,8.0,20.0,79.0,1.0,1.0,-3.0,-5.0,-4.0,18,1.5,12,90.61111111111111,0.8333333333333334,21,39,53999,45321,0,18,12,1.0,0,0,0,0,0,2316.149999856949,38.602499997615816,client task timestamps,92.5,2.125,2.75,1.5,7.5,10.666666666666666,3.8333333333333335,4.25,4,4,0,25.0,Woman,Higher tertiary education degree (Master's level),Native English speaker,Several times a day,7,3.0,False,False,False,False,False,False,False
644a9152838d4d270af3b94f,alternatives,Alternatives,2,0,1,2026-08-16T20:52:08.925061+00:00,4,33.33333333333333,12,84.58333333333333,88.25,82.75,5.5,51.25,51.25,8.0,5.0,10.0,35.0,85.0,6.0,1.0,10.0,40.0,70.0,2.0,2.0,-2.0,-4.0,0.0,29,2.4166666666666665,12,146.82758620689654,0.6206896551724138,31,60,83507,70135,6,22,9,1.0,0,0,0,0,0,2167.268999814987,36.12114999691645,client task timestamps,32.5,-1.0,-1.25,-0.75,11.666666666666666,12.5,3.8333333333333335,1.875,4,4,0,50.0,Man,Lower tertiary education degree (Bachelor's level),Native English speaker,About once a week,4,3.0,False,False,False,False,False,False,False
5dcdbf658d32d102ba69e839,alternatives,Alternatives,2,0,1,2026-08-16T20:52:25.052123+00:00,5,41.66666666666667,12,31.583333333333332,29.4,33.142857142857146,-3.7428571428571473,-10.08333333333334,10.08333333333334,12.0,6.0,12.0,50.0,80.0,7.0,4.0,12.0,25.0,85.0,2.0,2.0,-5.0,-2.0,0.0,13,1.0833333333333333,12,128.07692307692307,1.0,14,27,50859,44399,0,13,12,1.0,0,0,0,0,0,1629.7999999523163,27.163333332538606,client task timestamps,55.0,0.375,0.5,0.25,8.833333333333334,8.333333333333334,3.1666666666666665,3.625,4,4,0,41.0,Woman,Lower tertiary education degree (Bachelor's level),Native English speaker,About once a day,6,5.0,False,False,False,False,False,False,False
69ea564f2751bfb18c2c7c79,alternatives,Alternatives,2,0,1,2026-08-16T20:53:03.023947+00:00,5,41.66666666666667,12,52.0,47.0,55.57142857142857,-8.57142857142857,10.333333333333329,10.333333333333329,10.0,9.0,12.0,58.0,41.0,8.0,7.0,11.0,51.0,72.0,3.0,3.0,-2.0,-2.0,-1.0,27,2.25,12,161.33333333333334,0.9629629629629629,29,56,63138,56016,10,15,12,1.0,0,0,0,0,0,1542.4059998989105,25.706766664981842,client task timestamps,62.5,0.5,0.75,0.25,11.833333333333334,11.666666666666666,3.3333333333333335,3.25,4,4,0,29.0,Man,Higher tertiary education degree (Master's level),Native English speaker,About once a day,6,4.0,False,False,False,False,False,False,False
671ac509e93a57b5220b3d4e,alternatives,Alternatives,2,0,1,2026-08-16T20:54:08.768372+00:00,2,16.666666666666664,12,68.25,55.0,70.9,-15.900000000000006,51.583333333333336,51.583333333333336,12.0,10.0,12.0,100.0,100.0,9.0,8.0,9.0,72.0,38.0,7.0,7.0,-3.0,-2.0,-3.0,12,1.0,12,59.083333333333336,1.0,14,26,10985,9158,0,14,12,1.0,0,0,0,0,0,1599.4619998931885,26.657699998219808,client task timestamps,70.0,-1.125,-1.0,-1.25,9.833333333333334,6.666666666666667,2.3333333333333335,1.625,3,4,1,35.0,Woman,Higher tertiary education degree (Master's level),Fully fluent,A few times a month,3,3.0,False,False,False,False,False,False,False
60e02be4699a3f5cbe314e99,alternatives,Alternatives,2,0,1,2026-08-16T20:55:35.870884+00:00,6,50.0,12,84.08333333333333,92.0,76.16666666666667,15.833333333333329,34.08333333333333,34.08333333333333,8.0,3.0,8.0,40.0,50.0,3.0,0.0,6.0,18.0,41.0,-3.0,3.0,-5.0,-3.0,-2.0,17,1.4166666666666667,12,247.05882352941177,0.9411764705882353,18,35,47914,42025,0,14,12,1.0,0,0,0,0,0,1464.0950000286102,24.40158333381017,client task timestamps,60.0,0.75,0.75,0.75,10.833333333333334,12.333333333333334,2.1666666666666665,2.625,4,4,0,56.0,Woman,Vocational college degree,Native English speaker,Several times a day,7,4.0,False,False,False,False,False,False,False
59961863004c4f0001cc864a,alternatives,Alternatives,2,0,1,2026-08-16T20:56:04.589241+00:00,7,58.333333333333336,12,75.91666666666667,74.85714285714286,77.4,-2.5428571428571445,17.583333333333336,17.583333333333336,10.0,6.0,10.0,81.0,94.0,10.0,3.0,6.0,66.0,66.0,3.0,3.0,0.0,-3.0,-4.0,29,2.4166666666666665,12,189.24137931034483,1.0,31,58,111485,99486,8,14,12,1.0,0,0,0,0,0,2212.1979999542236,36.869966665903725,client task timestamps,37.5,0.375,0.25,0.5,11.666666666666666,12.833333333333334,3.5,2.25,4,4,0,46.0,Woman,Lower tertiary education degree (Bachelor's level),Native English speaker,About once a day,6,3.0,False,False,False,False,False,False,False
6a1d92c4c92c72064143d2b0,alternatives,Alternatives,2,0,1,2026-08-16T20:57:16.230252+00:00,6,50.0,12,74.16666666666667,73.5,74.83333333333333,-1.3333333333333286,24.16666666666667,24.16666666666667,12.0,10.0,12.0,58.0,100.0,10.0,9.0,5.0,25.0,50.0,4.0,4.0,-2.0,-1.0,-7.0,21,1.75,12,60.80952380952381,1.0,22,43,32136,25817,0,13,12,1.0,0,0,0,0,0,2294.25200009346,38.237533334891005,client task timestamps,77.5,1.875,2.0,1.75,8.333333333333334,8.166666666666666,3.5,3.5,4,4,0,35.0,Woman,Lower tertiary education degree (Bachelor's level),Native English speaker,Several times a day,7,5.0,False,False,False,False,False,False,False
69fb5b3f4a9a2b584b72f80f,alternatives,Alternatives,2,0,1,2026-08-16T20:58:25.361902+00:00,7,58.333333333333336,12,51.833333333333336,54.285714285714285,48.4,5.885714285714286,-6.5,6.5,5.0,4.0,7.0,56.0,53.0,3.0,3.0,4.0,35.0,55.0,-4.0,4.0,-2.0,-1.0,-3.0,19,1.5833333333333333,12,271.5263157894737,0.7894736842105263,22,41,66121,56556,3,18,11,1.0,0,0,0,0,0,2198.608999967575,36.64348333279292,client task timestamps,42.5,-0.875,-0.5,-1.25,12.5,12.333333333333334,3.1666666666666665,2.75,4,4,0,35.0,Woman,Lower tertiary education degree (Bachelor's level),Fully fluent,Several times a day,7,4.0,False,False,False,False,False,False,False
6752efd86136ec83b4e576bc,alternatives,Alternatives,2,0,1,2026-08-16T21:00:05.177800+00:00,6,50.0,12,67.33333333333333,76.16666666666667,58.5,17.66666666666667,17.33333333333333,17.33333333333333,12.0,9.0,12.0,,,9.0,6.0,7.0,35.0,40.0,3.0,3.0,-3.0,-3.0,-5.0,12,1.0,12,139.5,1.0,13,25,55380,46712,0,13,12,1.0,0,0,0,0,0,2588.798000097275,43.14663333495458,client task timestamps,77.5,0.125,0.25,0.0,5.333333333333333,8.5,4.0,4.125,3,4,1,35.0,Man,Lower tertiary education degree (Bachelor's level),Native English speaker,Several times a day,7,5.0,False,False,False,False,False,False,False
57b6dfafe2d5a60001099543,alternatives,Alternatives,2,0,1,2026-08-16T21:00:06.974045+00:00,6,50.0,12,70.41666666666667,75.83333333333333,65.0,10.833333333333329,20.41666666666667,20.41666666666667,12.0,4.0,12.0,60.0,55.0,8.0,3.0,5.0,51.0,38.0,2.0,2.0,-4.0,-1.0,-7.0,14,1.1666666666666667,12,144.5,0.8571428571428571,15,29,41777,35600,0,14,11,1.0,0,0,0,0,0,1524.0889999866486,25.40148333311081,client task timestamps,65.0,0.875,1.25,0.5,9.666666666666666,8.166666666666666,3.1666666666666665,2.625,4,4,0,42.0,Woman,Lower tertiary education degree (Bachelor's level),Native English speaker,A few times a week,5,2.0,False,False,False,False,False,False,False
6768758c4deabe73a9da9a5e,alternatives,Alternatives,2,0,1,2026-08-16T21:00:13.293818+00:00,3,25.0,12,85.75,93.66666666666667,83.11111111111111,10.555555555555557,60.75,60.75,7.0,2.0,11.0,67.0,77.0,6.0,0.0,7.0,60.0,57.0,3.0,3.0,-1.0,-2.0,-4.0,22,1.8333333333333333,12,75.68181818181819,0.5909090909090909,27,49,51634,40198,0,26,12,1.0,0,0,0,0,0,2335.3250000476837,38.92208333412806,client task timestamps,52.5,1.0,1.5,0.5,12.166666666666666,10.666666666666666,4.0,2.375,3,4,1,29.0,Woman,Higher tertiary education degree (Master's level),Native English speaker,A few times a month,3,3.0,False,False,False,False,False,False,False
6a034d39ee8639d4c7a0cdd8,alternatives,Alternatives,2,0,1,2026-08-16T21:03:39.017356+00:00,6,50.0,12,63.75,67.66666666666667,59.833333333333336,7.833333333333336,13.75,13.75,10.0,9.0,10.0,77.0,81.0,9.0,7.0,10.0,71.0,72.0,3.0,3.0,-1.0,-2.0,0.0,12,1.0,12,149.75,0.9166666666666666,13,25,36658,28902,10,13,11,1.0,0,0,0,0,0,2412.460000038147,40.20766666730245,client task timestamps,100.0,2.875,3.0,2.75,13.333333333333334,14.5,3.6666666666666665,4.0,4,4,0,36.0,Woman,Higher tertiary education degree (Master's level),Native English speaker,A few times a week,5,4.0,False,False,False,False,False,False,False
69ff14a9f746a9d2108f74d0,alternatives,Alternatives,2,0,1,2026-08-16T21:04:25.478419+00:00,6,50.0,12,93.41666666666667,90.33333333333333,96.5,-6.166666666666671,43.41666666666667,43.41666666666667,10.0,7.0,12.0,38.0,100.0,10.0,5.0,10.0,80.0,82.0,4.0,4.0,0.0,-2.0,-2.0,12,1.0,12,257.0,1.0,14,26,40354,35990,0,14,12,1.0,0,0,0,0,0,2927.899999856949,48.79833333094915,client task timestamps,90.0,1.875,2.5,1.25,7.833333333333333,9.0,5.0,3.875,3,4,1,36.0,Man,Lower tertiary education degree (Bachelor's level),Conversationally fluent,A few times a week,5,3.0,False,False,False,False,False,False,False
6a1d9d56cfece324378b6731,alternatives,Alternatives,2,0,1,2026-08-16T21:04:27.578942+00:00,3,25.0,12,77.83333333333333,100.0,70.44444444444444,29.555555555555557,52.83333333333333,52.83333333333333,11.0,8.0,10.0,66.0,82.0,9.0,4.0,9.0,75.0,75.0,6.0,6.0,-2.0,-4.0,-1.0,18,1.5,12,85.72222222222223,0.7777777777777778,20,38,67923,57100,0,16,10,1.0,0,0,0,0,0,3236.595999956131,53.94326666593552,client task timestamps,57.5,1.375,1.0,1.75,10.5,11.666666666666666,4.166666666666667,3.75,4,4,0,46.0,Woman,Lower tertiary education degree (Bachelor's level),Native English speaker,Several times a day,7,3.0,False,False,False,False,False,False,False
6a009fb698bfd622eca974a9,alternatives,Alternatives,2,0,1,2026-08-16T21:04:28.920347+00:00,4,33.33333333333333,12,90.16666666666667,100.0,85.25,14.75,56.83333333333334,56.83333333333334,10.0,5.0,10.0,95.0,50.0,7.0,2.0,5.0,82.0,38.0,3.0,3.0,-3.0,-3.0,-5.0,28,2.3333333333333335,12,83.46428571428571,0.8928571428571429,31,59,73807,64093,2,18,12,1.0,0,0,0,0,0,2597.677999973297,43.29463333288829,client task timestamps,57.5,-0.875,-0.5,-1.25,8.833333333333334,9.666666666666666,4.0,2.25,4,4,0,33.0,Man,Lower tertiary education degree (Bachelor's level),Native English speaker,Several times a day,7,4.0,False,False,False,False,False,False,False
6a1f21e58f39c832ba2d163a,alternatives,Alternatives,2,0,1,2026-08-16T21:05:01.587337+00:00,2,16.666666666666664,12,56.666666666666664,63.5,55.3,8.200000000000003,40.0,40.0,,,,,,7.0,4.0,4.0,36.0,89.0,5.0,5.0,,,,12,1.0,12,58.916666666666664,0.9166666666666666,13,25,5204,2846,0,13,11,1.0,0,0,0,0,0,2395.6490001678467,39.92748333613078,client task timestamps,77.5,1.0,1.0,1.0,7.666666666666667,8.166666666666666,3.5,4.125,3,4,1,37.0,Woman,Lower tertiary education degree (Bachelor's level),Native English speaker,About once a day,6,3.0,False,False,False,False,False,False,False
69fa52e3a42b2256bfe76c97,alternatives,Alternatives,2,0,1,2026-08-16T21:05:24.632224+00:00,6,50.0,12,7.583333333333333,8.5,6.666666666666667,1.833333333333333,-42.416666666666664,42.416666666666664,8.0,4.0,10.0,82.0,56.0,3.0,5.0,4.0,26.0,41.0,-3.0,3.0,-5.0,1.0,-6.0,22,1.8333333333333333,12,94.54545454545455,0.9545454545454546,24,46,58430,48576,0,15,12,1.0,0,0,0,0,0,1568.5840001106262,26.143066668510436,client task timestamps,65.0,-1.125,-1.0,-1.25,13.333333333333334,14.166666666666666,2.8333333333333335,2.25,4,4,0,43.0,Woman,Higher tertiary education degree (Master's level),Native English speaker,Several times a day,7,4.0,False,False,False,False,False,False,False
6604764cc6719060ae2f667c,alternatives,Alternatives,2,0,1,2026-08-16T21:05:29.921743+00:00,6,50.0,12,61.666666666666664,72.83333333333333,50.5,22.33333333333333,11.666666666666664,11.666666666666664,9.0,5.0,12.0,40.0,91.0,6.0,3.0,12.0,13.0,94.0,0.0,0.0,-3.0,-2.0,0.0,32,2.6666666666666665,12,134.46875,0.6875,35,67,78146,62123,0,25,12,1.0,0,0,0,0,0,3072.2300000190735,51.203833333651225,client task timestamps,60.0,0.875,0.75,1.0,11.0,11.833333333333334,3.0,4.0,3,4,1,51.0,Woman,Vocational college degree,Native English speaker,Several times a day,7,4.0,False,False,False,False,False,False,False
67d01671bd666a9fb9c603fb,alternatives,Alternatives,2,0,1,2026-08-16T21:05:49.648029+00:00,4,33.33333333333333,12,87.58333333333333,80.75,91.0,-10.25,54.25,54.25,10.0,8.0,12.0,55.0,85.0,8.0,6.0,10.0,55.0,75.0,4.0,4.0,-2.0,-2.0,-2.0,23,1.9166666666666667,12,107.6086956521739,0.6956521739130435,26,49,68670,49741,0,19,9,1.0,0,0,0,0,0,2015.625,33.59375,client task timestamps,90.0,1.25,1.0,1.5,11.5,12.0,4.666666666666667,4.25,4,4,0,37.0,Woman,Higher tertiary education degree (Master's level),Fully fluent,Several times a day,7,2.0,False,False,False,False,False,False,False
6a038221e63d68a1f45e2060,alternatives,Alternatives,2,0,1,2026-08-16T21:06:31.333171+00:00,4,33.33333333333333,12,78.58333333333333,73.5,81.125,-7.625,45.25,45.25,8.0,3.0,6.0,50.0,53.0,5.0,2.0,4.0,40.0,40.0,1.0,1.0,-3.0,-1.0,-2.0,25,2.0833333333333335,12,158.12,0.76,27,52,59307,50630,0,19,11,1.0,0,0,0,0,0,2777.994999885559,46.299916664759316,client task timestamps,50.0,-0.75,-1.75,0.25,14.833333333333334,14.0,2.3333333333333335,2.625,4,4,0,28.0,Woman,Higher tertiary education degree (Master's level),Native English speaker,A few times a week,5,3.0,False,False,False,False,False,False,False
5eaae0b28ba2df0570296c3a,alternatives,Alternatives,2,0,1,2026-08-16T21:08:24.086697+00:00,7,58.333333333333336,12,63.333333333333336,68.85714285714286,55.6,13.25714285714286,5.0,5.0,10.0,5.0,10.0,50.0,70.0,8.0,6.0,8.0,74.0,53.0,1.0,1.0,-2.0,1.0,-2.0,12,1.0,12,129.16666666666666,1.0,13,25,44711,39763,0,13,12,1.0,0,0,0,0,0,2604.069999933243,43.401166665554044,client task timestamps,55.0,1.0,1.5,0.5,7.833333333333333,8.666666666666666,1.0,3.375,4,4,0,46.0,Man,Vocational college degree,Native English speaker,Several times a day,7,4.0,False,False,False,False,False,False,False
66cdcee5b3f3d7136c690de0,alternatives,Alternatives,2,0,1,2026-08-16T21:10:33.627001+00:00,4,33.33333333333333,12,54.583333333333336,29.25,67.25,-38.0,21.250000000000007,21.250000000000007,7.0,4.0,5.0,,,10.0,8.0,6.0,67.0,33.0,6.0,6.0,3.0,4.0,1.0,23,1.9166666666666667,12,69.52173913043478,0.9130434782608695,24,45,52094,41220,0,14,11,1.0,0,0,0,0,0,3078.7910001277924,51.31318333546321,client task timestamps,60.0,-0.75,-0.5,-1.0,9.166666666666666,10.666666666666666,4.0,1.5,4,4,0,21.0,Woman,Upper secondary school / High school,Native English speaker,A few times a month,3,4.0,False,False,False,False,False,False,False
6446839f023ba8de55365437,alternatives,Alternatives,2,0,1,2026-08-16T21:16:23.557630+00:00,6,50.0,12,94.5,96.16666666666667,92.83333333333333,3.333333333333343,44.5,44.5,8.0,6.0,8.0,61.0,81.0,10.0,8.0,8.0,63.0,82.0,4.0,4.0,2.0,2.0,0.0,24,2.0,12,151.75,0.9166666666666666,25,49,56843,51361,0,14,11,1.0,0,0,0,0,0,1712.9800000190735,28.549666666984557,client task timestamps,92.5,2.875,3.0,2.75,10.5,10.333333333333334,4.0,3.5,4,4,0,23.0,Woman,Higher tertiary education degree (Master's level),Native English speaker,Several times a day,7,5.0,False,False,False,False,False,False,False
6658b1d67df7606690e4d6da,alternatives,Alternatives,2,0,1,2026-08-16T21:16:47.200091+00:00,5,41.66666666666667,12,81.75,85.2,79.28571428571429,5.914285714285711,40.08333333333333,40.08333333333333,10.0,8.0,8.0,62.0,79.0,9.0,6.0,9.0,46.0,79.0,4.0,4.0,-1.0,-2.0,1.0,17,1.4166666666666667,12,97.88235294117646,0.8235294117647058,19,36,60945,49751,2,17,12,1.0,0,0,0,0,0,2975.763999938965,49.59606666564942,client task timestamps,87.5,1.125,1.25,1.0,10.666666666666666,11.5,3.5,3.625,4,4,0,38.0,Woman,Vocational college degree,Native English speaker,A few times a week,5,5.0,False,False,False,False,False,False,False
6676b999f1116e55d774817f,alternatives,Alternatives,2,0,1,2026-08-16T21:19:18.576097+00:00,8,66.66666666666666,12,41.666666666666664,25.0,75.0,-50.0,-24.999999999999993,24.999999999999993,10.0,5.0,12.0,50.0,,6.0,0.0,10.0,17.0,46.0,-2.0,2.0,-4.0,-5.0,-2.0,14,1.1666666666666667,12,117.42857142857143,1.0,16,30,43736,37926,0,14,12,1.0,0,0,0,0,0,2666.763999938965,44.44606666564941,client task timestamps,62.5,-0.5,0.75,-1.75,11.0,12.5,1.8333333333333333,3.0,4,4,0,29.0,Woman,Vocational college degree,Native English speaker,About once a week,4,3.0,False,False,False,False,False,False,False
6043a1dc4c33ef37c64f0812,alternatives,Alternatives,2,0,1,2026-08-16T21:23:39.305376+00:00,5,41.66666666666667,12,74.83333333333333,71.6,77.14285714285714,-5.5428571428571445,33.16666666666666,33.16666666666666,8.0,6.0,10.0,10.0,45.0,5.0,2.0,7.0,25.0,60.0,0.0,0.0,-3.0,-4.0,-3.0,25,2.0833333333333335,12,145.44,0.56,26,51,57039,42345,0,23,11,1.0,0,0,0,0,0,2939.039999961853,48.983999999364215,client task timestamps,75.0,1.375,1.75,1.0,14.333333333333334,16.833333333333332,2.0,2.875,4,4,0,40.0,Man,Upper secondary school / High school,Native English speaker,Several times a day,7,4.0,False,False,False,False,False,False,False
6126c376b030f1ef149929fb,alternatives,Alternatives,2,0,1,2026-08-16T21:27:27.894927+00:00,3,25.0,12,96.58333333333333,92.33333333333333,98.0,-5.666666666666671,71.58333333333333,71.58333333333333,12.0,6.0,12.0,71.0,100.0,10.0,0.0,6.0,80.0,51.0,7.0,7.0,-2.0,-6.0,-6.0,35,2.9166666666666665,12,63.02857142857143,0.8,37,72,84317,65437,0,21,12,1.0,0,0,0,0,0,3870.6349999904633,64.51058333317438,client task timestamps,25.0,0.5,0.75,0.25,18.166666666666668,15.333333333333334,2.1666666666666665,2.375,4,4,0,49.0,Woman,Lower tertiary education degree (Bachelor's level),Fully fluent,About once a week,4,4.0,False,False,False,False,False,False,False
69f1565fdf85268879a918d9,alternatives,Alternatives,2,0,1,2026-08-16T22:08:43.974701+00:00,3,25.0,12,67.83333333333333,66.66666666666667,68.22222222222223,-1.5555555555555571,42.83333333333333,42.83333333333333,10.0,8.0,10.0,,,10.0,6.0,10.0,61.0,58.0,7.0,7.0,0.0,-2.0,0.0,22,1.8333333333333333,12,73.31818181818181,0.9090909090909091,24,46,74404,61177,0,16,12,1.0,0,0,0,0,0,1111.244000196457,18.520733336607616,client task timestamps,85.0,1.125,1.75,0.5,5.833333333333333,6.666666666666667,4.0,3.5,4,4,0,21.0,Man,Upper secondary school / High school,Native English speaker,About once a day,6,5.0,False,False,False,False,False,False,False
5c61d9cd6f57a000014a8fc4,alternatives,Alternatives,2,0,1,2026-08-16T22:11:32.881138+00:00,6,50.0,12,84.41666666666667,82.83333333333333,86.0,-3.1666666666666714,34.41666666666667,34.41666666666667,12.0,6.0,12.0,75.0,84.0,7.0,1.0,1.0,45.0,30.0,1.0,1.0,-5.0,-5.0,-11.0,19,1.5833333333333333,12,90.0,1.0,20,39,65911,54281,0,13,12,1.0,0,0,0,0,0,1062.2809998989105,17.704683331648507,client task timestamps,77.5,-0.875,-1.0,-0.75,4.333333333333333,4.166666666666667,1.6666666666666667,2.125,4,4,0,31.0,Man,Lower tertiary education degree (Bachelor's level),Native English speaker,Several times a day,7,2.0,False,False,False,False,False,False,False
69fe38e9e844d3c492e41d0a,alternatives,Alternatives,2,0,1,2026-08-16T22:20:27.979973+00:00,4,33.33333333333333,12,57.5,64.75,53.875,10.875,24.16666666666667,24.16666666666667,10.0,3.0,12.0,53.0,37.0,8.0,2.0,10.0,30.0,36.0,4.0,4.0,-2.0,-1.0,-2.0,12,1.0,12,356.4166666666667,1.0,14,26,53505,47985,0,14,12,1.0,0,0,0,0,0,853.6999998092651,14.228333330154419,client task timestamps,65.0,0.625,1.25,0.0,10.833333333333334,10.666666666666666,3.5,3.625,4,4,0,23.0,Man,Lower tertiary education degree (Bachelor's level),Native English speaker,About once a day,6,2.0,False,False,False,False,False,False,False
66c0382392286c820e1d3623,alternatives,Alternatives,2,0,1,2026-08-16T22:23:55.857245+00:00,5,41.66666666666667,12,53.916666666666664,65.6,45.57142857142857,20.028571428571425,12.249999999999993,12.249999999999993,12.0,1.0,6.0,,,8.0,0.0,6.0,42.0,54.0,3.0,3.0,-4.0,-1.0,0.0,29,2.4166666666666665,12,58.06896551724138,0.9655172413793104,31,60,66959,48489,0,15,12,1.0,0,0,0,0,0,1630.2460000514984,27.170766667524973,client task timestamps,97.5,0.625,1.0,0.25,4.833333333333333,2.3333333333333335,3.1666666666666665,3.375,4,4,0,26.0,Woman,Lower tertiary education degree (Bachelor's level),Native English speaker,A few times a week,5,1.0,False,False,False,False,False,False,False
6a08dbc70f88fa516082241a,alternatives,Alternatives,2,0,1,2026-08-16T22:27:18.023094+00:00,6,50.0,12,60.75,65.83333333333333,55.666666666666664,10.166666666666664,10.75,10.75,12.0,10.0,12.0,83.0,100.0,10.0,6.0,11.0,71.0,71.0,4.0,4.0,-2.0,-4.0,-1.0,15,1.25,12,105.8,0.6,16,31,31668,25942,0,16,9,1.0,0,0,0,0,0,1930.6280000209808,32.17713333368302,client task timestamps,67.5,1.125,1.5,0.75,11.333333333333334,12.5,4.0,4.375,4,4,0,29.0,Man,Higher tertiary education degree (Master's level),Native English speaker,Several times a day,7,5.0,False,False,False,False,False,False,False
6a16ec054f5cdd315b2611c6,alternatives,Alternatives,2,0,1,2026-08-16T22:31:36.594511+00:00,3,25.0,12,90.16666666666667,98.66666666666667,87.33333333333333,11.333333333333343,65.16666666666667,65.16666666666667,12.0,11.0,12.0,100.0,100.0,12.0,10.0,12.0,100.0,100.0,9.0,9.0,0.0,-1.0,0.0,14,1.1666666666666667,12,227.28571428571428,1.0,17,31,39920,35499,0,15,12,1.0,0,0,0,0,0,1641.0570001602173,27.350950002670288,client task timestamps,62.5,2.375,2.75,2.0,9.166666666666666,11.333333333333334,4.5,4.75,3,4,1,37.0,Man,Lower tertiary education degree (Bachelor's level),Native English speaker,Several times a day,7,5.0,False,False,False,False,False,False,False
6a00570a56fddee15037bdd3,alternatives,Alternatives,2,0,1,2026-08-16T22:32:50.882228+00:00,4,33.33333333333333,12,86.41666666666667,91.25,84.0,7.25,53.08333333333334,53.08333333333334,12.0,4.0,8.0,15.0,75.0,10.0,1.0,8.0,50.0,60.0,6.0,6.0,-2.0,-3.0,0.0,12,1.0,12,134.08333333333334,1.0,14,26,41107,36359,0,14,12,1.0,0,0,0,0,0,1543.0540001392365,25.717566668987274,client task timestamps,80.0,1.375,2.5,0.25,7.166666666666667,9.666666666666666,2.0,4.0,4,4,0,24.0,Man,Lower tertiary education degree (Bachelor's level),Native English speaker,A few times a week,5,1.0,False,False,False,False,False,False,False
6a00d06c4d9e56ae1a375643,alternatives,Alternatives,2,0,1,2026-08-16T22:39:22.895629+00:00,6,50.0,12,73.41666666666667,80.66666666666667,66.16666666666667,14.5,23.41666666666667,23.41666666666667,10.0,6.0,8.0,32.0,75.0,7.0,8.0,9.0,33.0,78.0,1.0,1.0,-3.0,2.0,1.0,17,1.4166666666666667,12,115.52941176470588,1.0,19,36,42694,37049,0,14,12,1.0,0,0,0,0,0,1261.2910001277924,21.02151666879654,client task timestamps,67.5,1.75,2.25,1.25,5.333333333333333,6.166666666666667,4.0,3.25,3,4,1,24.0,Man,Upper secondary school / High school,Native English speaker,A few times a week,5,4.0,False,False,False,False,False,False,False
5c3fa8f562ada90001275f5e,alternatives,Alternatives,2,0,1,2026-08-16T22:45:06.774539+00:00,6,50.0,12,83.25,87.5,79.0,8.5,33.25,33.25,9.0,6.0,9.0,50.0,59.0,6.0,4.0,5.0,46.0,67.0,0.0,0.0,-3.0,-2.0,-4.0,15,1.25,12,109.93333333333334,1.0,17,32,54655,46324,0,14,12,1.0,0,0,0,0,0,2902.0469999313354,48.36744999885559,client task timestamps,77.5,1.125,1.75,0.5,9.5,7.666666666666667,3.3333333333333335,3.375,4,4,0,31.0,Woman,Doctoral degree,Native English speaker,A few times a week,5,5.0,False,False,False,False,False,False,False
6a0b2e634890878fbf46baad,alternatives,Alternatives,2,0,1,2026-08-16T22:46:35.390443+00:00,7,58.333333333333336,12,91.41666666666667,89.28571428571429,94.4,-5.114285714285714,33.083333333333336,33.083333333333336,10.0,6.0,3.0,63.0,50.0,10.0,8.0,8.0,55.0,60.0,3.0,3.0,0.0,2.0,5.0,21,1.75,12,75.0952380952381,0.47619047619047616,25,46,48593,40184,0,24,9,1.0,0,0,0,0,0,3272.1849999427795,54.53641666571299,client task timestamps,87.5,2.125,2.5,1.75,7.5,9.666666666666666,4.666666666666667,3.75,4,4,0,47.0,Man,Higher tertiary education degree (Master's level),Native English speaker,About once a day,6,5.0,False,False,False,False,False,False,False
6a1b23ab6edd3063c9739989,alternatives,Alternatives,2,0,1,2026-08-16T22:47:22.470759+00:00,4,33.33333333333333,12,65.75,68.75,64.25,4.5,32.41666666666667,32.41666666666667,6.0,6.0,1.0,70.0,91.0,4.0,8.0,2.0,46.0,25.0,0.0,0.0,-2.0,2.0,1.0,14,1.1666666666666667,12,179.64285714285714,1.0,16,30,60968,54712,6,14,12,1.0,0,0,0,0,0,2774.8129999637604,46.24688333272934,client task timestamps,22.5,0.125,-0.75,1.0,13.0,15.5,4.5,1.75,4,4,0,18.0,Woman,Lower tertiary education degree (Bachelor's level),Native English speaker,Less than once a month,2,4.0,False,False,False,False,False,False,False
6a1f447463e5c07aabec8187,alternatives,Alternatives,2,0,1,2026-08-16T22:51:47.604109+00:00,5,41.66666666666667,12,68.16666666666667,80.0,59.714285714285715,20.285714285714285,26.5,26.5,10.0,10.0,10.0,52.0,83.0,8.0,10.0,6.0,68.0,64.0,3.0,3.0,-2.0,0.0,-4.0,47,3.9166666666666665,12,57.1063829787234,0.8936170212765957,48,95,82396,58890,0,18,12,1.0,0,0,0,0,0,2957.21799993515,49.28696666558584,client task timestamps,72.5,1.0,1.75,0.25,8.333333333333334,10.833333333333334,2.8333333333333335,2.75,4,4,0,25.0,Woman,Lower tertiary education degree (Bachelor's level),Native English speaker,About once a day,6,4.0,False,False,False,False,False,False,False
6a22567ab2a834da2f8e9057,alternatives,Alternatives,2,0,1,2026-08-16T23:04:59.428268+00:00,5,41.66666666666667,12,88.66666666666667,100.0,80.57142857142857,19.42857142857143,47.0,47.0,9.0,2.0,12.0,42.0,92.0,12.0,1.0,12.0,79.0,88.0,7.0,7.0,3.0,-1.0,0.0,20,1.6666666666666667,12,89.4,0.85,22,42,54923,46644,0,17,12,1.0,0,0,0,0,0,3237.1210000514984,53.95201666752497,client task timestamps,85.0,1.5,1.75,1.25,11.666666666666666,11.5,2.0,4.25,4,4,0,19.0,Man,Upper secondary school / High school,Native English speaker,About once a day,6,3.0,False,False,False,False,False,False,False
660c14cb05dd9faa6eda805a,alternatives,Alternatives,2,0,1,2026-08-16T23:07:13.075672+00:00,4,33.33333333333333,12,55.0,58.5,53.25,5.25,21.66666666666667,21.66666666666667,7.0,5.0,7.0,55.0,40.0,7.0,4.0,8.0,30.0,38.0,3.0,3.0,0.0,-1.0,1.0,23,1.9166666666666667,12,75.47826086956522,0.9130434782608695,25,48,56989,43788,0,16,12,1.0,0,0,0,0,0,3474.6210000514984,57.91035000085831,client task timestamps,47.5,-0.875,0.25,-2.0,8.0,10.166666666666666,3.5,1.625,4,4,0,23.0,Woman,Vocational college degree,Native English speaker,A few times a month,3,5.0,False,False,False,False,False,False,False
69848da89da918a45ff78e1d,alternatives,Alternatives,2,0,1,2026-08-16T23:13:33.134443+00:00,7,58.333333333333336,12,81.66666666666667,80.85714285714286,82.8,-1.942857142857136,23.333333333333336,23.333333333333336,10.0,8.0,6.0,90.0,56.0,11.0,6.0,6.0,81.0,26.0,4.0,4.0,1.0,-2.0,0.0,16,1.3333333333333333,12,99.3125,0.6875,20,36,44547,36480,1,20,11,1.0,0,0,0,0,0,4486.031000137329,74.76718333562215,client task timestamps,75.0,1.25,1.0,1.5,12.333333333333334,14.833333333333334,3.3333333333333335,3.125,4,4,0,28.0,Woman,Higher tertiary education degree (Master's level),Native English speaker,A few times a week,5,5.0,False,False,False,False,False,False,False
6a05a78f5dceb1b1abe2dc52,alternatives,Alternatives,2,0,1,2026-08-16T23:21:36.762350+00:00,6,50.0,12,63.75,49.666666666666664,77.83333333333333,-28.166666666666664,13.75,13.75,10.0,11.0,,,,8.0,10.0,8.0,70.0,43.0,2.0,2.0,-2.0,-1.0,,36,3.0,12,69.33333333333333,0.6944444444444444,40,76,47640,36207,0,26,11,1.0,0,0,0,0,0,4418.367000102997,73.63945000171661,client task timestamps,70.0,0.625,1.0,0.25,10.833333333333334,13.0,3.3333333333333335,2.5,4,4,0,18.0,Woman,Upper secondary school / High school,Native English speaker,A few times a week,5,3.0,False,False,False,False,False,False,False
6a158d28cf874d1b7eab9575,alternatives,Alternatives,2,0,1,2026-08-17T08:07:28.259405+00:00,4,33.33333333333333,12,89.16666666666667,87.25,90.125,-2.875,55.83333333333334,55.83333333333334,12.0,2.0,12.0,70.0,85.0,10.0,0.0,10.0,73.0,75.0,6.0,6.0,-2.0,-2.0,-2.0,17,1.4166666666666667,12,81.76470588235294,0.5882352941176471,20,37,54333,51425,0,19,9,1.0,0,0,0,0,0,867.5040001869202,14.458400003115337,client task timestamps,72.5,2.0,2.5,1.5,7.666666666666667,8.833333333333334,3.8333333333333335,3.75,4,4,0,43.0,Man,Upper secondary school / High school,Native English speaker,About once a day,6,2.0,False,False,False,False,False,False,False
6a05c37ffa65471def84e817,alternatives,Alternatives,2,0,1,2026-08-17T08:30:57.936587+00:00,7,58.333333333333336,12,90.16666666666667,92.0,87.6,4.400000000000006,31.833333333333336,31.833333333333336,12.0,10.0,12.0,100.0,100.0,10.0,10.0,10.0,100.0,100.0,3.0,3.0,-2.0,0.0,-2.0,13,1.0833333333333333,12,329.46153846153845,1.0,14,26,48381,43273,0,13,12,1.0,0,0,0,0,0,1758.2829999923706,29.30471666653951,client task timestamps,100.0,3.0,3.0,3.0,7.333333333333333,10.5,5.0,5.0,4,4,0,36.0,Man,Higher tertiary education degree (Master's level),Native English speaker,Several times a day,7,5.0,False,False,False,False,False,False,False
69fa27f897bf4caf2d505098,alternatives,Alternatives,2,0,1,2026-08-17T08:42:50.190465+00:00,3,25.0,12,50.666666666666664,50.0,50.888888888888886,-0.8888888888888857,25.666666666666664,25.666666666666664,7.0,4.0,3.0,55.0,51.0,6.0,2.0,5.0,58.0,54.0,3.0,3.0,-1.0,-2.0,2.0,16,1.3333333333333333,12,95.75,0.875,17,33,41994,34207,0,15,12,1.0,0,0,0,0,0,928.6879999637604,15.478133332729339,client task timestamps,57.5,0.0,0.5,-0.5,7.666666666666667,8.166666666666666,3.0,2.375,4,4,0,20.0,Man,Upper secondary school / High school,Native English speaker,A few times a week,5,4.0,False,False,False,False,False,False,False
60dfa6a5a12413b99195c3de,alternatives,Alternatives,2,0,1,2026-08-17T08:45:00.584054+00:00,4,33.33333333333333,12,46.333333333333336,59.0,40.0,19.0,13.000000000000007,13.000000000000007,10.0,3.0,6.0,50.0,70.0,4.0,1.0,5.0,50.0,10.0,0.0,0.0,-6.0,-2.0,-1.0,14,1.1666666666666667,12,182.92857142857142,1.0,16,30,49526,43164,0,14,12,1.0,0,0,0,0,0,1393.37299990654,23.222883331775666,client task timestamps,37.5,-1.625,-0.5,-2.75,10.833333333333334,11.0,3.3333333333333335,1.25,4,4,0,24.0,Woman,Lower tertiary education degree (Bachelor's level),Native English speaker,A few times a month,3,3.0,False,False,False,False,False,False,False
697e00ccb24e2ade3421a2d3,alternatives,Alternatives,2,0,1,2026-08-17T08:53:11.077430+00:00,7,58.333333333333336,12,79.75,82.14285714285714,76.4,5.742857142857133,21.416666666666664,21.416666666666664,10.0,2.0,6.0,,,12.0,6.0,12.0,70.0,95.0,5.0,5.0,2.0,4.0,6.0,13,1.0833333333333333,12,123.92307692307692,1.0,15,28,43795,39166,0,14,12,1.0,0,0,0,0,0,3077.5169999599457,51.29194999933243,client task timestamps,65.0,1.625,1.75,1.5,7.0,9.833333333333334,2.3333333333333335,3.625,4,4,0,30.0,Woman,Higher tertiary education degree (Master's level),Fully fluent,About once a day,6,3.0,False,False,False,False,False,False,False
53a18b8ffdf99b79ca51df6e,alternatives,Alternatives,2,0,1,2026-08-17T08:59:56.956600+00:00,7,58.333333333333336,12,87.0,88.71428571428571,84.6,4.114285714285714,28.666666666666664,28.666666666666664,10.0,6.0,10.0,77.0,83.0,10.0,2.0,9.0,70.0,75.0,3.0,3.0,0.0,-4.0,-1.0,13,1.0833333333333333,12,331.0,0.9230769230769231,14,27,43405,39010,0,14,12,1.0,0,0,0,0,0,1701.0060000419617,28.35010000069936,client task timestamps,80.0,2.75,3.0,2.5,10.166666666666666,11.333333333333334,4.333333333333333,3.375,4,4,0,48.0,Woman,Upper secondary school / High school,Native English speaker,Several times a day,7,5.0,False,False,False,False,False,False,False
667130c07398403120cb2bc4,alternatives,Alternatives,2,0,1,2026-08-17T09:00:42.644992+00:00,3,25.0,12,76.25,84.33333333333333,73.55555555555556,10.777777777777771,51.25,51.25,9.0,0.0,8.0,29.0,40.0,7.0,2.0,6.0,20.0,32.0,4.0,4.0,-2.0,2.0,-2.0,20,1.6666666666666667,12,96.05,0.9,25,45,87810,71273,4,17,10,1.0,0,0,0,0,0,3503.25,58.3875,client task timestamps,67.5,0.25,0.5,0.0,9.833333333333334,7.666666666666667,3.1666666666666665,3.25,3,4,1,39.0,Man,Higher tertiary education degree (Master's level),Conversationally fluent,About once a day,6,3.0,False,False,False,False,False,False,False
672b24390a9c197eb61f2f72,alternatives,Alternatives,2,0,1,2026-08-17T09:56:17.010439+00:00,3,25.0,12,56.583333333333336,68.66666666666667,52.55555555555556,16.111111111111114,31.583333333333336,31.583333333333336,7.0,2.0,7.0,50.0,65.0,7.0,2.0,7.0,53.0,66.0,4.0,4.0,0.0,0.0,0.0,14,1.1666666666666667,12,115.35714285714286,0.9285714285714286,16,29,44472,38283,0,15,12,1.0,0,0,0,0,0,2473.223999977112,41.22039999961853,client task timestamps,75.0,1.0,0.75,1.25,4.5,5.666666666666667,3.6666666666666665,4.0,4,4,0,54.0,Man,Upper secondary school / High school,Fully fluent,Several times a day,7,3.0,False,False,False,False,False,False,False
671cdd2146a2a9d3d0535132,alternatives,Alternatives,2,0,1,2026-08-17T10:20:13.388010+00:00,7,58.333333333333336,12,66.83333333333333,63.42857142857143,71.6,-8.171428571428564,8.499999999999993,8.499999999999993,12.0,8.0,7.0,,,7.0,7.0,4.0,50.0,30.0,0.0,0.0,-5.0,-1.0,-3.0,16,1.3333333333333333,12,126.25,0.75,18,34,44545,37193,0,18,12,1.0,0,0,0,0,0,2092.489000082016,34.8748166680336,client task timestamps,72.5,0.625,0.25,1.0,13.166666666666666,13.0,4.0,2.625,4,4,0,35.0,Man,Lower tertiary education degree (Bachelor's level),Fully fluent,Several times a day,7,4.0,False,False,False,False,False,False,False
6a1edc2c42116f4499c0e8c8,alternatives,Alternatives,2,0,1,2026-08-17T10:27:57.396242+00:00,4,33.33333333333333,12,75.25,67.25,79.25,-12.0,41.91666666666667,41.91666666666667,12.0,2.0,7.0,10.0,100.0,8.0,6.0,9.0,52.0,80.0,4.0,4.0,-4.0,4.0,2.0,16,1.3333333333333333,12,117.8125,0.75,18,28,54532,49591,4,18,12,1.0,0,0,0,0,0,1268.2360000610352,21.13726666768392,client task timestamps,92.5,1.0,1.75,0.25,9.5,12.0,2.1666666666666665,4.375,3,4,1,36.0,Woman,Lower tertiary education degree (Bachelor's level),Native English speaker,About once a day,6,5.0,False,False,False,False,False,False,False
6a18b22fae75cabad16d1c34,alternatives,Alternatives,2,0,1,2026-08-17T10:34:00.122258+00:00,3,25.0,12,70.0,71.33333333333333,69.55555555555556,1.7777777777777715,45.0,45.0,12.0,6.0,12.0,67.0,72.0,7.0,4.0,9.0,89.0,98.0,4.0,4.0,-5.0,-2.0,-3.0,17,1.4166666666666667,12,167.23529411764707,0.7058823529411765,19,36,47802,42917,0,19,12,1.0,0,0,0,0,0,1929.300999879837,32.155016664663954,client task timestamps,67.5,1.0,1.0,1.0,6.666666666666667,7.833333333333333,3.1666666666666665,3.5,4,4,0,21.0,Man,Lower tertiary education degree (Bachelor's level),Native English speaker,About once a day,6,3.0,False,False,False,False,False,False,False
6a0465dbc4519ab0aa7db764,alternatives,Alternatives,2,0,1,2026-08-17T10:35:46.270594+00:00,3,25.0,12,77.33333333333333,82.33333333333333,75.66666666666667,6.666666666666657,52.33333333333333,52.33333333333333,9.0,6.0,10.0,54.0,54.0,8.0,5.0,9.0,50.0,83.0,5.0,5.0,-1.0,-1.0,-1.0,23,1.9166666666666667,12,38.608695652173914,0.17391304347826086,25,48,54767,34547,0,23,2,1.0,0,0,0,0,0,1984.8429999351501,33.08071666558583,client task timestamps,52.5,1.0,1.25,0.75,12.833333333333334,14.666666666666666,3.3333333333333335,4.0,3,4,1,50.0,Man,Lower tertiary education degree (Bachelor's level),Native English speaker,Several times a day,7,4.0,False,False,False,False,False,False,False
6a2199e15b03d651347b9916,alternatives,Alternatives,2,0,1,2026-08-17T10:39:23.581783+00:00,2,16.666666666666664,12,77.83333333333333,95.0,74.4,20.599999999999994,61.166666666666664,61.166666666666664,10.0,7.0,8.0,46.0,74.0,8.0,4.0,11.0,11.0,37.0,6.0,6.0,-2.0,-3.0,3.0,25,2.0833333333333335,12,67.0,0.12,29,54,37591,25356,0,28,2,0.75,0,0,0,0,0,2209.569999933243,36.82616666555405,client task timestamps,85.0,0.875,1.0,0.75,12.0,10.833333333333334,4.833333333333333,3.75,4,4,0,35.0,Man,Upper secondary school / High school,Native English speaker,A few times a month,3,4.0,False,False,False,False,False,False,False
6a0f047a86b88ad53907a7ca,alternatives,Alternatives,2,0,1,2026-08-17T10:42:46.930977+00:00,6,50.0,12,54.166666666666664,64.16666666666667,44.166666666666664,20.000000000000007,4.166666666666664,4.166666666666664,9.0,6.0,9.0,53.0,50.0,5.0,4.0,5.0,37.0,43.0,-1.0,1.0,-4.0,-2.0,-4.0,28,2.3333333333333335,12,161.67857142857142,0.8214285714285714,30,58,61376,52823,0,19,12,1.0,0,0,0,0,0,2357.345999956131,39.28909999926885,client task timestamps,52.5,-0.625,0.5,-1.75,7.166666666666667,7.0,1.0,1.875,4,4,0,29.0,Woman,Lower tertiary education degree (Bachelor's level),Native English speaker,A few times a week,5,2.0,False,False,False,False,False,False,False
6471e0a407b30a4f171dbd35,alternatives,Alternatives,2,0,1,2026-08-17T10:46:50.826073+00:00,6,50.0,12,87.25,91.66666666666667,82.83333333333333,8.833333333333343,37.25,37.25,12.0,8.0,12.0,80.0,10.0,6.0,4.0,3.0,50.0,40.0,0.0,0.0,-6.0,-4.0,-9.0,20,1.6666666666666667,12,87.2,0.85,22,40,87770,74960,3,15,10,1.0,0,0,0,0,0,2546.6440000534058,42.44406666755676,client task timestamps,90.0,0.375,1.25,-0.5,11.166666666666666,11.0,4.333333333333333,3.5,4,4,0,57.0,Woman,Doctoral degree,Native English speaker,Several times a day,7,4.0,False,False,False,False,False,False,False
698b045589588a7dea2bef84,alternatives,Alternatives,2,0,1,2026-08-17T10:52:21.820646+00:00,5,41.66666666666667,12,90.91666666666667,90.4,91.28571428571429,-0.8857142857142861,49.25,49.25,12.0,8.0,12.0,85.0,95.0,12.0,6.0,12.0,70.0,70.0,7.0,7.0,0.0,-2.0,0.0,16,1.3333333333333333,12,103.1875,0.75,18,34,45557,41088,0,18,12,1.0,0,0,0,0,0,2930.838000059128,48.84730000098546,client task timestamps,72.5,1.75,2.0,1.5,9.833333333333334,10.666666666666666,3.6666666666666665,4.125,4,4,0,27.0,Man,Lower tertiary education degree (Bachelor's level),Native English speaker,Several times a day,7,4.0,False,False,False,False,False,False,False
6a0cd3ed8bba7edfec81cbc8,alternatives,Alternatives,2,0,1,2026-08-17T11:03:11.280805+00:00,8,66.66666666666666,12,91.91666666666667,91.875,92.0,-0.125,25.250000000000014,25.250000000000014,8.0,7.0,,,,9.0,7.0,6.0,84.0,75.0,1.0,1.0,1.0,0.0,,13,1.0833333333333333,12,162.15384615384616,0.6153846153846154,16,29,41020,35469,0,16,8,1.0,0,0,0,0,0,3369.934000015259,56.16556666692098,client task timestamps,70.0,1.75,1.5,2.0,9.666666666666666,12.833333333333334,4.0,3.75,4,4,0,22.0,Man,Higher tertiary education degree (Master's level),Fully fluent,A few times a week,5,4.0,False,False,False,False,False,False,False
6a05bed431af49069330ecf5,alternatives,Alternatives,2,0,1,2026-08-18T05:51:01.805015+00:00,6,50.0,12,75.91666666666667,81.66666666666667,70.16666666666667,11.5,25.91666666666667,25.91666666666667,12.0,11.0,12.0,50.0,72.0,6.0,6.0,4.0,41.0,68.0,0.0,0.0,-6.0,-5.0,-8.0,21,1.75,12,118.14285714285714,0.7142857142857143,23,44,70576,62778,3,22,14,1.0,0,0,0,0,0,1633.3220000267029,27.22203333377838,client task timestamps,70.0,1.25,1.5,1.0,11.166666666666666,13.666666666666666,4.333333333333333,3.375,4,4,0,24.0,Man,Lower tertiary education degree (Bachelor's level),Native English speaker,Several times a day,7,5.0,False,False,False,False,False,False,False
69f1f9fe2aeb480ab8168d0f,alternatives,Alternatives,2,0,1,2026-08-18T05:57:50.065328+00:00,5,41.66666666666667,12,87.58333333333333,87.2,87.85714285714286,-0.6571428571428584,45.91666666666666,45.91666666666666,12.0,6.0,12.0,67.0,92.0,10.0,8.0,10.0,92.0,82.0,5.0,5.0,-2.0,2.0,-2.0,16,1.3333333333333333,12,100.125,0.8125,18,32,55659,48528,2,17,12,1.0,0,0,0,0,0,2234.984999895096,37.249749998251595,client task timestamps,70.0,2.0,3.0,1.0,11.5,13.333333333333334,2.3333333333333335,3.5,4,4,0,39.0,Woman,Lower tertiary education degree (Bachelor's level),Fully fluent,About once a day,6,4.0,False,False,False,False,False,False,False
6a06f5c82ef7206c2ae0a838,alternatives,Alternatives,2,0,1,2026-08-18T06:05:43.842345+00:00,5,41.66666666666667,12,69.33333333333333,63.6,73.42857142857143,-9.82857142857143,27.666666666666657,27.666666666666657,6.0,2.0,5.0,30.0,56.0,4.0,2.0,6.0,28.0,51.0,-1.0,1.0,-2.0,0.0,1.0,13,1.0833333333333333,12,120.46153846153847,1.0,15,28,45481,39818,0,14,12,1.0,0,0,0,0,0,1372.4809999465942,22.874683332443237,client task timestamps,47.5,0.0,-0.5,0.5,8.333333333333334,6.833333333333333,3.3333333333333335,2.75,4,4,0,35.0,Man,Vocational college degree,Native English speaker,A few times a month,3,3.0,False,False,False,False,False,False,False
66a208fff5715f2926f70289,alternatives,Alternatives,2,0,1,2026-08-18T06:10:16.018010+00:00,3,25.0,12,91.91666666666667,100.0,89.22222222222223,10.777777777777771,66.91666666666667,66.91666666666667,12.0,5.0,12.0,73.0,100.0,7.0,3.0,7.0,50.0,71.0,4.0,4.0,-5.0,-2.0,-5.0,22,1.8333333333333333,12,201.1818181818182,1.0,24,46,91737,75833,4,14,12,1.0,0,0,0,0,0,2804.0759999752045,46.73459999958674,client task timestamps,90.0,2.875,2.75,3.0,11.166666666666666,13.0,5.0,3.625,4,4,0,42.0,Man,Vocational college degree,Native English speaker,Several times a day,7,4.0,False,False,False,False,False,False,False
6647553d43a5c4dd9a129193,alternatives,Alternatives,2,0,1,2026-08-18T06:19:08.572906+00:00,5,41.66666666666667,12,77.25,91.8,66.85714285714286,24.942857142857136,35.58333333333333,35.58333333333333,12.0,12.0,12.0,65.0,,10.0,5.0,8.0,73.0,69.0,5.0,5.0,-2.0,-7.0,-4.0,17,1.4166666666666667,12,259.4117647058824,1.0,18,35,51846,42778,0,13,12,1.0,0,0,0,0,0,2018.0309998989105,33.63384999831518,client task timestamps,75.0,0.375,0.75,0.0,7.0,9.166666666666666,2.5,2.625,4,4,0,36.0,Woman,Lower tertiary education degree (Bachelor's level),Native English speaker,Several times a day,7,2.0,False,False,False,False,False,False,False
69fe15dbdae228494b7e163c,alternatives,Alternatives,2,0,1,2026-08-18T06:19:09.426725+00:00,7,58.333333333333336,12,93.33333333333333,95.14285714285714,90.8,4.342857142857142,34.99999999999999,34.99999999999999,2.0,12.0,0.0,68.0,100.0,10.0,6.0,10.0,80.0,77.0,3.0,3.0,8.0,-6.0,10.0,14,1.1666666666666667,12,194.64285714285714,0.9285714285714286,15,29,41518,35673,0,14,12,1.0,0,0,0,0,0,1330.529000043869,22.175483334064484,client task timestamps,80.0,1.25,1.5,1.0,10.5,11.333333333333334,3.1666666666666665,3.5,3,4,1,33.0,Woman,Lower tertiary education degree (Bachelor's level),Fully fluent,Several times a day,7,4.0,False,False,False,False,False,False,False
5a9012adf053610001718912,alternatives,Alternatives,2,0,1,2026-08-18T06:21:16.894037+00:00,6,50.0,12,87.33333333333333,94.66666666666667,80.0,14.666666666666671,37.33333333333333,37.33333333333333,12.0,6.0,12.0,100.0,100.0,9.0,2.0,9.0,71.0,85.0,3.0,3.0,-3.0,-4.0,-3.0,18,1.5,12,88.16666666666667,0.3333333333333333,20,38,53705,43493,0,19,5,1.0,0,0,0,0,0,1681.5030000209808,28.02505000034968,client task timestamps,70.0,0.875,1.25,0.5,7.0,9.5,3.6666666666666665,3.5,4,4,0,50.0,Woman,Upper secondary school / High school,Native English speaker,A few times a week,5,4.0,False,False,False,False,False,False,False
6a019609213326e427f7e358,alternatives,Alternatives,2,0,1,2026-08-18T06:33:12.143753+00:00,4,33.33333333333333,12,55.416666666666664,53.5,56.375,-2.875,22.083333333333336,22.083333333333336,12.0,10.0,12.0,90.0,100.0,10.0,4.0,10.0,68.0,68.0,6.0,6.0,-2.0,-6.0,-2.0,15,1.25,12,106.73333333333333,0.8666666666666667,17,32,57751,52087,0,16,12,1.0,0,0,0,0,0,3095.2619998455048,51.58769999742508,client task timestamps,42.5,1.0,1.0,1.0,9.833333333333334,9.333333333333334,3.8333333333333335,3.0,4,4,0,55.0,Man,Higher tertiary education degree (Master's level),Fully fluent,Several times a day,7,3.0,False,False,False,False,False,False,False
54f5a98cfdf99b2e7ccaeb91,alternatives,Alternatives,2,0,1,2026-08-18T06:37:32.480710+00:00,6,50.0,12,67.33333333333333,82.83333333333333,51.833333333333336,30.999999999999993,17.33333333333333,17.33333333333333,12.0,9.0,11.0,70.0,95.0,8.0,5.0,7.0,50.0,35.0,2.0,2.0,-4.0,-4.0,-4.0,28,2.3333333333333335,12,77.5,0.8214285714285714,31,59,96027,83909,3,20,12,1.0,0,0,0,0,0,3588.5099999904633,59.808499999841054,client task timestamps,65.0,-0.125,-0.5,0.25,9.666666666666666,10.833333333333334,1.6666666666666667,3.75,4,4,0,36.0,Man,Lower tertiary education degree (Bachelor's level),Native English speaker,Several times a day,7,5.0,False,False,False,False,False,False,False
6a194d2c84c40cb2a1a0e06a,alternatives,Alternatives,2,0,1,2026-08-18T06:46:35.831248+00:00,6,50.0,12,90.25,97.16666666666667,83.33333333333333,13.833333333333343,40.25,40.25,8.0,4.0,12.0,,,11.0,2.0,6.0,80.0,25.0,5.0,5.0,3.0,-2.0,-6.0,40,3.3333333333333335,12,94.55,0.85,45,85,71160,61213,0,23,12,1.0,0,0,0,0,0,4899.338000059128,81.6556333343188,client task timestamps,75.0,2.25,2.25,2.25,8.333333333333334,10.166666666666666,5.0,3.25,4,4,0,64.0,Man,Lower tertiary education degree (Bachelor's level),Native English speaker,Several times a day,7,4.0,False,False,False,False,False,False,False
63d141f040c855b7fb494d13,alternatives,Alternatives,2,0,1,2026-08-18T06:50:23.782357+00:00,5,41.66666666666667,12,52.583333333333336,62.0,45.857142857142854,16.142857142857146,10.916666666666664,10.916666666666664,12.0,5.0,10.0,100.0,90.0,7.0,0.0,8.0,25.0,50.0,2.0,2.0,-5.0,-5.0,-2.0,27,2.25,12,67.03703703703704,0.8148148148148148,30,57,75202,59243,0,19,11,1.0,0,0,0,0,0,3387.6719999313354,56.46119999885559,client task timestamps,87.5,1.625,2.25,1.0,8.5,9.333333333333334,1.6666666666666667,3.375,4,4,0,34.0,Woman,Vocational college degree,Native English speaker,About once a day,6,3.0,False,False,False,False,False,False,False
675ab3f6c12c9e3fd27046b3,alternatives,Alternatives,2,0,1,2026-08-18T06:50:45.897980+00:00,6,50.0,12,71.41666666666667,56.666666666666664,86.16666666666667,-29.500000000000007,21.41666666666667,21.41666666666667,12.0,8.0,12.0,54.0,75.0,9.0,6.0,7.0,63.0,75.0,3.0,3.0,-3.0,-2.0,-5.0,16,1.3333333333333333,12,120.3125,0.8125,19,35,40117,35173,0,18,12,1.0,0,0,0,0,0,1134.9570000171661,18.915950000286102,client task timestamps,70.0,0.25,0.75,-0.25,6.333333333333333,7.833333333333333,3.8333333333333335,3.375,4,4,0,33.0,Woman,Higher tertiary education degree (Master's level),Native English speaker,Several times a day,7,3.0,False,False,False,False,False,False,False
6a21be8a98a32ca1859a6003,alternatives,Alternatives,2,0,1,2026-08-18T07:11:47.194266+00:00,7,58.333333333333336,12,56.833333333333336,61.57142857142857,50.2,11.371428571428567,-1.5,1.5,12.0,12.0,12.0,52.0,56.0,6.0,6.0,6.0,19.0,27.0,-1.0,1.0,-6.0,-6.0,-6.0,15,1.25,12,104.53333333333333,0.7333333333333333,18,27,42656,38488,0,18,11,1.0,0,0,0,0,0,1277.2139999866486,21.286899999777475,client task timestamps,52.5,-0.125,0.25,-0.5,9.833333333333334,9.0,4.0,2.125,4,4,0,24.0,Man,Upper secondary school / High school,Native English speaker,About once a week,4,5.0,False,False,False,False,False,False,False
697a53e8b315729705307e4b,alternatives,Alternatives,2,0,1,2026-08-11T09:25:21.232280+00:00,5,41.66666666666667,12,84.16666666666667,77.4,89.0,-11.599999999999994,42.5,42.5,12.0,8.0,11.0,76.0,83.0,8.0,4.0,8.0,67.0,21.0,3.0,3.0,-4.0,-4.0,-3.0,12,1.0,12,98.5,1.0,13,25,33192,29805,0,13,12,1.0,0,0,0,0,0,1101.0920000076294,18.35153333346049,client task timestamps,77.5,1.125,3.0,-0.75,5.0,8.166666666666666,4.5,2.75,4,4,0,35.0,Man,Lower tertiary education degree (Bachelor's level),Native English speaker,Several times a day,7,2.0,False,False,False,False,False,False,False
6a0493b0ba30180995ebd884,alternatives,Alternatives,2,0,1,2026-08-11T09:30:55.983477+00:00,6,50.0,12,80.66666666666667,87.66666666666667,73.66666666666667,14.0,30.66666666666667,30.66666666666667,12.0,8.0,10.0,51.0,100.0,10.0,4.0,10.0,39.0,71.0,4.0,4.0,-2.0,-4.0,0.0,14,1.1666666666666667,12,240.64285714285714,0.9285714285714286,15,29,51323,44184,0,14,12,1.0,0,0,0,0,0,1488.664999961853,24.81108333269755,client task timestamps,47.5,1.25,2.0,0.5,7.166666666666667,8.333333333333334,3.6666666666666665,3.25,4,4,0,41.0,Woman,Lower tertiary education degree (Bachelor's level),Native English speaker,A few times a week,5,4.0,False,False,False,False,False,False,False
5e3ddcf95556b204cb143eab,alternatives,Alternatives,2,0,1,2026-08-11T09:35:58.712049+00:00,6,50.0,12,65.08333333333333,69.16666666666667,61.0,8.166666666666671,15.083333333333329,15.083333333333329,5.0,6.0,4.0,53.0,60.0,4.0,5.0,5.0,70.0,70.0,-2.0,2.0,-1.0,-1.0,1.0,20,1.6666666666666667,12,96.65,0.6,25,45,58061,50988,4,25,12,1.0,0,0,0,0,0,1688.353000164032,28.139216669400533,client task timestamps,32.5,0.0,0.0,0.0,17.5,16.333333333333332,3.3333333333333335,2.625,4,4,0,32.0,Woman,Higher tertiary education degree (Master's level),Fully fluent,About once a week,4,4.0,False,False,False,False,False,False,False
66b90adf88e86b0a5e479b30,alternatives,Alternatives,2,0,1,2026-08-11T09:36:43.763801+00:00,5,41.66666666666667,12,73.75,76.0,72.14285714285714,3.857142857142861,32.08333333333333,32.08333333333333,11.0,11.0,12.0,100.0,86.0,10.0,5.0,11.0,87.0,31.0,5.0,5.0,-1.0,-6.0,-1.0,20,1.6666666666666667,12,216.4,0.95,22,42,71976,59869,0,15,12,1.0,0,0,0,0,0,1636.7799999713898,27.27966666618983,client task timestamps,55.0,2.25,2.5,2.0,11.333333333333334,12.166666666666666,3.0,4.125,4,4,0,23.0,Woman,Lower tertiary education degree (Bachelor's level),Native English speaker,About once a day,6,4.0,False,False,False,False,False,False,False
59d3ef2c078dbe000195117f,alternatives,Alternatives,2,0,1,2026-08-11T09:43:05.765467+00:00,7,58.333333333333336,12,76.83333333333333,88.0,61.2,26.799999999999997,18.499999999999993,18.499999999999993,10.0,3.0,10.0,53.0,67.0,8.0,2.0,8.0,57.0,67.0,1.0,1.0,-2.0,-1.0,-2.0,49,4.083333333333333,12,107.9795918367347,0.9183673469387755,53,102,88177,73285,0,20,12,1.0,0,0,0,0,0,2259.082000017166,37.65136666695277,client task timestamps,95.0,2.25,2.25,2.25,7.666666666666667,8.833333333333334,5.0,3.375,4,4,0,51.0,Woman,Vocational college degree,Native English speaker,About once a day,6,2.0,False,False,False,False,False,False,False
6a082966a088c3426743f4bf,alternatives,Alternatives,2,0,1,2026-08-11T09:52:00.524598+00:00,8,66.66666666666666,12,52.333333333333336,53.5,50.0,3.5,-14.333333333333321,14.333333333333321,2.0,4.0,3.0,19.0,25.0,4.0,4.0,4.0,15.0,43.0,-4.0,4.0,2.0,0.0,1.0,26,2.1666666666666665,12,89.6923076923077,0.6538461538461539,30,56,60427,50682,0,25,12,1.0,0,0,0,0,0,1666.569000005722,27.776150000095367,client task timestamps,77.5,0.375,2.25,-1.5,6.5,8.0,3.8333333333333335,1.75,4,4,0,26.0,Man,Higher tertiary education degree (Master's level),Native English speaker,Less than once a month,2,3.0,False,False,False,False,False,False,False
601ecf037d641438c0840330,alternatives,Alternatives,2,0,1,2026-08-11T10:03:10.937301+00:00,6,50.0,12,59.666666666666664,72.66666666666667,46.666666666666664,26.000000000000007,9.666666666666664,9.666666666666664,9.0,6.0,6.0,56.0,44.0,5.0,4.0,5.0,52.0,28.0,-1.0,1.0,-4.0,-2.0,-1.0,37,3.0833333333333335,12,47.810810810810814,0.972972972972973,47,84,58738,42496,0,23,12,1.0,0,0,0,0,0,3570.335000038147,59.50558333396911,client task timestamps,15.0,-1.25,-1.5,-1.0,16.166666666666668,14.0,4.166666666666667,2.125,4,4,0,44.0,Woman,Lower tertiary education degree (Bachelor's level),Native English speaker,About once a day,6,4.0,False,False,False,False,False,False,False
6a08ca5af96ffba2293ddd28,alternatives,Alternatives,2,0,1,2026-08-13T08:47:30.507859+00:00,5,41.66666666666667,12,78.66666666666667,82.2,76.14285714285714,6.057142857142864,37.0,37.0,12.0,5.0,12.0,,,10.0,4.0,11.0,20.0,62.0,5.0,5.0,-2.0,-1.0,-1.0,16,1.3333333333333333,12,220.0,0.875,18,34,46343,41447,0,16,12,1.0,0,0,0,0,0,1810.59099984169,30.176516664028167,client task timestamps,77.5,1.25,1.25,1.25,8.666666666666666,10.5,3.1666666666666665,4.25,4,4,0,42.0,Woman,Vocational college degree,Native English speaker,About once a day,6,4.0,False,False,False,False,False,False,False
6a02fc7306ae51f3107c53d0,alternatives,Alternatives,2,0,1,2026-08-13T12:50:39.434939+00:00,6,50.0,12,37.833333333333336,47.5,28.166666666666668,19.333333333333332,-12.166666666666664,12.166666666666664,8.0,4.0,8.0,69.0,52.0,5.0,0.0,5.0,16.0,0.0,-1.0,1.0,-3.0,-4.0,-3.0,14,1.1666666666666667,12,356.85714285714283,0.9285714285714286,16,30,73055,67295,12,16,13,1.0,0,0,0,0,0,1447.0060000419617,24.11676666736603,client task timestamps,37.5,0.0,0.0,0.0,9.166666666666666,9.666666666666666,2.1666666666666665,1.375,4,4,0,32.0,Woman,Higher tertiary education degree (Master's level),Native English speaker,Several times a day,7,3.0,False,False,False,False,False,False,False
6978c4474a942ca6d266d49b,alternatives,Alternatives,2,0,1,2026-08-18T13:18:14.986655+00:00,6,50.0,12,81.41666666666667,83.0,79.83333333333333,3.1666666666666714,31.41666666666667,31.41666666666667,11.0,9.0,12.0,77.0,100.0,10.0,5.0,10.0,69.0,66.0,4.0,4.0,-1.0,-4.0,-2.0,20,1.6666666666666667,12,123.9,0.7,22,39,55388,48648,2,21,13,1.0,0,0,0,0,0,997.1710000038147,16.619516666730245,client task timestamps,62.5,0.75,0.25,1.25,7.166666666666667,7.666666666666667,3.8333333333333335,4.375,4,4,0,30.0,Woman,Lower tertiary education degree (Bachelor's level),Native English speaker,A few times a week,5,4.0,False,False,False,False,False,False,False
60ff109e2a8d5d4b4a835630,alternatives,Alternatives,2,0,1,2026-08-18T13:30:44.264500+00:00,5,41.66666666666667,12,59.75,61.4,58.57142857142857,2.828571428571429,18.08333333333333,18.08333333333333,12.0,6.0,12.0,37.0,18.0,9.0,3.0,10.0,30.0,89.0,4.0,4.0,-3.0,-3.0,-2.0,16,1.3333333333333333,12,87.0625,0.6875,19,35,39521,29310,2,18,10,1.0,0,0,0,0,0,1563.6369998455048,26.060616664091746,client task timestamps,90.0,2.125,2.5,1.75,7.333333333333333,8.166666666666666,2.0,4.0,4,4,0,30.0,Woman,Upper secondary school / High school,Native English speaker,A few times a week,5,3.0,False,False,False,False,False,False,False
5c99d104490924000111bfcc,alternatives,Alternatives,2,0,1,2026-08-18T13:32:10.576404+00:00,7,58.333333333333336,12,89.0,82.85714285714286,97.6,-14.742857142857133,30.666666666666664,30.666666666666664,12.0,6.0,,,,9.0,5.0,12.0,60.0,60.0,2.0,2.0,-3.0,-1.0,,24,2.0,12,67.375,0.75,26,50,57833,43824,0,18,10,1.0,0,0,0,0,0,1874.3689999580383,31.239483332633974,client task timestamps,57.5,2.0,2.0,2.0,6.333333333333333,6.833333333333333,3.8333333333333335,3.375,4,4,0,46.0,Man,Lower tertiary education degree (Bachelor's level),Native English speaker,Several times a day,7,4.0,False,False,False,False,False,False,False
69f4bd1e41af27997a51769e,alternatives,Alternatives,2,0,1,2026-08-18T13:34:24.630723+00:00,6,50.0,12,50.0,50.0,50.0,0.0,0.0,0.0,12.0,7.0,12.0,41.0,87.0,4.0,0.0,4.0,10.0,50.0,-2.0,2.0,-8.0,-7.0,-8.0,15,1.25,12,106.73333333333333,1.0,17,32,49558,44015,0,14,12,1.0,0,0,0,0,0,1640.2259998321533,27.337099997202554,client task timestamps,70.0,0.375,1.5,-0.75,7.833333333333333,9.333333333333334,1.0,1.5,4,4,0,43.0,Man,Higher tertiary education degree (Master's level),Native English speaker,Several times a day,7,5.0,False,False,False,False,False,False,False
6a22345db1c9fc990edae263,alternatives,Alternatives,2,0,1,2026-08-18T13:38:19.693766+00:00,7,58.333333333333336,12,82.58333333333333,81.28571428571429,84.4,-3.114285714285714,24.249999999999993,24.249999999999993,10.0,6.0,12.0,50.0,80.0,8.0,3.0,8.0,49.0,74.0,1.0,1.0,-2.0,-3.0,-4.0,16,1.3333333333333333,12,105.0625,0.8125,18,34,44922,38168,3,18,13,1.0,0,0,0,0,0,1927.8580000400543,32.13096666733424,client task timestamps,92.5,1.75,1.75,1.75,11.666666666666666,10.166666666666666,3.6666666666666665,4.375,4,4,0,42.0,Man,Doctoral degree,Native English speaker,Less than once a month,2,3.0,False,False,False,False,False,False,False
6a1ef1f4184a5f8238904bf4,alternatives,Alternatives,2,0,1,2026-08-18T13:38:42.801899+00:00,6,50.0,12,58.916666666666664,50.0,67.83333333333333,-17.83333333333333,8.916666666666664,8.916666666666664,12.0,12.0,12.0,58.0,29.0,6.0,8.0,5.0,0.0,38.0,0.0,0.0,-6.0,-4.0,-7.0,15,1.25,12,107.2,0.8,17,30,41077,35576,0,17,12,1.0,0,0,0,0,0,1611.8600001335144,26.864333335558573,client task timestamps,57.5,-0.25,0.5,-1.0,10.0,13.166666666666666,2.6666666666666665,1.875,4,4,0,19.0,Woman,Upper secondary school / High school,Native English speaker,About once a week,4,3.0,False,False,False,False,False,False,False
697cbad7849402bb0a689ecc,alternatives,Alternatives,2,0,1,2026-08-18T13:38:44.496711+00:00,7,58.333333333333336,12,66.16666666666667,69.42857142857143,61.6,7.828571428571429,7.833333333333336,7.833333333333336,11.0,7.0,12.0,88.0,79.0,6.0,8.0,3.0,54.0,50.0,-1.0,1.0,-5.0,1.0,-9.0,15,1.25,12,106.46666666666667,0.8,18,33,51017,43895,3,18,12,1.0,0,0,0,0,0,1989.3389999866486,33.155649999777474,client task timestamps,85.0,2.0,2.0,2.0,8.5,11.666666666666666,4.833333333333333,4.375,4,4,0,32.0,Man,Higher tertiary education degree (Master's level),Conversationally fluent,Several times a day,7,4.0,False,False,False,False,False,False,False
6a04aecf042ae05708c21c53,alternatives,Alternatives,2,0,1,2026-08-18T13:39:14.658668+00:00,7,58.333333333333336,12,86.75,90.42857142857143,81.6,8.828571428571436,28.416666666666664,28.416666666666664,10.0,4.0,12.0,,,10.0,3.0,7.0,75.0,79.0,3.0,3.0,0.0,-1.0,-5.0,19,1.5833333333333333,12,109.63157894736842,0.8947368421052632,21,40,59619,53210,0,15,11,1.0,0,0,0,0,0,2149.007999897003,35.816799998283386,client task timestamps,82.5,2.0,2.25,1.75,7.666666666666667,10.166666666666666,3.5,3.5,4,4,0,35.0,Woman,Vocational college degree,Native English speaker,A few times a week,5,3.0,False,False,False,False,False,False,False
5f666a0ad2f324242a45da71,alternatives,Alternatives,2,0,1,2026-08-18T13:47:23.978359+00:00,7,58.333333333333336,12,85.66666666666667,96.28571428571429,70.8,25.485714285714295,27.333333333333336,27.333333333333336,12.0,5.0,12.0,68.0,90.0,10.0,5.0,5.0,70.0,51.0,3.0,3.0,-2.0,0.0,-7.0,25,2.0833333333333335,12,276.24,1.0,26,51,77877,64420,0,13,12,1.0,0,0,0,0,0,2269.1070001125336,37.81845000187556,client task timestamps,90.0,1.0,1.5,0.5,3.1666666666666665,6.333333333333333,4.333333333333333,3.75,4,4,0,39.0,Woman,Lower tertiary education degree (Bachelor's level),Native English speaker,Several times a day,7,5.0,False,False,False,False,False,False,False
6a1b7343b85414aa422d78b9,alternatives,Alternatives,2,0,1,2026-08-18T13:52:40.143408+00:00,6,50.0,12,57.25,70.66666666666667,43.833333333333336,26.833333333333336,7.25,7.25,12.0,10.0,11.0,54.0,50.0,7.0,5.0,5.0,42.0,50.0,1.0,1.0,-5.0,-5.0,-6.0,14,1.1666666666666667,12,105.0,0.7142857142857143,16,30,55566,48854,0,16,10,1.0,0,0,0,0,0,2728.9219999313354,45.48203333218893,client task timestamps,42.5,-0.5,0.25,-1.25,11.0,9.833333333333334,4.333333333333333,1.875,4,4,0,21.0,Woman,Upper secondary school / High school,Native English speaker,Never,1,4.0,False,False,False,False,False,False,False
69e76b18f44ae52b6f83185f,alternatives,Alternatives,2,0,1,2026-08-18T13:58:51.789506+00:00,7,58.333333333333336,12,100.0,100.0,100.0,0.0,41.666666666666664,41.666666666666664,12.0,8.0,12.0,75.0,100.0,11.0,4.0,8.0,89.0,94.0,4.0,4.0,-1.0,-4.0,-4.0,28,2.3333333333333335,12,234.75,0.8571428571428571,31,47,69342,59465,0,19,12,1.0,0,0,0,0,0,2869.4790000915527,47.82465000152588,client task timestamps,82.5,1.875,2.5,1.25,9.166666666666666,12.333333333333334,4.833333333333333,3.0,4,4,0,18.0,Man,Upper secondary school / High school,Native English speaker,Several times a day,7,5.0,False,False,False,False,False,False,False
6a04b80e14874cdbefac323f,alternatives,Alternatives,2,0,1,2026-08-18T14:13:29.822859+00:00,6,50.0,12,44.833333333333336,47.0,42.666666666666664,4.333333333333336,-5.166666666666664,5.166666666666664,12.0,8.0,8.0,,,6.0,12.0,6.0,66.0,76.0,0.0,0.0,-6.0,4.0,-2.0,13,1.0833333333333333,12,127.84615384615384,1.0,14,27,40680,36145,0,13,12,1.0,0,0,0,0,0,1453.4710001945496,24.22451666990916,client task timestamps,47.5,-0.375,-0.25,-0.5,4.666666666666667,7.166666666666667,3.5,3.125,4,4,0,21.0,Man,Lower tertiary education degree (Bachelor's level),Native English speaker,About once a week,4,5.0,False,False,False,False,False,False,False
5a0c4184fe645f0001e9f5dd,alternatives,Alternatives,2,0,1,2026-08-18T14:23:01.091064+00:00,3,25.0,12,56.916666666666664,93.33333333333333,44.77777777777778,48.55555555555555,31.916666666666664,31.916666666666664,6.0,5.0,6.0,50.0,50.0,6.0,3.0,6.0,50.0,40.0,3.0,3.0,0.0,-2.0,0.0,46,3.8333333333333335,12,52.45652173913044,1.0,47,93,98850,83808,0,13,12,1.0,0,0,0,0,0,4639.398999929428,77.32331666549047,client task timestamps,82.5,0.125,0.75,-0.5,13.5,13.666666666666666,3.1666666666666665,2.875,4,4,0,42.0,Woman,Lower tertiary education degree (Bachelor's level),Native English speaker,Several times a day,7,5.0,False,False,False,False,False,False,False
6a0c6edb557807b3a0065dcd,alternatives,Alternatives,2,0,1,2026-08-18T14:39:38.727042+00:00,5,41.66666666666667,12,64.16666666666667,51.8,73.0,-21.200000000000003,22.5,22.5,6.0,6.0,0.0,19.0,50.0,6.0,4.0,0.0,25.0,50.0,1.0,1.0,0.0,-2.0,0.0,20,1.6666666666666667,12,55.3,0.0,22,42,23517,16843,4,22,0,0.5263157894736842,0,0,0,0,0,5588.307000160217,93.13845000267028,client task timestamps,80.0,0.75,2.75,-1.25,13.833333333333334,13.666666666666666,3.0,2.5,4,4,0,20.0,Non-binary,Upper secondary school / High school,Native English speaker,Never,1,5.0,False,False,False,False,False,False,False
6a44271bdfffd689f0762d81,alternatives,Alternatives,2,0,1,2026-08-18T14:54:57.847318+00:00,6,50.0,12,76.41666666666667,79.33333333333333,73.5,5.833333333333329,26.41666666666667,26.41666666666667,12.0,10.0,12.0,63.0,53.0,10.0,8.0,8.0,60.0,47.0,4.0,4.0,-2.0,-2.0,-4.0,17,1.4166666666666667,12,112.94117647058823,0.8823529411764706,19,36,66832,60411,0,16,12,1.0,0,0,0,0,0,1483.292000055313,24.72153333425522,client task timestamps,60.0,1.0,0.75,1.25,9.166666666666666,11.666666666666666,3.8333333333333335,2.75,4,4,0,33.0,Woman,Higher tertiary education degree (Master's level),Native English speaker,About once a day,6,4.0,False,False,False,False,False,False,False
69f4a61347ac4d6e32a619d1,alternatives,Alternatives,2,0,1,2026-08-18T15:06:17.027450+00:00,6,50.0,12,64.91666666666667,68.16666666666667,61.666666666666664,6.500000000000007,14.916666666666671,14.916666666666671,10.0,3.0,0.0,40.0,60.0,6.0,3.0,0.0,60.0,30.0,0.0,0.0,-4.0,0.0,0.0,34,2.8333333333333335,12,76.08823529411765,0.7941176470588235,36,70,103868,88742,6,22,13,1.0,0,0,0,0,0,4010.8289999961853,66.84714999993642,client task timestamps,72.5,0.625,0.5,0.75,6.5,4.666666666666667,2.3333333333333335,2.625,4,4,0,30.0,Man,Lower tertiary education degree (Bachelor's level),Native English speaker,Several times a day,7,2.0,False,False,False,False,False,False,False
6a0480ac461e8896e84534e2,alternatives,Alternatives,2,0,1,2026-08-18T16:58:30.424828+00:00,3,25.0,12,61.583333333333336,55.0,63.77777777777778,-8.777777777777779,36.583333333333336,36.583333333333336,10.0,2.0,10.0,,80.0,8.0,2.0,6.0,53.0,56.0,5.0,5.0,-2.0,0.0,-4.0,31,2.5833333333333335,12,132.29032258064515,0.5161290322580645,36,67,68456,56721,2,30,10,1.0,0,0,0,0,0,2239.0220000743866,37.31703333457311,client task timestamps,55.0,2.0,2.0,2.0,8.666666666666666,7.5,4.333333333333333,1.875,4,4,0,45.0,Man,Vocational college degree,Native English speaker,Several times a day,7,2.0,False,False,False,False,False,False,False
6a1fd86b35130b24ecb78cbb,pause-points,Pause points,2,0,1,2026-08-14T09:46:06.848439+00:00,4,33.33333333333333,12,100.0,100.0,100.0,0.0,66.66666666666667,66.66666666666667,12.0,5.0,12.0,65.0,10.0,12.0,8.0,6.0,27.0,0.0,8.0,8.0,0.0,3.0,-6.0,43,3.5833333333333335,12,103.51162790697674,0.4418604651162791,45,45,44182,35375,8,31,5,1.0,0,0,0,0,0,2021.9570000171661,33.699283333619434,client task timestamps,35.0,-1.0,-1.0,-1.0,6.833333333333333,10.0,3.1666666666666665,3.125,4,4,0,31.0,Man,Vocational college degree,Native English speaker,Several times a day,7,1.0,False,False,False,False,False,False,False
6a099929b303063f931ed8c6,pause-points,Pause points,2,0,1,2026-08-14T09:50:25.359424+00:00,10,83.33333333333334,12,29.75,30.2,27.5,2.6999999999999993,-53.58333333333334,53.58333333333334,6.0,3.0,6.0,15.0,51.0,6.0,3.0,6.0,13.0,51.0,-4.0,4.0,0.0,0.0,0.0,55,4.583333333333333,12,31.89090909090909,1.0,57,57,29766,19478,2,14,12,1.0,0,0,0,0,0,2492.5069999694824,41.54178333282471,client task timestamps,45.0,-0.75,-0.5,-1.0,11.5,10.333333333333334,2.6666666666666665,2.375,4,4,0,42.0,Man,Lower tertiary education degree (Bachelor's level),Native English speaker,About once a day,6,2.0,False,False,False,False,False,False,False
6112937a54e78094098725fe,pause-points,Pause points,2,0,1,2026-08-14T09:58:45.989138+00:00,2,16.666666666666664,12,46.333333333333336,70.5,41.5,29.0,29.66666666666667,29.66666666666667,9.0,7.0,6.0,65.0,55.0,5.0,2.0,4.0,22.0,20.0,3.0,3.0,-4.0,-5.0,-2.0,40,3.3333333333333335,12,49.1,0.725,41,41,19683,12542,2,20,8,1.0,0,0,0,0,0,2688.6470000743866,44.81078333457311,client task timestamps,32.5,-0.25,0.5,-1.0,9.833333333333334,8.666666666666666,2.8333333333333335,1.5,4,4,0,23.0,Woman,Lower tertiary education degree (Bachelor's level),Native English speaker,A few times a week,5,5.0,False,False,False,False,False,False,False
59e721e0ac0af70001b36a13,pause-points,Pause points,2,0,1,2026-08-14T10:11:22.513030+00:00,3,25.0,12,21.416666666666668,19.666666666666668,22.0,-2.333333333333332,-3.583333333333332,3.583333333333332,7.0,2.0,11.0,12.0,70.0,4.0,0.0,0.0,10.0,19.0,1.0,1.0,-3.0,-2.0,-11.0,19,1.5833333333333333,12,89.0,0.7368421052631579,21,21,13602,10869,0,17,10,1.0,0,0,0,0,0,1112.1850001811981,18.536416669686634,client task timestamps,42.5,-0.875,-0.5,-1.25,10.0,7.5,2.5,2.375,4,4,0,37.0,Woman,Lower tertiary education degree (Bachelor's level),Native English speaker,A few times a month,3,1.0,False,False,False,False,False,False,False
69efbf25ced2d080cad5a7ca,pause-points,Pause points,2,0,1,2026-08-14T10:14:18.935318+00:00,3,25.0,12,40.0,24.333333333333332,45.22222222222222,-20.88888888888889,15.0,15.0,7.0,5.0,7.0,20.0,90.0,3.0,3.0,3.0,5.0,5.0,0.0,0.0,-4.0,-2.0,-4.0,22,1.8333333333333333,12,90.13636363636364,0.5454545454545454,24,24,13289,9061,5,19,7,1.0,0,0,0,0,0,3677.468999862671,61.29114999771118,client task timestamps,92.5,0.125,1.25,-1.0,12.333333333333334,9.166666666666666,3.8333333333333335,2.375,4,4,0,30.0,Woman,Higher tertiary education degree (Master's level),Native English speaker,Several times a day,7,3.0,False,False,False,False,False,False,False
6a7a1385268c61376472e418,pause-points,Pause points,2,0,1,2026-08-14T10:14:55.458843+00:00,3,25.0,12,66.0,82.33333333333333,60.55555555555556,21.77777777777777,41.0,41.0,8.0,4.0,5.0,80.0,40.0,9.0,2.0,4.0,80.0,71.0,6.0,6.0,1.0,-2.0,-1.0,40,3.3333333333333335,12,43.875,0.9,41,41,17801,11300,0,15,10,1.0,0,0,0,0,0,3613.7599999904633,60.22933333317439,client task timestamps,72.5,0.375,0.75,0.0,9.166666666666666,11.666666666666666,4.5,2.5,3,4,1,36.0,Woman,Higher tertiary education degree (Master's level),Fully fluent,Several times a day,7,4.0,False,False,False,False,False,False,False
5bf54dd783653500016776ec,pause-points,Pause points,2,0,1,2026-08-14T10:18:56.816065+00:00,6,50.0,12,66.0,63.5,68.5,-5.0,16.0,16.0,12.0,5.0,12.0,60.0,63.0,10.0,0.0,10.0,44.0,43.0,4.0,4.0,-2.0,-5.0,-2.0,53,4.416666666666667,12,32.0188679245283,0.9433962264150944,55,55,31734,23067,2,17,12,1.0,0,0,0,0,0,3448.96799993515,57.48279999891917,client task timestamps,82.5,1.125,2.0,0.25,3.3333333333333335,5.166666666666667,3.1666666666666665,3.75,4,4,0,41.0,Woman,Lower tertiary education degree (Bachelor's level),Native English speaker,A few times a week,5,2.0,False,False,False,False,False,False,False
60b8b31eb3143c92b950deba,pause-points,Pause points,2,0,1,2026-08-14T10:18:58.121238+00:00,6,50.0,12,62.75,67.5,58.0,9.5,12.75,12.75,12.0,7.0,8.0,53.0,55.0,5.0,3.0,4.0,48.0,38.0,-1.0,1.0,-7.0,-4.0,-4.0,41,3.4166666666666665,12,68.14634146341463,0.8048780487804879,43,43,16768,10676,1,20,10,1.0,0,0,0,0,0,3506.180000066757,58.436333334445955,client task timestamps,20.0,-0.25,-1.5,1.0,12.5,11.666666666666666,4.5,2.125,4,4,0,48.0,Man,Lower tertiary education degree (Bachelor's level),Native English speaker,A few times a week,5,4.0,False,False,False,False,False,False,False
66b5172c8f0bd3b23ce66c22,pause-points,Pause points,2,0,1,2026-08-14T10:34:20.715335+00:00,5,41.66666666666667,12,56.333333333333336,57.0,55.857142857142854,1.142857142857146,14.666666666666664,14.666666666666664,9.0,6.0,9.0,,,7.0,5.0,7.0,38.0,52.0,2.0,2.0,-2.0,-1.0,-2.0,98,8.166666666666666,12,26.510204081632654,0.9285714285714286,100,100,34047,21342,0,21,12,1.0,0,0,0,0,0,2785.197000026703,46.41995000044505,client task timestamps,67.5,0.25,0.25,0.25,9.166666666666666,10.0,2.6666666666666665,3.5,4,4,0,29.0,Woman,Lower tertiary education degree (Bachelor's level),Native English speaker,About once a day,6,3.0,False,False,False,False,False,False,False
5a5a6ed7f6c517000195029e,pause-points,Pause points,2,0,1,2026-08-14T10:48:35.979186+00:00,2,16.666666666666664,12,94.66666666666667,95.5,94.5,1.0,78.0,78.0,8.0,8.0,6.0,62.0,65.0,10.0,6.0,9.0,67.0,67.0,8.0,8.0,2.0,-2.0,3.0,23,1.9166666666666667,12,48.82608695652174,0.0,24,24,12506,8904,0,24,0,0.5263157894736842,0,0,0,0,0,1935.2119998931885,32.25353333155314,client task timestamps,80.0,2.75,3.0,2.5,7.0,9.833333333333334,3.3333333333333335,4.125,4,4,0,32.0,Woman,Lower tertiary education degree (Bachelor's level),Native English speaker,A few times a month,3,4.0,False,False,False,False,False,False,False
6a0c6c707a72dd321106bd53,pause-points,Pause points,2,0,1,2026-08-14T10:53:07.411678+00:00,4,33.33333333333333,12,79.91666666666667,87.5,76.125,11.375,46.58333333333334,46.58333333333334,7.0,5.0,3.0,46.0,33.0,6.0,4.0,5.0,34.0,47.0,2.0,2.0,-1.0,-1.0,2.0,26,2.1666666666666665,12,56.46153846153846,0.46153846153846156,28,28,20616,14719,0,20,4,1.0,0,0,0,0,0,3090.00200009346,51.500033334891,client task timestamps,62.5,0.875,2.0,-0.25,12.833333333333334,12.666666666666666,4.0,3.0,4,4,0,27.0,Woman,Lower tertiary education degree (Bachelor's level),Native English speaker,Never,1,4.0,False,False,False,False,False,False,False
6a078e18e9921951cb664c9b,pause-points,Pause points,2,0,1,2026-08-14T10:57:19.539877+00:00,4,33.33333333333333,12,100.0,100.0,100.0,0.0,66.66666666666667,66.66666666666667,12.0,9.0,10.0,90.0,95.0,11.0,7.0,9.0,83.0,100.0,7.0,7.0,-1.0,-2.0,-1.0,21,1.75,12,96.52380952380952,0.9523809523809523,22,22,12507,8144,0,14,12,1.0,0,0,0,0,0,2947.186000108719,49.11976666847865,client task timestamps,80.0,1.625,1.75,1.5,11.0,14.166666666666666,4.833333333333333,3.75,4,4,0,35.0,Man,Higher tertiary education degree (Master's level),Native English speaker,Several times a day,7,5.0,False,False,False,False,False,False,False
6a00dbf1a704d2b901583edb,pause-points,Pause points,2,0,1,2026-08-14T10:58:52.166467+00:00,6,50.0,12,83.91666666666667,85.83333333333333,82.0,3.8333333333333286,33.91666666666667,33.91666666666667,12.0,8.0,12.0,,,10.0,6.0,12.0,50.0,75.0,4.0,4.0,-2.0,-2.0,0.0,43,3.5833333333333335,12,47.372093023255815,0.46511627906976744,45,45,22629,16911,0,30,5,1.0,0,0,0,0,0,1932.045000076294,32.200750001271565,client task timestamps,90.0,1.5,3.0,0.0,9.0,11.166666666666666,4.166666666666667,4.0,4,4,0,64.0,Man,Vocational college degree,Native English speaker,Several times a day,7,4.0,False,False,False,False,False,False,False
69fd24e9380cef436aa891df,pause-points,Pause points,2,0,1,2026-08-14T11:04:00.195271+00:00,3,25.0,12,50.083333333333336,42.0,52.77777777777778,-10.777777777777779,25.083333333333336,25.083333333333336,10.0,6.0,10.0,50.0,,9.0,1.0,9.0,10.0,50.0,6.0,6.0,-1.0,-5.0,-1.0,41,3.4166666666666665,12,42.41463414634146,0.43902439024390244,43,43,23206,20467,0,28,5,1.0,0,0,0,0,0,2301.6100001335144,38.36016666889191,client task timestamps,70.0,-1.25,-1.75,-0.75,7.833333333333333,5.333333333333333,4.0,2.5,4,4,0,45.0,Man,Doctoral degree,Native English speaker,About once a day,6,4.0,False,False,False,False,False,False,False
63f54db123b350a3b5836638,pause-points,Pause points,2,0,1,2026-08-14T11:06:31.371588+00:00,5,41.66666666666667,12,87.75,77.4,95.14285714285714,-17.742857142857133,46.08333333333333,46.08333333333333,12.0,6.0,12.0,90.0,90.0,12.0,4.0,12.0,90.0,90.0,7.0,7.0,0.0,-2.0,0.0,92,7.666666666666667,12,103.97826086956522,0.7717391304347826,95,95,25045,14739,0,36,12,1.0,0,0,0,0,0,2210.473000049591,36.841216667493185,client task timestamps,77.5,2.25,2.5,2.0,8.0,9.833333333333334,3.0,4.625,4,4,0,39.0,Man,Upper secondary school / High school,Native English speaker,Several times a day,7,1.0,False,False,False,False,False,False,False
59ae8d282a78fd00010b80e7,pause-points,Pause points,2,0,1,2026-08-14T11:36:58.247656+00:00,4,33.33333333333333,12,49.75,51.5,48.875,2.625,16.41666666666667,16.41666666666667,10.0,5.0,11.0,,,6.0,2.0,9.0,50.0,49.0,2.0,2.0,-4.0,-3.0,-2.0,36,3.0,12,51.75,0.6666666666666666,38,38,17550,12298,2,23,9,1.0,0,0,0,0,0,1831.7269999980927,30.528783333301543,client task timestamps,45.0,-0.5,-1.5,0.5,13.166666666666666,11.333333333333334,3.0,3.125,4,4,0,42.0,Man,Lower tertiary education degree (Bachelor's level),Fully fluent,Several times a day,7,3.0,False,False,False,False,False,False,False
6a0302ce582dfd822c6b6db8,pause-points,Pause points,2,0,1,2026-08-14T11:53:55.155319+00:00,3,25.0,12,66.83333333333333,62.333333333333336,68.33333333333333,-5.999999999999993,41.83333333333333,41.83333333333333,12.0,10.0,10.0,26.0,88.0,7.0,2.0,2.0,12.0,33.0,4.0,4.0,-5.0,-8.0,-8.0,41,3.4166666666666665,12,95.3170731707317,0.6341463414634146,44,44,25918,18056,8,26,8,1.0,0,0,0,0,0,1926.2730000019073,32.104550000031786,client task timestamps,17.5,-2.375,-2.5,-2.25,11.166666666666666,10.333333333333334,2.3333333333333335,1.5,3,4,1,35.0,Woman,Lower tertiary education degree (Bachelor's level),Native English speaker,About once a day,6,1.0,False,False,False,False,False,False,False
69f8d38303babfe52ae1e992,pause-points,Pause points,2,0,1,2026-08-14T11:55:17.193817+00:00,5,41.66666666666667,12,84.16666666666667,88.2,81.28571428571429,6.914285714285711,42.5,42.5,8.0,6.0,10.0,81.0,79.0,7.0,4.0,10.0,60.0,88.0,2.0,2.0,-1.0,-2.0,0.0,21,1.75,12,53.04761904761905,0.0,22,22,22881,20003,2,22,0,0.2777777777777778,0,0,0,0,0,1619.1819999217987,26.986366665363313,client task timestamps,90.0,2.25,2.25,2.25,9.0,11.166666666666666,4.333333333333333,3.75,4,4,0,31.0,Woman,Vocational college degree,Native English speaker,A few times a week,5,5.0,False,False,False,False,False,False,False
5e80b109ca1800791e1ca40c,pause-points,Pause points,2,0,1,2026-08-14T11:56:14.575593+00:00,7,58.333333333333336,12,53.916666666666664,58.857142857142854,47.0,11.857142857142854,-4.416666666666671,4.416666666666671,11.0,8.0,11.0,50.0,52.0,8.0,4.0,8.0,35.0,48.0,1.0,1.0,-3.0,-4.0,-3.0,38,3.1666666666666665,12,43.026315789473685,0.7105263157894737,40,40,21277,14946,0,21,8,1.0,0,0,0,0,0,2846.4720001220703,47.441200002034506,client task timestamps,75.0,0.375,0.75,0.0,10.166666666666666,9.666666666666666,3.8333333333333335,3.75,4,4,0,22.0,Woman,Lower tertiary education degree (Bachelor's level),Native English speaker,About once a day,6,4.0,False,False,False,False,False,False,False
6a74cd687ddf9b40d73847ad,pause-points,Pause points,2,0,1,2026-08-14T11:57:41.486398+00:00,4,33.33333333333333,12,58.833333333333336,63.75,56.375,7.375,25.500000000000007,25.500000000000007,12.0,4.0,6.0,28.0,76.0,3.0,7.0,0.0,36.0,38.0,-1.0,1.0,-9.0,3.0,-6.0,17,1.4166666666666667,12,96.70588235294117,0.8823529411764706,19,19,7392,5058,0,16,12,1.0,0,0,0,0,0,1593.9679999351501,26.5661333322525,client task timestamps,47.5,0.25,0.5,0.0,9.666666666666666,12.833333333333334,3.6666666666666665,2.75,4,4,0,35.0,Woman,Higher tertiary education degree (Master's level),Fully fluent,About once a day,6,5.0,False,False,False,False,False,False,False
6a1891c15e6c216540985dce,pause-points,Pause points,2,0,1,2026-08-14T12:16:44.538468+00:00,1,8.333333333333332,12,41.166666666666664,55.0,39.90909090909091,15.090909090909093,32.83333333333333,32.83333333333333,10.0,8.0,12.0,80.0,60.0,0.0,0.0,0.0,0.0,0.0,-1.0,1.0,-10.0,-8.0,-12.0,24,2.0,12,157.16666666666666,0.9583333333333334,25,25,12871,8494,6,15,13,1.0,0,0,0,0,0,1973.4700000286102,32.8911666671435,client task timestamps,17.5,-3.0,-3.0,-3.0,14.333333333333334,12.833333333333334,4.833333333333333,1.75,3,4,1,40.0,Man,Doctoral degree,Fully fluent,Several times a day,7,5.0,False,False,False,False,False,False,False
5c5844d8dd470300014ee3f1,pause-points,Pause points,2,0,1,2026-08-14T12:32:21.998372+00:00,4,33.33333333333333,12,71.66666666666667,72.75,71.125,1.625,38.33333333333334,38.33333333333334,12.0,6.0,12.0,50.0,50.0,12.0,2.0,6.0,50.0,30.0,8.0,8.0,0.0,-4.0,-6.0,53,4.416666666666667,12,34.679245283018865,0.9622641509433962,54,54,19299,12902,0,15,12,1.0,0,0,0,0,0,2110.6019999980927,35.176699999968214,client task timestamps,42.5,-1.75,-1.25,-2.25,3.1666666666666665,6.333333333333333,2.8333333333333335,2.375,4,4,0,33.0,Woman,Vocational college degree,Native English speaker,A few times a week,5,3.0,False,False,False,False,False,False,False
6a0f6db3e15513eddac1a67a,pause-points,Pause points,2,0,1,2026-08-14T12:32:34.374909+00:00,5,41.66666666666667,12,47.166666666666664,51.0,44.42857142857143,6.571428571428569,5.499999999999993,5.499999999999993,12.0,10.0,12.0,83.0,100.0,10.0,8.0,12.0,59.0,61.0,5.0,5.0,-2.0,-2.0,0.0,25,2.0833333333333335,12,177.4,0.76,27,27,8787,4408,0,20,12,1.0,0,0,0,0,0,3660.8710000514984,61.01451666752497,client task timestamps,90.0,0.25,-0.5,1.0,7.833333333333333,8.666666666666666,3.1666666666666665,3.625,4,4,0,43.0,Woman,Higher tertiary education degree (Master's level),Fully fluent,Several times a day,7,4.0,False,False,False,False,False,False,False
68729361bee62f6a3fb232ec,pause-points,Pause points,2,0,1,2026-08-14T12:43:06.595761+00:00,2,16.666666666666664,12,69.75,51.5,73.4,-21.900000000000006,53.083333333333336,53.083333333333336,12.0,6.0,12.0,61.0,94.0,10.0,4.0,7.0,50.0,50.0,8.0,8.0,-2.0,-2.0,-5.0,26,2.1666666666666665,12,65.65384615384616,0.5384615384615384,27,27,13529,9656,0,20,7,1.0,0,0,0,0,0,3327.819999933243,55.463666665554044,client task timestamps,37.5,-0.25,-0.5,0.0,11.333333333333334,11.5,4.833333333333333,3.125,3,4,1,33.0,Woman,Lower tertiary education degree (Bachelor's level),Native English speaker,Several times a day,7,5.0,False,False,False,False,False,False,False
5db061b0f876e1001620e2ee,pause-points,Pause points,2,0,1,2026-08-14T12:53:10.120800+00:00,5,41.66666666666667,12,44.25,49.8,40.285714285714285,9.514285714285712,2.5833333333333286,2.5833333333333286,8.0,8.0,12.0,56.0,39.0,7.0,7.0,12.0,42.0,51.0,2.0,2.0,-1.0,-1.0,0.0,32,2.6666666666666665,12,62.03125,0.40625,33,33,25946,21339,2,25,5,1.0,0,0,0,0,0,1349.1210000514984,22.485350000858308,client task timestamps,42.5,-0.25,-0.25,-0.25,12.5,12.0,3.3333333333333335,2.875,4,4,0,35.0,Man,Lower tertiary education degree (Bachelor's level),Native English speaker,Several times a day,7,2.0,False,False,False,False,False,False,False
60d4558116de644bde568dde,pause-points,Pause points,2,0,1,2026-08-14T12:59:43.413179+00:00,3,25.0,12,83.75,89.66666666666667,81.77777777777777,7.8888888888889,58.75,58.75,12.0,8.0,12.0,,,8.0,4.0,10.0,50.0,40.0,5.0,5.0,-4.0,-4.0,-2.0,65,5.416666666666667,12,31.29230769230769,0.9692307692307692,66,66,25825,14325,0,15,12,1.0,0,0,0,0,0,2879.321000099182,47.98868333498637,client task timestamps,42.5,-0.5,-1.0,0.0,9.333333333333334,10.5,3.3333333333333335,3.25,4,4,0,32.0,Woman,Upper secondary school / High school,Native English speaker,Several times a day,7,1.0,False,False,False,False,False,False,False
6a0643def96c580502e0624d,pause-points,Pause points,2,0,1,2026-08-14T13:02:09.399913+00:00,4,33.33333333333333,12,77.08333333333333,76.25,77.5,-1.25,43.75,43.75,9.0,7.0,6.0,65.0,70.0,10.0,7.0,10.0,55.0,55.0,6.0,6.0,1.0,0.0,4.0,30,2.5,12,64.13333333333334,0.13333333333333333,33,33,28745,24042,0,30,1,1.0,0,0,0,0,0,2195.731999874115,36.59553333123525,client task timestamps,75.0,1.125,2.0,0.25,7.166666666666667,8.333333333333334,4.0,3.5,4,4,0,45.0,Man,Higher tertiary education degree (Master's level),Native English speaker,A few times a week,5,2.0,False,False,False,False,False,False,False
5fff11332f30d263176fa57f,pause-points,Pause points,2,0,1,2026-08-14T13:10:59.016823+00:00,6,50.0,12,74.58333333333333,74.16666666666667,75.0,-0.8333333333333286,24.58333333333333,24.58333333333333,12.0,12.0,12.0,72.0,49.0,10.0,8.0,10.0,41.0,55.0,4.0,4.0,-2.0,-4.0,-2.0,55,4.583333333333333,12,34.018181818181816,1.0,57,57,37494,26774,0,14,12,1.0,0,0,0,0,0,1700.9879999160767,28.349799998601277,client task timestamps,95.0,-0.625,0.75,-2.0,10.166666666666666,11.333333333333334,4.333333333333333,5.0,4,4,0,39.0,Man,Higher tertiary education degree (Master's level),Native English speaker,Several times a day,7,3.0,False,False,False,False,False,False,False
69fc2d7674f4ab68ebfd7559,pause-points,Pause points,2,0,1,2026-08-14T13:27:07.434531+00:00,4,33.33333333333333,12,74.75,85.75,69.25,16.5,41.41666666666667,41.41666666666667,10.0,5.0,9.0,,,11.0,2.0,10.0,64.0,72.0,7.0,7.0,1.0,-3.0,1.0,38,3.1666666666666665,12,69.34210526315789,0.47368421052631576,46,46,24002,14634,0,32,4,1.0,0,0,0,0,0,4748.345999956131,79.13909999926885,client task timestamps,65.0,0.25,0.0,0.5,8.166666666666666,9.333333333333334,3.1666666666666665,3.125,4,4,0,59.0,Woman,Lower tertiary education degree (Bachelor's level),Native English speaker,Several times a day,7,2.0,False,False,False,False,False,False,False
614485923ba5c4783abe671e,pause-points,Pause points,2,0,1,2026-08-16T15:57:37.810192+00:00,2,16.666666666666664,12,55.916666666666664,62.0,54.7,7.299999999999997,39.25,39.25,10.0,8.0,11.0,69.0,41.0,7.0,5.0,11.0,39.0,47.0,5.0,5.0,-3.0,-3.0,0.0,18,1.5,12,79.44444444444444,0.3333333333333333,19,19,7744,3669,0,19,6,1.0,0,0,0,0,0,1358.4630000591278,22.641050000985462,client task timestamps,37.5,0.625,0.75,0.5,11.0,11.5,3.3333333333333335,3.0,4,4,0,32.0,Woman,Lower tertiary education degree (Bachelor's level),Native English speaker,A few times a week,5,1.0,False,False,False,False,False,False,False
6a1c4f16c27edf7429e6259e,pause-points,Pause points,2,0,1,2026-08-16T16:01:55.864948+00:00,3,25.0,12,35.0,33.0,35.666666666666664,-2.6666666666666643,10.0,10.0,10.0,5.0,10.0,60.0,82.0,7.0,5.0,8.0,81.0,77.0,4.0,4.0,-3.0,0.0,-2.0,43,3.5833333333333335,12,46.95348837209303,1.0,45,45,18186,11382,0,14,12,1.0,0,0,0,0,0,1542.4639999866486,25.70773333311081,client task timestamps,35.0,0.125,0.5,-0.25,8.5,9.0,3.3333333333333335,2.5,4,4,0,22.0,Woman,Higher tertiary education degree (Master's level),Native English speaker,About once a week,4,3.0,False,False,False,False,False,False,False
5ea950e4befef302772be716,pause-points,Pause points,2,0,1,2026-08-16T16:02:08.256813+00:00,2,16.666666666666664,12,59.416666666666664,44.5,62.4,-17.9,42.75,42.75,8.0,6.0,8.0,38.0,70.0,7.0,6.0,7.0,19.0,50.0,5.0,5.0,-1.0,0.0,-1.0,25,2.0833333333333335,12,57.52,0.12,28,28,21975,16832,0,26,1,1.0,0,0,0,0,0,1617.8269999027252,26.963783331712087,client task timestamps,90.0,-0.375,2.25,-3.0,5.5,6.0,3.3333333333333335,4.0,4,4,0,25.0,Man,Upper secondary school / High school,Native English speaker,A few times a month,3,2.0,False,False,False,False,False,False,False
5d864cfdb6dced0019221047,pause-points,Pause points,2,0,1,2026-08-16T16:21:08.656201+00:00,6,50.0,12,64.33333333333333,59.666666666666664,69.0,-9.333333333333336,14.333333333333329,14.333333333333329,12.0,9.0,10.0,51.0,50.0,6.0,2.0,7.0,0.0,0.0,0.0,0.0,-6.0,-7.0,-3.0,44,3.6666666666666665,12,45.43181818181818,0.8409090909090909,46,46,24288,18335,0,18,9,1.0,0,0,0,0,0,2789.938000202179,46.49896667003632,client task timestamps,67.5,0.875,0.75,1.0,11.666666666666666,9.5,3.0,3.75,4,4,0,27.0,Woman,Lower tertiary education degree (Bachelor's level),Native English speaker,A few times a week,5,4.0,False,False,False,False,False,False,False
6a03459e5c3c329e6670a53e,pause-points,Pause points,2,0,1,2026-08-16T16:40:06.504627+00:00,5,41.66666666666667,12,69.41666666666667,68.4,70.14285714285714,-1.7428571428571331,27.75,27.75,10.0,6.0,8.0,53.0,90.0,6.0,4.0,6.0,76.0,86.0,1.0,1.0,-4.0,-2.0,-2.0,29,2.4166666666666665,12,60.03448275862069,0.7241379310344828,30,30,13729,9314,0,18,9,1.0,0,0,0,0,0,1335.4879999160767,22.258133331934612,client task timestamps,50.0,0.625,0.25,1.0,10.833333333333334,10.333333333333334,2.3333333333333335,3.75,4,4,0,22.0,Man,Lower tertiary education degree (Bachelor's level),Fully fluent,Several times a day,7,4.0,False,False,False,False,False,False,False
60dd27004a74c325f5b22e17,pause-points,Pause points,2,0,1,2026-08-16T16:51:35.828675+00:00,4,33.33333333333333,12,72.33333333333333,78.75,69.125,9.625,39.0,39.0,12.0,10.0,12.0,95.0,50.0,8.0,4.0,10.0,44.0,47.0,4.0,4.0,-4.0,-6.0,-2.0,44,3.6666666666666665,12,52.93181818181818,0.9772727272727273,45,45,31590,24518,3,14,12,1.0,0,0,0,0,0,2788.356000185013,46.47260000308355,client task timestamps,47.5,-1.25,-0.25,-2.25,8.666666666666666,9.833333333333334,4.333333333333333,3.25,4,4,0,24.0,Man,Lower tertiary education degree (Bachelor's level),Native English speaker,About once a week,4,2.0,False,False,False,False,False,False,False
69fceb8e585a4cd6e9401180,pause-points,Pause points,2,0,1,2026-08-16T16:51:52.141029+00:00,8,66.66666666666666,12,86.91666666666667,95.75,69.25,26.5,20.250000000000014,20.250000000000014,10.0,8.0,10.0,85.0,76.0,7.0,10.0,4.0,81.0,20.0,-1.0,1.0,-3.0,2.0,-6.0,41,3.4166666666666665,12,51.829268292682926,0.6829268292682927,43,43,22837,13871,0,25,10,1.0,0,0,0,0,0,3975.524999856949,66.25874999761581,client task timestamps,82.5,1.125,1.25,1.0,10.666666666666666,13.833333333333334,5.0,2.375,4,4,0,25.0,Woman,Upper secondary school / High school,Native English speaker,Several times a day,7,5.0,False,False,False,False,False,False,False
69f9f0668bf5734f80f13a7c,pause-points,Pause points,2,0,1,2026-08-16T16:59:00.636964+00:00,1,8.333333333333332,12,83.33333333333333,70.0,84.54545454545455,-14.545454545454547,75.0,75.0,11.0,7.0,10.0,73.0,91.0,9.0,7.0,8.0,66.0,79.0,8.0,8.0,-2.0,0.0,-2.0,56,4.666666666666667,12,37.25,0.9821428571428571,57,57,23548,14491,0,14,12,1.0,0,0,0,0,0,2717.5839998722076,45.293066664536795,client task timestamps,62.5,2.125,2.25,2.0,10.0,11.166666666666666,4.0,4.0,3,4,1,34.0,Man,Higher tertiary education degree (Master's level),Native English speaker,Several times a day,7,4.0,False,False,False,False,False,False,False
60001f74b9d8d70009041d15,pause-points,Pause points,2,0,1,2026-08-16T17:11:25.434830+00:00,7,58.333333333333336,12,96.66666666666667,96.71428571428571,96.6,0.11428571428571388,38.333333333333336,38.333333333333336,10.0,11.0,11.0,58.0,80.0,9.0,8.0,10.0,38.0,66.0,2.0,2.0,-1.0,-3.0,-1.0,30,2.5,12,52.93333333333333,0.16666666666666666,31,31,14013,9034,0,28,2,0.8333333333333334,0,0,0,0,0,2085.3259999752045,34.75543333292008,client task timestamps,97.5,0.75,2.25,-0.75,12.0,14.166666666666666,1.0,4.0,4,4,0,39.0,Woman,Lower tertiary education degree (Bachelor's level),Native English speaker,About once a day,6,5.0,False,False,False,False,False,False,False
6a0b21b822bfd4c9686d1752,pause-points,Pause points,2,0,1,2026-08-16T17:14:31.689884+00:00,6,50.0,12,64.16666666666667,58.333333333333336,70.0,-11.666666666666664,14.166666666666671,14.166666666666671,12.0,8.0,12.0,57.0,59.0,10.0,6.0,8.0,64.0,64.0,4.0,4.0,-2.0,-2.0,-4.0,44,3.6666666666666665,12,37.20454545454545,0.5,45,45,20531,14489,0,28,5,1.0,0,0,0,0,0,2313.542000055313,38.55903333425522,client task timestamps,57.5,-0.25,0.0,-0.5,10.5,11.333333333333334,3.6666666666666665,2.375,4,4,0,33.0,Man,Higher tertiary education degree (Master's level),Native English speaker,Several times a day,7,4.0,False,False,False,False,False,False,False
6575c7da000442e5a54f5e24,pause-points,Pause points,2,0,1,2026-08-16T17:21:19.527241+00:00,10,83.33333333333334,12,64.41666666666667,63.1,71.0,-7.899999999999999,-18.91666666666667,18.91666666666667,7.0,12.0,9.0,75.0,79.0,10.0,6.0,6.0,80.0,60.0,0.0,0.0,3.0,-6.0,-3.0,83,6.916666666666667,12,35.144578313253014,0.6265060240963856,84,84,30152,14234,0,40,8,1.0,0,0,0,0,0,3503.6319999694824,58.39386666615804,client task timestamps,80.0,1.125,0.25,2.0,8.833333333333334,11.0,1.8333333333333333,2.875,4,4,0,30.0,Man,Vocational college degree,Native English speaker,About once a day,6,5.0,False,False,False,False,False,False,False
6500615b226d81ec5db464d7,pause-points,Pause points,2,0,1,2026-08-16T17:23:17.653845+00:00,4,33.33333333333333,12,37.083333333333336,31.75,39.75,-8.0,3.750000000000007,3.750000000000007,10.0,5.0,9.0,65.0,89.0,6.0,2.0,4.0,50.0,68.0,2.0,2.0,-4.0,-3.0,-5.0,33,2.75,12,56.696969696969695,0.2727272727272727,34,34,19616,15687,0,29,4,0.8947368421052632,0,0,0,0,0,2502.559000015259,41.70931666692098,client task timestamps,57.5,1.0,2.0,0.0,13.166666666666666,10.666666666666666,2.8333333333333335,3.875,4,4,0,61.0,Man,Doctoral degree,Native English speaker,A few times a week,5,2.0,False,False,False,False,False,False,False
55b765befdf99b0416ce5382,pause-points,Pause points,2,0,1,2026-08-16T17:24:30.959962+00:00,6,50.0,12,69.16666666666667,67.5,70.83333333333333,-3.3333333333333286,19.16666666666667,19.16666666666667,9.0,6.0,12.0,66.0,65.0,6.0,4.0,12.0,70.0,64.0,0.0,0.0,-3.0,-2.0,0.0,123,10.25,12,41.58536585365854,0.8130081300813008,125,125,41693,22789,2,37,12,1.0,0,0,0,0,0,3062.579999923706,51.04299999872843,client task timestamps,82.5,1.75,2.0,1.5,9.5,9.666666666666666,4.0,4.125,4,4,0,31.0,Man,Higher tertiary education degree (Master's level),Native English speaker,About once a day,6,4.0,False,False,False,False,False,False,False
666344916bdba2e2c980dcd0,pause-points,Pause points,2,0,1,2026-08-16T17:25:44.876056+00:00,4,33.33333333333333,12,94.16666666666667,87.75,97.375,-9.625,60.83333333333334,60.83333333333334,12.0,10.0,12.0,79.0,51.0,12.0,7.0,6.0,77.0,66.0,8.0,8.0,0.0,-3.0,-6.0,50,4.166666666666667,12,31.56,0.98,51,51,21020,13256,0,14,12,1.0,0,0,0,0,0,3002.598999977112,50.0433166662852,client task timestamps,30.0,0.25,0.5,0.0,10.0,11.833333333333334,3.3333333333333335,2.625,4,4,0,36.0,Woman,Upper secondary school / High school,Native English speaker,Several times a day,7,4.0,False,False,False,False,False,False,False
5996d2256b939900012d9f22,pause-points,Pause points,2,0,1,2026-08-16T17:30:40.622172+00:00,5,41.66666666666667,12,84.75,92.0,79.57142857142857,12.42857142857143,43.08333333333333,43.08333333333333,6.0,6.0,4.0,76.0,43.0,9.0,6.0,8.0,78.0,71.0,4.0,4.0,3.0,0.0,4.0,25,2.0833333333333335,12,73.48,0.68,27,27,17880,13762,0,18,8,1.0,0,0,0,0,0,2780.536999940872,46.34228333234787,client task timestamps,35.0,0.375,0.25,0.5,11.0,12.5,5.0,3.625,4,4,0,35.0,Woman,Lower tertiary education degree (Bachelor's level),Native English speaker,Several times a day,7,5.0,False,False,False,False,False,False,False
69f478835e7f45a7c46f4def,pause-points,Pause points,2,0,1,2026-08-16T17:34:04.234619+00:00,6,50.0,12,94.58333333333333,95.33333333333333,93.83333333333333,1.5,44.58333333333333,44.58333333333333,10.0,10.0,11.0,86.0,89.0,10.0,10.0,10.0,96.0,95.0,4.0,4.0,0.0,0.0,-1.0,20,1.6666666666666667,12,190.05,0.4,22,22,19110,14567,0,22,8,1.0,0,0,0,0,0,2649.938000202179,44.16563333670298,client task timestamps,50.0,1.625,2.0,1.25,12.333333333333334,14.166666666666666,3.1666666666666665,3.25,3,4,1,37.0,Woman,Lower tertiary education degree (Bachelor's level),Fully fluent,A few times a week,5,5.0,False,False,False,False,False,False,False
6645ead2d999bda561f525ea,pause-points,Pause points,2,0,1,2026-08-16T17:35:01.191845+00:00,5,41.66666666666667,12,91.83333333333333,97.2,88.0,9.200000000000003,50.16666666666666,50.16666666666666,10.0,6.0,,,,8.0,6.0,11.0,55.0,70.0,3.0,3.0,-2.0,0.0,,37,3.0833333333333335,12,71.21621621621621,0.4864864864864865,39,39,16704,12248,0,27,6,1.0,0,0,0,0,0,1977.441999912262,32.95736666520437,client task timestamps,72.5,1.625,2.25,1.0,4.666666666666667,7.166666666666667,4.333333333333333,4.5,4,4,0,23.0,Man,Upper secondary school / High school,Native English speaker,Several times a day,7,5.0,False,False,False,False,False,False,False
5978f6f009bdcf000153f43d,pause-points,Pause points,2,0,1,2026-08-16T17:43:06.546900+00:00,7,58.333333333333336,12,66.08333333333333,63.0,70.4,-7.400000000000006,7.749999999999993,7.749999999999993,10.0,6.0,9.0,,60.0,7.0,4.0,6.0,27.0,12.0,0.0,0.0,-3.0,-2.0,-3.0,36,3.0,12,53.638888888888886,0.5277777777777778,40,40,15383,10364,0,26,5,1.0,0,0,0,0,0,2756.4970002174377,45.94161667029063,client task timestamps,72.5,-0.625,-0.25,-1.0,14.166666666666666,12.666666666666666,4.0,3.5,4,4,0,61.0,Man,Doctoral degree,Native English speaker,Several times a day,7,4.0,False,False,False,False,False,False,False
5cbb1374517cd00001310c43,pause-points,Pause points,2,0,1,2026-08-16T17:46:02.327511+00:00,4,33.33333333333333,12,41.0,58.25,32.375,25.875,7.666666666666671,7.666666666666671,8.0,5.0,8.0,58.0,44.0,4.0,1.0,4.0,7.0,44.0,0.0,0.0,-4.0,-4.0,-4.0,64,5.333333333333333,12,45.015625,0.90625,65,65,32980,21489,4,17,10,1.0,0,0,0,0,0,2394.7290000915527,39.91215000152588,client task timestamps,75.0,1.125,2.0,0.25,13.0,10.833333333333334,1.5,3.0,4,4,0,31.0,Woman,Vocational college degree,Native English speaker,A few times a week,5,3.0,False,False,False,False,False,False,False
5a86e1a4eea3d300016e7981,pause-points,Pause points,2,0,1,2026-08-16T17:52:50.318111+00:00,3,25.0,12,74.08333333333333,78.66666666666667,72.55555555555556,6.111111111111114,49.08333333333333,49.08333333333333,,,,,,6.0,1.0,0.0,19.0,64.0,3.0,3.0,,,,71,5.916666666666667,12,71.53521126760563,0.971830985915493,72,72,36042,23347,7,15,12,1.0,0,0,0,0,0,2968.4690001010895,49.47448333501816,client task timestamps,50.0,0.25,0.75,-0.25,8.0,8.833333333333334,3.5,3.75,4,4,0,48.0,Woman,Lower tertiary education degree (Bachelor's level),Native English speaker,A few times a week,5,2.0,False,False,False,False,False,False,False
69f98463f2070bddf692b800,pause-points,Pause points,2,0,1,2026-08-16T17:55:49.372484+00:00,10,83.33333333333334,12,95.41666666666667,95.7,94.0,1.7000000000000028,12.083333333333329,12.083333333333329,11.0,8.0,11.0,67.0,88.0,10.0,8.0,11.0,84.0,69.0,0.0,0.0,-1.0,0.0,0.0,15,1.25,12,45.53333333333333,0.7333333333333333,16,16,2429,916,0,15,10,1.0,0,0,0,0,0,2984.582999944687,49.74304999907812,client task timestamps,67.5,1.625,2.0,1.25,10.166666666666666,12.666666666666666,4.666666666666667,4.5,4,4,0,33.0,Man,Lower tertiary education degree (Bachelor's level),Fully fluent,Several times a day,7,4.0,False,False,False,False,False,False,False
6a74c3b4c83fe41d76c99bdc,pause-points,Pause points,2,0,1,2026-08-16T18:35:23.701700+00:00,1,8.333333333333332,12,83.16666666666667,83.0,83.18181818181819,-0.18181818181818699,74.83333333333334,74.83333333333334,12.0,12.0,12.0,88.0,100.0,10.0,12.0,12.0,74.0,92.0,9.0,9.0,-2.0,0.0,0.0,79,6.583333333333333,12,28.911392405063292,0.9493670886075949,82,82,30203,18989,0,19,12,1.0,0,0,0,0,0,5207.447000026703,86.79078333377838,client task timestamps,52.5,2.125,1.5,2.75,13.833333333333334,14.333333333333334,3.5,3.625,3,4,1,31.0,Woman,Lower tertiary education degree (Bachelor's level),Fully fluent,About once a day,6,4.0,False,False,False,False,False,False,False
5b68c9eb87af310001584803,pause-points,Pause points,2,0,1,2026-08-16T19:24:12.416665+00:00,3,25.0,12,79.16666666666667,83.33333333333333,77.77777777777777,5.555555555555557,54.16666666666667,54.16666666666667,12.0,6.0,12.0,50.0,75.0,10.0,0.0,10.0,50.0,60.0,7.0,7.0,-2.0,-6.0,-2.0,23,1.9166666666666667,12,76.08695652173913,0.9565217391304348,24,24,8367,4386,0,14,12,1.0,0,0,0,0,0,1600.50200009346,26.675033334891,client task timestamps,97.5,2.5,2.5,2.5,10.666666666666666,10.5,4.833333333333333,4.625,4,4,0,29.0,Man,Lower tertiary education degree (Bachelor's level),Native English speaker,Several times a day,7,3.0,False,False,False,False,False,False,False
69989e39e6be042257d81204,pause-points,Pause points,2,0,1,2026-08-16T19:24:17.398391+00:00,2,16.666666666666664,12,76.83333333333333,85.5,75.1,10.400000000000006,60.166666666666664,60.166666666666664,11.0,7.0,11.0,55.0,67.0,3.0,4.0,3.0,59.0,0.0,1.0,1.0,-8.0,-3.0,-8.0,18,1.5,12,125.16666666666667,0.8888888888888888,20,20,8221,4745,2,15,11,1.0,0,0,0,0,0,1568.3180000782013,26.138633334636687,client task timestamps,30.0,-2.25,-2.25,-2.25,11.5,11.0,2.8333333333333335,2.875,4,4,0,35.0,Man,Higher tertiary education degree (Master's level),Fully fluent,Several times a day,7,5.0,False,False,False,False,False,False,False
69e7dede938d7a2dfc8c7d90,pause-points,Pause points,2,0,1,2026-08-16T19:29:12.954032+00:00,2,16.666666666666664,12,74.33333333333333,93.0,70.6,22.400000000000006,57.666666666666664,57.666666666666664,10.0,8.0,12.0,84.0,77.0,8.0,6.0,10.0,91.0,82.0,6.0,6.0,-2.0,-2.0,-2.0,20,1.6666666666666667,12,85.95,0.8,21,21,7055,2662,0,16,11,1.0,0,0,0,0,0,1420.8840000629425,23.68140000104904,client task timestamps,72.5,0.5,1.25,-0.25,9.833333333333334,10.666666666666666,4.0,3.125,4,4,0,24.0,Man,Vocational college degree,Native English speaker,Several times a day,7,4.0,False,False,False,False,False,False,False
60101181d3a08f26a98a23e2,pause-points,Pause points,2,0,1,2026-08-16T19:30:15.626293+00:00,2,16.666666666666664,12,50.166666666666664,75.0,45.2,29.799999999999997,33.5,33.5,10.0,6.0,8.0,66.0,61.0,8.0,4.0,7.0,29.0,14.0,6.0,6.0,-2.0,-2.0,-1.0,30,2.5,12,100.5,0.8333333333333334,31,31,12553,7783,0,14,8,1.0,0,0,0,0,0,1952.5350000858307,32.54225000143051,client task timestamps,32.5,-1.625,-1.75,-1.5,15.833333333333334,14.666666666666666,3.3333333333333335,2.5,4,4,0,24.0,Woman,Lower tertiary education degree (Bachelor's level),Native English speaker,A few times a week,5,4.0,False,False,False,False,False,False,False
69ecb1819cd77515892fa2e3,pause-points,Pause points,2,0,1,2026-08-16T19:31:51.767225+00:00,2,16.666666666666664,12,35.0,39.0,34.2,4.799999999999997,18.333333333333336,18.333333333333336,10.0,5.0,9.0,62.0,68.0,5.0,1.0,2.0,22.0,12.0,3.0,3.0,-5.0,-4.0,-7.0,91,7.583333333333333,12,31.32967032967033,0.9560439560439561,92,92,29599,15657,0,17,12,1.0,0,0,0,0,0,1988.9120001792908,33.14853333632151,client task timestamps,27.5,-0.375,-1.75,1.0,8.5,8.0,3.8333333333333335,2.625,4,4,0,22.0,Man,Lower tertiary education degree (Bachelor's level),Native English speaker,About once a day,6,2.0,False,False,False,False,False,False,False
5e3c759575109a055e99b38a,pause-points,Pause points,2,0,1,2026-08-16T19:32:47.794824+00:00,1,8.333333333333332,12,51.25,72.0,49.36363636363637,22.636363636363633,42.91666666666667,42.91666666666667,10.0,4.0,10.0,54.0,79.0,8.0,2.0,11.0,53.0,70.0,7.0,7.0,-2.0,-2.0,1.0,44,3.6666666666666665,12,98.95454545454545,0.25,50,50,25904,18884,0,42,3,1.0,0,0,0,0,0,2062.4240000247955,34.37373333374659,client task timestamps,87.5,1.875,1.5,2.25,13.833333333333334,13.333333333333334,4.833333333333333,4.875,4,4,0,42.0,Man,Lower tertiary education degree (Bachelor's level),Native English speaker,Several times a day,7,5.0,False,False,False,False,False,False,False
69f8b18fb41597c2c0ad0428,pause-points,Pause points,2,0,1,2026-08-16T19:33:56.931735+00:00,3,25.0,12,54.583333333333336,59.333333333333336,53.0,6.333333333333336,29.583333333333336,29.583333333333336,12.0,10.0,12.0,64.0,71.0,8.0,8.0,10.0,64.0,70.0,5.0,5.0,-4.0,-2.0,-2.0,50,4.166666666666667,12,36.34,1.0,52,52,20145,12904,0,14,12,1.0,0,0,0,0,0,1444.2949998378754,24.071583330631256,client task timestamps,35.0,-0.875,-0.75,-1.0,5.5,4.666666666666667,3.5,1.875,4,4,0,23.0,Woman,Vocational college degree,Native English speaker,Several times a day,7,2.0,False,False,False,False,False,False,False
6a16282936d3887f0d5fee83,pause-points,Pause points,2,0,1,2026-08-16T19:36:39.304285+00:00,7,58.333333333333336,12,97.0,96.14285714285714,98.2,-2.057142857142864,38.666666666666664,38.666666666666664,8.0,12.0,12.0,82.0,48.0,9.0,12.0,12.0,81.0,39.0,2.0,2.0,1.0,0.0,0.0,52,4.333333333333333,12,30.442307692307693,0.9038461538461539,57,57,19996,12227,0,21,11,1.0,0,0,0,0,0,1947.7839999198914,32.463066665331525,client task timestamps,80.0,0.75,1.0,0.5,4.0,6.833333333333333,4.333333333333333,3.5,4,4,0,24.0,Man,Lower tertiary education degree (Bachelor's level),Fully fluent,Several times a day,7,3.0,False,False,False,False,False,False,False
5def9a14d2601a03546e81e1,pause-points,Pause points,2,0,1,2026-08-16T19:37:46.105833+00:00,2,16.666666666666664,12,90.83333333333333,100.0,89.0,11.0,74.16666666666666,74.16666666666666,10.0,9.0,5.0,88.0,50.0,9.0,5.0,4.0,75.0,95.0,7.0,7.0,-1.0,-4.0,-1.0,38,3.1666666666666665,12,47.28947368421053,0.868421052631579,39,39,17343,11275,2,18,12,1.0,0,0,0,0,0,2139.0220000743866,35.65036666790645,client task timestamps,92.5,1.375,1.75,1.0,4.333333333333333,5.833333333333333,3.8333333333333335,3.5,4,4,0,31.0,Man,Higher tertiary education degree (Master's level),Native English speaker,About once a day,6,2.0,False,False,False,False,False,False,False
5ec1b6036575405f2f634581,pause-points,Pause points,2,0,1,2026-08-16T19:40:31.988591+00:00,3,25.0,12,70.41666666666667,78.0,67.88888888888889,10.111111111111114,45.41666666666667,45.41666666666667,12.0,6.0,12.0,80.0,90.0,10.0,4.0,12.0,80.0,90.0,7.0,7.0,-2.0,-2.0,0.0,23,1.9166666666666667,12,190.0,0.43478260869565216,26,26,16018,11207,0,20,4,1.0,0,0,0,0,0,1950.6770000457764,32.51128333409627,client task timestamps,80.0,1.625,2.25,1.0,8.333333333333334,9.833333333333334,4.333333333333333,4.0,4,4,0,41.0,Woman,Upper secondary school / High school,Native English speaker,A few times a week,5,3.0,False,False,False,False,False,False,False
6a4395a81fed13bab18d322c,pause-points,Pause points,2,0,1,2026-08-16T19:42:13.603687+00:00,2,16.666666666666664,12,39.083333333333336,67.0,33.5,33.5,22.41666666666667,22.41666666666667,8.0,4.0,8.0,50.0,63.0,5.0,0.0,6.0,37.0,56.0,3.0,3.0,-3.0,-4.0,-2.0,31,2.5833333333333335,12,56.54838709677419,0.8064516129032258,33,33,17193,11612,0,17,9,1.0,0,0,0,0,0,2465.547999858856,41.09246666431427,client task timestamps,42.5,-0.625,-0.75,-0.5,13.0,9.833333333333334,3.0,2.25,4,4,0,37.0,Woman,Lower tertiary education degree (Bachelor's level),Native English speaker,A few times a week,5,1.0,False,False,False,False,False,False,False
5f4d4f3a2059689f1a2c33db,pause-points,Pause points,2,0,1,2026-08-16T19:42:35.480535+00:00,7,58.333333333333336,12,78.33333333333333,82.0,73.2,8.799999999999997,19.999999999999993,19.999999999999993,12.0,12.0,8.0,90.0,50.0,6.0,12.0,3.0,90.0,50.0,-1.0,1.0,-6.0,0.0,-5.0,33,2.75,12,50.93939393939394,0.6363636363636364,40,40,27505,20658,3,27,8,1.0,0,0,0,0,0,1478.457999944687,24.64096666574478,client task timestamps,62.5,-1.25,-0.25,-2.25,2.3333333333333335,3.8333333333333335,4.833333333333333,2.625,4,4,0,28.0,Man,Lower tertiary education degree (Bachelor's level),Native English speaker,Several times a day,7,2.0,False,False,False,False,False,False,False
638070625c26e262f2163254,pause-points,Pause points,2,0,1,2026-08-16T19:42:40.637954+00:00,6,50.0,12,90.41666666666667,90.0,90.83333333333333,-0.8333333333333286,40.41666666666667,40.41666666666667,12.0,6.0,10.0,52.0,51.0,10.0,3.0,10.0,50.0,64.0,4.0,4.0,-2.0,-3.0,0.0,31,2.5833333333333335,12,50.354838709677416,0.5161290322580645,33,33,12419,9792,0,22,5,0.9375,0,0,0,0,0,2503.9479999542236,41.73246666590373,client task timestamps,92.5,2.25,2.25,2.25,7.666666666666667,9.166666666666666,5.0,4.375,4,4,0,66.0,Man,Lower tertiary education degree (Bachelor's level),Native English speaker,A few times a week,5,4.0,False,False,False,False,False,False,False
66b0fee11fefcf5586763c55,pause-points,Pause points,2,0,1,2026-08-16T19:43:44.652837+00:00,4,33.33333333333333,12,96.16666666666667,96.25,96.125,0.125,62.83333333333334,62.83333333333334,10.0,8.0,7.0,54.0,68.0,9.0,6.0,4.0,41.0,37.0,5.0,5.0,-1.0,-2.0,-3.0,120,10.0,12,22.4,0.9,123,123,43235,25218,1,28,13,1.0,0,0,0,0,0,2808.944000005722,46.8157333334287,client task timestamps,40.0,-0.875,-0.5,-1.25,7.333333333333333,8.833333333333334,4.0,2.5,3,4,1,22.0,Prefer not to disclose,Higher tertiary education degree (Master's level),Native English speaker,About once a week,4,4.0,False,False,False,False,False,False,False
6a1c1fb42b5e1f493022bd67,pause-points,Pause points,2,0,1,2026-08-16T19:44:00.082595+00:00,4,33.33333333333333,12,61.083333333333336,48.5,67.375,-18.875,27.750000000000007,27.750000000000007,12.0,12.0,12.0,100.0,100.0,7.0,3.0,7.0,90.0,22.0,3.0,3.0,-5.0,-9.0,-5.0,34,2.8333333333333335,12,145.7941176470588,0.6470588235294118,36,36,15801,10492,0,26,12,1.0,0,0,0,0,0,2283.388999938965,38.056483332316084,client task timestamps,45.0,-2.375,-2.5,-2.25,12.333333333333334,15.5,3.8333333333333335,2.75,4,4,0,28.0,Woman,Lower tertiary education degree (Bachelor's level),Fully fluent,About once a week,4,5.0,False,False,False,False,False,False,False
69ff44271a9ace738ae8b113,pause-points,Pause points,2,0,1,2026-08-16T19:44:51.504186+00:00,2,16.666666666666664,12,49.583333333333336,31.5,53.2,-21.700000000000003,32.91666666666667,32.91666666666667,11.0,10.0,12.0,61.0,67.0,8.0,7.0,8.0,52.0,62.0,6.0,6.0,-3.0,-3.0,-4.0,21,1.75,12,105.76190476190476,0.7619047619047619,23,23,14002,10652,0,19,12,1.0,0,0,0,0,0,2155.016000032425,35.91693333387375,client task timestamps,55.0,1.125,1.0,1.25,6.833333333333333,8.0,3.0,3.875,4,4,0,37.0,Man,Higher tertiary education degree (Master's level),Native English speaker,Several times a day,7,4.0,False,False,False,False,False,False,False
69f29515d1fe3f9e5661426b,pause-points,Pause points,2,0,1,2026-08-16T19:45:18.025634+00:00,9,75.0,12,97.41666666666667,97.33333333333333,97.66666666666667,-0.3333333333333428,22.41666666666667,22.41666666666667,10.0,6.0,11.0,46.0,14.0,8.0,6.0,4.0,77.0,7.0,-1.0,1.0,-2.0,0.0,-7.0,32,2.6666666666666665,12,129.46875,0.59375,34,34,26657,19832,0,24,9,1.0,0,0,0,0,0,1915.933000087738,31.932216668128966,client task timestamps,62.5,1.25,1.25,1.25,6.666666666666667,9.833333333333334,4.833333333333333,1.75,4,4,0,26.0,Man,Higher tertiary education degree (Master's level),Fully fluent,Several times a day,7,5.0,False,False,False,False,False,False,False
6a09ed98e46b23c32ad77c35,pause-points,Pause points,2,0,1,2026-08-16T19:45:51.258620+00:00,4,33.33333333333333,12,86.58333333333333,82.75,88.5,-5.75,53.25,53.25,6.0,4.0,12.0,,,10.0,2.0,12.0,33.0,80.0,6.0,6.0,4.0,-2.0,0.0,31,2.5833333333333335,12,49.483870967741936,0.25806451612903225,33,33,15120,11437,1,27,2,1.0,0,0,0,0,0,2587.0230000019073,43.11705000003179,client task timestamps,55.0,0.125,0.75,-0.5,6.333333333333333,7.5,3.1666666666666665,4.25,4,4,0,60.0,Woman,Lower tertiary education degree (Bachelor's level),Native English speaker,Several times a day,7,2.0,False,False,False,False,False,False,False
63af557b3d4f219c3226b7d6,pause-points,Pause points,2,0,1,2026-08-16T19:47:13.702544+00:00,5,41.66666666666667,12,44.916666666666664,59.4,34.57142857142857,24.82857142857143,3.249999999999993,3.249999999999993,9.0,3.0,9.0,24.0,50.0,5.0,1.0,5.0,0.0,61.0,0.0,0.0,-4.0,-2.0,-4.0,40,3.3333333333333335,12,46.525,0.475,43,43,25472,17913,0,30,6,0.9333333333333333,0,0,0,0,0,2916.6260001659393,48.610433336098986,client task timestamps,32.5,-0.875,-1.25,-0.5,12.166666666666666,9.666666666666666,2.0,2.875,4,4,0,52.0,Woman,Lower tertiary education degree (Bachelor's level),Native English speaker,About once a day,6,1.0,False,False,False,False,False,False,False
6a1c7f17c07216b846c7acd4,pause-points,Pause points,2,0,1,2026-08-16T19:49:07.366117+00:00,4,33.33333333333333,12,63.583333333333336,63.0,63.875,-0.875,30.250000000000007,30.250000000000007,10.0,7.0,11.0,86.0,69.0,9.0,5.0,10.0,86.0,45.0,5.0,5.0,-1.0,-2.0,-1.0,94,7.833333333333333,12,20.574468085106382,0.9787234042553191,96,96,39474,24801,2,16,12,1.0,0,0,0,0,0,2422.619999885559,40.37699999809265,client task timestamps,47.5,-1.625,-1.75,-1.5,8.333333333333334,10.5,4.0,2.0,4,4,0,32.0,Woman,Lower tertiary education degree (Bachelor's level),Native English speaker,Several times a day,7,1.0,False,False,False,False,False,False,False
69ff5f187b4fbf6b369fbe4d,pause-points,Pause points,2,0,1,2026-08-16T19:49:44.892343+00:00,5,41.66666666666667,12,65.83333333333333,82.2,54.142857142857146,28.057142857142857,24.166666666666657,24.166666666666657,9.0,2.0,12.0,25.0,50.0,12.0,3.0,10.0,80.0,10.0,7.0,7.0,3.0,1.0,-2.0,55,4.583333333333333,12,88.0,0.8363636363636363,57,57,20539,12312,0,23,12,1.0,0,0,0,0,0,2400.239000082016,40.003983334700266,client task timestamps,92.5,2.5,2.75,2.25,6.5,9.0,5.0,3.625,4,4,0,57.0,Woman,Upper secondary school / High school,Native English speaker,About once a day,6,4.0,False,False,False,False,False,False,False
5bb5d4c9ac45e6000130a58f,pause-points,Pause points,2,0,1,2026-08-16T19:50:25.010160+00:00,7,58.333333333333336,12,82.91666666666667,86.14285714285714,78.4,7.742857142857133,24.583333333333336,24.583333333333336,11.0,8.0,11.0,98.0,98.0,8.0,8.0,6.0,96.0,38.0,1.0,1.0,-3.0,0.0,-5.0,61,5.083333333333333,12,65.9672131147541,0.9672131147540983,63,63,22220,13981,4,16,12,1.0,0,0,0,0,0,3002.6260001659393,50.04376666943232,client task timestamps,87.5,0.75,0.25,1.25,6.166666666666667,8.333333333333334,4.333333333333333,3.25,4,4,0,25.0,Man,Higher tertiary education degree (Master's level),Native English speaker,Several times a day,7,4.0,False,False,False,False,False,False,False
6a20af2717f5d870ff6f4bd8,pause-points,Pause points,2,0,1,2026-08-16T19:53:07.475289+00:00,7,58.333333333333336,12,97.41666666666667,97.42857142857143,97.4,0.028571428571424917,39.083333333333336,39.083333333333336,12.0,8.0,6.0,98.0,94.0,10.0,6.0,6.0,98.0,99.0,3.0,3.0,-2.0,-2.0,0.0,37,3.0833333333333335,12,45.5945945945946,0.918918918918919,39,39,18808,12119,0,17,12,1.0,0,0,0,0,0,3166.4829998016357,52.77471666336059,client task timestamps,80.0,1.0,1.25,0.75,7.833333333333333,11.0,4.5,4.375,4,4,0,30.0,Woman,Higher tertiary education degree (Master's level),Native English speaker,Several times a day,7,5.0,False,False,False,False,False,False,False
6a02df6af4b0aa04e01b293d,pause-points,Pause points,2,0,1,2026-08-16T20:02:01.424364+00:00,6,50.0,12,62.333333333333336,60.666666666666664,64.0,-3.3333333333333357,12.333333333333336,12.333333333333336,10.0,8.0,11.0,35.0,85.0,10.0,4.0,11.0,60.0,69.0,4.0,4.0,0.0,-4.0,0.0,33,2.75,12,61.54545454545455,0.3333333333333333,35,35,16566,13696,0,27,3,1.0,0,0,0,0,0,1581.2379999160767,26.353966665267944,client task timestamps,60.0,0.0,-0.5,0.5,8.166666666666666,9.666666666666666,1.8333333333333333,4.125,4,4,0,37.0,Man,Higher tertiary education degree (Master's level),Native English speaker,Several times a day,7,2.0,False,False,False,False,False,False,False
5f74a934c78e6208615393b7,pause-points,Pause points,2,0,1,2026-08-16T20:04:23.903284+00:00,4,33.33333333333333,12,74.5,74.25,74.625,-0.375,41.16666666666667,41.16666666666667,10.0,8.0,9.0,52.0,85.0,6.0,4.0,7.0,49.0,60.0,2.0,2.0,-4.0,-4.0,-2.0,25,2.0833333333333335,12,123.16,0.6,28,28,14505,10723,1,20,8,1.0,0,0,0,0,0,3826.733999967575,63.77889999945958,client task timestamps,82.5,1.25,1.0,1.5,10.833333333333334,11.0,3.8333333333333335,4.125,4,4,0,32.0,Woman,Lower tertiary education degree (Bachelor's level),Native English speaker,About once a week,4,4.0,False,False,False,False,False,False,False
6a039e71511f493fa36e35cf,pause-points,Pause points,2,0,1,2026-08-16T20:11:09.915099+00:00,5,41.66666666666667,12,50.916666666666664,53.0,49.42857142857143,3.5714285714285694,9.249999999999993,9.249999999999993,12.0,6.0,10.0,50.0,56.0,6.0,0.0,8.0,12.0,55.0,1.0,1.0,-6.0,-6.0,-2.0,46,3.8333333333333335,12,36.76086956521739,0.9347826086956522,48,48,25458,18379,0,16,11,1.0,0,0,0,0,0,2198.654000043869,36.64423333406448,client task timestamps,12.5,-1.125,-1.25,-1.0,8.833333333333334,10.666666666666666,1.6666666666666667,3.375,3,4,1,40.0,Woman,Higher tertiary education degree (Master's level),Native English speaker,Several times a day,7,2.0,False,False,False,False,False,False,False
69eb527785170b639380861c,pause-points,Pause points,2,0,1,2026-08-16T20:15:06.349410+00:00,4,33.33333333333333,12,71.0,64.5,74.25,-9.75,37.66666666666667,37.66666666666667,6.0,3.0,5.0,40.0,80.0,8.0,3.0,10.0,20.0,20.0,4.0,4.0,2.0,0.0,5.0,58,4.833333333333333,12,69.63793103448276,0.9655172413793104,59,59,18002,9560,0,14,11,1.0,0,0,0,0,0,3951.5930001735687,65.85988333622615,client task timestamps,42.5,-0.625,0.0,-1.25,11.0,12.166666666666666,2.1666666666666665,2.5,4,4,0,29.0,Man,Upper secondary school / High school,Native English speaker,Several times a day,7,5.0,False,False,False,False,False,False,False
65c8d70512b2fc050e53d0d1,pause-points,Pause points,2,0,1,2026-08-16T20:15:48.277222+00:00,5,41.66666666666667,12,50.916666666666664,51.8,50.285714285714285,1.5142857142857125,9.249999999999993,9.249999999999993,9.0,6.0,8.0,61.0,90.0,4.0,2.0,4.0,8.0,50.0,-1.0,1.0,-5.0,-4.0,-4.0,58,4.833333333333333,12,35.12068965517241,0.9482758620689655,59,59,20026,12040,0,16,12,1.0,0,0,0,0,0,4470.319999933243,74.50533333222072,client task timestamps,52.5,-0.125,-0.75,0.5,13.666666666666666,11.5,4.333333333333333,3.0,4,4,0,30.0,Woman,Lower tertiary education degree (Bachelor's level),Native English speaker,Several times a day,7,4.0,False,False,False,False,False,False,False
6748d5757f25aa6f759b0fdd,pause-points,Pause points,2,0,1,2026-08-16T20:17:42.057712+00:00,3,25.0,12,86.41666666666667,87.33333333333333,86.11111111111111,1.2222222222222143,61.41666666666667,61.41666666666667,8.0,4.0,5.0,56.0,53.0,6.0,1.0,9.0,63.0,65.0,3.0,3.0,-2.0,-3.0,4.0,33,2.75,12,44.121212121212125,0.3939393939393939,34,34,15460,10742,0,24,4,1.0,0,0,0,0,0,1171.4660000801086,19.524433334668476,client task timestamps,77.5,1.75,2.25,1.25,7.0,7.833333333333333,2.6666666666666665,3.875,4,4,0,21.0,Man,Upper secondary school / High school,Native English speaker,A few times a week,5,3.0,False,False,False,False,False,False,False
6a1ca50dc52e2130653c1d5d,pause-points,Pause points,2,0,1,2026-08-16T20:25:44.531600+00:00,4,33.33333333333333,12,44.833333333333336,42.0,46.25,-4.25,11.500000000000007,11.500000000000007,12.0,6.0,12.0,71.0,95.0,4.0,2.0,10.0,57.0,26.0,0.0,0.0,-8.0,-4.0,-2.0,22,1.8333333333333333,12,167.6818181818182,1.0,23,23,8599,4786,0,13,12,1.0,0,0,0,0,0,644.5060000419617,10.741766667366027,client task timestamps,60.0,0.25,0.25,0.25,8.333333333333334,5.833333333333333,2.6666666666666665,2.75,3,4,1,21.0,Man,Upper secondary school / High school,Native English speaker,A few times a month,3,1.0,False,False,False,False,False,False,False
60537fdcda0ac05f1c59c57f,pause-points,Pause points,2,0,1,2026-08-16T20:42:06.566185+00:00,4,33.33333333333333,12,42.5,40.25,43.625,-3.375,9.166666666666671,9.166666666666671,9.0,5.0,9.0,54.0,51.0,8.0,0.0,9.0,23.0,50.0,4.0,4.0,-1.0,-5.0,0.0,29,2.4166666666666665,12,54.724137931034484,0.896551724137931,31,31,13699,9274,0,17,12,1.0,0,0,0,0,0,1726.8149998188019,28.780249996980032,client task timestamps,82.5,0.75,1.75,-0.25,7.333333333333333,7.166666666666667,2.3333333333333335,2.875,4,4,0,41.0,Woman,Higher tertiary education degree (Master's level),Native English speaker,About once a week,4,1.0,False,False,False,False,False,False,False
6a039eb0472ddda8704646aa,pause-points,Pause points,2,0,1,2026-08-16T20:42:12.487420+00:00,5,41.66666666666667,12,38.583333333333336,41.8,36.285714285714285,5.5142857142857125,-3.0833333333333357,3.0833333333333357,12.0,12.0,10.0,74.0,60.0,4.0,12.0,0.0,9.0,10.0,-1.0,1.0,-8.0,0.0,-10.0,42,3.5,12,49.476190476190474,0.7380952380952381,44,44,19818,13992,0,21,8,1.0,0,0,0,0,0,1567.7379999160767,26.128966665267946,client task timestamps,30.0,-0.75,-1.25,-0.25,11.666666666666666,8.5,3.5,2.125,4,4,0,41.0,Non-binary,Lower tertiary education degree (Bachelor's level),Native English speaker,Several times a day,7,1.0,False,False,False,False,False,False,False
6a05e8e197b8f213e1c10548,pause-points,Pause points,2,0,1,2026-08-16T20:42:28.564009+00:00,4,33.33333333333333,12,4.833333333333333,3.75,5.375,-1.625,-28.499999999999996,28.499999999999996,10.0,7.0,12.0,,,6.0,3.0,12.0,50.0,32.0,2.0,2.0,-4.0,-4.0,0.0,31,2.5833333333333335,12,141.41935483870967,0.45161290322580644,35,35,33405,29321,5,26,5,1.0,0,0,0,0,0,1557.3669998645782,25.956116664409638,client task timestamps,47.5,-0.375,-0.5,-0.25,7.166666666666667,5.666666666666667,3.8333333333333335,3.125,4,4,0,37.0,Woman,Lower tertiary education degree (Bachelor's level),Native English speaker,About once a day,6,5.0,False,False,False,False,False,False,False
6a147acd1b66ae1bb4057f80,pause-points,Pause points,2,0,1,2026-08-16T20:46:23.115105+00:00,3,25.0,12,77.58333333333333,69.0,80.44444444444444,-11.444444444444443,52.58333333333333,52.58333333333333,10.0,5.0,8.0,86.0,71.0,8.0,6.0,3.0,79.0,33.0,5.0,5.0,-2.0,1.0,-5.0,88,7.333333333333333,12,21.318181818181817,0.9659090909090909,90,90,31166,15628,0,17,12,1.0,0,0,0,0,0,2095.281000137329,34.92135000228882,client task timestamps,37.5,1.875,1.75,2.0,7.833333333333333,10.333333333333334,4.166666666666667,3.0,4,4,0,24.0,Man,Lower tertiary education degree (Bachelor's level),Native English speaker,Several times a day,7,2.0,False,False,False,False,False,False,False
65e729bda61d35956dfd5316,pause-points,Pause points,2,0,1,2026-08-16T20:47:31.385148+00:00,2,16.666666666666664,12,73.0,93.0,69.0,24.0,56.333333333333336,56.333333333333336,5.0,0.0,12.0,11.0,36.0,5.0,0.0,8.0,35.0,64.0,3.0,3.0,0.0,0.0,-4.0,30,2.5,12,59.266666666666666,0.4,33,33,13675,9809,0,25,4,0.9259259259259259,0,0,0,0,0,1776.4229998588562,29.607049997647604,client task timestamps,70.0,-0.375,0.0,-0.75,8.5,9.333333333333334,2.0,3.75,3,4,1,30.0,Woman,Higher tertiary education degree (Master's level),Native English speaker,Less than once a month,2,2.0,False,False,False,False,False,False,False
675230603ce35dd4658c4dd0,pause-points,Pause points,2,0,1,2026-08-16T20:49:11.818263+00:00,2,16.666666666666664,12,71.83333333333333,51.0,76.0,-25.0,55.166666666666664,55.166666666666664,9.0,2.0,11.0,50.0,50.0,6.0,1.0,10.0,21.0,44.0,4.0,4.0,-3.0,-1.0,-1.0,52,4.333333333333333,12,74.8076923076923,1.0,56,56,19011,10319,0,16,12,1.0,0,0,0,0,0,2306.125,38.43541666666667,client task timestamps,55.0,0.375,1.25,-0.5,9.0,7.5,2.8333333333333335,3.625,4,4,0,38.0,Man,Higher tertiary education degree (Master's level),Native English speaker,A few times a week,5,1.0,False,False,False,False,False,False,False
6a1e0745ad50e296a4ffec34,pause-points,Pause points,2,0,1,2026-08-16T20:49:18.289346+00:00,5,41.66666666666667,12,61.25,44.8,73.0,-28.200000000000003,19.58333333333333,19.58333333333333,12.0,10.0,12.0,,,9.0,0.0,9.0,79.0,80.0,4.0,4.0,-3.0,-10.0,-3.0,23,1.9166666666666667,12,183.7391304347826,0.5217391304347826,24,24,15829,11354,0,20,8,1.0,0,0,0,0,0,1254.5729999542236,20.90954999923706,client task timestamps,55.0,-0.875,-0.75,-1.0,11.5,11.333333333333334,3.1666666666666665,3.875,4,4,0,32.0,Man,Upper secondary school / High school,Fully fluent,Several times a day,7,1.0,False,False,False,False,False,False,False
6a7374f530220c02fc990c8b,pause-points,Pause points,2,0,1,2026-08-16T20:51:03.229170+00:00,6,50.0,12,56.75,54.5,59.0,-4.5,6.75,6.75,12.0,0.0,12.0,,,8.0,0.0,12.0,80.0,10.0,2.0,2.0,-4.0,0.0,0.0,90,7.5,12,22.377777777777776,1.0,91,91,42265,30136,0,13,12,1.0,0,0,0,0,0,4368.928999900818,72.8154833316803,client task timestamps,45.0,-1.0,-1.5,-0.5,11.5,14.666666666666666,3.6666666666666665,2.25,4,4,0,48.0,Woman,Lower tertiary education degree (Bachelor's level),Native English speaker,Several times a day,7,3.0,False,False,False,False,False,False,False
5d8f8b062ff1bd0015a9c059,pause-points,Pause points,2,0,1,2026-08-16T20:51:39.633687+00:00,2,16.666666666666664,12,85.08333333333333,85.0,85.1,-0.09999999999999432,68.41666666666666,68.41666666666666,10.0,8.0,12.0,82.0,70.0,10.0,6.0,12.0,93.0,70.0,8.0,8.0,0.0,-2.0,0.0,25,2.0833333333333335,12,40.36,0.12,26,26,10839,7574,0,24,1,0.9259259259259259,0,0,0,0,0,2338.925999879837,38.98209999799728,client task timestamps,82.5,-0.75,0.0,-1.5,6.333333333333333,7.5,2.5,4.125,4,4,0,33.0,Woman,Lower tertiary education degree (Bachelor's level),Native English speaker,About once a day,6,2.0,False,False,False,False,False,False,False
568aab53316b10000d50d76b,pause-points,Pause points,2,0,1,2026-08-16T20:52:05.356066+00:00,3,25.0,12,75.33333333333333,85.66666666666667,71.88888888888889,13.777777777777786,50.33333333333333,50.33333333333333,10.0,3.0,12.0,65.0,65.0,12.0,3.0,12.0,73.0,58.0,9.0,9.0,2.0,0.0,0.0,35,2.9166666666666665,12,101.28571428571429,0.0,37,37,23904,20459,0,37,0,0.5263157894736842,0,0,0,0,0,1357.1689999103546,22.619483331839245,client task timestamps,77.5,1.75,1.5,2.0,8.833333333333334,9.666666666666666,4.666666666666667,4.0,4,4,0,48.0,Man,Higher tertiary education degree (Master's level),Native English speaker,Several times a day,7,5.0,False,False,False,False,False,False,False
69e8df670508d24eaee76b66,pause-points,Pause points,2,0,1,2026-08-16T20:55:19.620909+00:00,6,50.0,12,67.66666666666667,63.166666666666664,72.16666666666667,-9.000000000000007,17.66666666666667,17.66666666666667,12.0,6.0,12.0,49.0,72.0,10.0,7.0,6.0,73.0,70.0,4.0,4.0,-2.0,1.0,-6.0,35,2.9166666666666665,12,128.05714285714285,0.8285714285714286,37,37,15139,9941,0,18,11,1.0,0,0,0,0,0,2076.059000015259,34.60098333358765,client task timestamps,55.0,0.375,0.25,0.5,11.166666666666666,11.666666666666666,3.0,3.125,3,4,1,40.0,Woman,Vocational college degree,Native English speaker,A few times a week,5,3.0,False,False,False,False,False,False,False
5df6c8bd77f8654c718ee1d9,pause-points,Pause points,2,0,1,2026-08-16T20:56:15.334908+00:00,2,16.666666666666664,12,97.41666666666667,100.0,96.9,3.0999999999999943,80.75,80.75,12.0,10.0,12.0,60.0,50.0,12.0,6.0,12.0,40.0,60.0,10.0,10.0,0.0,-4.0,0.0,25,2.0833333333333335,12,57.4,0.36,28,28,22373,17440,0,22,3,0.8,0,0,0,0,0,2237.87299990654,37.297883331775665,client task timestamps,92.5,2.75,3.0,2.5,5.5,7.666666666666667,5.0,3.875,4,4,0,52.0,Man,Higher tertiary education degree (Master's level),Native English speaker,A few times a week,5,4.0,False,False,False,False,False,False,False
6a02ed5bd6acf52c07ab46fa,pause-points,Pause points,2,0,1,2026-08-16T20:56:45.661079+00:00,2,16.666666666666664,12,71.33333333333333,55.0,74.6,-19.599999999999994,54.666666666666664,54.666666666666664,12.0,6.0,12.0,39.0,56.0,8.0,4.0,5.0,33.0,50.0,6.0,6.0,-4.0,-2.0,-7.0,45,3.75,12,38.266666666666666,0.08888888888888889,49,49,23225,17127,0,46,1,1.0,0,0,0,0,0,2417.4199998378754,40.290333330631256,client task timestamps,67.5,0.0,0.25,-0.25,11.666666666666666,11.5,3.8333333333333335,2.75,4,4,0,40.0,Man,Vocational college degree,Native English speaker,About once a day,6,4.0,False,False,False,False,False,False,False
6a15a91b3cb743236edebfbe,pause-points,Pause points,2,0,1,2026-08-16T20:57:04.974066+00:00,2,16.666666666666664,12,46.833333333333336,54.0,45.4,8.600000000000001,30.16666666666667,30.16666666666667,6.0,6.0,6.0,49.0,50.0,6.0,6.0,4.0,54.0,11.0,4.0,4.0,0.0,0.0,-2.0,43,3.5833333333333335,12,47.46511627906977,0.5581395348837209,48,48,16973,11525,1,30,6,1.0,0,0,0,0,0,2707.9919998645782,45.13319999774297,client task timestamps,50.0,-0.75,-1.0,-0.5,10.666666666666666,10.166666666666666,3.6666666666666665,2.375,4,4,0,47.0,Woman,Higher tertiary education degree (Master's level),Native English speaker,About once a week,4,4.0,False,False,False,False,False,False,False
6a0a875862e9e69af20e91bb,pause-points,Pause points,2,0,1,2026-08-16T20:57:49.117774+00:00,7,58.333333333333336,12,90.41666666666667,95.14285714285714,83.8,11.342857142857142,32.083333333333336,32.083333333333336,12.0,10.0,12.0,91.0,91.0,10.0,6.0,5.0,100.0,100.0,3.0,3.0,-2.0,-4.0,-7.0,82,6.833333333333333,12,26.365853658536587,0.9878048780487805,84,84,28564,15818,0,15,12,1.0,0,0,0,0,0,2527.766000032425,42.12943333387375,client task timestamps,75.0,1.5,1.25,1.75,6.5,9.666666666666666,3.0,3.625,4,4,0,35.0,Woman,Vocational college degree,Native English speaker,Several times a day,7,5.0,False,False,False,False,False,False,False
6a05cf98c2fd3c0371091d73,pause-points,Pause points,2,0,1,2026-08-16T20:59:39.629620+00:00,6,50.0,12,67.58333333333333,65.83333333333333,69.33333333333333,-3.5,17.58333333333333,17.58333333333333,11.0,9.0,12.0,59.0,88.0,8.0,9.0,12.0,54.0,92.0,2.0,2.0,-3.0,0.0,0.0,14,1.1666666666666667,12,304.35714285714283,0.7857142857142857,15,15,10533,7006,0,13,9,1.0,0,0,0,0,0,1906.3020000457764,31.77170000076294,client task timestamps,45.0,-0.25,-0.5,0.0,8.5,9.666666666666666,5.0,2.75,4,4,0,32.0,Woman,Lower tertiary education degree (Bachelor's level),Native English speaker,Several times a day,7,5.0,False,False,False,False,False,False,False
6a1c1871c37def832f8aec12,pause-points,Pause points,2,0,1,2026-08-16T21:00:34.124212+00:00,6,50.0,12,57.333333333333336,66.83333333333333,47.833333333333336,18.999999999999993,7.333333333333336,7.333333333333336,12.0,1.0,12.0,29.0,78.0,10.0,0.0,12.0,25.0,70.0,4.0,4.0,-2.0,-1.0,0.0,55,4.583333333333333,12,33.981818181818184,0.9818181818181818,57,57,26000,16233,1,15,12,1.0,0,0,0,0,0,2214.084000110626,36.90140000184377,client task timestamps,70.0,-0.5,0.25,-1.25,4.5,6.0,3.6666666666666665,4.125,4,4,0,19.0,Man,Upper secondary school / High school,Native English speaker,A few times a week,5,1.0,False,False,False,False,False,False,False
67658ce91a0ea2195ae7e09d,pause-points,Pause points,2,0,1,2026-08-16T21:00:44.682682+00:00,6,50.0,12,43.666666666666664,42.166666666666664,45.166666666666664,-3.0,-6.333333333333336,6.333333333333336,10.0,3.0,10.0,51.0,80.0,10.0,3.0,3.0,60.0,70.0,4.0,4.0,0.0,0.0,-7.0,61,5.083333333333333,12,35.01639344262295,1.0,63,63,20279,11114,0,14,12,1.0,0,0,0,0,0,2132.3949999809265,35.53991666634877,client task timestamps,80.0,1.375,2.25,0.5,8.166666666666666,9.333333333333334,2.6666666666666665,3.875,4,4,0,20.0,Man,Upper secondary school / High school,Fully fluent,Several times a day,7,4.0,False,False,False,False,False,False,False
67606d1000aaf43f68f723bc,pause-points,Pause points,2,0,1,2026-08-16T21:00:52.786394+00:00,4,33.33333333333333,12,68.66666666666667,73.25,66.375,6.875,35.33333333333334,35.33333333333334,10.0,8.0,9.0,40.0,50.0,9.0,6.0,8.0,37.0,45.0,5.0,5.0,-1.0,-2.0,-1.0,23,1.9166666666666667,12,67.95652173913044,0.6956521739130435,24,24,8947,4656,0,17,9,1.0,0,0,0,0,0,2731.8830001354218,45.53138333559036,client task timestamps,55.0,-1.0,-0.5,-1.5,8.666666666666666,10.166666666666666,2.3333333333333335,3.5,3,4,1,20.0,Woman,Upper secondary school / High school,Native English speaker,A few times a month,3,2.0,False,False,False,False,False,False,False
6658b1491e88ec15902d5301,pause-points,Pause points,2,0,1,2026-08-16T21:01:06.044051+00:00,5,41.66666666666667,12,72.58333333333333,94.6,56.857142857142854,37.74285714285714,30.916666666666657,30.916666666666657,6.0,2.0,8.0,40.0,75.0,7.0,0.0,12.0,56.0,64.0,2.0,2.0,1.0,-2.0,4.0,36,3.0,12,55.05555555555556,0.8888888888888888,38,38,21410,14503,0,18,12,1.0,0,0,0,0,0,1964.5040001869202,32.74173333644867,client task timestamps,50.0,-0.25,-0.5,0.0,16.333333333333332,15.166666666666666,3.6666666666666665,2.125,3,4,1,35.0,Woman,Lower tertiary education degree (Bachelor's level),Native English speaker,About once a week,4,3.0,False,False,False,False,False,False,False
5ed2ad10a45ef20a9b1412eb,pause-points,Pause points,2,0,1,2026-08-16T21:02:30.929835+00:00,4,33.33333333333333,12,71.5,68.0,73.25,-5.25,38.16666666666667,38.16666666666667,7.0,8.0,10.0,50.0,75.0,6.0,5.0,7.0,30.0,47.0,2.0,2.0,-1.0,-3.0,-3.0,48,4.0,12,88.5625,0.6875,51,51,19043,10501,0,29,11,1.0,0,0,0,0,0,2103.7149999141693,35.061916665236154,client task timestamps,35.0,-0.25,-0.5,0.0,13.833333333333334,14.0,3.1666666666666665,2.75,4,4,0,32.0,Man,Upper secondary school / High school,Native English speaker,A few times a week,5,3.0,False,False,False,False,False,False,False
6a019bcbebf84c25dadd6759,pause-points,Pause points,2,0,1,2026-08-16T21:02:45.722747+00:00,6,50.0,12,72.33333333333333,74.16666666666667,70.5,3.6666666666666714,22.33333333333333,22.33333333333333,8.0,4.0,10.0,52.0,80.0,8.0,2.0,8.0,55.0,64.0,2.0,2.0,0.0,-2.0,-2.0,71,5.916666666666667,12,28.140845070422536,0.9436619718309859,73,73,37556,25371,2,17,11,1.0,0,0,0,0,0,2241.7509999275208,37.36251666545868,client task timestamps,57.5,0.25,0.75,-0.25,7.666666666666667,8.5,3.0,4.125,4,4,0,45.0,Man,Lower tertiary education degree (Bachelor's level),Native English speaker,Several times a day,7,3.0,False,False,False,False,False,False,False
6a0a1c14b6721d40f4ce941d,pause-points,Pause points,2,0,1,2026-08-16T21:03:40.375659+00:00,3,25.0,12,91.08333333333333,89.0,91.77777777777777,-2.7777777777777715,66.08333333333333,66.08333333333333,7.0,4.0,12.0,75.0,50.0,6.0,3.0,8.0,50.0,40.0,3.0,3.0,-1.0,-1.0,-4.0,20,1.6666666666666667,12,172.6,0.95,22,22,12374,6028,7,14,11,1.0,0,0,0,0,0,2725.3789999485016,45.42298333247503,client task timestamps,72.5,0.5,1.25,-0.25,9.333333333333334,9.166666666666666,4.333333333333333,4.125,4,4,0,39.0,Man,Lower tertiary education degree (Bachelor's level),Native English speaker,Several times a day,7,3.0,False,False,False,False,False,False,False
67703fbc861d8367775d5d66,pause-points,Pause points,2,0,1,2026-08-16T21:07:28.515963+00:00,4,33.33333333333333,12,78.33333333333333,71.75,81.625,-9.875,45.0,45.0,12.0,5.0,12.0,73.0,77.0,9.0,4.0,10.0,61.0,53.0,5.0,5.0,-3.0,-1.0,-2.0,39,3.25,12,44.64102564102564,0.6410256410256411,41,41,25099,18416,0,24,8,1.0,0,0,0,0,0,2304.382999897003,38.406383331616716,client task timestamps,82.5,1.125,2.0,0.25,7.833333333333333,10.0,4.666666666666667,4.125,4,4,0,20.0,Woman,Vocational college degree,Native English speaker,A few times a week,5,5.0,False,False,False,False,False,False,False
603ce8db15614aaf5b15e0fe,pause-points,Pause points,2,0,1,2026-08-16T21:09:12.558314+00:00,5,41.66666666666667,12,62.333333333333336,74.4,53.714285714285715,20.68571428571429,20.666666666666664,20.666666666666664,12.0,10.0,12.0,60.0,30.0,8.0,5.0,8.0,44.0,10.0,3.0,3.0,-4.0,-5.0,-4.0,40,3.3333333333333335,12,41.225,0.475,41,41,18020,11529,0,26,4,1.0,0,0,0,0,0,3379.0950000286102,56.31825000047684,client task timestamps,37.5,-0.75,-0.5,-1.0,10.5,9.666666666666666,2.1666666666666665,3.125,4,4,0,22.0,Woman,Higher tertiary education degree (Master's level),Native English speaker,About once a day,6,4.0,False,False,False,False,False,False,False
6a01b82647e5dd21cd05d8ee,pause-points,Pause points,2,0,1,2026-08-16T21:09:41.036688+00:00,11,91.66666666666666,12,84.33333333333333,84.27272727272727,85.0,-0.7272727272727337,-7.333333333333329,7.333333333333329,10.0,8.0,7.0,73.0,60.0,10.0,8.0,5.0,75.0,35.0,-1.0,1.0,0.0,0.0,-2.0,59,4.916666666666667,12,36.610169491525426,0.864406779661017,68,68,26171,15830,0,28,11,1.0,0,0,0,0,0,3395.536999940872,56.59228333234787,client task timestamps,52.5,0.25,0.0,0.5,8.5,9.0,4.0,3.375,4,4,0,32.0,Woman,Lower tertiary education degree (Bachelor's level),Fully fluent,Several times a day,7,5.0,False,False,False,False,False,False,False
6a00dc1c1475c019d0eca5c8,pause-points,Pause points,2,0,1,2026-08-16T21:10:28.486757+00:00,4,33.33333333333333,12,71.41666666666667,70.5,71.875,-1.375,38.08333333333334,38.08333333333334,12.0,6.0,12.0,,,8.0,4.0,8.0,9.0,35.0,4.0,4.0,-4.0,-2.0,-4.0,37,3.0833333333333335,12,40.027027027027025,0.24324324324324326,40,40,21832,15750,1,34,3,0.8947368421052632,0,0,0,0,0,3370.9980001449585,56.183300002415976,client task timestamps,67.5,0.125,0.75,-0.5,12.0,13.833333333333334,3.6666666666666665,3.25,4,4,0,57.0,Woman,Lower tertiary education degree (Bachelor's level),Native English speaker,Several times a day,7,4.0,False,False,False,False,False,False,False
6a1c834ae50cf1d3c6a7b706,pause-points,Pause points,2,0,1,2026-08-16T21:11:28.814112+00:00,5,41.66666666666667,12,59.166666666666664,70.0,51.42857142857143,18.57142857142857,17.499999999999993,17.499999999999993,7.0,3.0,8.0,24.0,76.0,8.0,4.0,8.0,29.0,65.0,3.0,3.0,1.0,1.0,0.0,29,2.4166666666666665,12,83.93103448275862,0.3103448275862069,31,31,14676,11026,0,26,4,1.0,0,0,0,0,0,3404.3529999256134,56.73921666542689,client task timestamps,75.0,1.25,1.25,1.25,6.833333333333333,8.0,3.3333333333333335,3.75,4,4,0,28.0,Man,Lower tertiary education degree (Bachelor's level),Native English speaker,Several times a day,7,1.0,False,False,False,False,False,False,False
6a1016e879dc2139b05a30a2,pause-points,Pause points,2,0,1,2026-08-16T21:12:43.492814+00:00,6,50.0,12,98.16666666666667,98.33333333333333,98.0,0.3333333333333286,48.16666666666667,48.16666666666667,10.0,9.0,6.0,86.0,94.0,11.0,8.0,12.0,85.0,11.0,5.0,5.0,1.0,-1.0,6.0,39,3.25,12,47.8974358974359,1.0,40,40,18838,12303,0,13,12,1.0,0,0,0,0,0,3302.7000000476837,55.04500000079473,client task timestamps,42.5,-1.125,-1.75,-0.5,10.833333333333334,13.0,5.0,3.5,4,4,0,28.0,Woman,Lower tertiary education degree (Bachelor's level),Fully fluent,Several times a day,7,3.0,False,False,False,False,False,False,False
6a19a092d1e2eb2e4b072554,pause-points,Pause points,2,0,1,2026-08-16T21:14:23.929331+00:00,5,41.66666666666667,12,79.08333333333333,83.0,76.28571428571429,6.714285714285708,37.41666666666666,37.41666666666666,11.0,7.0,11.0,68.0,65.0,11.0,3.0,11.0,34.0,64.0,6.0,6.0,0.0,-4.0,0.0,48,4.0,12,38.145833333333336,0.9583333333333334,49,49,31148,23215,2,15,12,1.0,0,0,0,0,0,2986.1340000629425,49.76890000104904,client task timestamps,65.0,1.875,2.25,1.5,10.666666666666666,11.166666666666666,2.5,3.5,4,4,0,29.0,Woman,Lower tertiary education degree (Bachelor's level),Native English speaker,A few times a week,5,4.0,False,False,False,False,False,False,False
69c872281653bf01d32068cd,pause-points,Pause points,2,0,1,2026-08-16T21:14:43.774399+00:00,4,33.33333333333333,12,64.66666666666667,65.25,64.375,0.875,31.333333333333343,31.333333333333343,10.0,8.0,5.0,85.0,50.0,4.0,0.0,3.0,20.0,45.0,0.0,0.0,-6.0,-8.0,-2.0,36,3.0,12,145.11111111111111,0.9722222222222222,39,39,15093,10751,0,15,11,1.0,0,0,0,0,0,2268.1019999980927,37.801699999968214,client task timestamps,57.5,-1.75,-1.5,-2.0,11.166666666666666,8.0,2.8333333333333335,3.625,4,4,0,29.0,Man,Lower tertiary education degree (Bachelor's level),Native English speaker,About once a day,6,2.0,False,False,False,False,False,False,False
69fdbb16148df1e63c3a38b1,pause-points,Pause points,2,0,1,2026-08-16T21:15:07.295268+00:00,1,8.333333333333332,12,78.66666666666667,85.0,78.0909090909091,6.9090909090909065,70.33333333333334,70.33333333333334,10.0,8.0,9.0,79.0,92.0,9.0,7.0,12.0,80.0,78.0,8.0,8.0,-1.0,-1.0,3.0,30,2.5,12,43.7,0.4,32,32,12358,7725,0,24,4,0.9259259259259259,0,0,0,0,0,2792.6890001296997,46.544816668828325,client task timestamps,65.0,1.25,0.5,2.0,11.5,13.333333333333334,4.333333333333333,4.0,4,4,0,52.0,Woman,Higher tertiary education degree (Master's level),Native English speaker,A few times a month,3,3.0,False,False,False,False,False,False,False
676ab826096d376d750459e4,pause-points,Pause points,2,0,1,2026-08-16T21:20:49.919694+00:00,5,41.66666666666667,12,58.0,59.2,57.142857142857146,2.057142857142857,16.33333333333333,16.33333333333333,12.0,8.0,12.0,67.0,94.0,6.0,4.0,12.0,63.0,86.0,1.0,1.0,-6.0,-4.0,0.0,26,2.1666666666666665,12,71.92307692307692,0.8076923076923077,27,27,16725,11840,3,15,9,1.0,0,0,0,0,0,3895.5460000038147,64.92576666673024,client task timestamps,82.5,1.25,1.5,1.0,14.5,16.333333333333332,3.6666666666666665,4.0,4,4,0,32.0,Man,Higher tertiary education degree (Master's level),Native English speaker,Several times a day,7,4.0,False,False,False,False,False,False,False
5eeb4ad567a40221fd8a1a04,pause-points,Pause points,2,0,1,2026-08-16T21:24:44.744432+00:00,4,33.33333333333333,12,41.166666666666664,43.0,40.25,2.75,7.833333333333336,7.833333333333336,10.0,8.0,10.0,74.0,21.0,4.0,2.0,5.0,22.0,50.0,0.0,0.0,-6.0,-6.0,-5.0,43,3.5833333333333335,12,108.69767441860465,1.0,44,44,17225,10396,0,13,12,1.0,0,0,0,0,0,2496.8129999637604,41.61354999939601,client task timestamps,42.5,-1.125,-1.25,-1.0,10.166666666666666,9.666666666666666,2.3333333333333335,2.75,4,4,0,31.0,Woman,Lower tertiary education degree (Bachelor's level),Native English speaker,A few times a week,5,4.0,False,False,False,False,False,False,False
5f02bbeb5ac5f8432d35fddd,pause-points,Pause points,2,0,1,2026-08-16T21:25:20.957029+00:00,6,50.0,12,53.083333333333336,50.666666666666664,55.5,-4.833333333333336,3.0833333333333357,3.0833333333333357,12.0,6.0,12.0,60.0,85.0,8.0,1.0,6.0,60.0,20.0,2.0,2.0,-4.0,-5.0,-6.0,15,1.25,12,282.93333333333334,0.9333333333333333,17,17,13675,9478,11,15,12,1.0,0,0,0,0,0,3156.7419998645782,52.612366664409635,client task timestamps,50.0,-1.625,-0.5,-2.75,13.833333333333334,13.0,3.0,3.25,4,4,0,33.0,Man,Upper secondary school / High school,Native English speaker,Several times a day,7,4.0,False,False,False,False,False,False,False
691711e3fae4be5b1a8022ed,pause-points,Pause points,2,0,1,2026-08-16T21:26:35.477837+00:00,3,25.0,12,77.08333333333333,76.0,77.44444444444444,-1.4444444444444429,52.08333333333333,52.08333333333333,10.0,8.0,9.0,73.0,83.0,8.0,3.0,11.0,45.0,58.0,5.0,5.0,-2.0,-5.0,2.0,17,1.4166666666666667,12,114.41176470588235,0.7647058823529411,19,19,10008,7188,0,18,12,1.0,0,0,0,0,0,4087.5650000572205,68.126083334287,client task timestamps,42.5,-0.625,-0.5,-0.75,14.166666666666666,15.0,2.6666666666666665,3.375,4,4,0,50.0,Man,Lower tertiary education degree (Bachelor's level),Native English speaker,About once a day,6,4.0,False,False,False,False,False,False,False
6a0c2b8a6827ece3df5b621a,pause-points,Pause points,2,0,1,2026-08-16T21:28:07.013771+00:00,3,25.0,12,74.08333333333333,71.0,75.11111111111111,-4.111111111111114,49.08333333333333,49.08333333333333,10.0,5.0,12.0,50.0,50.0,10.0,3.0,10.0,50.0,51.0,7.0,7.0,0.0,-2.0,-2.0,128,10.666666666666666,12,47.0390625,0.828125,131,131,39891,22116,3,33,12,1.0,0,0,0,0,0,3651.588000059128,60.859800000985466,client task timestamps,30.0,0.125,-0.25,0.5,10.166666666666666,10.0,3.6666666666666665,3.375,4,4,0,52.0,Man,Vocational college degree,Native English speaker,Several times a day,7,2.0,False,False,False,False,False,False,False
6a174771734bda08a1f5ccd2,pause-points,Pause points,2,0,1,2026-08-16T21:29:35.632313+00:00,3,25.0,12,40.833333333333336,37.0,42.111111111111114,-5.111111111111114,15.833333333333336,15.833333333333336,12.0,8.0,7.0,60.0,50.0,7.0,5.0,0.0,62.0,10.0,4.0,4.0,-5.0,-3.0,-7.0,115,9.583333333333334,12,40.869565217391305,0.9391304347826087,117,117,68803,48225,1,20,11,1.0,0,0,0,0,0,3239.0999999046326,53.984999998410544,client task timestamps,80.0,-0.25,0.5,-1.0,9.166666666666666,11.0,4.0,2.25,4,4,0,37.0,Woman,Lower tertiary education degree (Bachelor's level),Native English speaker,Several times a day,7,5.0,False,False,False,False,False,False,False
69fd9c37b73502b67f736eef,pause-points,Pause points,2,0,1,2026-08-16T21:30:04.926164+00:00,6,50.0,12,82.5,85.83333333333333,79.16666666666667,6.666666666666657,32.5,32.5,11.0,8.0,12.0,69.0,73.0,8.0,4.0,12.0,61.0,74.0,2.0,2.0,-3.0,-4.0,0.0,99,8.25,12,35.43434343434343,1.0,100,100,49176,30509,7,13,12,1.0,0,0,0,0,0,4395.161999940872,73.25269999901454,client task timestamps,85.0,1.75,2.25,1.25,8.5,9.333333333333334,4.5,3.75,4,4,0,36.0,Woman,Lower tertiary education degree (Bachelor's level),Native English speaker,About once a week,4,5.0,False,False,False,False,False,False,False
6a22006608feebcc6c3d3e7d,pause-points,Pause points,2,0,1,2026-08-16T21:33:25.882870+00:00,3,25.0,12,89.66666666666667,91.33333333333333,89.11111111111111,2.2222222222222143,64.66666666666667,64.66666666666667,12.0,8.0,12.0,,,10.0,8.0,11.0,90.0,88.0,7.0,7.0,-2.0,0.0,-1.0,37,3.0833333333333335,12,55.24324324324324,0.7567567567567568,41,41,18512,12739,3,18,5,1.0,0,0,0,0,0,2618.223999977112,43.6370666662852,client task timestamps,82.5,1.125,1.75,0.5,7.166666666666667,9.0,3.5,4.625,4,4,0,32.0,Woman,Higher tertiary education degree (Master's level),Fully fluent,Several times a day,7,4.0,False,False,False,False,False,False,False
6a14b1a790658bd6f13f5eb4,pause-points,Pause points,2,0,1,2026-08-16T21:36:24.916329+00:00,4,33.33333333333333,12,92.58333333333333,96.25,90.75,5.5,59.25,59.25,10.0,7.0,7.0,50.0,50.0,12.0,3.0,12.0,95.0,100.0,8.0,8.0,2.0,-4.0,5.0,69,5.75,12,29.18840579710145,1.0,71,71,34671,22993,0,14,12,1.0,0,0,0,0,0,3965.797000169754,66.0966166694959,client task timestamps,95.0,2.25,2.25,2.25,3.5,6.0,3.1666666666666665,4.375,4,4,0,32.0,Woman,Lower tertiary education degree (Bachelor's level),Fully fluent,A few times a week,5,4.0,False,False,False,False,False,False,False
5e299d8c2e9dc4000be0fde0,pause-points,Pause points,2,0,1,2026-08-16T21:39:49.709052+00:00,4,33.33333333333333,12,97.5,93.0,99.75,-6.75,64.16666666666667,64.16666666666667,12.0,6.0,12.0,60.0,85.0,10.0,5.0,8.0,50.0,50.0,6.0,6.0,-2.0,-1.0,-4.0,34,2.8333333333333335,12,59.794117647058826,0.5882352941176471,36,36,28083,21599,1,23,7,1.0,0,0,0,0,0,3771.651999950409,62.86086666584015,client task timestamps,52.5,-0.25,-0.25,-0.25,6.666666666666667,9.166666666666666,2.3333333333333335,3.125,4,4,0,35.0,Man,Lower tertiary education degree (Bachelor's level),Native English speaker,A few times a week,5,3.0,False,False,False,False,False,False,False
6a25f628ee342d4413a3e075,pause-points,Pause points,2,0,1,2026-08-16T21:46:02.624468+00:00,6,50.0,12,59.75,77.33333333333333,42.166666666666664,35.166666666666664,9.75,9.75,7.0,4.0,6.0,50.0,65.0,5.0,1.0,6.0,6.0,29.0,-1.0,1.0,-2.0,-3.0,0.0,32,2.6666666666666665,12,52.03125,0.34375,35,35,18444,11454,0,29,5,1.0,0,0,0,0,0,3584.0629999637604,59.73438333272934,client task timestamps,75.0,0.75,0.25,1.25,8.833333333333334,6.666666666666667,2.0,3.75,4,4,0,26.0,Man,Higher tertiary education degree (Master's level),Native English speaker,Several times a day,7,5.0,False,False,False,False,False,False,False
668a9e53e7690b3b64d48e92,pause-points,Pause points,2,0,1,2026-08-16T22:04:09.964513+00:00,4,33.33333333333333,12,59.0,44.5,66.25,-21.75,25.66666666666667,25.66666666666667,8.0,4.0,10.0,30.0,63.0,7.0,0.0,8.0,40.0,25.0,3.0,3.0,-1.0,-4.0,-2.0,172,14.333333333333334,12,18.5,0.9941860465116279,175,175,59053,35208,1,17,13,1.0,0,0,0,0,0,6333.429000139236,105.55715000232061,client task timestamps,57.5,1.0,0.5,1.5,13.333333333333334,14.5,3.3333333333333335,3.25,4,4,0,47.0,Man,Lower tertiary education degree (Bachelor's level),Native English speaker,About once a day,6,4.0,False,False,False,False,False,False,False
6658f0a58f1ee667f4264a93,pause-points,Pause points,2,0,1,2026-08-16T22:15:41.458168+00:00,3,25.0,12,68.58333333333333,73.66666666666667,66.88888888888889,6.777777777777786,43.58333333333333,43.58333333333333,7.0,5.0,10.0,,,10.0,6.0,9.0,68.0,41.0,7.0,7.0,3.0,1.0,-1.0,43,3.5833333333333335,12,43.74418604651163,0.7209302325581395,44,44,14965,10237,0,20,7,1.0,0,0,0,0,0,1271.0579998493195,21.184299997488658,client task timestamps,45.0,1.0,1.0,1.0,5.333333333333333,7.833333333333333,4.166666666666667,3.25,4,4,0,25.0,Woman,Higher tertiary education degree (Master's level),Native English speaker,Several times a day,7,4.0,False,False,False,False,False,False,False
6813af32a57bc43516a6101c,pause-points,Pause points,2,0,1,2026-08-16T22:33:28.289115+00:00,4,33.33333333333333,12,61.083333333333336,58.75,62.25,-3.5,27.750000000000007,27.750000000000007,10.0,8.0,11.0,69.0,,5.0,2.0,8.0,33.0,35.0,1.0,1.0,-5.0,-6.0,-3.0,32,2.6666666666666665,12,63.40625,0.65625,34,34,21430,17054,0,21,8,1.0,0,0,0,0,0,2537.542000055313,42.29236666758855,client task timestamps,35.0,0.375,0.0,0.75,11.833333333333334,13.0,4.0,3.125,4,4,0,25.0,Man,Higher tertiary education degree (Master's level),Native English speaker,Several times a day,7,4.0,False,False,False,False,False,False,False
670ff7a65beb0c8e83fe3fa3,pause-points,Pause points,2,0,1,2026-08-16T22:35:19.215393+00:00,3,25.0,12,60.666666666666664,53.333333333333336,63.111111111111114,-9.777777777777779,35.666666666666664,35.666666666666664,7.0,4.0,4.0,59.0,52.0,9.0,5.0,9.0,65.0,90.0,6.0,6.0,2.0,1.0,5.0,18,1.5,12,224.33333333333334,0.9444444444444444,21,21,12523,8112,0,15,11,1.0,0,0,0,0,0,2143.4589998722076,35.724316664536794,client task timestamps,57.5,1.5,0.25,2.75,10.0,11.5,3.8333333333333335,3.875,4,4,0,28.0,Woman,Higher tertiary education degree (Master's level),Native English speaker,Several times a day,7,4.0,False,False,False,False,False,False,False
6a10b457d13d2d9e45d96676,pause-points,Pause points,2,0,1,2026-08-16T22:44:44.611544+00:00,5,41.66666666666667,12,64.08333333333333,72.8,57.857142857142854,14.942857142857143,22.416666666666657,22.416666666666657,12.0,12.0,12.0,50.0,50.0,5.0,3.0,8.0,30.0,65.0,0.0,0.0,-7.0,-9.0,-4.0,34,2.8333333333333335,12,46.911764705882355,0.11764705882352941,36,36,19291,13786,6,34,2,0.8518518518518519,0,0,0,0,0,3021.2870001792908,50.35478333632151,client task timestamps,77.5,0.125,-0.5,0.75,13.166666666666666,14.0,3.5,3.75,3,4,1,43.0,Woman,Lower tertiary education degree (Bachelor's level),Native English speaker,About once a day,6,4.0,False,False,False,False,False,False,False
5ca6717bb54fe60001e22441,pause-points,Pause points,2,0,1,2026-08-16T22:47:26.111102+00:00,5,41.66666666666667,12,56.083333333333336,54.4,57.285714285714285,-2.885714285714286,14.416666666666664,14.416666666666664,12.0,9.0,12.0,84.0,88.0,12.0,6.0,12.0,73.0,77.0,7.0,7.0,0.0,-3.0,0.0,63,5.25,12,33.17460317460318,0.7619047619047619,66,66,25854,18081,0,30,12,1.0,0,0,0,0,0,3019.9049999713898,50.33174999952316,client task timestamps,75.0,0.875,1.0,0.75,8.0,9.5,3.6666666666666665,4.125,4,4,0,35.0,Woman,Vocational college degree,Native English speaker,A few times a week,5,2.0,False,False,False,False,False,False,False
60743e408fd768b1a939ed4c,pause-points,Pause points,2,0,1,2026-08-16T22:49:18.659069+00:00,3,25.0,12,69.33333333333333,75.0,67.44444444444444,7.555555555555557,44.33333333333333,44.33333333333333,8.0,4.0,9.0,57.0,76.0,8.0,3.0,8.0,56.0,74.0,5.0,5.0,0.0,-1.0,-1.0,63,5.25,12,67.55555555555556,0.8888888888888888,67,67,27238,16758,0,22,11,1.0,0,0,0,0,0,2482.720999956131,41.378683332602186,client task timestamps,62.5,0.5,0.75,0.25,9.0,10.166666666666666,4.0,3.75,4,4,0,23.0,Man,Vocational college degree,Native English speaker,Several times a day,7,4.0,False,False,False,False,False,False,False
66e40727571b9634abb36af0,pause-points,Pause points,2,0,1,2026-08-16T22:49:39.794216+00:00,4,33.33333333333333,12,67.25,63.25,69.25,-6.0,33.91666666666667,33.91666666666667,8.0,4.0,8.0,42.0,51.0,6.0,2.0,6.0,36.0,52.0,2.0,2.0,-2.0,-2.0,-2.0,58,4.833333333333333,12,45.12068965517241,0.5689655172413793,62,62,41473,29762,4,34,5,1.0,0,0,0,0,0,3389.4530000686646,56.49088333447774,client task timestamps,25.0,-0.875,-1.75,0.0,14.666666666666666,13.5,4.0,2.625,4,4,0,47.0,Woman,Higher tertiary education degree (Master's level),Native English speaker,Several times a day,7,3.0,False,False,False,False,False,False,False
69f892c99e68d83dff98d43f,pause-points,Pause points,2,0,1,2026-08-16T22:51:42.139615+00:00,4,33.33333333333333,12,54.75,62.5,50.875,11.625,21.41666666666667,21.41666666666667,10.0,8.0,12.0,62.0,38.0,8.0,6.0,12.0,27.0,68.0,4.0,4.0,-2.0,-2.0,0.0,19,1.5833333333333333,12,61.1578947368421,0.21052631578947367,22,22,15363,11706,0,21,3,1.0,0,0,0,0,0,2947.4970002174377,49.124950003623965,client task timestamps,55.0,0.125,0.75,-0.5,9.666666666666666,9.166666666666666,3.6666666666666665,3.0,4,4,0,33.0,Woman,Lower tertiary education degree (Bachelor's level),Native English speaker,A few times a week,5,3.0,False,False,False,False,False,False,False
6a0623d472f11447d0108d26,pause-points,Pause points,2,0,1,2026-08-16T22:59:32.322547+00:00,3,25.0,12,55.666666666666664,74.0,49.55555555555556,24.444444444444443,30.666666666666664,30.666666666666664,12.0,6.0,12.0,60.0,30.0,8.0,1.0,11.0,25.0,67.0,5.0,5.0,-4.0,-5.0,-1.0,47,3.9166666666666665,12,57.87234042553192,0.9148936170212766,48,48,14535,7368,0,17,12,1.0,0,0,0,0,0,3510.8830001354218,58.5147166689237,client task timestamps,75.0,-0.75,0.25,-1.75,7.5,9.333333333333334,4.0,3.625,4,4,0,37.0,Man,Lower tertiary education degree (Bachelor's level),Native English speaker,Several times a day,7,4.0,False,False,False,False,False,False,False
6a189309fb359f0ad0f6a529,pause-points,Pause points,2,0,1,2026-08-16T23:02:53.090505+00:00,4,33.33333333333333,12,58.083333333333336,62.25,56.0,6.25,24.750000000000007,24.750000000000007,9.0,7.0,5.0,40.0,62.0,5.0,3.0,5.0,42.0,21.0,1.0,1.0,-4.0,-4.0,0.0,49,4.083333333333333,12,40.326530612244895,0.8163265306122449,54,54,26049,16745,2,24,10,1.0,0,0,0,0,0,3607.7309999465942,60.1288499991099,client task timestamps,60.0,-0.875,-0.25,-1.5,10.666666666666666,10.166666666666666,3.8333333333333335,3.375,4,4,0,20.0,Woman,Vocational college degree,Native English speaker,Several times a day,7,4.0,False,False,False,False,False,False,False
691b9fedd4b881047aaf3b8e,pause-points,Pause points,2,0,1,2026-08-16T23:12:24.173940+00:00,4,33.33333333333333,12,33.666666666666664,39.5,30.75,8.75,0.3333333333333357,0.3333333333333357,6.0,4.0,8.0,70.0,40.0,5.0,3.0,7.0,31.0,15.0,1.0,1.0,-1.0,-1.0,-1.0,37,3.0833333333333335,12,113.35135135135135,0.9459459459459459,39,39,16471,10150,0,15,11,1.0,0,0,0,0,0,2981.9049999713898,49.69841666618983,client task timestamps,45.0,-0.125,-0.25,0.0,10.5,11.666666666666666,2.1666666666666665,2.625,4,4,0,22.0,Woman,Lower tertiary education degree (Bachelor's level),Fully fluent,Several times a day,7,3.0,False,False,False,False,False,False,False
6a20642c07c8d9c1654143c9,pause-points,Pause points,2,0,1,2026-08-17T09:17:19.905475+00:00,3,25.0,12,85.83333333333333,87.0,85.44444444444444,1.5555555555555571,60.83333333333333,60.83333333333333,12.0,12.0,0.0,95.0,91.0,11.0,8.0,8.0,89.0,100.0,8.0,8.0,-1.0,-4.0,8.0,30,2.5,12,92.33333333333333,0.8666666666666667,33,33,12688,7980,0,18,12,1.0,0,0,0,0,0,3813.3869998455048,63.55644999742508,client task timestamps,55.0,1.125,0.25,2.0,14.5,16.333333333333332,3.0,3.25,4,4,0,28.0,Man,Higher tertiary education degree (Master's level),Fully fluent,Several times a day,7,5.0,False,False,False,False,False,False,False
5edbd2c61d9e420b6b420343,pause-points,Pause points,2,0,1,2026-08-17T09:25:14.676860+00:00,5,41.66666666666667,12,45.833333333333336,45.6,46.0,-0.3999999999999986,4.166666666666664,4.166666666666664,12.0,10.0,12.0,80.0,50.0,4.0,0.0,6.0,63.0,49.0,-1.0,1.0,-8.0,-10.0,-6.0,33,2.75,12,55.09090909090909,0.9393939393939394,35,35,16061,9927,0,16,12,1.0,0,0,0,0,0,2473.3450000286102,41.222416667143506,client task timestamps,47.5,-0.125,0.0,-0.25,12.833333333333334,11.666666666666666,3.6666666666666665,3.75,4,4,0,44.0,Woman,Lower tertiary education degree (Bachelor's level),Native English speaker,A few times a week,5,1.0,False,False,False,False,False,False,False
6a0185b7a86b0e9f056e3a18,pause-points,Pause points,2,0,1,2026-08-17T09:27:12.884123+00:00,3,25.0,12,32.666666666666664,34.666666666666664,32.0,2.6666666666666643,7.666666666666664,7.666666666666664,8.0,4.0,6.0,,,9.0,0.0,10.0,50.0,51.0,6.0,6.0,1.0,-4.0,4.0,39,3.25,12,122.74358974358974,1.0,41,41,16368,10185,0,14,12,1.0,0,0,0,0,0,1293.2699999809265,21.554499999682108,client task timestamps,52.5,-1.375,-2.0,-0.75,8.0,7.833333333333333,1.3333333333333333,2.75,4,4,0,25.0,Man,Vocational college degree,Native English speaker,A few times a month,3,2.0,False,False,False,False,False,False,False
69f22f791b22ddcebf1931c2,pause-points,Pause points,2,0,1,2026-08-17T09:27:45.649549+00:00,3,25.0,12,82.25,86.66666666666667,80.77777777777777,5.8888888888889,57.25,57.25,9.0,3.0,12.0,,,9.0,3.0,12.0,50.0,75.0,6.0,6.0,0.0,0.0,0.0,31,2.5833333333333335,12,57.45161290322581,0.9354838709677419,32,32,14292,8596,0,15,12,1.0,0,0,0,0,0,3089.930999994278,51.498849999904635,client task timestamps,57.5,0.0,-0.5,0.5,10.0,11.166666666666666,4.333333333333333,4.25,4,4,0,58.0,Woman,Higher tertiary education degree (Master's level),Native English speaker,A few times a week,5,2.0,False,False,False,False,False,False,False
6a270efd0c0ce956e0180ad8,pause-points,Pause points,2,0,1,2026-08-17T09:56:35.369540+00:00,8,66.66666666666666,12,90.25,90.5,89.75,0.75,23.583333333333343,23.583333333333343,10.0,8.0,9.0,75.0,86.0,11.0,11.0,11.0,100.0,92.0,3.0,3.0,1.0,3.0,2.0,12,1.0,12,6.416666666666667,0.0,13,13,2124,199,0,13,0,0.09090909090909091,0,0,0,0,0,1901.8090000152588,31.69681666692098,client task timestamps,95.0,3.0,3.0,3.0,5.5,8.333333333333334,3.5,4.5,4,4,0,43.0,Man,Lower tertiary education degree (Bachelor's level),Native English speaker,Several times a day,7,4.0,False,False,False,False,False,False,False
5a6c9ecfe70ca900017acfb9,pause-points,Pause points,2,0,1,2026-08-17T10:03:10.332302+00:00,3,25.0,12,73.16666666666667,98.33333333333333,64.77777777777777,33.55555555555556,48.16666666666667,48.16666666666667,11.0,6.0,12.0,50.0,86.0,10.0,5.0,8.0,40.0,75.0,7.0,7.0,-1.0,-1.0,-4.0,28,2.3333333333333335,12,65.28571428571429,0.5,30,30,24233,20032,0,23,7,1.0,0,0,0,0,0,1091.1180000305176,18.185300000508626,client task timestamps,87.5,1.5,2.5,0.5,10.166666666666666,12.0,2.5,4.0,4,4,0,34.0,Woman,Lower tertiary education degree (Bachelor's level),Native English speaker,A few times a week,5,2.0,False,False,False,False,False,False,False
69eca51e4cdaf82e2ded7a9f,pause-points,Pause points,2,0,1,2026-08-17T10:26:38.160187+00:00,3,25.0,12,11.916666666666666,24.0,7.888888888888889,16.11111111111111,-13.083333333333334,13.083333333333334,12.0,3.0,12.0,70.0,68.0,0.0,0.0,12.0,71.0,27.0,-3.0,3.0,-12.0,-3.0,0.0,38,3.1666666666666665,12,58.13157894736842,0.9473684210526315,43,43,23871,17768,1,18,12,1.0,0,0,0,0,0,1917.4849998950958,31.95808333158493,client task timestamps,25.0,-0.875,-2.0,0.25,12.166666666666666,12.0,4.0,2.25,4,4,0,47.0,Woman,Lower tertiary education degree (Bachelor's level),Native English speaker,Several times a day,7,4.0,False,False,False,False,False,False,False
6a0c39b59f6146b344d7ceba,pause-points,Pause points,2,0,1,2026-08-17T10:27:14.202372+00:00,4,33.33333333333333,12,84.0,85.5,83.25,2.25,50.66666666666667,50.66666666666667,12.0,8.0,12.0,65.0,84.0,6.0,3.0,8.0,34.0,33.0,2.0,2.0,-6.0,-5.0,-4.0,39,3.25,12,38.38461538461539,0.8205128205128205,41,41,27555,21731,2,17,8,1.0,0,0,0,0,0,1339.260999917984,22.321016665299734,client task timestamps,37.5,-1.125,-1.0,-1.25,11.666666666666666,10.166666666666666,2.5,2.875,4,4,0,27.0,Man,Lower tertiary education degree (Bachelor's level),Native English speaker,A few times a week,5,2.0,False,False,False,False,False,False,False
6a0f04f06efd948bd17ca76c,pause-points,Pause points,2,0,1,2026-08-17T10:29:56.263203+00:00,6,50.0,12,99.91666666666667,99.83333333333333,100.0,-0.1666666666666714,49.91666666666667,49.91666666666667,12.0,12.0,12.0,75.0,50.0,12.0,12.0,12.0,50.0,50.0,6.0,6.0,0.0,0.0,0.0,75,6.25,12,59.56,1.0,77,77,36014,21596,0,14,12,1.0,0,0,0,0,0,2287.9660000801086,38.132766668001814,client task timestamps,35.0,-2.0,-2.0,-2.0,4.333333333333333,7.5,3.8333333333333335,4.0,4,4,0,31.0,Man,Higher tertiary education degree (Master's level),Native English speaker,Several times a day,7,2.0,False,False,False,False,False,False,False
6a04cd59f9b7f1ac48082446,pause-points,Pause points,2,0,1,2026-08-17T10:47:01.951673+00:00,2,16.666666666666664,12,63.5,65.5,63.1,2.3999999999999986,46.833333333333336,46.833333333333336,10.0,8.0,8.0,74.0,60.0,6.0,6.0,5.0,64.0,63.0,4.0,4.0,-4.0,-2.0,-3.0,19,1.5833333333333333,12,77.10526315789474,0.5263157894736842,22,22,10695,5835,0,19,7,1.0,0,0,0,0,0,2240.5149998664856,37.34191666444143,client task timestamps,35.0,-1.625,-1.25,-2.0,9.833333333333334,10.666666666666666,4.333333333333333,2.375,4,4,0,38.0,Woman,Higher tertiary education degree (Master's level),Native English speaker,A few times a week,5,4.0,False,False,False,False,False,False,False
6a0e2f70d9e17e0c87420ebf,pause-points,Pause points,2,0,1,2026-08-17T11:00:13.583973+00:00,8,66.66666666666666,12,67.66666666666667,71.875,59.25,12.625,1.0000000000000142,1.0000000000000142,10.0,6.0,10.0,49.0,70.0,8.0,4.0,8.0,29.0,60.0,0.0,0.0,-2.0,-2.0,-2.0,68,5.666666666666667,12,34.05882352941177,0.9411764705882353,71,71,34608,23419,3,18,12,1.0,0,0,0,0,0,3058.677999973297,50.97796666622162,client task timestamps,82.5,1.875,2.25,1.5,8.0,8.5,3.5,3.5,4,4,0,19.0,Man,Upper secondary school / High school,Native English speaker,A few times a month,3,2.0,False,False,False,False,False,False,False
6a0334858f8c934d3d0a11ce,pause-points,Pause points,2,0,1,2026-08-17T11:00:39.268153+00:00,7,58.333333333333336,12,84.08333333333333,84.14285714285714,84.0,0.1428571428571388,25.749999999999993,25.749999999999993,12.0,10.0,10.0,83.0,90.0,12.0,12.0,8.0,100.0,67.0,5.0,5.0,0.0,2.0,-2.0,28,2.3333333333333335,12,71.25,1.0,29,29,13368,8668,0,13,12,1.0,0,0,0,0,0,3420.5049998760223,57.008416664600375,client task timestamps,70.0,0.875,1.0,0.75,10.5,13.333333333333334,3.8333333333333335,3.75,4,4,0,28.0,Man,Higher tertiary education degree (Master's level),Native English speaker,Several times a day,7,5.0,False,False,False,False,False,False,False
6a4a3ec3caf0957b76a1e073,pause-points,Pause points,2,0,1,2026-08-17T11:12:06.304920+00:00,3,25.0,12,63.083333333333336,62.666666666666664,63.22222222222222,-0.5555555555555571,38.083333333333336,38.083333333333336,6.0,4.0,9.0,55.0,56.0,7.0,4.0,9.0,55.0,61.0,4.0,4.0,1.0,0.0,0.0,24,2.0,12,87.125,0.9583333333333334,26,26,12640,8441,0,14,11,1.0,0,0,0,0,0,4010.927999973297,66.84879999955496,client task timestamps,67.5,0.125,0.25,0.0,10.333333333333334,9.833333333333334,2.8333333333333335,3.25,3,4,1,26.0,Man,Lower tertiary education degree (Bachelor's level),Native English speaker,Several times a day,7,4.0,False,False,False,False,False,False,False
677302ad15f7e3d0c1725fef,pause-points,Pause points,2,0,1,2026-08-17T11:38:01.307425+00:00,3,25.0,12,22.0,9.333333333333334,26.22222222222222,-16.888888888888886,-3.0,3.0,9.0,8.0,9.0,56.0,66.0,4.0,1.0,8.0,49.0,44.0,1.0,1.0,-5.0,-7.0,-1.0,41,3.4166666666666665,12,115.14634146341463,0.6829268292682927,43,43,28381,20867,11,23,8,1.0,0,0,0,0,0,3091.2659997940063,51.521099996566775,client task timestamps,25.0,-0.375,-0.5,-0.25,11.5,10.0,1.1666666666666667,1.625,4,4,0,19.0,Woman,Upper secondary school / High school,Native English speaker,Several times a day,7,4.0,False,False,False,False,False,False,False
6a1b258ff8d3406f726eea12,pause-points,Pause points,2,0,1,2026-08-17T12:07:51.343136+00:00,4,33.33333333333333,12,68.5,76.5,64.5,12.0,35.16666666666667,35.16666666666667,12.0,12.0,10.0,80.0,60.0,6.0,8.0,0.0,63.0,10.0,2.0,2.0,-6.0,-4.0,-10.0,72,6.0,12,29.819444444444443,0.6388888888888888,74,74,32353,21233,0,36,8,1.0,0,0,0,0,0,3008.4029998779297,50.1400499979655,client task timestamps,12.5,-2.125,-2.25,-2.0,11.833333333333334,10.666666666666666,4.166666666666667,1.375,4,4,0,36.0,Woman,Lower tertiary education degree (Bachelor's level),Native English speaker,Several times a day,7,4.0,False,False,False,False,False,False,False
5a6adef80384310001944ba8,pause-points,Pause points,2,0,1,2026-08-18T05:51:48.842794+00:00,1,8.333333333333332,12,9.333333333333334,2.0,10.0,-8.0,1.0000000000000018,1.0000000000000018,0.0,12.0,0.0,0.0,0.0,0.0,0.0,0.0,0.0,0.0,-1.0,1.0,0.0,-12.0,0.0,12,1.0,12,1.0833333333333333,0.0,15,15,977,115,0,15,0,0.0,0,0,0,0,0,1401.8929998874664,23.364883331457772,client task timestamps,0.0,-3.0,-3.0,-3.0,4.166666666666667,1.0,1.0,1.0,4,4,0,72.0,Man,Basic education / Middle school,Native English speaker,Never,1,1.0,False,False,False,False,False,False,False
666640831e2f8d963f8c528f,pause-points,Pause points,2,0,1,2026-08-18T05:53:53.824436+00:00,8,66.66666666666666,12,39.166666666666664,41.5,34.5,7.0,-27.499999999999993,27.499999999999993,11.0,7.0,12.0,48.0,92.0,7.0,3.0,11.0,30.0,16.0,-1.0,1.0,-4.0,-4.0,-1.0,73,6.083333333333333,12,34.013698630136986,0.9726027397260274,76,76,24812,14267,0,17,12,1.0,0,0,0,0,0,2753.180999994278,45.88634999990463,client task timestamps,17.5,-1.875,-2.25,-1.5,11.833333333333334,11.0,4.166666666666667,2.75,4,4,0,27.0,Man,Lower tertiary education degree (Bachelor's level),Native English speaker,Several times a day,7,5.0,False,False,False,False,False,False,False
5e35408359b1364ee5b596fc,pause-points,Pause points,2,0,1,2026-08-18T05:58:56.216857+00:00,6,50.0,12,93.5,97.33333333333333,89.66666666666667,7.666666666666657,43.5,43.5,12.0,8.0,12.0,68.0,100.0,8.0,4.0,8.0,71.0,80.0,2.0,2.0,-4.0,-4.0,-4.0,44,3.6666666666666665,12,60.38636363636363,0.4318181818181818,46,46,20047,14432,0,31,4,0.9259259259259259,0,0,0,0,0,1734.00200009346,28.900033334891003,client task timestamps,80.0,-0.375,0.75,-1.5,6.833333333333333,8.0,3.1666666666666665,3.75,4,4,0,29.0,Woman,Vocational college degree,Native English speaker,Several times a day,7,1.0,False,False,False,False,False,False,False
6a16a850d2171801a188dc1c,pause-points,Pause points,2,0,1,2026-08-18T06:06:54.758410+00:00,11,91.66666666666666,12,78.33333333333333,78.63636363636364,75.0,3.6363636363636402,-13.333333333333329,13.333333333333329,10.0,12.0,10.0,79.0,87.0,10.0,12.0,10.0,74.0,80.0,-1.0,1.0,0.0,0.0,0.0,12,1.0,12,263.1666666666667,0.0,16,16,16881,12850,0,16,0,0.0,0,0,0,0,0,2592.1310000419617,43.202183334032696,client task timestamps,85.0,3.0,3.0,3.0,6.833333333333333,8.666666666666666,5.0,4.625,4,4,0,26.0,Woman,Higher tertiary education degree (Master's level),Native English speaker,About once a day,6,4.0,False,False,False,False,False,False,False
69fe00b34adec4f226d8b9c4,pause-points,Pause points,2,0,1,2026-08-18T06:17:08.874047+00:00,7,58.333333333333336,12,76.08333333333333,80.71428571428571,69.6,11.114285714285714,17.749999999999993,17.749999999999993,10.0,8.0,10.0,50.0,80.0,9.0,6.0,9.0,40.0,80.0,2.0,2.0,-1.0,-2.0,-1.0,77,6.416666666666667,12,24.766233766233768,0.8961038961038961,80,80,26409,16380,0,22,11,1.0,0,0,0,0,0,2670.851000070572,44.51418333450953,client task timestamps,72.5,0.5,1.5,-0.5,9.666666666666666,10.833333333333334,2.0,3.375,4,4,0,43.0,Man,Lower tertiary education degree (Bachelor's level),Native English speaker,A few times a week,5,1.0,False,False,False,False,False,False,False
664f594f41a618628b969bdf,pause-points,Pause points,2,0,1,2026-08-18T06:17:27.090652+00:00,5,41.66666666666667,12,77.58333333333333,87.8,70.28571428571429,17.514285714285705,35.91666666666666,35.91666666666666,12.0,6.0,12.0,60.0,90.0,9.0,2.0,10.0,50.0,70.0,4.0,4.0,-3.0,-4.0,-2.0,25,2.0833333333333335,12,65.12,0.88,27,27,19392,14589,1,17,12,1.0,0,0,0,0,0,1258.5999999046326,20.97666666507721,client task timestamps,25.0,-1.625,-2.25,-1.0,13.333333333333334,13.166666666666666,1.6666666666666667,1.875,4,4,0,24.0,Woman,Higher tertiary education degree (Master's level),Native English speaker,Several times a day,7,2.0,False,False,False,False,False,False,False
5c158ec0c6b01c0001bcfa72,pause-points,Pause points,2,0,1,2026-08-18T06:19:38.661240+00:00,5,41.66666666666667,12,79.16666666666667,94.2,68.42857142857143,25.771428571428572,37.5,37.5,10.0,5.0,10.0,63.0,50.0,8.0,5.0,8.0,63.0,63.0,3.0,3.0,-2.0,0.0,-2.0,49,4.083333333333333,12,36.12244897959184,0.9387755102040817,51,51,24746,17546,0,17,12,1.0,0,0,0,0,0,3756.4790000915527,62.60798333485921,client task timestamps,77.5,1.125,1.5,0.75,11.166666666666666,11.333333333333334,4.0,2.875,4,4,0,35.0,Woman,Lower tertiary education degree (Bachelor's level),Native English speaker,A few times a week,5,5.0,False,False,False,False,False,False,False
6a0f8efb0cc2316c82861f4b,pause-points,Pause points,2,0,1,2026-08-18T07:02:29.052961+00:00,5,41.66666666666667,12,62.083333333333336,57.6,65.28571428571429,-7.68571428571429,20.416666666666664,20.416666666666664,12.0,8.0,12.0,75.0,90.0,10.0,8.0,12.0,80.0,97.0,5.0,5.0,-2.0,0.0,0.0,19,1.5833333333333333,12,124.15789473684211,0.6842105263157895,21,21,17856,13942,0,16,8,1.0,0,0,0,0,0,4010.326999902725,66.8387833317121,client task timestamps,82.5,1.125,1.25,1.0,11.5,14.666666666666666,2.5,4.375,4,4,0,28.0,Man,Higher tertiary education degree (Master's level),Native English speaker,Several times a day,7,2.0,False,False,False,False,False,False,False
646e53ef6c1dac9a13cd2985,pause-points,Pause points,2,0,1,2026-08-18T07:07:48.271940+00:00,9,75.0,12,43.666666666666664,41.888888888888886,49.0,-7.111111111111114,-31.333333333333336,31.333333333333336,8.0,6.0,1.0,80.0,80.0,4.0,10.0,2.0,18.0,20.0,-5.0,5.0,-4.0,4.0,1.0,50,4.166666666666667,12,73.5,0.84,51,51,31303,23808,5,17,8,1.0,0,0,0,0,0,3455.56600022316,57.592766670386,client task timestamps,92.5,0.5,2.5,-1.5,15.666666666666666,14.5,4.0,2.0,4,4,0,50.0,Woman,Lower tertiary education degree (Bachelor's level),Native English speaker,A few times a week,5,3.0,False,False,False,False,False,False,False
6a2517dadd6e85c29e03e6f7,pause-points,Pause points,2,0,1,2026-08-18T08:44:02.959481+00:00,4,33.33333333333333,12,88.16666666666667,87.5,88.5,-1.0,54.83333333333334,54.83333333333334,10.0,7.0,10.0,12.0,92.0,10.0,0.0,12.0,54.0,86.0,6.0,6.0,0.0,-7.0,2.0,41,3.4166666666666665,12,112.8048780487805,0.975609756097561,43,43,17082,8370,0,15,12,1.0,0,0,0,0,0,3327.25,55.454166666666666,client task timestamps,97.5,1.125,0.0,2.25,6.333333333333333,8.833333333333334,3.0,4.375,4,4,0,64.0,Man,Upper secondary school / High school,Native English speaker,A few times a week,5,4.0,False,False,False,False,False,False,False
66a0d2b35975ab1d10e81ebb,pause-points,Pause points,2,0,1,2026-08-11T09:20:31.237085+00:00,6,50.0,12,49.75,58.333333333333336,41.166666666666664,17.16666666666667,-0.25,0.25,5.0,6.0,5.0,63.0,53.0,10.0,9.0,7.0,69.0,51.0,4.0,4.0,5.0,3.0,2.0,48,4.0,12,35.1875,0.8958333333333334,50,50,18890,12256,0,17,10,1.0,0,0,0,0,0,1082.0260000228882,18.033766667048138,client task timestamps,30.0,-1.75,-1.0,-2.5,7.833333333333333,7.0,4.0,2.0,4,4,0,21.0,Man,Lower tertiary education degree (Bachelor's level),Native English speaker,A few times a week,5,3.0,False,False,False,False,False,False,False
59b187d0834a170001d607bf,pause-points,Pause points,2,0,1,2026-08-11T09:31:23.444660+00:00,4,33.33333333333333,12,86.33333333333333,94.5,82.25,12.25,53.0,53.0,11.0,7.0,11.0,50.0,87.0,12.0,4.0,12.0,16.0,88.0,8.0,8.0,1.0,-3.0,1.0,51,4.25,12,35.76470588235294,0.9411764705882353,53,53,25734,16458,0,16,11,1.0,0,0,0,0,0,1650.8259999752045,27.513766666253407,client task timestamps,92.5,3.0,3.0,3.0,4.666666666666667,7.166666666666667,2.1666666666666665,4.75,4,4,0,40.0,Man,Vocational college degree,Native English speaker,Several times a day,7,2.0,False,False,False,False,False,False,False
6a0caace452f725a5d494df4,pause-points,Pause points,2,0,1,2026-08-11T09:36:24.796203+00:00,2,16.666666666666664,12,73.41666666666667,76.0,72.9,3.0999999999999943,56.75000000000001,56.75000000000001,10.0,5.0,5.0,83.0,72.0,2.0,5.0,10.0,37.0,63.0,0.0,0.0,-8.0,0.0,5.0,23,1.9166666666666667,12,145.08695652173913,0.6086956521739131,25,25,12301,9368,5,24,13,1.0,0,0,0,0,0,1958.4560000896454,32.64093333482742,client task timestamps,55.0,-0.625,-0.25,-1.0,10.5,12.0,3.6666666666666665,3.5,4,4,0,41.0,Woman,Lower tertiary education degree (Bachelor's level),Native English speaker,Several times a day,7,4.0,False,False,False,False,False,False,False
609911e00dd4843e39cb88ac,pause-points,Pause points,2,0,1,2026-08-11T09:38:01.940203+00:00,7,58.333333333333336,12,65.0,66.57142857142857,62.8,3.7714285714285722,6.666666666666664,6.666666666666664,7.0,0.0,1.0,35.0,65.0,8.0,2.0,7.0,80.0,20.0,1.0,1.0,1.0,2.0,6.0,54,4.5,12,129.53703703703704,0.46296296296296297,57,57,46494,37887,11,37,5,1.0,0,0,0,0,0,1645.1790001392365,27.41965000232061,client task timestamps,45.0,0.75,1.0,0.5,6.833333333333333,8.333333333333334,3.5,2.875,4,4,0,30.0,Man,Lower tertiary education degree (Bachelor's level),Native English speaker,A few times a week,5,3.0,False,False,False,False,False,False,False
5b9ca13a06114100010699b8,pause-points,Pause points,2,0,1,2026-08-11T09:43:40.341355+00:00,4,33.33333333333333,12,61.5,50.0,67.25,-17.25,28.16666666666667,28.16666666666667,12.0,2.0,12.0,13.0,91.0,4.0,1.0,11.0,8.0,63.0,0.0,0.0,-8.0,-1.0,-1.0,45,3.75,12,98.91111111111111,0.9777777777777777,47,47,25989,17281,9,15,12,1.0,0,0,0,0,0,2290.9609999656677,38.18268333276113,client task timestamps,15.0,-1.5,-1.25,-1.75,12.0,10.5,1.3333333333333333,3.0,3,4,1,45.0,Woman,Upper secondary school / High school,Native English speaker,Several times a day,7,3.0,False,False,False,False,False,False,False
6a05d361e5c107c390a6e223,pause-points,Pause points,2,0,1,2026-08-11T09:46:02.380035+00:00,5,41.66666666666667,12,75.25,77.4,73.71428571428571,3.6857142857142975,33.58333333333333,33.58333333333333,11.0,5.0,11.0,36.0,50.0,10.0,2.0,10.0,30.0,61.0,5.0,5.0,-1.0,-3.0,-1.0,53,4.416666666666667,12,35.735849056603776,0.9433962264150944,54,54,28625,20912,0,16,12,1.0,0,0,0,0,0,2049.621999979019,34.16036666631699,client task timestamps,45.0,-0.875,-0.75,-1.0,10.166666666666666,10.333333333333334,1.0,4.625,4,4,0,35.0,Woman,Vocational college degree,Native English speaker,Several times a day,7,1.0,False,False,False,False,False,False,False
69e941fec7b56938303e7a3e,pause-points,Pause points,2,0,1,2026-08-11T09:54:21.271619+00:00,6,50.0,12,37.5,38.333333333333336,36.666666666666664,1.6666666666666714,-12.5,12.5,12.0,8.0,12.0,50.0,67.0,7.0,2.0,3.0,41.0,22.0,1.0,1.0,-5.0,-6.0,-9.0,86,7.166666666666667,12,22.930232558139537,0.9767441860465116,87,87,34078,20068,0,15,12,1.0,0,0,0,0,0,2673.1879999637604,44.55313333272934,client task timestamps,22.5,-0.875,-2.0,0.25,13.166666666666666,11.666666666666666,3.1666666666666665,1.375,4,4,0,29.0,Woman,Vocational college degree,Fully fluent,A few times a week,5,3.0,False,False,False,False,False,False,False
628f7669ee68aabf3930123b,pause-points,Pause points,2,0,1,2026-08-11T09:59:54.617399+00:00,7,58.333333333333336,12,60.083333333333336,65.0,53.2,11.799999999999997,1.75,1.75,10.0,9.0,10.0,60.0,49.0,7.0,0.0,10.0,16.0,29.0,0.0,0.0,-3.0,-9.0,0.0,61,5.083333333333333,12,67.93442622950819,0.9180327868852459,64,64,32593,22119,9,20,12,1.0,0,0,0,0,0,1967.4230000972748,32.790383334954576,client task timestamps,5.0,-2.125,-3.0,-1.25,14.166666666666666,12.0,4.166666666666667,1.375,4,4,0,42.0,Man,Lower tertiary education degree (Bachelor's level),Native English speaker,Less than once a month,2,5.0,False,False,False,False,False,False,False
65107641138d7e50e2a290d0,pause-points,Pause points,2,0,1,2026-08-11T10:07:24.649276+00:00,4,33.33333333333333,12,50.666666666666664,51.5,50.25,1.25,17.333333333333336,17.333333333333336,10.0,8.0,10.0,50.0,30.0,5.0,8.0,5.0,50.0,30.0,1.0,1.0,-5.0,0.0,-5.0,77,6.416666666666667,12,59.54545454545455,0.7792207792207793,79,79,27717,19125,0,31,12,1.0,0,0,0,0,0,2222.989000082016,37.0498166680336,client task timestamps,65.0,-1.625,-1.5,-1.75,4.0,3.5,3.0,2.875,4,4,0,29.0,Man,Vocational college degree,Native English speaker,A few times a week,5,3.0,False,False,False,False,False,False,False
6a034f612dd48f90f2baee7a,pause-points,Pause points,2,0,1,2026-08-11T10:18:36.404632+00:00,4,33.33333333333333,12,56.333333333333336,56.25,56.375,-0.125,23.000000000000007,23.000000000000007,10.0,9.0,7.0,,,8.0,5.0,10.0,64.0,45.0,4.0,4.0,-2.0,-4.0,3.0,48,4.0,12,40.104166666666664,0.9791666666666666,49,49,28307,19960,1,14,12,1.0,0,0,0,0,0,4481.386999845505,74.68978333075842,client task timestamps,80.0,1.0,2.25,-0.25,11.0,11.5,3.8333333333333335,3.375,4,4,0,28.0,Woman,Higher tertiary education degree (Master's level),Native English speaker,About once a day,6,5.0,False,False,False,False,False,False,False
663882a6e24bdb7389a2a9cf,pause-points,Pause points,2,0,1,2026-08-18T13:36:58.074768+00:00,8,66.66666666666666,12,81.83333333333333,80.375,84.75,-4.375,15.166666666666671,15.166666666666671,10.0,5.0,12.0,76.0,91.0,12.0,2.0,10.0,34.0,83.0,4.0,4.0,2.0,-3.0,-2.0,19,1.5833333333333333,12,74.10526315789474,0.8421052631578947,20,20,13066,9478,1,15,11,1.0,0,0,0,0,0,2167.3830001354218,36.12305000225703,client task timestamps,100.0,2.25,3.0,1.5,5.666666666666667,7.5,5.0,4.125,4,4,0,31.0,Woman,Upper secondary school / High school,Fully fluent,Several times a day,7,5.0,False,False,False,False,False,False,False
673b694b8d15e20276e3ce1a,pause-points,Pause points,2,0,1,2026-08-18T13:42:12.031015+00:00,2,16.666666666666664,12,90.33333333333333,85.0,91.4,-6.400000000000006,73.66666666666666,73.66666666666666,12.0,7.0,12.0,85.0,95.0,10.0,4.0,12.0,87.0,90.0,8.0,8.0,-2.0,-3.0,0.0,19,1.5833333333333333,12,122.36842105263158,0.8421052631578947,20,20,10844,6796,0,16,12,1.0,0,0,0,0,0,2373.7890000343323,39.56315000057221,client task timestamps,87.5,2.0,2.0,2.0,12.0,14.5,4.166666666666667,3.875,3,4,1,35.0,Man,Higher tertiary education degree (Master's level),Native English speaker,Several times a day,7,4.0,False,False,False,False,False,False,False
67d18f41f2533fd38b55a10f,pause-points,Pause points,2,0,1,2026-08-18T13:43:40.574493+00:00,3,25.0,12,38.833333333333336,33.666666666666664,40.55555555555556,-6.888888888888893,13.833333333333336,13.833333333333336,7.0,6.0,10.0,49.0,24.0,2.0,0.0,9.0,5.0,70.0,-1.0,1.0,-5.0,-6.0,-1.0,22,1.8333333333333333,12,162.0909090909091,0.5454545454545454,23,23,10782,8078,0,19,8,1.0,0,0,0,0,0,1542.7330000400543,25.71221666733424,client task timestamps,67.5,1.0,1.25,0.75,11.0,9.833333333333334,3.3333333333333335,3.75,3,4,1,55.0,Man,Upper secondary school / High school,Native English speaker,A few times a week,5,1.0,False,False,False,False,False,False,False
69ec7a8369d0eaa4a16a121c,pause-points,Pause points,2,0,1,2026-08-18T13:47:09.350636+00:00,6,50.0,12,79.08333333333333,85.66666666666667,72.5,13.166666666666671,29.08333333333333,29.08333333333333,10.0,8.0,11.0,69.0,54.0,10.0,9.0,12.0,66.0,72.0,4.0,4.0,0.0,1.0,1.0,36,3.0,12,45.52777777777778,0.3055555555555556,38,38,23161,17372,0,29,2,1.0,0,0,0,0,0,2552.963000059128,42.5493833343188,client task timestamps,85.0,1.125,1.5,0.75,6.5,7.666666666666667,4.166666666666667,3.5,4,4,0,43.0,Woman,Upper secondary school / High school,Native English speaker,A few times a week,5,4.0,False,False,False,False,False,False,False
5d131f87906ece001a15fb92,pause-points,Pause points,2,0,1,2026-08-18T13:47:20.962178+00:00,3,25.0,12,64.25,67.0,63.333333333333336,3.6666666666666643,39.25,39.25,5.0,4.0,9.0,62.0,49.0,8.0,2.0,8.0,31.0,62.0,5.0,5.0,3.0,-2.0,-1.0,36,3.0,12,37.888888888888886,0.0,40,40,13764,10695,0,40,0,0.5882352941176471,0,0,0,0,0,2143.9509999752045,35.73251666625341,client task timestamps,75.0,1.625,2.0,1.25,6.333333333333333,6.166666666666667,1.1666666666666667,3.125,4,4,0,25.0,Woman,Lower tertiary education degree (Bachelor's level),Native English speaker,A few times a month,3,4.0,False,False,False,False,False,False,False
69fc826bd8e65c7cf15b35a7,pause-points,Pause points,2,0,1,2026-08-18T14:03:14.165960+00:00,7,58.333333333333336,12,80.5,82.0,78.4,3.5999999999999943,22.166666666666664,22.166666666666664,12.0,9.0,6.0,82.0,45.0,9.0,3.0,2.0,34.0,4.0,2.0,2.0,-3.0,-6.0,-4.0,50,4.166666666666667,12,45.48,0.96,53,53,15376,7777,0,17,12,1.0,0,0,0,0,0,2598.0499999523163,43.3008333325386,client task timestamps,70.0,0.25,1.25,-0.75,7.833333333333333,10.333333333333334,3.5,2.0,4,4,0,22.0,Woman,Lower tertiary education degree (Bachelor's level),Native English speaker,Several times a day,7,4.0,False,False,False,False,False,False,False
5f62904e937bc130e1d9faaa,pause-points,Pause points,2,0,1,2026-08-18T14:17:20.781459+00:00,3,25.0,12,22.083333333333332,26.333333333333332,20.666666666666668,5.666666666666664,-2.916666666666668,2.916666666666668,10.0,2.0,8.0,68.0,77.0,6.0,0.0,4.0,5.0,0.0,3.0,3.0,-4.0,-2.0,-4.0,87,7.25,12,25.298850574712645,0.9770114942528736,90,90,32604,19081,0,17,12,1.0,0,0,0,0,0,3288.529000043869,54.808816667397814,client task timestamps,92.5,-1.625,-2.75,-0.5,13.666666666666666,10.833333333333334,3.1666666666666665,1.75,4,4,0,35.0,Woman,Higher tertiary education degree (Master's level),Native English speaker,About once a day,6,2.0,False,False,False,False,False,False,False
69fb7121bda1452e5ec319e7,pause-points,Pause points,2,0,1,2026-08-18T14:23:27.659002+00:00,3,25.0,12,55.083333333333336,67.66666666666667,50.888888888888886,16.777777777777786,30.083333333333336,30.083333333333336,10.0,5.0,11.0,62.0,59.0,6.0,3.0,2.0,29.0,39.0,3.0,3.0,-4.0,-2.0,-9.0,32,2.6666666666666665,12,52.09375,0.3125,35,35,11687,8792,0,29,4,1.0,0,0,0,0,0,3386.84299993515,56.4473833322525,client task timestamps,45.0,-1.375,-1.75,-1.0,12.0,11.833333333333334,3.5,2.75,3,4,1,19.0,Man,Upper secondary school / High school,Native English speaker,About once a day,6,2.0,False,False,False,False,False,False,False
6694f651114152694e96d7c4,pause-points,Pause points,2,0,1,2026-08-18T14:25:41.058829+00:00,7,58.333333333333336,12,65.25,67.14285714285714,62.6,4.542857142857137,6.916666666666664,6.916666666666664,11.0,4.0,11.0,69.0,83.0,10.0,7.0,12.0,80.0,83.0,3.0,3.0,-1.0,3.0,1.0,22,1.8333333333333333,12,173.5,0.6363636363636364,23,23,8333,3990,0,19,10,1.0,0,0,0,0,0,1685.7050001621246,28.09508333603541,client task timestamps,77.5,0.125,0.25,0.0,9.666666666666666,10.833333333333334,4.333333333333333,3.375,4,4,0,37.0,Man,Lower tertiary education degree (Bachelor's level),Native English speaker,About once a day,6,5.0,False,False,False,False,False,False,False
5b5f15f2fc072a00017da73d,pause-points,Pause points,2,0,1,2026-08-18T14:35:49.799056+00:00,7,58.333333333333336,12,90.58333333333333,93.42857142857143,86.6,6.828571428571436,32.24999999999999,32.24999999999999,10.0,6.0,9.0,50.0,50.0,8.0,6.0,7.0,50.0,38.0,1.0,1.0,-2.0,0.0,-2.0,72,6.0,12,24.63888888888889,0.9722222222222222,74,74,30412,18950,0,16,12,1.0,0,0,0,0,0,5680.022000074387,94.6670333345731,client task timestamps,60.0,-0.875,-0.75,-1.0,14.833333333333334,13.0,3.6666666666666665,3.0,4,4,0,63.0,Woman,Vocational college degree,Native English speaker,A few times a month,3,5.0,False,False,False,False,False,False,False
62b437a2dbff0b6b3d0121e4,pause-points,Pause points,2,0,1,2026-08-18T14:57:42.966626+00:00,6,50.0,12,81.58333333333333,77.0,86.16666666666667,-9.166666666666671,31.58333333333333,31.58333333333333,7.0,3.0,10.0,,,5.0,2.0,8.0,30.0,56.0,-1.0,1.0,-2.0,-1.0,-2.0,56,4.666666666666667,12,31.946428571428573,0.9821428571428571,58,58,24967,17071,0,15,12,1.0,0,0,0,0,0,1514.6870000362396,25.244783333937328,client task timestamps,35.0,0.5,0.75,0.25,10.666666666666666,10.5,3.5,3.625,4,4,0,33.0,Woman,Lower tertiary education degree (Bachelor's level),Native English speaker,Several times a day,7,2.0,False,False,False,False,False,False,False
66b65559efe3c1a9537ffdbc,pause-points,Pause points,2,0,1,2026-08-18T15:09:58.003115+00:00,5,41.66666666666667,12,21.0,27.4,16.428571428571427,10.971428571428572,-20.66666666666667,20.66666666666667,6.0,2.0,6.0,13.0,44.0,2.0,1.0,2.0,12.0,19.0,-3.0,3.0,-4.0,-1.0,-4.0,85,7.083333333333333,12,33.51764705882353,0.9882352941176471,90,90,38800,23884,0,18,12,1.0,0,0,0,0,0,5262.467000007629,87.70778333346048,client task timestamps,67.5,-1.0,-1.5,-0.5,11.5,9.0,4.666666666666667,2.125,4,4,0,21.0,Woman,Lower tertiary education degree (Bachelor's level),Native English speaker,A few times a month,3,5.0,False,False,False,False,False,False,False
6a146da67998f9a45a214595,pause-points,Pause points,2,0,1,2026-08-18T16:03:14.167375+00:00,2,16.666666666666664,12,94.41666666666667,97.5,93.8,3.700000000000003,77.75,77.75,10.0,5.0,8.0,55.0,60.0,7.0,6.0,11.0,74.0,67.0,5.0,5.0,-3.0,1.0,3.0,13,1.0833333333333333,12,60.07692307692308,1.0,14,14,2087,1252,0,13,12,1.0,0,0,0,0,0,2913.9379999637604,48.56563333272934,client task timestamps,60.0,2.625,2.5,2.75,13.833333333333334,15.666666666666666,3.5,4.25,3,4,1,38.0,Man,Higher tertiary education degree (Master's level),Fully fluent,Several times a day,7,4.0,False,False,False,False,False,False,False
69ff99e1cd9b013439f9530d,reflection-task,Reflection task,2,0,1,2026-08-14T10:19:40.442599+00:00,6,50.0,12,88.33333333333333,89.66666666666667,87.0,2.6666666666666714,38.33333333333333,38.33333333333333,11.0,10.0,10.0,70.0,77.0,10.0,9.0,7.0,87.0,74.0,4.0,4.0,-1.0,-1.0,-3.0,43,3.5833333333333335,12,97.62790697674419,0.7906976744186046,45,45,54220,42865,0,23,12,1.0,0,0,0,12,822,3666.8650000095367,61.11441666682561,client task timestamps,82.5,1.125,1.5,0.75,7.0,10.166666666666666,4.5,3.125,4,4,0,31.0,Man,Lower tertiary education degree (Bachelor's level),Native English speaker,Several times a day,7,5.0,False,False,False,False,False,False,False
5dcfaad2dd9a740c2493fc28,reflection-task,Reflection task,2,0,1,2026-08-14T10:32:34.189286+00:00,7,58.333333333333336,12,53.5,47.57142857142857,61.8,-14.228571428571428,-4.833333333333336,4.833333333333336,8.0,2.0,8.0,40.0,60.0,6.0,0.0,4.0,15.0,26.0,-1.0,1.0,-2.0,-2.0,-4.0,27,2.25,12,159.25925925925927,0.8148148148148148,31,31,36220,31243,0,21,12,1.0,0,0,0,12,1082,2360.923000097275,39.34871666828791,client task timestamps,72.5,0.25,0.25,0.25,15.833333333333334,13.666666666666666,2.5,2.5,3,4,1,36.0,Man,Lower tertiary education degree (Bachelor's level),Native English speaker,A few times a week,5,5.0,False,False,False,False,False,False,False
5c6e60b04e08ad00018cc995,reflection-task,Reflection task,2,0,1,2026-08-14T10:50:37.268688+00:00,5,41.66666666666667,12,75.33333333333333,79.8,72.14285714285714,7.657142857142858,33.66666666666666,33.66666666666666,8.0,5.0,12.0,42.0,92.0,7.0,4.0,12.0,21.0,98.0,2.0,2.0,-1.0,-1.0,0.0,48,4.0,12,71.54166666666667,0.125,50,50,11805,8020,0,47,3,1.0,0,0,0,12,826,5396.947999954224,89.9491333325704,client task timestamps,75.0,2.0,2.0,2.0,16.666666666666668,14.5,4.0,4.0,4,4,0,60.0,Woman,Higher tertiary education degree (Master's level),Native English speaker,A few times a week,5,4.0,False,False,False,False,False,False,False
6a43ebbf2ae2c486a86a665b,reflection-task,Reflection task,2,0,1,2026-08-14T11:07:29.458533+00:00,8,66.66666666666666,12,96.83333333333333,96.5,97.5,-1.0,30.16666666666667,30.16666666666667,10.0,10.0,9.0,76.0,82.0,10.0,10.0,8.0,81.0,93.0,2.0,2.0,0.0,0.0,-1.0,13,1.0833333333333333,12,340.6923076923077,0.9230769230769231,14,14,23499,20094,0,14,12,1.0,0,0,0,12,1038,5432.066999912262,90.5344499985377,client task timestamps,52.5,1.5,0.75,2.25,16.0,18.833333333333332,3.3333333333333335,4.5,4,4,0,45.0,Man,Lower tertiary education degree (Bachelor's level),Native English speaker,Several times a day,7,5.0,False,False,False,False,False,False,False
6a256986c630c70c37dade5d,reflection-task,Reflection task,2,0,1,2026-08-14T11:18:12.105861+00:00,6,50.0,12,77.83333333333333,79.0,76.66666666666667,2.3333333333333286,27.83333333333333,27.83333333333333,9.0,7.0,11.0,60.0,85.0,10.0,3.0,7.0,72.0,82.0,4.0,4.0,1.0,-4.0,-4.0,40,3.3333333333333335,12,148.475,0.55,43,43,26106,20560,0,25,11,1.0,0,0,0,12,710,5570.457000017166,92.8409500002861,client task timestamps,57.5,1.5,1.25,1.75,9.5,10.0,3.8333333333333335,3.875,4,4,0,31.0,Man,Lower tertiary education degree (Bachelor's level),Native English speaker,Several times a day,7,1.0,False,False,False,False,False,False,False
676053613a0bc18718ea31c1,reflection-task,Reflection task,2,0,1,2026-08-14T11:19:57.116008+00:00,7,58.333333333333336,12,98.58333333333333,97.57142857142857,100.0,-2.4285714285714306,40.24999999999999,40.24999999999999,12.0,6.0,12.0,63.0,50.0,12.0,1.0,12.0,54.0,100.0,5.0,5.0,0.0,-5.0,0.0,24,2.0,12,178.20833333333334,0.5833333333333334,25,25,25525,20653,0,23,12,1.0,0,0,0,12,722,3739.8580000400543,62.33096666733424,client task timestamps,90.0,0.0,3.0,-3.0,10.666666666666666,13.166666666666666,1.6666666666666667,4.25,4,4,0,23.0,Woman,Upper secondary school / High school,Native English speaker,Less than once a month,2,1.0,False,False,False,False,False,False,False
5adc587be0feeb0001ca9d0a,reflection-task,Reflection task,2,0,1,2026-08-14T11:38:45.649980+00:00,7,58.333333333333336,12,71.25,74.42857142857143,66.8,7.628571428571433,12.916666666666664,12.916666666666664,6.0,3.0,6.0,51.0,50.0,8.0,8.0,8.0,37.0,42.0,1.0,1.0,2.0,5.0,2.0,34,2.8333333333333335,12,70.58823529411765,0.4411764705882353,37,37,18153,13928,0,30,8,1.0,0,0,0,12,1192,3714.0060000419617,61.90010000069936,client task timestamps,97.5,1.625,1.5,1.75,12.666666666666666,13.833333333333334,3.8333333333333335,3.375,4,4,0,40.0,Woman,Higher tertiary education degree (Master's level),Native English speaker,Several times a day,7,4.0,False,False,False,False,False,False,False
663ba23f097e7f91190f09f4,reflection-task,Reflection task,2,0,1,2026-08-14T11:44:24.810598+00:00,5,41.66666666666667,12,90.5,95.4,87.0,8.400000000000006,48.83333333333333,48.83333333333333,10.0,8.0,10.0,71.0,63.0,12.0,4.0,12.0,96.0,80.0,7.0,7.0,2.0,-4.0,2.0,16,1.3333333333333333,12,220.25,0.9375,17,17,29230,26571,6,14,12,1.0,0,0,0,12,945,2731.503000020981,45.52505000034968,client task timestamps,75.0,0.125,2.0,-1.75,12.833333333333334,11.0,2.1666666666666665,3.875,4,4,0,28.0,Man,Upper secondary school / High school,Native English speaker,About once a day,6,1.0,False,False,False,False,False,False,False
6a20a9015099db8796ac2b42,reflection-task,Reflection task,2,0,1,2026-08-14T11:46:51.490235+00:00,7,58.333333333333336,12,83.66666666666667,84.14285714285714,83.0,1.1428571428571388,25.333333333333336,25.333333333333336,11.0,8.0,11.0,73.0,82.0,11.0,8.0,11.0,83.0,83.0,4.0,4.0,0.0,0.0,0.0,16,1.3333333333333333,12,268.6875,0.6875,17,17,18058,14849,0,15,9,1.0,0,0,0,12,641,7000.407999992371,116.67346666653951,client task timestamps,60.0,2.625,2.25,3.0,5.666666666666667,7.833333333333333,3.1666666666666665,3.75,2,4,2,23.0,Man,Higher tertiary education degree (Master's level),Native English speaker,Several times a day,7,4.0,False,False,True,False,False,False,True
576fc3462984e70001a97fc3,reflection-task,Reflection task,2,0,1,2026-08-14T11:58:58.596412+00:00,8,66.66666666666666,12,86.41666666666667,84.875,89.5,-4.625,19.750000000000014,19.750000000000014,10.0,5.0,8.0,80.0,50.0,11.0,4.0,10.0,67.0,80.0,3.0,3.0,1.0,-1.0,2.0,24,2.0,12,98.08333333333333,1.0,27,27,40302,29294,0,15,12,1.0,0,0,0,12,1356,6911.963999986649,115.19939999977747,client task timestamps,72.5,0.75,1.5,0.0,11.666666666666666,13.5,3.8333333333333335,3.875,4,4,0,35.0,Man,Lower tertiary education degree (Bachelor's level),Native English speaker,Several times a day,7,4.0,False,False,False,False,False,False,False
6a1b645c7ff6912c3579eeae,reflection-task,Reflection task,2,0,1,2026-08-14T12:01:36.984406+00:00,6,50.0,12,53.583333333333336,45.5,61.666666666666664,-16.166666666666664,3.5833333333333357,3.5833333333333357,6.0,4.0,12.0,45.0,89.0,6.0,3.0,12.0,23.0,50.0,0.0,0.0,0.0,-1.0,0.0,21,1.75,12,202.57142857142858,0.6190476190476191,22,22,31945,25784,2,20,11,1.0,0,0,0,12,981,5711.073999881744,95.18456666469574,client task timestamps,70.0,0.875,2.0,-0.25,9.833333333333334,12.333333333333334,2.0,3.875,4,4,0,24.0,Woman,Upper secondary school / High school,Native English speaker,About once a day,6,2.0,False,False,False,False,False,False,False
6a33b6f5e3d9dff938626d9d,reflection-task,Reflection task,2,0,1,2026-08-14T12:13:11.673455+00:00,5,41.66666666666667,12,37.916666666666664,52.2,27.714285714285715,24.485714285714288,-3.750000000000007,3.750000000000007,8.0,4.0,11.0,59.0,38.0,7.0,0.0,6.0,59.0,1.0,2.0,2.0,-1.0,-4.0,-5.0,39,3.25,12,111.02564102564102,0.6923076923076923,42,42,51830,41854,0,27,12,1.0,0,0,0,12,796,3668.9029998779297,61.14838333129883,client task timestamps,55.0,-1.625,-2.0,-1.25,13.5,10.666666666666666,2.6666666666666665,2.125,4,4,0,46.0,Man,Higher tertiary education degree (Master's level),Fully fluent,About once a day,6,2.0,False,False,False,False,False,False,False
69fe1381557ad4d727e8c2fa,reflection-task,Reflection task,2,0,1,2026-08-14T12:19:09.804243+00:00,2,16.666666666666664,12,77.5,89.5,75.1,14.400000000000006,60.833333333333336,60.833333333333336,10.0,2.0,10.0,65.0,70.0,12.0,5.0,12.0,65.0,72.0,10.0,10.0,2.0,3.0,2.0,12,1.0,12,181.5,1.0,13,13,21759,19240,0,13,12,1.0,0,0,0,12,858,4289.178999900818,71.48631666501363,client task timestamps,67.5,1.875,2.25,1.5,13.166666666666666,16.333333333333332,4.166666666666667,4.0,4,4,0,38.0,Woman,Higher tertiary education degree (Master's level),Fully fluent,Several times a day,7,4.0,False,False,False,False,False,False,False
5efb4cfd797e7108c3823ae5,reflection-task,Reflection task,2,0,1,2026-08-14T12:24:04.784932+00:00,7,58.333333333333336,12,71.25,76.42857142857143,64.0,12.42857142857143,12.916666666666664,12.916666666666664,11.0,10.0,11.0,75.0,60.0,11.0,8.0,11.0,50.0,71.0,4.0,4.0,0.0,-2.0,0.0,14,1.1666666666666667,12,290.42857142857144,0.8571428571428571,17,17,25487,22618,0,17,12,1.0,0,0,0,12,819,3852.835000038147,64.21391666730246,client task timestamps,77.5,1.25,2.25,0.25,13.166666666666666,13.333333333333334,4.166666666666667,3.875,4,4,0,31.0,Woman,Higher tertiary education degree (Master's level),Fully fluent,Several times a day,7,4.0,False,False,False,False,False,False,False
60e39059c89cadf89f4e29eb,reflection-task,Reflection task,2,0,1,2026-08-14T12:35:19.046123+00:00,7,58.333333333333336,12,83.0,87.0,77.4,9.599999999999994,24.666666666666664,24.666666666666664,12.0,10.0,12.0,78.0,92.0,12.0,3.0,12.0,87.0,100.0,5.0,5.0,0.0,-7.0,0.0,25,2.0833333333333335,12,170.8,0.48,27,27,26070,22285,0,27,12,1.0,0,0,0,12,870,2800.638000011444,46.67730000019073,client task timestamps,92.5,-0.625,0.5,-1.75,5.833333333333333,8.666666666666666,1.5,4.875,4,4,0,28.0,Woman,Higher tertiary education degree (Master's level),Native English speaker,Several times a day,7,1.0,False,False,False,False,False,False,False
65651805d1afb42ba1a55476,reflection-task,Reflection task,2,0,1,2026-08-14T12:46:28.151949+00:00,8,66.66666666666666,12,73.25,73.125,73.5,-0.375,6.583333333333343,6.583333333333343,10.0,6.0,8.0,68.0,65.0,10.0,6.0,10.0,71.0,63.0,2.0,2.0,0.0,0.0,2.0,13,1.0833333333333333,12,356.0769230769231,0.9230769230769231,14,14,22302,18150,0,14,12,1.0,0,0,0,12,662,5362.098000049591,89.36830000082652,client task timestamps,62.5,0.875,1.5,0.25,19.166666666666668,17.666666666666668,3.1666666666666665,3.375,4,4,0,54.0,Man,Lower tertiary education degree (Bachelor's level),Fully fluent,Several times a day,7,5.0,False,False,False,False,False,False,False
6a15a776d6937e1be30e13ab,reflection-task,Reflection task,2,0,1,2026-08-14T12:47:44.514770+00:00,6,50.0,12,65.16666666666667,68.33333333333333,62.0,6.333333333333329,15.166666666666671,15.166666666666671,10.0,6.0,10.0,80.0,60.0,9.0,2.0,6.0,80.0,50.0,3.0,3.0,-1.0,-4.0,-4.0,38,3.1666666666666665,12,124.15789473684211,1.0,39,39,55183,51106,0,13,12,1.0,0,0,0,12,1224,3787.6260001659393,63.12710000276566,client task timestamps,60.0,0.125,0.75,-0.5,13.5,12.0,4.166666666666667,3.0,4,4,0,32.0,Man,Higher tertiary education degree (Master's level),Native English speaker,About once a day,6,2.0,False,False,False,False,False,False,False
6a0a3aad897b5c34a76e4f98,reflection-task,Reflection task,2,0,1,2026-08-14T13:09:37.916820+00:00,6,50.0,12,82.16666666666667,77.16666666666667,87.16666666666667,-10.0,32.16666666666667,32.16666666666667,12.0,6.0,12.0,12.0,80.0,12.0,4.0,12.0,25.0,55.0,6.0,6.0,0.0,-2.0,0.0,29,2.4166666666666665,12,115.79310344827586,0.7931034482758621,33,33,46075,37623,0,22,12,1.0,0,0,0,12,1188,5779.766000032425,96.32943333387375,client task timestamps,97.5,1.875,3.0,0.75,12.833333333333334,12.666666666666666,2.3333333333333335,4.375,4,4,0,23.0,Woman,Upper secondary school / High school,Native English speaker,A few times a week,5,5.0,False,False,False,False,False,False,False
6a08f7fa9599d060886bef37,reflection-task,Reflection task,2,0,1,2026-08-14T13:14:32.660385+00:00,9,75.0,12,95.08333333333333,95.66666666666667,93.33333333333333,2.333333333333343,20.08333333333333,20.08333333333333,9.0,8.0,7.0,,,8.0,7.0,6.0,89.0,70.0,-1.0,1.0,-1.0,-1.0,-1.0,17,1.4166666666666667,12,137.11764705882354,0.9411764705882353,18,18,21136,18437,0,14,12,1.0,0,0,0,12,861,7427.936000108719,123.79893333514532,client task timestamps,60.0,1.125,1.75,0.5,12.0,14.5,4.0,3.75,4,4,0,27.0,Woman,Higher tertiary education degree (Master's level),Fully fluent,A few times a week,5,5.0,False,False,False,False,False,False,False
6a20c2beaba792630fa44aea,reflection-task,Reflection task,2,0,1,2026-08-14T13:25:59.691121+00:00,6,50.0,12,70.33333333333333,70.33333333333333,70.33333333333333,0.0,20.33333333333333,20.33333333333333,10.0,9.0,6.0,70.0,75.0,8.0,7.0,6.0,63.0,40.0,2.0,2.0,-2.0,-2.0,0.0,31,2.5833333333333335,12,149.96774193548387,0.3548387096774194,32,32,30215,20559,0,30,9,1.0,0,0,0,12,1234,5158.194999933243,85.96991666555405,client task timestamps,55.0,-0.25,0.75,-1.25,12.333333333333334,14.5,3.8333333333333335,2.5,4,4,0,31.0,Woman,Lower tertiary education degree (Bachelor's level),Native English speaker,Less than once a month,2,5.0,False,False,False,False,False,False,False
697b9cf8538b1071d7c63b06,reflection-task,Reflection task,2,0,1,2026-08-14T13:49:13.961594+00:00,4,33.33333333333333,12,98.83333333333333,99.0,98.75,0.25,65.5,65.5,12.0,6.0,12.0,,,10.0,10.0,12.0,70.0,50.0,6.0,6.0,-2.0,4.0,0.0,51,4.25,12,131.4313725490196,0.9607843137254902,57,57,40948,30017,0,20,12,1.0,0,0,0,12,1831,9242.343000173569,154.03905000289282,client task timestamps,60.0,-0.75,-1.25,-0.25,15.666666666666666,16.833333333333332,4.333333333333333,1.125,4,4,0,31.0,Woman,Lower tertiary education degree (Bachelor's level),Native English speaker,Several times a day,7,5.0,False,False,False,False,False,False,False
5fbfffc4e214a60ab1b745fd,reflection-task,Reflection task,2,0,1,2026-08-16T16:22:06.601578+00:00,5,41.66666666666667,12,53.75,55.6,52.42857142857143,3.171428571428571,12.083333333333329,12.083333333333329,8.0,0.0,5.0,70.0,82.0,6.0,0.0,6.0,18.0,67.0,1.0,1.0,-2.0,0.0,1.0,23,1.9166666666666667,12,159.3913043478261,0.6086956521739131,26,26,35874,30401,0,24,12,1.0,0,0,0,12,937,2469.2139999866486,41.15356666644414,client task timestamps,82.5,0.75,3.0,-1.5,11.5,9.333333333333334,3.6666666666666665,2.875,4,4,0,29.0,Woman,Lower tertiary education degree (Bachelor's level),Native English speaker,About once a week,4,3.0,False,False,False,False,False,False,False
5b35824a975e260001e9b7a6,reflection-task,Reflection task,2,0,1,2026-08-16T16:49:59.500307+00:00,5,41.66666666666667,12,84.66666666666667,85.8,83.85714285714286,1.942857142857136,43.0,43.0,8.0,5.0,5.0,59.0,,10.0,2.0,10.0,56.0,65.0,5.0,5.0,2.0,-3.0,5.0,22,1.8333333333333333,12,199.5,0.9545454545454546,24,24,29102,22067,0,14,11,1.0,0,0,0,12,860,4468.728999853134,74.4788166642189,client task timestamps,52.5,-0.125,0.25,-0.5,14.166666666666666,15.0,4.833333333333333,3.875,4,4,0,42.0,Man,Lower tertiary education degree (Bachelor's level),Native English speaker,Several times a day,7,4.0,False,False,False,False,False,False,False
6601b76d13817c7dc3117d2a,reflection-task,Reflection task,2,0,1,2026-08-16T16:58:55.865415+00:00,6,50.0,12,83.0,84.16666666666667,81.83333333333333,2.333333333333343,33.0,33.0,9.0,4.0,10.0,31.0,66.0,8.0,3.0,9.0,54.0,64.0,2.0,2.0,-1.0,-1.0,-1.0,36,3.0,12,112.80555555555556,0.5555555555555556,40,40,32728,27369,0,32,12,1.0,0,0,0,12,1070,4937.43700003624,82.29061666727065,client task timestamps,77.5,1.25,1.5,1.0,11.5,12.0,2.3333333333333335,3.625,4,4,0,44.0,Woman,Higher tertiary education degree (Master's level),Native English speaker,Several times a day,7,4.0,False,False,False,False,False,False,False
6a00d5c573b4d9e1206e38c3,reflection-task,Reflection task,2,0,1,2026-08-16T17:02:55.413314+00:00,6,50.0,12,72.25,75.33333333333333,69.16666666666667,6.166666666666657,22.25,22.25,10.0,5.0,12.0,62.0,87.0,6.0,0.0,12.0,53.0,70.0,0.0,0.0,-4.0,-5.0,0.0,27,2.25,12,145.85185185185185,0.5925925925925926,29,29,42758,35008,0,25,12,1.0,0,0,0,12,1381,4591.690999984741,76.52818333307901,client task timestamps,52.5,1.375,3.0,-0.25,16.333333333333332,14.833333333333334,2.6666666666666665,4.25,3,4,1,30.0,Woman,Lower tertiary education degree (Bachelor's level),Fully fluent,Several times a day,7,5.0,False,False,False,False,False,False,False
6a17294fd5b8e7f50710573e,reflection-task,Reflection task,2,0,1,2026-08-16T17:04:17.543956+00:00,5,41.66666666666667,12,99.91666666666667,100.0,99.85714285714286,0.1428571428571388,58.25,58.25,12.0,6.0,10.0,0.0,20.0,12.0,0.0,10.0,0.0,15.0,7.0,7.0,0.0,-6.0,0.0,26,2.1666666666666665,12,165.69230769230768,0.5384615384615384,29,29,24642,16667,0,27,12,1.0,0,0,0,12,1256,2460.5540001392365,41.00923333565394,client task timestamps,87.5,2.0,3.0,1.0,7.833333333333333,9.333333333333334,3.5,3.5,4,4,0,26.0,Man,Higher tertiary education degree (Master's level),Fully fluent,About once a day,6,3.0,False,False,False,False,False,False,False
5a4996b835c9d50001fdcdbf,reflection-task,Reflection task,2,0,1,2026-08-16T17:25:48.491077+00:00,7,58.333333333333336,12,76.75,75.42857142857143,78.6,-3.1714285714285637,18.416666666666664,18.416666666666664,10.0,5.0,10.0,68.0,67.0,10.0,12.0,12.0,71.0,91.0,3.0,3.0,0.0,7.0,2.0,16,1.3333333333333333,12,282.75,0.875,18,18,24942,22096,0,16,12,1.0,0,0,0,12,809,3629.5039999485016,60.49173333247503,client task timestamps,70.0,2.0,2.0,2.0,10.166666666666666,11.333333333333334,3.5,3.75,4,4,0,44.0,Woman,Upper secondary school / High school,Native English speaker,A few times a week,5,4.0,False,False,False,False,False,False,False
680e37dc68c49de2410f133d,reflection-task,Reflection task,2,0,1,2026-08-16T17:35:14.119544+00:00,5,41.66666666666667,12,96.91666666666667,96.6,97.14285714285714,-0.5428571428571445,55.25,55.25,12.0,4.0,12.0,50.0,80.0,12.0,3.0,12.0,90.0,90.0,7.0,7.0,0.0,-1.0,0.0,40,3.3333333333333335,12,103.175,0.475,41,41,22236,16500,0,34,12,1.0,0,0,0,12,1336,4825.15700006485,80.41928333441416,client task timestamps,100.0,2.375,3.0,1.75,10.666666666666666,11.833333333333334,2.6666666666666665,4.0,4,4,0,51.0,Woman,Vocational college degree,Native English speaker,Several times a day,7,4.0,False,False,False,False,False,False,False
6a06f60afee0417ae606bca1,reflection-task,Reflection task,2,0,1,2026-08-16T17:42:07.884965+00:00,4,33.33333333333333,12,45.5,35.5,50.5,-15.0,12.166666666666671,12.166666666666671,8.0,5.0,12.0,32.0,71.0,7.0,1.0,12.0,70.0,85.0,3.0,3.0,-1.0,-4.0,0.0,22,1.8333333333333333,12,80.0909090909091,0.0,23,23,15537,11829,7,23,0,0.5384615384615384,0,0,0,12,816,4630.5199999809265,77.17533333301544,client task timestamps,50.0,-0.5,-1.0,0.0,11.166666666666666,10.333333333333334,2.1666666666666665,4.125,4,4,0,25.0,Man,Upper secondary school / High school,Native English speaker,Several times a day,7,2.0,False,False,False,False,False,False,False
69f51ac40b8325daeec5b518,reflection-task,Reflection task,2,0,1,2026-08-16T17:43:19.759204+00:00,5,41.66666666666667,12,99.91666666666667,100.0,99.85714285714286,0.1428571428571388,58.25,58.25,12.0,4.0,12.0,65.0,90.0,12.0,4.0,9.0,46.0,100.0,7.0,7.0,0.0,0.0,-3.0,15,1.25,12,291.1333333333333,0.9333333333333333,17,17,22844,19526,0,15,12,1.0,0,0,0,12,778,2284.071000099182,38.067850001653035,client task timestamps,87.5,1.625,2.5,0.75,7.5,10.666666666666666,3.3333333333333335,4.375,3,4,1,25.0,Woman,Vocational college degree,Fully fluent,Several times a day,7,4.0,False,False,False,False,False,False,False
6a06362b6da286172b5a7281,reflection-task,Reflection task,2,0,1,2026-08-16T17:43:45.873263+00:00,8,66.66666666666666,12,66.58333333333333,75.625,48.5,27.125,-0.0833333333333286,0.0833333333333286,8.0,6.0,4.0,60.0,55.0,7.0,5.0,8.0,45.0,64.0,-1.0,1.0,-1.0,-1.0,4.0,25,2.0833333333333335,12,69.32,0.6,26,26,22883,17267,0,23,12,1.0,0,0,0,12,973,4170.125,69.50208333333333,client task timestamps,72.5,0.0,1.0,-1.0,12.333333333333334,12.166666666666666,4.333333333333333,3.25,4,4,0,24.0,Man,Lower tertiary education degree (Bachelor's level),Native English speaker,A few times a week,5,4.0,False,False,False,False,False,False,False
67882337daf76c4bcb799f5b,reflection-task,Reflection task,2,0,1,2026-08-16T17:49:22.120447+00:00,7,58.333333333333336,12,98.33333333333333,98.85714285714286,97.6,1.2571428571428669,39.99999999999999,39.99999999999999,12.0,8.0,12.0,83.0,81.0,12.0,6.0,12.0,83.0,75.0,5.0,5.0,0.0,-2.0,0.0,40,3.3333333333333335,12,116.35,0.7,42,42,45496,34886,0,26,12,1.0,0,0,0,12,2089,2680.3289999961853,44.67214999993642,client task timestamps,72.5,0.25,1.0,-0.5,11.0,11.833333333333334,1.0,4.625,3,4,1,25.0,Man,Lower tertiary education degree (Bachelor's level),Native English speaker,Several times a day,7,4.0,False,False,False,False,False,False,False
66623e57cbfc608af24ef67a,reflection-task,Reflection task,2,0,1,2026-08-16T17:52:52.972114+00:00,3,25.0,12,89.25,99.0,86.0,13.0,64.25,64.25,12.0,12.0,12.0,,,11.0,12.0,12.0,65.0,55.0,8.0,8.0,-1.0,0.0,0.0,16,1.3333333333333333,12,201.5,0.6875,17,17,24299,18720,0,16,10,0.8666666666666667,0,0,0,12,849,3417.8600001335144,56.96433333555857,client task timestamps,42.5,-0.625,0.0,-1.25,9.833333333333334,11.666666666666666,4.666666666666667,3.625,4,4,0,26.0,Man,Lower tertiary education degree (Bachelor's level),Native English speaker,About once a day,6,3.0,False,False,False,False,False,False,False
6a1497259d26df68f0217f45,reflection-task,Reflection task,2,0,1,2026-08-16T17:55:14.299901+00:00,6,50.0,12,92.5,92.5,92.5,0.0,42.5,42.5,12.0,10.0,12.0,75.0,95.0,11.0,10.0,11.0,80.0,83.0,5.0,5.0,-1.0,0.0,-1.0,22,1.8333333333333333,12,155.3181818181818,0.5454545454545454,25,25,38339,33542,0,25,12,1.0,0,0,0,12,821,3569.614000082016,59.4935666680336,client task timestamps,72.5,1.125,2.0,0.25,11.333333333333334,12.833333333333334,4.0,3.75,4,4,0,48.0,Woman,Doctoral degree,Native English speaker,About once a week,4,5.0,False,False,False,False,False,False,False
665c302327136dcdb0c4a2e0,reflection-task,Reflection task,2,0,1,2026-08-16T17:56:11.052942+00:00,8,66.66666666666666,12,80.25,80.75,79.25,1.5,13.583333333333343,13.583333333333343,8.0,6.0,10.0,43.0,,10.0,5.0,6.0,81.0,85.0,2.0,2.0,2.0,-1.0,-4.0,24,2.0,12,162.25,0.5833333333333334,28,28,25128,19890,2,26,12,1.0,0,0,0,12,908,4272.8259999752045,71.2137666662534,client task timestamps,57.5,1.375,2.5,0.25,12.666666666666666,15.166666666666666,3.8333333333333335,4.0,4,4,0,29.0,Woman,Lower tertiary education degree (Bachelor's level),Native English speaker,A few times a week,5,5.0,False,False,False,False,False,False,False
651abcc13ecbad9f2062ac4f,reflection-task,Reflection task,2,0,1,2026-08-16T18:04:27.359560+00:00,7,58.333333333333336,12,62.666666666666664,61.57142857142857,64.2,-2.6285714285714334,4.333333333333329,4.333333333333329,8.0,3.0,8.0,,50.0,6.0,3.0,7.0,25.0,80.0,-1.0,1.0,-2.0,0.0,-1.0,27,2.25,12,164.74074074074073,0.9259259259259259,30,30,32372,26429,0,17,12,1.0,0,0,0,12,892,4395.796999931335,73.26328333218892,client task timestamps,95.0,2.0,3.0,1.0,11.833333333333334,11.666666666666666,4.833333333333333,3.625,4,4,0,59.0,Man,Vocational college degree,Native English speaker,Several times a day,7,5.0,False,False,False,False,False,False,False
637e3bedd8c3601a81a65889,reflection-task,Reflection task,2,0,1,2026-08-16T18:07:29.417836+00:00,4,33.33333333333333,12,88.75,97.0,84.625,12.375,55.41666666666667,55.41666666666667,12.0,2.0,12.0,62.0,70.0,11.0,2.0,11.0,60.0,80.0,7.0,7.0,-1.0,0.0,-1.0,20,1.6666666666666667,12,112.05,0.6,22,22,23408,17132,0,22,12,1.0,0,0,0,12,2385,4405.881000041962,73.43135000069937,client task timestamps,100.0,1.875,3.0,0.75,9.833333333333334,12.333333333333334,3.5,4.875,4,4,0,55.0,Man,Lower tertiary education degree (Bachelor's level),Native English speaker,A few times a week,5,4.0,False,False,False,False,False,False,False
6a0620a6000e5c5d2bed8b50,reflection-task,Reflection task,2,0,1,2026-08-16T18:09:06.232438+00:00,4,33.33333333333333,12,72.33333333333333,65.5,75.75,-10.25,39.0,39.0,10.0,3.0,10.0,61.0,51.0,8.0,3.0,5.0,70.0,58.0,4.0,4.0,-2.0,0.0,-5.0,31,2.5833333333333335,12,105.6774193548387,0.7419354838709677,33,33,34726,28254,0,22,12,1.0,0,0,0,12,884,5339.951999902725,88.99919999837876,client task timestamps,82.5,1.375,2.25,0.5,8.166666666666666,9.666666666666666,4.333333333333333,3.25,4,4,0,38.0,Man,Lower tertiary education degree (Bachelor's level),Native English speaker,A few times a month,3,4.0,False,False,False,False,False,False,False
6980965c3d62835f7947c33e,reflection-task,Reflection task,2,0,1,2026-08-16T18:15:38.124450+00:00,6,50.0,12,23.333333333333332,13.333333333333334,33.333333333333336,-20.0,-26.666666666666668,26.666666666666668,7.0,2.0,5.0,6.0,74.0,5.0,0.0,5.0,0.0,50.0,-1.0,1.0,-2.0,-2.0,0.0,61,5.083333333333333,12,83.88524590163935,0.8524590163934426,69,69,26574,21669,0,28,11,1.0,0,0,0,12,928,4741.921999931335,79.03203333218893,client task timestamps,35.0,-1.625,-1.75,-1.5,16.666666666666668,13.5,3.0,2.875,3,4,1,42.0,Man,Lower tertiary education degree (Bachelor's level),Native English speaker,Several times a day,7,1.0,False,False,False,False,False,False,False
66358d404b95112d53513391,reflection-task,Reflection task,2,0,1,2026-08-16T18:20:34.627908+00:00,3,25.0,12,93.91666666666667,94.33333333333333,93.77777777777777,0.5555555555555571,68.91666666666667,68.91666666666667,12.0,10.0,12.0,75.0,60.0,6.0,10.0,8.0,70.0,33.0,3.0,3.0,-6.0,0.0,-4.0,37,3.0833333333333335,12,133.05405405405406,1.0,38,38,53511,40283,0,13,12,1.0,0,0,0,12,998,5605.962000131607,93.43270000219346,client task timestamps,30.0,0.25,-0.5,1.0,13.5,14.666666666666666,4.166666666666667,2.125,4,4,0,61.0,Man,Higher tertiary education degree (Master's level),Native English speaker,Several times a day,7,5.0,False,False,False,False,False,False,False
59ff8226ab721b0001ef6e61,reflection-task,Reflection task,2,0,1,2026-08-16T18:36:41.394464+00:00,5,41.66666666666667,12,66.91666666666667,77.6,59.285714285714285,18.31428571428571,25.25,25.25,7.0,10.0,6.0,80.0,20.0,4.0,4.0,4.0,33.0,50.0,-1.0,1.0,-3.0,-6.0,-2.0,34,2.8333333333333335,12,116.58823529411765,0.0,37,37,19435,14369,0,37,0,0.5,0,0,0,12,1120,6694.225000143051,111.57041666905086,client task timestamps,72.5,-0.25,2.0,-2.5,10.666666666666666,9.5,3.0,1.875,4,4,0,47.0,Man,Upper secondary school / High school,Native English speaker,Less than once a month,2,4.0,False,False,False,False,False,False,False
63fbf0e3b18cc14adc0dbfb6,reflection-task,Reflection task,2,0,1,2026-08-16T18:37:34.948123+00:00,4,33.33333333333333,12,86.41666666666667,85.25,87.0,-1.75,53.08333333333334,53.08333333333334,10.0,8.0,11.0,61.0,74.0,10.0,10.0,11.0,65.0,92.0,6.0,6.0,0.0,2.0,0.0,14,1.1666666666666667,12,239.14285714285714,1.0,15,15,19117,15837,0,13,12,1.0,0,0,0,12,753,6033.500999927521,100.55834999879201,client task timestamps,85.0,1.0,1.25,0.75,11.0,13.166666666666666,4.166666666666667,4.125,4,4,0,56.0,Man,Lower tertiary education degree (Bachelor's level),Native English speaker,A few times a week,5,4.0,False,False,False,False,False,False,False
6a74c432d1f8e14197cba20c,reflection-task,Reflection task,2,0,1,2026-08-16T18:38:36.243525+00:00,10,83.33333333333334,12,99.16666666666667,99.1,99.5,-0.4000000000000057,15.833333333333329,15.833333333333329,10.0,5.0,9.0,51.0,72.0,12.0,6.0,12.0,80.0,73.0,2.0,2.0,2.0,1.0,3.0,19,1.5833333333333333,12,230.94736842105263,0.7894736842105263,21,21,37244,31662,10,18,12,1.0,0,0,0,12,1178,5675.62700009346,94.593783334891,client task timestamps,92.5,1.5,3.0,0.0,10.0,12.833333333333334,4.666666666666667,4.625,3,4,1,35.0,Man,Doctoral degree,Fully fluent,Several times a day,7,4.0,False,False,False,False,False,False,False
6a5f42d69b1ede78e6865ae2,reflection-task,Reflection task,2,0,1,2026-08-16T18:49:03.268680+00:00,7,58.333333333333336,12,53.083333333333336,51.57142857142857,55.2,-3.6285714285714334,-5.25,5.25,10.0,8.0,9.0,62.0,30.0,5.0,3.0,10.0,17.0,22.0,-2.0,2.0,-5.0,-5.0,1.0,70,5.833333333333333,12,84.04285714285714,0.9428571428571428,74,74,41508,15974,0,20,12,1.0,0,0,0,12,1422,10567.805000066757,176.13008333444594,client task timestamps,80.0,-0.25,2.0,-2.5,11.333333333333334,9.833333333333334,3.3333333333333335,3.25,4,4,0,21.0,Woman,Upper secondary school / High school,Fully fluent,A few times a week,5,3.0,False,False,False,False,False,False,False
6a0a1d0620ab03bd3ef2d77a,reflection-task,Reflection task,2,0,1,2026-08-16T19:28:43.450306+00:00,4,33.33333333333333,12,79.66666666666667,85.0,77.0,8.0,46.33333333333334,46.33333333333334,9.0,1.0,10.0,70.0,79.0,10.0,5.0,12.0,76.0,88.0,6.0,6.0,1.0,4.0,2.0,12,1.0,12,325.1666666666667,1.0,14,14,25242,22351,0,14,12,1.0,0,0,0,12,2065,1595.391000032425,26.589850000540416,client task timestamps,87.5,1.5,2.0,1.0,5.666666666666667,8.5,2.5,4.375,4,4,0,33.0,Woman,Doctoral degree,Native English speaker,Several times a day,7,5.0,False,False,False,False,False,False,False
6a391d8950b4a5bd0c31b39c,reflection-task,Reflection task,2,0,1,2026-08-16T19:31:11.557196+00:00,5,41.66666666666667,12,73.58333333333333,66.6,78.57142857142857,-11.971428571428575,31.916666666666657,31.916666666666657,12.0,10.0,10.0,50.0,60.0,12.0,10.0,12.0,34.0,48.0,7.0,7.0,0.0,0.0,2.0,14,1.1666666666666667,12,337.14285714285717,0.9285714285714286,16,16,20773,17480,0,15,12,1.0,0,0,0,12,1370,2076.5999999046326,34.609999998410544,client task timestamps,67.5,0.5,1.25,-0.25,16.666666666666668,17.5,3.3333333333333335,3.375,4,4,0,30.0,Woman,Lower tertiary education degree (Bachelor's level),Fully fluent,About once a day,6,5.0,False,False,False,False,False,False,False
6a024f725261d2958f108b09,reflection-task,Reflection task,2,0,1,2026-08-16T19:46:08.148768+00:00,7,58.333333333333336,12,58.583333333333336,69.85714285714286,42.8,27.057142857142864,0.25,0.25,8.0,2.0,9.0,32.0,34.0,8.0,6.0,4.0,13.0,49.0,1.0,1.0,0.0,4.0,-5.0,24,2.0,12,158.83333333333334,0.625,25,25,22869,19179,0,22,12,1.0,0,0,0,12,846,2993.6719999313354,49.89453333218892,client task timestamps,50.0,-2.5,-3.0,-2.0,7.166666666666667,6.666666666666667,2.8333333333333335,3.25,3,4,1,24.0,Woman,Lower tertiary education degree (Bachelor's level),Native English speaker,A few times a week,5,5.0,False,False,False,False,False,False,False
65099be3415f7ca701bb2a0b,reflection-task,Reflection task,2,0,1,2026-08-16T19:47:36.331332+00:00,6,50.0,12,62.333333333333336,59.833333333333336,64.83333333333333,-4.999999999999993,12.333333333333336,12.333333333333336,10.0,9.0,8.0,75.0,61.0,8.0,3.0,7.0,70.0,69.0,2.0,2.0,-2.0,-6.0,-1.0,25,2.0833333333333335,12,171.16,0.52,27,27,45186,38327,12,26,12,1.0,0,0,0,12,819,2909.9020001888275,48.49836666981379,client task timestamps,77.5,0.25,1.0,-0.5,9.333333333333334,10.833333333333334,3.6666666666666665,2.625,4,4,0,37.0,Woman,Higher tertiary education degree (Master's level),Native English speaker,A few times a week,5,2.0,False,False,False,False,False,False,False
6a04ae863ac91cfca3e95923,reflection-task,Reflection task,2,0,1,2026-08-16T19:52:22.713676+00:00,7,58.333333333333336,12,80.5,80.57142857142857,80.4,0.17142857142856371,22.166666666666664,22.166666666666664,10.0,7.0,11.0,70.0,69.0,10.0,3.0,11.0,32.0,63.0,3.0,3.0,0.0,-4.0,0.0,20,1.6666666666666667,12,254.45,0.85,21,21,36232,32820,14,18,14,1.0,0,0,0,12,1038,3069.9430000782013,51.165716667970024,client task timestamps,65.0,0.125,1.0,-0.75,14.666666666666666,15.5,2.5,3.125,4,4,0,21.0,Woman,Lower tertiary education degree (Bachelor's level),Fully fluent,A few times a week,5,4.0,False,False,False,False,False,False,False
66620cf0297a4b3c61f5a8ee,reflection-task,Reflection task,2,0,1,2026-08-16T19:56:26.770110+00:00,7,58.333333333333336,12,71.66666666666667,73.28571428571429,69.4,3.885714285714286,13.333333333333336,13.333333333333336,8.0,6.0,4.0,43.0,23.0,2.0,5.0,2.0,26.0,25.0,-5.0,5.0,-6.0,-1.0,-2.0,32,2.6666666666666665,12,65.3125,0.78125,35,35,44593,36767,0,22,12,1.0,0,0,0,12,857,3494.1370000839233,58.23561666806539,client task timestamps,30.0,-1.25,-1.5,-1.0,11.0,10.833333333333334,4.166666666666667,1.25,4,4,0,22.0,Man,Lower tertiary education degree (Bachelor's level),Native English speaker,About once a week,4,4.0,False,False,False,False,False,False,False
61fa90b1d42cb19beec491c3,reflection-task,Reflection task,2,0,1,2026-08-16T19:58:08.591371+00:00,6,50.0,12,81.0,82.83333333333333,79.16666666666667,3.666666666666657,31.0,31.0,8.0,2.0,5.0,53.0,42.0,1.0,0.0,2.0,5.0,22.0,-5.0,5.0,-7.0,-2.0,-3.0,31,2.5833333333333335,12,145.67741935483872,1.0,33,33,42506,34153,1,14,12,1.0,0,0,0,12,1744,2907.2219998836517,48.45369999806086,client task timestamps,57.5,0.125,0.75,-0.5,11.333333333333334,8.5,3.8333333333333335,2.875,4,4,0,37.0,Man,Vocational college degree,Native English speaker,About once a day,6,3.0,False,False,False,False,False,False,False
59e74a640fb3a90001bd9867,reflection-task,Reflection task,2,0,1,2026-08-16T19:58:49.123570+00:00,5,41.66666666666667,12,67.16666666666667,71.0,64.42857142857143,6.571428571428569,25.5,25.5,10.0,6.0,10.0,73.0,79.0,9.0,3.0,10.0,67.0,80.0,4.0,4.0,-1.0,-3.0,0.0,14,1.1666666666666667,12,165.57142857142858,0.5,17,17,16247,13086,0,17,7,1.0,0,0,0,12,1233,2490.5670001506805,41.50945000251134,client task timestamps,75.0,0.625,1.0,0.25,11.0,9.166666666666666,2.6666666666666665,3.75,4,4,0,40.0,Woman,Lower tertiary education degree (Bachelor's level),Native English speaker,Several times a day,7,2.0,False,False,False,False,False,False,False
6a01c9b02847d30e43b0a264,reflection-task,Reflection task,2,0,1,2026-08-16T20:01:26.663617+00:00,5,41.66666666666667,12,77.66666666666667,74.8,79.71428571428571,-4.914285714285711,36.0,36.0,12.0,2.0,11.0,65.0,80.0,10.0,1.0,10.0,66.0,85.0,5.0,5.0,-2.0,-1.0,-1.0,27,2.25,12,158.88888888888889,0.5555555555555556,29,29,45360,39988,11,26,12,1.0,0,0,0,12,949,3722.3069999217987,62.03844999869664,client task timestamps,62.5,1.875,2.0,1.75,14.5,16.333333333333332,3.5,3.875,4,4,0,50.0,Man,Lower tertiary education degree (Bachelor's level),Native English speaker,A few times a week,5,3.0,False,False,False,False,False,False,False
669e58ff5a1c84c90a37a962,reflection-task,Reflection task,2,0,1,2026-08-16T20:04:12.905356+00:00,5,41.66666666666667,12,65.66666666666667,80.0,55.42857142857143,24.57142857142857,24.0,24.0,8.0,3.0,8.0,24.0,63.0,8.0,2.0,8.0,13.0,57.0,3.0,3.0,0.0,-1.0,0.0,25,2.0833333333333335,12,171.32,0.52,27,27,29544,24508,0,26,12,1.0,0,0,0,12,870,3759.580999851227,62.65968333085378,client task timestamps,67.5,0.125,-0.25,0.5,16.666666666666668,13.833333333333334,4.0,3.625,4,4,0,53.0,Woman,Doctoral degree,Native English speaker,Several times a day,7,4.0,False,False,False,False,False,False,False
6a0e0a7870eacd91539865bd,reflection-task,Reflection task,2,0,1,2026-08-16T20:15:40.365885+00:00,5,41.66666666666667,12,94.91666666666667,96.2,94.0,2.200000000000003,53.25,53.25,12.0,10.0,11.0,90.0,90.0,12.0,4.0,3.0,93.0,15.0,7.0,7.0,0.0,-6.0,-8.0,13,1.0833333333333333,12,321.2307692307692,1.0,14,14,16051,13322,0,13,12,1.0,0,0,0,12,906,4269.210999965668,71.15351666609446,client task timestamps,47.5,-0.875,-1.5,-0.25,11.833333333333334,14.666666666666666,3.5,2.5,4,4,0,29.0,Man,Lower tertiary education degree (Bachelor's level),Native English speaker,Several times a day,7,5.0,False,False,False,False,False,False,False
673b604f831846c9a2e2d0e6,reflection-task,Reflection task,2,0,1,2026-08-16T20:18:33.113456+00:00,5,41.66666666666667,12,76.66666666666667,80.4,74.0,6.400000000000006,35.0,35.0,7.0,6.0,6.0,58.0,30.0,7.0,4.0,9.0,63.0,60.0,2.0,2.0,0.0,-2.0,3.0,14,1.1666666666666667,12,327.92857142857144,1.0,16,16,23326,20470,0,14,12,1.0,0,0,0,12,723,3625.529000043869,60.42548333406448,client task timestamps,57.5,0.75,1.75,-0.25,14.5,13.666666666666666,3.5,3.125,4,4,0,27.0,Woman,Higher tertiary education degree (Master's level),Native English speaker,Several times a day,7,3.0,False,False,False,False,False,False,False
6a0779a03984ef197bcbae39,reflection-task,Reflection task,2,0,1,2026-08-16T20:27:13.362852+00:00,6,50.0,12,58.583333333333336,76.83333333333333,40.333333333333336,36.49999999999999,8.583333333333336,8.583333333333336,6.0,3.0,12.0,24.0,66.0,11.0,1.0,12.0,19.0,86.0,5.0,5.0,5.0,-2.0,0.0,25,2.0833333333333335,12,174.36,0.52,28,28,27033,22469,0,27,12,1.0,0,0,0,12,1163,4985.9619998931885,83.09936666488647,client task timestamps,72.5,1.25,1.75,0.75,16.5,15.666666666666666,2.3333333333333335,3.75,4,4,0,42.0,Woman,Higher tertiary education degree (Master's level),Native English speaker,About once a day,6,5.0,False,False,False,False,False,False,False
69f5a188951962a8f4061267,reflection-task,Reflection task,2,0,1,2026-08-16T20:27:47.276482+00:00,6,50.0,12,74.58333333333333,78.83333333333333,70.33333333333333,8.5,24.58333333333333,24.58333333333333,11.0,7.0,10.0,69.0,,7.0,6.0,10.0,64.0,70.0,1.0,1.0,-4.0,-1.0,0.0,44,3.6666666666666665,12,68.38636363636364,0.75,49,49,47049,34837,0,27,11,1.0,0,0,0,12,883,5113.634999990463,85.22724999984105,client task timestamps,67.5,2.75,3.0,2.5,14.666666666666666,15.5,4.666666666666667,4.5,4,4,0,40.0,Man,Lower tertiary education degree (Bachelor's level),Native English speaker,About once a day,6,5.0,False,False,False,False,False,False,False
5b898547990403000114de1d,reflection-task,Reflection task,2,0,1,2026-08-16T20:29:53.251291+00:00,4,33.33333333333333,12,79.75,84.25,77.5,6.75,46.41666666666667,46.41666666666667,9.0,5.0,9.0,60.0,84.0,12.0,4.0,12.0,83.0,87.0,8.0,8.0,3.0,-1.0,3.0,28,2.3333333333333335,12,155.39285714285714,0.4642857142857143,30,30,21267,17957,0,29,12,1.0,0,0,0,12,821,4897.042000055313,81.61736666758856,client task timestamps,92.5,2.0,2.75,1.25,11.666666666666666,12.833333333333334,3.1666666666666665,4.5,4,4,0,52.0,Woman,Vocational college degree,Native English speaker,About once a day,6,4.0,False,False,False,False,False,False,False
6a0e3b3d4d59d3110d005558,reflection-task,Reflection task,2,0,1,2026-08-16T20:31:30.112494+00:00,2,16.666666666666664,12,75.58333333333333,90.0,72.7,17.299999999999997,58.916666666666664,58.916666666666664,9.0,3.0,6.0,52.0,100.0,6.0,1.0,6.0,52.0,58.0,4.0,4.0,-3.0,-2.0,0.0,43,3.5833333333333335,12,45.74418604651163,0.6976744186046512,44,44,38311,31002,0,24,10,1.0,0,0,0,12,1412,5143.125,85.71875,client task timestamps,82.5,-0.5,-1.25,0.25,9.833333333333334,9.333333333333334,3.0,3.0,4,4,0,56.0,Woman,Higher tertiary education degree (Master's level),Native English speaker,A few times a week,5,4.0,False,False,False,False,False,False,False
686fd6f304b7e79b97c978e6,reflection-task,Reflection task,2,0,1,2026-08-16T20:32:43.631947+00:00,5,41.66666666666667,12,98.58333333333333,98.2,98.85714285714286,-0.6571428571428584,56.91666666666666,56.91666666666666,8.0,2.0,6.0,,,12.0,4.0,12.0,88.0,80.0,7.0,7.0,4.0,2.0,6.0,13,1.0833333333333333,12,318.2307692307692,1.0,14,14,29880,27548,10,13,12,1.0,0,0,0,12,1932,5079.648999929428,84.66081666549047,client task timestamps,90.0,2.25,1.5,3.0,18.0,16.5,4.666666666666667,4.625,4,4,0,47.0,Man,Doctoral degree,Fully fluent,Several times a day,7,4.0,False,False,False,False,False,False,False
6a1f209b48870c2ea2929806,reflection-task,Reflection task,2,0,1,2026-08-16T20:32:44.227725+00:00,4,33.33333333333333,12,59.25,61.5,58.125,3.375,25.91666666666667,25.91666666666667,10.0,10.0,6.0,65.0,50.0,3.0,1.0,6.0,9.0,76.0,-1.0,1.0,-7.0,-9.0,0.0,62,5.166666666666667,12,30.096774193548388,0.04838709677419355,66,66,23471,13601,0,65,2,0.7692307692307693,0,0,0,12,980,5133.697999954224,85.5616333325704,client task timestamps,80.0,1.375,1.75,1.0,16.833333333333332,13.666666666666666,4.666666666666667,2.625,4,4,0,26.0,Woman,Lower tertiary education degree (Bachelor's level),Native English speaker,A few times a week,5,1.0,False,False,False,False,False,False,False
6a0cb91d88188266d77554d9,reflection-task,Reflection task,2,0,1,2026-08-16T20:38:16.110385+00:00,6,50.0,12,100.0,100.0,100.0,0.0,50.0,50.0,12.0,12.0,12.0,100.0,90.0,12.0,12.0,12.0,100.0,100.0,6.0,6.0,0.0,0.0,0.0,14,1.1666666666666667,12,203.14285714285714,1.0,16,16,27592,24547,4,14,12,1.0,0,0,0,12,256,1520.8740000724792,25.347900001207986,client task timestamps,90.0,1.75,3.0,0.5,2.5,5.666666666666667,4.333333333333333,4.75,4,4,0,27.0,Man,Vocational college degree,Native English speaker,Several times a day,7,3.0,False,False,False,False,False,False,False
5e695632d40a492070942196,reflection-task,Reflection task,2,0,1,2026-08-16T20:42:48.233314+00:00,2,16.666666666666664,12,95.91666666666667,99.0,95.3,3.700000000000003,79.25,79.25,6.0,4.0,11.0,73.0,92.0,4.0,2.0,11.0,79.0,72.0,2.0,2.0,-2.0,-2.0,0.0,29,2.4166666666666665,12,115.10344827586206,0.0,30,30,23074,17266,0,30,0,0.5,0,0,0,12,791,5452.671000003815,90.87785000006357,client task timestamps,97.5,2.75,3.0,2.5,8.333333333333334,8.166666666666666,4.0,3.875,4,4,0,55.0,Woman,Lower tertiary education degree (Bachelor's level),Native English speaker,A few times a week,5,5.0,False,False,False,False,False,False,False
6346e69ebd7bbf2cda8fa8e0,reflection-task,Reflection task,2,0,1,2026-08-16T20:48:09.805704+00:00,6,50.0,12,63.583333333333336,66.16666666666667,61.0,5.166666666666671,13.583333333333336,13.583333333333336,10.0,6.0,10.0,30.0,89.0,8.0,1.0,10.0,51.0,90.0,2.0,2.0,-2.0,-5.0,0.0,19,1.5833333333333333,12,101.36842105263158,0.8947368421052632,20,20,23993,21134,0,15,12,1.0,0,0,0,12,964,3150.1240000724792,52.50206666787465,client task timestamps,82.5,1.375,2.5,0.25,11.833333333333334,12.0,2.6666666666666665,4.375,4,4,0,30.0,Man,Lower tertiary education degree (Bachelor's level),Native English speaker,About once a week,4,3.0,False,False,False,False,False,False,False
6a0f4a69f9ccf5a7b2a53a31,reflection-task,Reflection task,2,0,1,2026-08-16T20:53:45.837362+00:00,3,25.0,12,41.333333333333336,25.666666666666668,46.55555555555556,-20.88888888888889,16.333333333333336,16.333333333333336,2.0,4.0,10.0,41.0,64.0,9.0,1.0,10.0,37.0,38.0,6.0,6.0,7.0,-3.0,0.0,20,1.6666666666666667,12,138.6,0.7,21,21,31585,27862,5,19,12,1.0,0,0,0,12,2468,2150.1080000400543,35.83513333400091,client task timestamps,67.5,1.375,1.75,1.0,10.5,11.333333333333334,4.0,4.125,4,4,0,20.0,Woman,Vocational college degree,Native English speaker,About once a day,6,4.0,False,False,False,False,False,False,False
5cb6a087c515b0001a70d108,reflection-task,Reflection task,2,0,1,2026-08-16T20:55:40.019857+00:00,3,25.0,12,92.66666666666667,84.33333333333333,95.44444444444444,-11.111111111111114,67.66666666666667,67.66666666666667,3.0,4.0,5.0,,,12.0,3.0,8.0,100.0,78.0,9.0,9.0,9.0,-1.0,3.0,16,1.3333333333333333,12,74.75,1.0,17,17,8520,7308,0,13,12,1.0,0,0,0,12,795,1557.7289998531342,25.962149997552235,client task timestamps,100.0,3.0,3.0,3.0,7.0,9.833333333333334,5.0,4.0,4,4,0,33.0,Woman,Vocational college degree,Native English speaker,A few times a week,5,1.0,False,False,False,False,False,False,False
6a00cc06a18f6650215fb5b2,reflection-task,Reflection task,2,0,1,2026-08-16T21:01:26.887761+00:00,3,25.0,12,98.91666666666667,100.0,98.55555555555556,1.4444444444444429,73.91666666666667,73.91666666666667,12.0,6.0,12.0,42.0,71.0,10.0,2.0,6.0,80.0,55.0,7.0,7.0,-2.0,-4.0,-6.0,19,1.5833333333333333,12,205.73684210526315,1.0,21,21,30503,25921,0,14,12,1.0,0,0,0,12,1427,2858.5190000534058,47.64198333422343,client task timestamps,85.0,0.75,2.25,-0.75,8.5,8.666666666666666,3.8333333333333335,3.375,4,4,0,40.0,Man,Upper secondary school / High school,Native English speaker,Several times a day,7,4.0,False,False,False,False,False,False,False
6a1efce6eacd6a04721457bb,reflection-task,Reflection task,2,0,1,2026-08-16T21:03:00.813793+00:00,8,66.66666666666666,12,93.25,97.5,84.75,12.75,26.583333333333343,26.583333333333343,12.0,8.0,12.0,,,10.0,2.0,12.0,60.0,65.0,2.0,2.0,-2.0,-6.0,0.0,24,2.0,12,176.33333333333334,0.5416666666666666,25,25,25915,21593,2,24,12,1.0,0,0,0,12,1172,2771.8470001220703,46.19745000203451,client task timestamps,75.0,1.625,2.25,1.0,6.666666666666667,6.833333333333333,2.8333333333333335,4.0,4,4,0,28.0,Woman,Lower tertiary education degree (Bachelor's level),Native English speaker,About once a day,6,4.0,False,False,False,False,False,False,False
6736f802bbe77d3d5eb07ca4,reflection-task,Reflection task,2,0,1,2026-08-16T21:03:13.707025+00:00,4,33.33333333333333,12,83.41666666666667,98.5,75.875,22.625,50.08333333333334,50.08333333333334,6.0,2.0,7.0,52.0,78.0,8.0,2.0,8.0,71.0,74.0,4.0,4.0,2.0,0.0,1.0,17,1.4166666666666667,12,258.47058823529414,0.8235294117647058,18,18,25929,22478,0,16,12,1.0,0,0,0,12,845,2645.0839998722076,44.08473333120346,client task timestamps,92.5,2.0,2.5,1.5,5.333333333333333,6.166666666666667,3.8333333333333335,4.5,3,4,1,46.0,Man,Higher tertiary education degree (Master's level),Native English speaker,About once a day,6,2.0,False,False,False,False,False,False,False
69fcc7490d4d25bd8b8260d0,reflection-task,Reflection task,2,0,1,2026-08-16T21:03:55.753613+00:00,6,50.0,12,98.91666666666667,99.0,98.83333333333333,0.1666666666666714,48.91666666666667,48.91666666666667,12.0,6.0,8.0,60.0,51.0,10.0,4.0,5.0,67.0,50.0,4.0,4.0,-2.0,-2.0,-3.0,24,2.0,12,162.29166666666666,0.9583333333333334,25,25,23761,19383,0,14,12,1.0,0,0,0,12,2496,2796.8359999656677,46.61393333276113,client task timestamps,30.0,-0.625,0.0,-1.25,9.5,12.333333333333334,3.5,3.875,4,4,0,18.0,Man,Upper secondary school / High school,Native English speaker,A few times a week,5,5.0,False,False,False,False,False,False,False
6a00f5017f05cbe927628050,reflection-task,Reflection task,2,0,1,2026-08-16T21:06:48.548382+00:00,5,41.66666666666667,12,97.5,95.6,98.85714285714286,-3.257142857142867,55.83333333333333,55.83333333333333,12.0,8.0,12.0,62.0,24.0,12.0,3.0,12.0,100.0,100.0,7.0,7.0,0.0,-5.0,0.0,24,2.0,12,180.125,0.5,26,26,39322,33480,5,26,12,1.0,0,0,0,12,840,3112.2330000400543,51.87055000066757,client task timestamps,97.5,0.875,0.5,1.25,1.8333333333333333,5.0,3.3333333333333335,4.5,4,4,0,39.0,Man,Upper secondary school / High school,Native English speaker,About once a day,6,3.0,False,False,False,False,False,False,False
5bdc609519b9ba000157d122,reflection-task,Reflection task,2,0,1,2026-08-16T21:11:39.761789+00:00,4,33.33333333333333,12,79.5,68.25,85.125,-16.875,46.16666666666667,46.16666666666667,12.0,11.0,12.0,90.0,27.0,9.0,2.0,12.0,50.0,61.0,5.0,5.0,-3.0,-9.0,0.0,15,1.25,12,245.8,0.8666666666666667,18,18,28549,25497,1,17,12,1.0,0,0,0,12,1117,3426.794000148773,57.113233335812886,client task timestamps,60.0,-0.75,-0.25,-1.25,10.5,11.666666666666666,3.8333333333333335,3.625,4,4,0,25.0,Man,Higher tertiary education degree (Master's level),Native English speaker,A few times a week,5,4.0,False,False,False,False,False,False,False
6a1dbe60c18ee2a0e3be9960,reflection-task,Reflection task,2,0,1,2026-08-16T21:11:59.434391+00:00,4,33.33333333333333,12,53.666666666666664,51.0,55.0,-4.0,20.333333333333336,20.333333333333336,5.0,1.0,10.0,36.0,80.0,8.0,3.0,12.0,22.0,78.0,4.0,4.0,3.0,2.0,2.0,25,2.0833333333333335,12,183.04,0.48,26,26,25426,19415,0,26,12,1.0,0,0,0,12,1587,2993.986999988556,49.8997833331426,client task timestamps,80.0,2.125,1.75,2.5,13.166666666666666,12.333333333333334,3.6666666666666665,3.875,3,4,1,42.0,Woman,Vocational college degree,Native English speaker,Several times a day,7,2.0,False,False,False,False,False,False,False
69161c55f85eb185becef67b,reflection-task,Reflection task,2,0,1,2026-08-16T21:12:33.021417+00:00,3,25.0,12,29.083333333333332,35.666666666666664,26.88888888888889,8.777777777777775,4.083333333333332,4.083333333333332,10.0,8.0,6.0,67.0,50.0,6.0,3.0,5.0,32.0,51.0,3.0,3.0,-4.0,-5.0,-1.0,46,3.8333333333333335,12,55.23913043478261,0.34782608695652173,48,48,32550,20520,0,38,6,1.0,0,0,0,12,766,2822.5599999427795,47.04266666571299,client task timestamps,65.0,-0.125,1.0,-1.25,9.0,7.166666666666667,3.8333333333333335,2.75,4,4,0,23.0,Man,Lower tertiary education degree (Bachelor's level),Native English speaker,Never,1,2.0,False,False,False,False,False,False,False
66d753769fda18f114e0e534,reflection-task,Reflection task,2,0,1,2026-08-16T21:15:13.733873+00:00,3,25.0,12,47.75,49.333333333333336,47.22222222222222,2.1111111111111143,22.75,22.75,12.0,6.0,12.0,30.0,49.0,12.0,6.0,12.0,47.0,53.0,9.0,9.0,0.0,0.0,0.0,20,1.6666666666666667,12,158.6,0.6,21,21,18752,15482,0,20,11,1.0,0,0,0,12,116,2532.03200006485,42.20053333441417,client task timestamps,52.5,-0.25,0.0,-0.5,8.833333333333334,9.333333333333334,2.6666666666666665,3.0,3,4,1,54.0,Woman,Higher tertiary education degree (Master's level),Native English speaker,A few times a week,5,3.0,False,False,False,False,False,False,False
5d20f6cbc1dc1c0001162dd5,reflection-task,Reflection task,2,0,1,2026-08-16T21:15:38.324856+00:00,6,50.0,12,96.91666666666667,97.66666666666667,96.16666666666667,1.5,46.91666666666667,46.91666666666667,10.0,2.0,10.0,49.0,,12.0,2.0,12.0,74.0,69.0,6.0,6.0,2.0,0.0,2.0,25,2.0833333333333335,12,152.92,0.6,27,27,37875,33284,9,24,12,1.0,0,0,0,12,1484,4739.983000040054,78.99971666733424,client task timestamps,67.5,2.0,2.75,1.25,13.333333333333334,13.833333333333334,4.0,3.875,4,4,0,38.0,Woman,Lower tertiary education degree (Bachelor's level),Native English speaker,Several times a day,7,4.0,False,False,False,False,False,False,False
6a0700dd7ae6caa65ab25c47,reflection-task,Reflection task,2,0,1,2026-08-16T21:17:35.154844+00:00,6,50.0,12,59.333333333333336,60.166666666666664,58.5,1.6666666666666643,9.333333333333336,9.333333333333336,9.0,4.0,7.0,77.0,66.0,6.0,3.0,8.0,45.0,52.0,0.0,0.0,-3.0,-1.0,1.0,35,2.9166666666666665,12,132.82857142857142,0.6,37,37,29873,19083,0,28,12,1.0,0,0,0,12,980,3267.834000110626,54.46390000184377,client task timestamps,70.0,0.0,0.75,-0.75,14.666666666666666,13.166666666666666,3.5,2.75,4,4,0,27.0,Man,Higher tertiary education degree (Master's level),Native English speaker,A few times a week,5,2.0,False,False,False,False,False,False,False
60f5d1dfd8ff71196982160b,reflection-task,Reflection task,2,0,1,2026-08-16T21:18:01.892566+00:00,5,41.66666666666667,12,83.33333333333333,89.4,79.0,10.400000000000006,41.66666666666666,41.66666666666666,12.0,4.0,12.0,50.0,60.0,10.0,0.0,10.0,39.0,38.0,5.0,5.0,-2.0,-4.0,-2.0,40,3.3333333333333335,12,97.45,0.6,42,42,58527,46465,8,31,13,1.0,0,0,0,12,856,3527.0060000419617,58.78343333403269,client task timestamps,80.0,1.125,1.25,1.0,7.666666666666667,8.833333333333334,2.3333333333333335,3.75,4,4,0,53.0,Man,Lower tertiary education degree (Bachelor's level),Native English speaker,Several times a day,7,5.0,False,False,False,False,False,False,False
6a15c26368d15a5feacfdd52,reflection-task,Reflection task,2,0,1,2026-08-16T21:18:57.867156+00:00,4,33.33333333333333,12,60.0,60.0,60.0,0.0,26.66666666666667,26.66666666666667,12.0,10.0,12.0,82.0,81.0,5.0,1.0,6.0,23.0,82.0,1.0,1.0,-7.0,-9.0,-6.0,25,2.0833333333333335,12,71.68,0.84,27,27,18892,16846,0,18,12,1.0,0,0,0,12,1086,4146.765999794006,69.11276666323344,client task timestamps,27.5,-1.75,-1.5,-2.0,10.166666666666666,12.333333333333334,2.0,3.125,4,4,0,22.0,Woman,Lower tertiary education degree (Bachelor's level),Native English speaker,About once a week,4,3.0,False,False,False,False,False,False,False
612198f856c9f4f2f02f7046,reflection-task,Reflection task,2,0,1,2026-08-16T21:22:16.947529+00:00,7,58.333333333333336,12,58.083333333333336,53.857142857142854,64.0,-10.142857142857146,-0.25,0.25,10.0,3.0,5.0,40.0,70.0,6.0,1.0,7.0,9.0,60.0,-1.0,1.0,-4.0,-2.0,2.0,25,2.0833333333333335,12,171.44,0.64,26,26,34684,30336,5,22,12,1.0,0,0,0,12,836,3154.5209999084473,52.575349998474124,client task timestamps,87.5,1.375,1.0,1.75,8.833333333333334,7.0,2.5,4.375,4,4,0,28.0,Woman,Lower tertiary education degree (Bachelor's level),Native English speaker,Several times a day,7,5.0,False,False,False,False,False,False,False
69fc7f3c38ab2a03de2b881e,reflection-task,Reflection task,2,0,1,2026-08-16T21:23:52.839138+00:00,8,66.66666666666666,12,78.91666666666667,74.375,88.0,-13.625,12.250000000000014,12.250000000000014,10.0,8.0,11.0,42.0,73.0,10.0,10.0,11.0,45.0,71.0,2.0,2.0,0.0,2.0,0.0,37,3.0833333333333335,12,93.10810810810811,0.6216216216216216,39,39,25964,18688,0,28,12,1.0,0,0,0,12,849,4085.2539999485016,68.08756666580835,client task timestamps,72.5,0.75,1.5,0.0,9.666666666666666,10.833333333333334,3.6666666666666665,3.625,4,4,0,34.0,Man,Higher tertiary education degree (Master's level),Native English speaker,About once a day,6,4.0,False,False,False,False,False,False,False
5ec3bcec194de722b74d9533,reflection-task,Reflection task,2,0,1,2026-08-16T21:28:55.011498+00:00,5,41.66666666666667,12,89.75,90.4,89.28571428571429,1.1142857142857139,48.08333333333333,48.08333333333333,10.0,10.0,11.0,35.0,50.0,10.0,3.0,11.0,81.0,90.0,5.0,5.0,0.0,-7.0,0.0,30,2.5,12,155.93333333333334,0.9333333333333333,33,33,34657,29434,0,17,12,1.0,0,0,0,12,1146,4345.158999919891,72.41931666533152,client task timestamps,95.0,2.75,3.0,2.5,9.5,11.0,5.0,3.625,4,4,0,36.0,Man,Lower tertiary education degree (Bachelor's level),Native English speaker,Several times a day,7,5.0,False,False,False,False,False,False,False
6140ce04fc55c3149baf0f8b,reflection-task,Reflection task,2,0,1,2026-08-16T21:29:28.087823+00:00,5,41.66666666666667,12,92.83333333333333,98.8,88.57142857142857,10.228571428571428,51.16666666666666,51.16666666666666,12.0,7.0,12.0,51.0,29.0,8.0,5.0,9.0,80.0,20.0,3.0,3.0,-4.0,-2.0,-3.0,54,4.5,12,92.66666666666667,0.6666666666666666,57,57,34743,22415,0,33,12,1.0,0,0,0,12,1339,4163.3659999370575,69.3894333322843,client task timestamps,87.5,2.75,2.75,2.75,16.0,17.5,4.666666666666667,4.25,4,4,0,47.0,Woman,Lower tertiary education degree (Bachelor's level),Native English speaker,Several times a day,7,5.0,False,False,False,False,False,False,False
6a21bca6b2d44f85d2956acb,reflection-task,Reflection task,2,0,1,2026-08-16T21:34:02.366503+00:00,6,50.0,12,60.916666666666664,53.333333333333336,68.5,-15.166666666666664,10.916666666666664,10.916666666666664,6.0,2.0,8.0,45.0,50.0,6.0,1.0,12.0,9.0,75.0,0.0,0.0,0.0,-1.0,4.0,24,2.0,12,167.75,1.0,25,25,21897,17965,0,13,12,1.0,0,0,0,12,1029,4529.032999992371,75.48388333320618,client task timestamps,52.5,-1.0,0.75,-2.75,17.0,15.166666666666666,1.3333333333333333,3.375,4,4,0,23.0,Woman,Vocational college degree,Native English speaker,About once a day,6,3.0,False,False,False,False,False,False,False
5883d68d300c0b000113db56,reflection-task,Reflection task,2,0,1,2026-08-16T21:34:29.563356+00:00,3,25.0,12,87.75,88.66666666666667,87.44444444444444,1.2222222222222285,62.75,62.75,10.0,2.0,10.0,9.0,62.0,10.0,2.0,12.0,10.0,86.0,7.0,7.0,0.0,0.0,2.0,28,2.3333333333333335,12,97.5,0.42857142857142855,30,30,26471,22758,0,30,12,1.0,0,0,0,12,1012,4177.3949999809265,69.6232499996821,client task timestamps,97.5,2.125,3.0,1.25,7.5,8.666666666666666,2.0,4.625,4,4,0,54.0,Woman,Lower tertiary education degree (Bachelor's level),Native English speaker,A few times a week,5,4.0,False,False,False,False,False,False,False
67269f439696d166fbb74e09,reflection-task,Reflection task,2,0,1,2026-08-16T21:35:18.269810+00:00,3,25.0,12,84.16666666666667,83.66666666666667,84.33333333333333,-0.6666666666666572,59.16666666666667,59.16666666666667,9.0,6.0,7.0,61.0,50.0,9.0,4.0,6.0,77.0,40.0,6.0,6.0,0.0,-2.0,-1.0,29,2.4166666666666665,12,165.48275862068965,0.5862068965517241,31,31,34263,28362,0,26,12,1.0,0,0,0,12,841,3322.8120000362396,55.38020000060399,client task timestamps,87.5,2.125,2.75,1.5,13.666666666666666,14.5,4.166666666666667,4.25,4,4,0,24.0,Man,Lower tertiary education degree (Bachelor's level),Fully fluent,Several times a day,7,5.0,False,False,False,False,False,False,False
6a1c823e2fcad33e33e5c7f9,reflection-task,Reflection task,2,0,1,2026-08-16T21:36:10.564290+00:00,6,50.0,12,90.66666666666667,92.5,88.83333333333333,3.6666666666666714,40.66666666666667,40.66666666666667,,,,,,10.0,8.0,6.0,83.0,68.0,4.0,4.0,,,,16,1.3333333333333333,12,271.4375,1.0,17,17,25514,20654,0,13,12,1.0,0,0,0,12,961,5125.853999853134,85.43089999755223,client task timestamps,57.5,1.0,1.5,0.5,10.666666666666666,12.5,3.5,3.75,4,4,0,24.0,Woman,Higher tertiary education degree (Master's level),Fully fluent,Several times a day,7,3.0,False,False,False,False,False,False,False
69c2c2e3d95e188fd657d9db,reflection-task,Reflection task,2,0,1,2026-08-16T21:37:04.928816+00:00,7,58.333333333333336,12,77.41666666666667,77.85714285714286,76.8,1.057142857142864,19.083333333333336,19.083333333333336,8.0,6.0,4.0,72.0,57.0,8.0,8.0,6.0,68.0,58.0,1.0,1.0,0.0,2.0,2.0,19,1.5833333333333333,12,217.0,1.0,20,20,46498,39445,7,13,12,1.0,0,0,0,12,2352,6681.766000032425,111.36276666720708,client task timestamps,82.5,1.25,2.75,-0.25,15.166666666666666,15.333333333333334,4.0,3.25,4,4,0,33.0,Man,Doctoral degree,Conversationally fluent,Several times a day,7,4.0,False,False,False,False,False,False,False
6165467eb6321c819c2edb0a,reflection-task,Reflection task,2,0,1,2026-08-16T21:39:38.020627+00:00,7,58.333333333333336,12,34.416666666666664,41.285714285714285,24.8,16.485714285714284,-23.91666666666667,23.91666666666667,8.0,4.0,9.0,61.0,90.0,5.0,2.0,8.0,18.0,74.0,-2.0,2.0,-3.0,-2.0,-1.0,29,2.4166666666666665,12,151.51724137931035,0.9655172413793104,30,30,28144,23653,0,14,12,1.0,0,0,0,12,1313,5241.604000091553,87.36006666819254,client task timestamps,80.0,0.5,1.75,-0.75,13.5,11.333333333333334,2.5,4.25,4,4,0,24.0,Woman,Lower tertiary education degree (Bachelor's level),Native English speaker,About once a week,4,4.0,False,False,False,False,False,False,False
6a74c64e0aadf8f52443868a,reflection-task,Reflection task,2,0,1,2026-08-16T21:41:24.634304+00:00,7,58.333333333333336,12,83.33333333333333,83.71428571428571,82.8,0.914285714285711,24.999999999999993,24.999999999999993,6.0,10.0,3.0,85.0,75.0,6.0,2.0,3.0,58.0,65.0,-1.0,1.0,0.0,-8.0,0.0,45,3.75,12,106.08888888888889,1.0,49,49,73032,56096,0,14,12,1.0,0,0,0,12,844,5116.125,85.26875,client task timestamps,50.0,0.0,0.0,0.0,14.666666666666666,15.166666666666666,3.0,3.0,3,4,1,34.0,Man,Doctoral degree,Fully fluent,Several times a day,7,4.0,False,False,False,False,False,False,False
69efb9b420360a885dd4433c,reflection-task,Reflection task,2,0,1,2026-08-16T21:42:18.114769+00:00,7,58.333333333333336,12,47.666666666666664,47.285714285714285,48.2,-0.9142857142857181,-10.666666666666671,10.666666666666671,6.0,10.0,9.0,81.0,59.0,9.0,2.0,8.0,23.0,62.0,2.0,2.0,3.0,-8.0,-1.0,19,1.5833333333333333,12,154.89473684210526,0.7368421052631579,22,22,22625,19108,0,20,12,1.0,0,0,0,12,990,3906.6050000190735,65.11008333365122,client task timestamps,45.0,-0.375,-1.25,0.5,14.5,13.666666666666666,3.0,2.125,3,4,1,45.0,Woman,Higher tertiary education degree (Master's level),Native English speaker,About once a day,6,4.0,False,False,False,False,False,False,False
5a7226d9f660ae0001a9a547,reflection-task,Reflection task,2,0,1,2026-08-16T21:43:33.706293+00:00,7,58.333333333333336,12,95.58333333333333,96.28571428571429,94.6,1.6857142857142975,37.24999999999999,37.24999999999999,10.0,8.0,10.0,0.0,0.0,10.0,4.0,12.0,0.0,20.0,3.0,3.0,0.0,-4.0,2.0,36,3.0,12,73.88888888888889,0.7777777777777778,39,39,33892,23316,0,23,12,1.0,0,0,0,12,909,4868.721999883652,81.14536666472753,client task timestamps,100.0,2.75,3.0,2.5,11.333333333333334,12.5,1.0,4.75,4,4,0,27.0,Woman,Upper secondary school / High school,Native English speaker,A few times a week,5,5.0,False,False,False,False,False,False,False
60f816ff1fa74fcfab532378,reflection-task,Reflection task,2,0,1,2026-08-16T21:43:37.310582+00:00,8,66.66666666666666,12,86.25,92.25,74.25,18.0,19.583333333333343,19.583333333333343,10.0,2.0,10.0,,,10.0,2.0,12.0,35.0,88.0,2.0,2.0,0.0,0.0,2.0,40,3.3333333333333335,12,97.075,0.15,42,42,45649,37002,9,41,5,1.0,0,0,0,12,1715,5594.026999950409,93.23378333250682,client task timestamps,82.5,1.125,2.5,-0.25,12.333333333333334,13.5,4.166666666666667,4.5,4,4,0,31.0,Woman,Lower tertiary education degree (Bachelor's level),Native English speaker,Never,1,1.0,False,False,False,False,False,False,False
66598c98a133d3735cdc4fdc,reflection-task,Reflection task,2,0,1,2026-08-16T21:43:46.084965+00:00,7,58.333333333333336,12,50.416666666666664,48.714285714285715,52.8,-4.085714285714282,-7.916666666666671,7.916666666666671,8.0,2.0,8.0,81.0,83.0,10.0,0.0,10.0,50.0,50.0,3.0,3.0,2.0,-2.0,2.0,26,2.1666666666666665,12,157.46153846153845,0.5,29,29,22039,15922,0,28,12,1.0,0,0,0,12,1203,5533.227999925613,92.22046666542688,client task timestamps,70.0,0.25,1.0,-0.5,9.333333333333334,8.5,2.6666666666666665,3.25,4,4,0,31.0,Woman,Higher tertiary education degree (Master's level),Native English speaker,Several times a day,7,2.0,False,False,False,False,False,False,False
66def1304e37adb3349f648f,reflection-task,Reflection task,2,0,1,2026-08-16T21:46:14.499975+00:00,6,50.0,12,94.75,95.66666666666667,93.83333333333333,1.8333333333333428,44.75,44.75,11.0,5.0,9.0,25.0,40.0,12.0,3.0,10.0,27.0,45.0,6.0,6.0,1.0,-2.0,1.0,24,2.0,12,178.20833333333334,0.5,26,26,32109,27169,0,26,12,1.0,0,0,0,12,751,4958.441999912262,82.6406999985377,client task timestamps,60.0,0.375,1.5,-0.75,13.5,16.666666666666668,1.1666666666666667,2.375,4,4,0,42.0,Woman,Upper secondary school / High school,Fully fluent,A few times a week,5,3.0,False,False,False,False,False,False,False
69f226b2032dea50182cbd55,reflection-task,Reflection task,2,0,1,2026-08-16T21:57:04.604658+00:00,6,50.0,12,85.75,86.16666666666667,85.33333333333333,0.8333333333333428,35.75,35.75,12.0,9.0,10.0,61.0,50.0,10.0,6.0,8.0,15.0,70.0,4.0,4.0,-2.0,-3.0,-2.0,36,3.0,12,92.05555555555556,0.05555555555555555,38,38,23914,16069,0,38,2,0.7894736842105263,0,0,0,12,1404,5827.586000204086,97.12643333673478,client task timestamps,80.0,1.625,2.5,0.75,10.833333333333334,12.666666666666666,3.3333333333333335,4.5,4,4,0,33.0,Woman,Lower tertiary education degree (Bachelor's level),Native English speaker,Several times a day,7,2.0,False,False,False,False,False,False,False
5eb29fdddac67500082c1089,reflection-task,Reflection task,2,0,1,2026-08-16T21:58:17.078007+00:00,5,41.66666666666667,12,48.416666666666664,52.0,45.857142857142854,6.142857142857146,6.749999999999993,6.749999999999993,9.0,6.0,9.0,50.0,50.0,10.0,3.0,10.0,14.0,50.0,5.0,5.0,1.0,-3.0,1.0,33,2.75,12,157.3030303030303,0.42424242424242425,35,35,27322,20616,0,33,12,1.0,0,0,0,12,886,5281.026000022888,88.01710000038148,client task timestamps,67.5,1.875,2.5,1.25,12.333333333333334,11.833333333333334,3.5,3.875,4,4,0,51.0,Man,Upper secondary school / High school,Native English speaker,A few times a month,3,1.0,False,False,False,False,False,False,False
6a00c8f030917dccf9734123,reflection-task,Reflection task,2,0,1,2026-08-16T22:01:34.747552+00:00,9,75.0,12,57.583333333333336,61.0,47.333333333333336,13.666666666666664,-17.416666666666664,17.416666666666664,3.0,8.0,6.0,37.0,31.0,5.0,3.0,6.0,15.0,29.0,-4.0,4.0,2.0,-5.0,0.0,33,2.75,12,126.18181818181819,0.30303030303030304,35,35,28273,20267,0,34,9,1.0,0,0,0,12,1048,5757.459000110626,95.95765000184377,client task timestamps,80.0,0.75,1.25,0.25,16.666666666666668,13.5,4.166666666666667,3.0,4,4,0,39.0,Woman,Higher tertiary education degree (Master's level),Native English speaker,A few times a week,5,2.0,False,False,False,False,False,False,False
6775d2dc10021f9d74ab65aa,reflection-task,Reflection task,2,0,1,2026-08-16T22:02:04.465127+00:00,4,33.33333333333333,12,86.75,80.0,90.125,-10.125,53.41666666666667,53.41666666666667,12.0,9.0,10.0,60.0,20.0,9.0,4.0,8.0,10.0,70.0,5.0,5.0,-3.0,-5.0,-2.0,32,2.6666666666666665,12,92.4375,0.59375,34,34,34792,26751,6,24,9,1.0,0,0,0,12,1853,6316.417999982834,105.27363333304723,client task timestamps,80.0,-0.25,1.25,-1.75,9.333333333333334,11.5,1.6666666666666667,4.0,4,4,0,32.0,Woman,Lower tertiary education degree (Bachelor's level),Native English speaker,Several times a day,7,4.0,False,False,False,False,False,False,False
5d888c72662f2c0017f6339a,reflection-task,Reflection task,2,0,1,2026-08-16T22:04:14.788452+00:00,5,41.66666666666667,12,73.66666666666667,76.6,71.57142857142857,5.028571428571425,32.0,32.0,9.0,12.0,4.0,90.0,30.0,6.0,12.0,3.0,60.0,15.0,1.0,1.0,-3.0,0.0,-1.0,73,6.083333333333333,12,65.98630136986301,0.7534246575342466,84,84,67192,55392,0,41,12,1.0,0,0,0,12,1082,5647.400000095367,94.12333333492279,client task timestamps,87.5,1.625,3.0,0.25,6.333333333333333,8.166666666666666,3.6666666666666665,3.625,3,4,1,38.0,Man,Lower tertiary education degree (Bachelor's level),Native English speaker,Several times a day,7,4.0,False,False,False,False,False,False,False
69f24574b54c25c94cb2a42a,reflection-task,Reflection task,2,0,1,2026-08-16T22:16:43.387618+00:00,8,66.66666666666666,12,73.75,72.625,76.0,-3.375,7.083333333333343,7.083333333333343,10.0,7.0,4.0,70.0,70.0,10.0,5.0,12.0,84.0,91.0,2.0,2.0,0.0,-2.0,8.0,15,1.25,12,289.26666666666665,0.9333333333333333,16,16,17264,14408,0,14,12,1.0,0,0,0,12,893,6033.3949999809265,100.55658333301544,client task timestamps,80.0,0.625,0.75,0.5,9.166666666666666,11.666666666666666,3.5,3.375,4,4,0,22.0,Man,Lower tertiary education degree (Bachelor's level),Fully fluent,Several times a day,7,4.0,False,False,False,False,False,False,False
69fcc05f140c19957cbdc016,reflection-task,Reflection task,2,0,1,2026-08-16T22:22:13.050839+00:00,4,33.33333333333333,12,59.25,59.75,59.0,0.75,25.91666666666667,25.91666666666667,12.0,10.0,10.0,50.0,59.0,11.0,8.0,11.0,65.0,72.0,7.0,7.0,-1.0,-2.0,1.0,26,2.1666666666666665,12,165.92307692307693,0.5769230769230769,28,28,29026,23021,0,25,12,1.0,0,0,0,12,1006,6649.416000127792,110.82360000212988,client task timestamps,70.0,0.375,0.75,0.0,11.666666666666666,12.833333333333334,3.6666666666666665,3.625,4,4,0,55.0,Woman,Lower tertiary education degree (Bachelor's level),Native English speaker,A few times a week,5,5.0,False,False,False,False,False,False,False
6a0219353eab8f39711ab298,reflection-task,Reflection task,2,0,1,2026-08-16T22:43:46.856205+00:00,6,50.0,12,69.66666666666667,74.16666666666667,65.16666666666667,9.0,19.66666666666667,19.66666666666667,10.0,7.0,11.0,62.0,63.0,8.0,6.0,9.0,65.0,77.0,2.0,2.0,-2.0,-1.0,-2.0,22,1.8333333333333333,12,205.1818181818182,0.9090909090909091,23,23,18198,14422,0,15,12,1.0,0,0,0,12,898,2683.3469998836517,44.72244999806086,client task timestamps,75.0,0.25,1.25,-0.75,9.333333333333334,10.166666666666666,3.0,4.125,4,4,0,22.0,Man,Lower tertiary education degree (Bachelor's level),Native English speaker,A few times a week,5,4.0,False,False,False,False,False,False,False
6a101a0a715aa6ec532858d2,reflection-task,Reflection task,2,0,1,2026-08-16T22:45:11.822835+00:00,7,58.333333333333336,12,54.5,49.857142857142854,61.0,-11.142857142857146,-3.8333333333333357,3.8333333333333357,9.0,9.0,9.0,73.0,67.0,10.0,4.0,10.0,82.0,81.0,3.0,3.0,1.0,-5.0,1.0,28,2.3333333333333335,12,90.17857142857143,0.8214285714285714,30,30,14883,12009,0,18,11,0.8947368421052632,0,0,0,12,1000,2912.840000152588,48.547333335876466,client task timestamps,70.0,0.0,1.25,-1.25,11.333333333333334,11.833333333333334,3.1666666666666665,2.75,4,4,0,26.0,Woman,Lower tertiary education degree (Bachelor's level),Native English speaker,Less than once a month,2,3.0,False,False,False,False,False,False,False
6a74cbaa67f22fab4c1b8a2e,reflection-task,Reflection task,2,0,1,2026-08-16T22:46:42.039828+00:00,4,33.33333333333333,12,98.33333333333333,97.5,98.75,-1.25,65.0,65.0,2.0,10.0,10.0,96.0,96.0,12.0,11.0,10.0,97.0,97.0,8.0,8.0,10.0,1.0,0.0,18,1.5,12,119.77777777777777,0.6666666666666666,19,19,21446,17362,0,19,12,1.0,0,0,0,12,813,7264.276999950409,121.07128333250681,client task timestamps,75.0,2.5,3.0,2.0,14.666666666666666,17.833333333333332,3.1666666666666665,3.875,3,4,1,31.0,Woman,Lower tertiary education degree (Bachelor's level),Fully fluent,Several times a day,7,5.0,False,False,False,False,False,False,False
69f22308a09515c4b0bb3999,reflection-task,Reflection task,2,0,1,2026-08-16T22:51:13.500950+00:00,7,58.333333333333336,12,99.41666666666667,99.28571428571429,99.6,-0.3142857142857025,41.083333333333336,41.083333333333336,8.0,6.0,8.0,,,10.0,5.0,10.0,31.0,88.0,3.0,3.0,2.0,-1.0,2.0,13,1.0833333333333333,12,301.0,0.9230769230769231,14,14,16769,13900,0,14,12,1.0,0,0,0,12,1995,3180.669000148773,53.01115000247955,client task timestamps,55.0,0.75,0.5,1.0,3.3333333333333335,4.833333333333333,3.1666666666666665,3.625,3,4,1,36.0,Woman,Upper secondary school / High school,Native English speaker,A few times a week,5,3.0,False,False,False,False,False,False,False
69ffa80077ddde4fae81232d,reflection-task,Reflection task,2,0,1,2026-08-16T22:58:28.712085+00:00,7,58.333333333333336,12,60.833333333333336,56.42857142857143,67.0,-10.57142857142857,2.5,2.5,12.0,2.0,12.0,52.0,72.0,12.0,0.0,12.0,14.0,59.0,5.0,5.0,0.0,-2.0,0.0,17,1.4166666666666667,12,258.5882352941176,0.8823529411764706,19,19,37171,33815,10,17,13,1.0,0,0,0,12,998,3949.298000097275,65.82163333495458,client task timestamps,80.0,0.75,1.25,0.25,17.833333333333332,18.0,1.3333333333333333,3.875,4,4,0,30.0,Woman,Vocational college degree,Native English speaker,About once a day,6,2.0,False,False,False,False,False,False,False
69fe8d0b1b03e0d3432cc2ac,reflection-task,Reflection task,2,0,1,2026-08-16T23:03:32.509342+00:00,6,50.0,12,83.16666666666667,87.0,79.33333333333333,7.666666666666671,33.16666666666667,33.16666666666667,12.0,6.0,12.0,50.0,80.0,12.0,6.0,12.0,50.0,71.0,6.0,6.0,0.0,0.0,0.0,17,1.4166666666666667,12,255.05882352941177,0.8823529411764706,19,19,26405,21961,0,16,12,1.0,0,0,0,12,848,3287.526000022888,54.79210000038147,client task timestamps,75.0,0.875,1.25,0.5,11.0,11.5,3.5,3.875,4,4,0,26.0,Man,Higher tertiary education degree (Master's level),Native English speaker,About once a day,6,3.0,False,False,False,False,False,False,False
64b53cb9f438ca54a2ca5065,reflection-task,Reflection task,2,0,1,2026-08-16T23:06:12.103197+00:00,7,58.333333333333336,12,81.91666666666667,83.85714285714286,79.2,4.657142857142858,23.583333333333336,23.583333333333336,10.0,3.0,7.0,70.0,50.0,8.0,3.0,8.0,66.0,70.0,1.0,1.0,-2.0,0.0,1.0,25,2.0833333333333335,12,142.12,0.6,27,27,28369,22497,0,24,12,1.0,0,0,0,12,857,4518.727999925613,75.31213333209355,client task timestamps,87.5,1.25,1.75,0.75,11.833333333333334,13.666666666666666,4.0,3.375,4,4,0,53.0,Woman,Lower tertiary education degree (Bachelor's level),Native English speaker,Several times a day,7,3.0,False,False,False,False,False,False,False
6a0c84116baeec20e6a2daeb,reflection-task,Reflection task,2,0,1,2026-08-16T23:07:57.552016+00:00,6,50.0,12,97.25,94.5,100.0,-5.5,47.25,47.25,12.0,6.0,12.0,20.0,50.0,12.0,3.0,12.0,40.0,85.0,6.0,6.0,0.0,-3.0,0.0,13,1.0833333333333333,12,274.9230769230769,0.8461538461538461,15,15,27029,20183,1,15,11,1.0,0,0,0,12,1183,3987.9110000133514,66.46518333355586,client task timestamps,100.0,1.0,2.5,-0.5,11.5,12.333333333333334,2.1666666666666665,4.375,4,4,0,21.0,Man,Vocational college degree,Native English speaker,Several times a day,7,2.0,False,False,False,False,False,False,False
69385c6d6d45913c278c939c,reflection-task,Reflection task,2,0,1,2026-08-16T23:08:30.509081+00:00,5,41.66666666666667,12,92.66666666666667,92.4,92.85714285714286,-0.4571428571428555,51.0,51.0,12.0,12.0,12.0,90.0,89.0,12.0,9.0,10.0,96.0,83.0,7.0,7.0,0.0,-3.0,-2.0,23,1.9166666666666667,12,183.69565217391303,0.4782608695652174,25,25,48285,42638,11,25,11,1.0,0,0,0,12,789,8942.322999954224,149.03871666590373,client task timestamps,90.0,2.0,2.75,1.25,9.833333333333334,11.333333333333334,5.0,3.625,4,4,0,47.0,Woman,Vocational college degree,Native English speaker,Never,1,3.0,False,False,False,False,False,False,False
6a0866997112d0a40ec6f298,reflection-task,Reflection task,2,0,1,2026-08-16T23:17:34.689860+00:00,10,83.33333333333334,12,100.0,100.0,100.0,0.0,16.666666666666657,16.666666666666657,11.0,7.0,8.0,,86.0,9.0,8.0,5.0,80.0,45.0,-1.0,1.0,-2.0,1.0,-3.0,37,3.0833333333333335,12,174.0,0.6216216216216216,40,40,42373,36000,3,29,13,1.0,0,0,0,12,712,5047.593999862671,84.12656666437785,client task timestamps,72.5,0.75,1.75,-0.25,11.0,14.166666666666666,3.5,3.875,4,4,0,29.0,Woman,Lower tertiary education degree (Bachelor's level),Native English speaker,About once a day,6,4.0,False,False,False,False,False,False,False
6a13567c2708fe5a72d06e20,reflection-task,Reflection task,2,0,1,2026-08-16T23:34:28.313342+00:00,5,41.66666666666667,12,78.58333333333333,90.4,70.14285714285714,20.257142857142867,36.91666666666666,36.91666666666666,10.0,7.0,9.0,70.0,75.0,12.0,8.0,10.0,78.0,83.0,7.0,7.0,2.0,1.0,1.0,25,2.0833333333333335,12,169.44,1.0,26,26,42439,34584,0,13,12,1.0,0,0,0,12,1201,5131.143000125885,85.51905000209808,client task timestamps,75.0,0.625,1.75,-0.5,14.5,16.0,4.5,4.625,3,4,1,19.0,Man,Upper secondary school / High school,Native English speaker,A few times a week,5,4.0,False,False,False,False,False,False,False
67803b5508f3d995ef13696b,reflection-task,Reflection task,2,0,1,2026-08-16T23:37:10.287443+00:00,7,58.333333333333336,12,81.75,79.57142857142857,84.8,-5.228571428571428,23.416666666666664,23.416666666666664,8.0,2.0,8.0,70.0,30.0,8.0,4.0,7.0,30.0,40.0,1.0,1.0,0.0,2.0,-1.0,41,3.4166666666666665,12,89.7560975609756,1.0,42,42,46349,33888,0,13,12,1.0,0,0,0,12,1005,10725.357000112534,178.75595000187556,client task timestamps,60.0,0.375,0.25,0.5,12.5,12.333333333333334,3.8333333333333335,2.375,4,4,0,57.0,Woman,Lower tertiary education degree (Bachelor's level),Native English speaker,About once a day,6,3.0,False,False,False,False,False,False,False
6a06492bd18cc8c960c61577,reflection-task,Reflection task,2,0,1,2026-08-16T23:41:58.190097+00:00,8,66.66666666666666,12,93.08333333333333,93.0,93.25,-0.25,26.41666666666667,26.41666666666667,12.0,10.0,12.0,60.0,70.0,10.0,7.0,10.0,75.0,80.0,2.0,2.0,-2.0,-3.0,-2.0,25,2.0833333333333335,12,173.92,0.64,27,27,27381,21706,0,23,12,1.0,0,0,0,12,896,5857.903000116348,97.6317166686058,client task timestamps,77.5,1.625,2.0,1.25,11.833333333333334,14.333333333333334,3.1666666666666665,4.125,4,4,0,23.0,Woman,Vocational college degree,Native English speaker,A few times a week,5,5.0,False,False,False,False,False,False,False
6a163308b7e5d344067653cf,reflection-task,Reflection task,2,0,1,2026-08-16T23:42:46.616489+00:00,4,33.33333333333333,12,86.16666666666667,95.75,81.375,14.375,52.83333333333334,52.83333333333334,8.0,6.0,10.0,65.0,60.0,12.0,4.0,10.0,60.0,82.0,8.0,8.0,4.0,-2.0,0.0,30,2.5,12,71.66666666666667,0.0,32,32,23210,14812,4,31,0,0.4444444444444444,0,0,0,12,1158,6517.183000087738,108.61971666812897,client task timestamps,65.0,-1.25,-1.25,-1.25,13.0,15.5,2.3333333333333335,3.375,4,4,0,29.0,Woman,Upper secondary school / High school,Native English speaker,About once a day,6,5.0,False,False,False,False,False,False,False
69f7dbef9b0fbd9afdf8cfd0,reflection-task,Reflection task,2,0,1,2026-08-16T23:43:36.809070+00:00,7,58.333333333333336,12,69.66666666666667,71.85714285714286,66.6,5.257142857142867,11.333333333333336,11.333333333333336,6.0,5.0,3.0,82.0,82.0,10.0,8.0,10.0,58.0,82.0,3.0,3.0,4.0,3.0,7.0,13,1.0833333333333333,12,335.61538461538464,0.3076923076923077,14,14,21046,19539,0,14,4,1.0,0,0,0,12,2059,6183.500999927521,103.05834999879201,client task timestamps,90.0,2.125,2.0,2.25,11.333333333333334,12.166666666666666,4.0,4.5,4,4,0,37.0,Woman,Higher tertiary education degree (Master's level),Conversationally fluent,Several times a day,7,4.0,False,False,False,False,False,False,False
6a0f4f1cd8a7e2077d91f7b0,reflection-task,Reflection task,2,0,1,2026-08-16T23:46:14.900462+00:00,6,50.0,12,95.0,98.5,91.5,7.0,45.0,45.0,10.0,7.0,8.0,70.0,80.0,11.0,4.0,11.0,90.0,90.0,5.0,5.0,1.0,-3.0,3.0,44,3.6666666666666665,12,85.88636363636364,0.8409090909090909,46,46,46711,34734,0,19,10,1.0,0,0,0,12,909,11290.96599984169,188.18276666402818,client task timestamps,77.5,1.0,0.5,1.5,13.333333333333334,16.5,4.666666666666667,4.0,4,4,0,37.0,Man,Higher tertiary education degree (Master's level),Conversationally fluent,Several times a day,7,4.0,False,False,False,False,False,False,False
6a1c909acac501fda8f70a1f,reflection-task,Reflection task,2,0,1,2026-08-16T23:59:01.062789+00:00,6,50.0,12,96.66666666666667,94.16666666666667,99.16666666666667,-5.0,46.66666666666667,46.66666666666667,12.0,12.0,5.0,93.0,37.0,11.0,9.0,10.0,97.0,91.0,5.0,5.0,-1.0,-3.0,5.0,23,1.9166666666666667,12,214.95652173913044,1.0,27,27,26599,19701,0,16,12,1.0,0,0,0,12,2103,10958.367000102997,182.63945000171663,client task timestamps,65.0,0.5,0.0,1.0,12.833333333333334,16.0,4.666666666666667,2.625,2,4,2,19.0,Man,Lower tertiary education degree (Bachelor's level),Fully fluent,Several times a day,7,5.0,False,False,True,False,False,False,True
6a0e73f23463fbfd2d3fad26,reflection-task,Reflection task,2,0,1,2026-08-17T00:21:27.168364+00:00,3,25.0,12,86.16666666666667,88.33333333333333,85.44444444444444,2.8888888888888857,61.16666666666667,61.16666666666667,12.0,12.0,12.0,97.0,97.0,12.0,6.0,11.0,80.0,80.0,9.0,9.0,0.0,-6.0,-1.0,17,1.4166666666666667,12,241.47058823529412,0.7058823529411765,18,18,18068,14184,1,16,10,1.0,0,0,0,12,815,7665.790000200272,127.76316667000452,client task timestamps,52.5,-1.0,-1.5,-0.5,16.333333333333332,18.833333333333332,3.1666666666666665,3.0,3,4,1,28.0,Woman,Lower tertiary education degree (Bachelor's level),Fully fluent,Several times a day,7,5.0,False,False,False,False,False,False,False
59e879752f63d30001c8fb9f,reflection-task,Reflection task,2,0,1,2026-08-17T08:43:33.599773+00:00,7,58.333333333333336,12,97.91666666666667,98.28571428571429,97.4,0.8857142857142861,39.583333333333336,39.583333333333336,12.0,7.0,12.0,28.0,57.0,12.0,3.0,7.0,70.0,56.0,5.0,5.0,0.0,-4.0,-5.0,25,2.0833333333333335,12,172.52,0.52,27,27,28724,23704,0,26,12,1.0,0,0,0,12,816,2166.311000108719,36.10518333514531,client task timestamps,80.0,2.5,3.0,2.0,12.0,14.166666666666666,3.5,4.875,4,4,0,50.0,Man,Doctoral degree,Native English speaker,A few times a week,5,2.0,False,False,False,False,False,False,False
6a01836a5b9dd1d277f9bb9b,reflection-task,Reflection task,2,0,1,2026-08-17T09:12:22.374273+00:00,6,50.0,12,63.25,72.33333333333333,54.166666666666664,18.166666666666664,13.25,13.25,10.0,4.0,6.0,66.0,81.0,9.0,3.0,3.0,94.0,92.0,3.0,3.0,-1.0,-1.0,-3.0,34,2.8333333333333335,12,152.23529411764707,0.29411764705882354,35,35,26981,23593,5,35,10,1.0,0,0,0,12,806,2773.348000049591,46.22246666749319,client task timestamps,80.0,2.0,2.0,2.0,7.833333333333333,9.0,2.0,3.75,3,4,1,47.0,Man,Vocational college degree,Native English speaker,About once a week,4,1.0,False,False,False,False,False,False,False
6a258e58da162873e87be594,reflection-task,Reflection task,2,0,1,2026-08-17T09:35:54.706736+00:00,4,33.33333333333333,12,84.08333333333333,83.25,84.5,-1.25,50.75,50.75,8.0,5.0,8.0,33.0,29.0,8.0,6.0,5.0,27.0,29.0,4.0,4.0,0.0,1.0,-3.0,34,2.8333333333333335,12,128.38235294117646,0.6764705882352942,39,39,52790,45712,8,28,12,1.0,0,0,0,12,1338,4250.701000213623,70.84501667022705,client task timestamps,82.5,1.375,1.75,1.0,11.666666666666666,13.5,4.166666666666667,3.75,4,4,0,25.0,Woman,Higher tertiary education degree (Master's level),Fully fluent,Several times a day,7,4.0,False,False,False,False,False,False,False
674c4edddd135ab435debd87,reflection-task,Reflection task,2,0,1,2026-08-17T09:52:47.211911+00:00,5,41.66666666666667,12,96.33333333333333,95.0,97.28571428571429,-2.285714285714292,54.66666666666666,54.66666666666666,12.0,12.0,10.0,95.0,95.0,12.0,12.0,10.0,95.0,95.0,7.0,7.0,0.0,0.0,0.0,27,2.25,12,171.85185185185185,0.5555555555555556,28,28,28257,24971,0,25,12,1.0,0,0,0,12,777,3941.680000066757,65.69466666777929,client task timestamps,72.5,2.5,2.5,2.5,16.833333333333332,20.0,4.166666666666667,4.5,4,4,0,33.0,Man,Higher tertiary education degree (Master's level),Native English speaker,Several times a day,7,2.0,False,False,False,False,False,False,False
6a0391221d9e1acf4cddf176,reflection-task,Reflection task,2,0,1,2026-08-17T10:19:24.976972+00:00,6,50.0,12,67.08333333333333,66.16666666666667,68.0,-1.8333333333333286,17.08333333333333,17.08333333333333,5.0,3.0,5.0,50.0,76.0,8.0,3.0,8.0,50.0,82.0,2.0,2.0,3.0,0.0,3.0,39,3.25,12,133.7948717948718,0.6666666666666666,41,41,39674,32713,0,26,11,1.0,0,0,0,12,892,6006.581000089645,100.10968333482742,client task timestamps,95.0,2.5,2.75,2.25,13.166666666666666,12.666666666666666,4.0,3.5,4,4,0,55.0,Woman,Upper secondary school / High school,Native English speaker,About once a week,4,5.0,False,False,False,False,False,False,False
5f18bd319b35c70d79e46f66,reflection-task,Reflection task,2,0,1,2026-08-17T10:27:54.494026+00:00,5,41.66666666666667,12,87.83333333333333,90.8,85.71428571428571,5.085714285714289,46.16666666666666,46.16666666666666,10.0,7.0,9.0,40.0,20.0,12.0,4.0,12.0,34.0,68.0,7.0,7.0,2.0,-3.0,3.0,17,1.4166666666666667,12,257.7647058823529,1.0,20,20,22537,17850,0,15,12,1.0,0,0,0,12,807,4798.5,79.975,client task timestamps,95.0,0.125,0.25,0.0,10.833333333333334,13.333333333333334,2.0,3.875,4,4,0,27.0,Man,Upper secondary school / High school,Native English speaker,A few times a week,5,2.0,False,False,False,False,False,False,False
65537e14439274fe5036b4d2,reflection-task,Reflection task,2,0,1,2026-08-17T10:31:19.948216+00:00,5,41.66666666666667,12,74.16666666666667,75.2,73.42857142857143,1.7714285714285722,32.5,32.5,9.0,8.0,9.0,68.0,57.0,9.0,9.0,9.0,62.0,62.0,4.0,4.0,0.0,1.0,0.0,21,1.75,12,115.42857142857143,0.6190476190476191,23,23,13353,11314,0,21,11,1.0,0,0,0,12,907,3747.4489998817444,62.457483331362404,client task timestamps,52.5,-0.25,0.0,-0.5,7.333333333333333,7.5,3.0,3.75,4,4,0,39.0,Man,Higher tertiary education degree (Master's level),Native English speaker,About once a day,6,3.0,False,False,False,False,False,False,False
63d7c110ae88487271c4bfd1,reflection-task,Reflection task,2,0,1,2026-08-17T10:32:57.680396+00:00,4,33.33333333333333,12,69.0,60.25,73.375,-13.125,35.66666666666667,35.66666666666667,12.0,3.0,12.0,24.0,66.0,8.0,3.0,6.0,29.0,27.0,4.0,4.0,-4.0,0.0,-6.0,73,6.083333333333333,12,63.78082191780822,0.7123287671232876,77,77,55583,44219,0,37,12,1.0,0,0,0,12,1132,2933.119999885559,48.88533333142598,client task timestamps,60.0,0.75,1.25,0.25,7.5,8.0,4.333333333333333,2.25,4,4,0,36.0,Man,Lower tertiary education degree (Bachelor's level),Native English speaker,About once a week,4,5.0,False,False,False,False,False,False,False
666ead197fa250fa7cffe77a,reflection-task,Reflection task,2,0,1,2026-08-17T10:39:54.555154+00:00,5,41.66666666666667,12,100.0,100.0,100.0,0.0,58.33333333333333,58.33333333333333,12.0,12.0,12.0,,,12.0,12.0,12.0,100.0,100.0,7.0,7.0,0.0,0.0,0.0,20,1.6666666666666667,12,158.3,0.65,23,23,23604,18959,0,22,12,1.0,0,0,0,12,1758,2129.154000043869,35.48590000073115,client task timestamps,100.0,2.25,3.0,1.5,2.6666666666666665,5.166666666666667,5.0,5.0,4,4,0,47.0,Man,Vocational college degree,Native English speaker,Several times a day,7,4.0,False,False,False,False,False,False,False
6a04a45951d1ba0b33c7a56b,reflection-task,Reflection task,2,0,1,2026-08-17T10:50:17.345827+00:00,3,25.0,12,99.08333333333333,99.0,99.11111111111111,-0.11111111111111427,74.08333333333333,74.08333333333333,12.0,6.0,10.0,65.0,81.0,10.0,4.0,10.0,86.0,86.0,7.0,7.0,-2.0,-2.0,0.0,16,1.3333333333333333,12,177.875,1.0,17,17,18299,15878,0,13,12,1.0,0,0,0,12,793,2725.468999862671,45.42448333104451,client task timestamps,50.0,2.125,2.5,1.75,6.0,8.166666666666666,3.0,4.0,4,4,0,28.0,Man,Lower tertiary education degree (Bachelor's level),Native English speaker,Several times a day,7,4.0,False,False,False,False,False,False,False
69fcf284ba393d763498206c,reflection-task,Reflection task,2,0,1,2026-08-17T10:52:28.398463+00:00,7,58.333333333333336,12,66.25,66.57142857142857,65.8,0.7714285714285722,7.916666666666664,7.916666666666664,11.0,8.0,10.0,53.0,53.0,11.0,6.0,10.0,45.0,50.0,4.0,4.0,0.0,-2.0,0.0,12,1.0,12,193.83333333333334,1.0,13,13,20290,17613,0,13,12,1.0,0,0,0,12,859,3012.665999889374,50.21109999815623,client task timestamps,50.0,-0.625,0.75,-2.0,14.666666666666666,14.5,2.6666666666666665,3.375,4,4,0,35.0,Woman,Lower tertiary education degree (Bachelor's level),Fully fluent,About once a day,6,4.0,False,False,False,False,False,False,False
6a509cf81c38ed4e29884a9c,reflection-task,Reflection task,2,0,1,2026-08-17T11:05:23.168434+00:00,5,41.66666666666667,12,98.91666666666667,97.6,99.85714285714286,-2.257142857142867,57.25,57.25,12.0,7.0,11.0,83.0,90.0,4.0,12.0,11.0,92.0,97.0,-1.0,1.0,-8.0,5.0,0.0,20,1.6666666666666667,12,166.85,0.6,22,22,35042,30260,0,22,12,1.0,0,0,0,12,1186,8524.851999998093,142.08086666663488,client task timestamps,97.5,2.25,2.75,1.75,13.833333333333334,16.666666666666668,4.166666666666667,4.375,4,4,0,32.0,Man,Higher tertiary education degree (Master's level),Native English speaker,Several times a day,7,4.0,False,False,False,False,False,False,False
69e77eeca0f0281b1d24813f,reflection-task,Reflection task,2,0,1,2026-08-17T11:07:25.623244+00:00,5,41.66666666666667,12,79.5,76.8,81.42857142857143,-4.628571428571433,37.83333333333333,37.83333333333333,12.0,3.0,12.0,17.0,89.0,12.0,0.0,12.0,4.0,84.0,7.0,7.0,0.0,-3.0,0.0,22,1.8333333333333333,12,166.13636363636363,0.5454545454545454,24,24,36774,33385,10,24,12,1.0,0,0,0,12,1885,3473.396000146866,57.889933335781095,client task timestamps,97.5,2.0,2.5,1.5,16.0,17.166666666666668,1.8333333333333333,4.625,4,4,0,63.0,Man,Upper secondary school / High school,Native English speaker,A few times a week,5,1.0,False,False,False,False,False,False,False
69e7cca9182bc6179eefff1d,reflection-task,Reflection task,2,0,1,2026-08-17T11:09:48.182184+00:00,7,58.333333333333336,12,100.0,100.0,100.0,0.0,41.666666666666664,41.666666666666664,8.0,2.0,8.0,75.0,40.0,12.0,3.0,10.0,65.0,70.0,5.0,5.0,4.0,1.0,2.0,37,3.0833333333333335,12,112.08108108108108,0.8108108108108109,41,41,40545,28883,0,22,11,1.0,0,0,0,12,863,3925.7690000534058,65.42948333422343,client task timestamps,77.5,0.875,2.5,-0.75,14.333333333333334,15.833333333333334,2.5,3.875,4,4,0,36.0,Woman,Vocational college degree,Native English speaker,Several times a day,7,5.0,False,False,False,False,False,False,False
6a0cbcf2dfec28ecd231ff80,reflection-task,Reflection task,2,0,1,2026-08-17T11:12:22.529377+00:00,5,41.66666666666667,12,73.83333333333333,74.4,73.42857142857143,0.9714285714285751,32.16666666666666,32.16666666666666,8.0,9.0,8.0,68.0,63.0,8.0,8.0,8.0,77.0,70.0,3.0,3.0,0.0,-1.0,0.0,14,1.1666666666666667,12,179.14285714285714,1.0,15,15,25785,22713,0,13,12,1.0,0,0,0,12,860,6098.808000087738,101.6468000014623,client task timestamps,77.5,1.375,1.25,1.5,13.5,15.0,4.5,4.375,3,4,1,20.0,Man,Lower tertiary education degree (Bachelor's level),Native English speaker,Several times a day,7,5.0,False,False,False,False,False,False,False
66d4407f31981698998d25d8,reflection-task,Reflection task,2,0,1,2026-08-17T11:22:55.391705+00:00,4,33.33333333333333,12,60.5,55.75,62.875,-7.125,27.16666666666667,27.16666666666667,12.0,10.0,6.0,,,5.0,3.0,3.0,51.0,72.0,1.0,1.0,-7.0,-7.0,-3.0,15,1.25,12,172.06666666666666,1.0,16,16,11223,9581,0,13,12,1.0,0,0,0,12,932,4742.596999883652,79.04328333139419,client task timestamps,95.0,2.625,2.5,2.75,14.0,15.833333333333334,3.3333333333333335,3.75,3,4,1,38.0,Man,Higher tertiary education degree (Master's level),Native English speaker,Several times a day,7,5.0,False,False,False,False,False,False,False
59269aac7724de000109190f,reflection-task,Reflection task,2,0,1,2026-08-17T11:25:25.857164+00:00,7,58.333333333333336,12,82.33333333333333,84.28571428571429,79.6,4.6857142857142975,23.999999999999993,23.999999999999993,8.0,6.0,8.0,,,6.0,4.0,6.0,50.0,29.0,-1.0,1.0,-2.0,-2.0,-2.0,105,8.75,12,53.58095238095238,0.8476190476190476,106,106,47548,30039,0,29,12,1.0,0,0,0,12,781,4976.493999958038,82.9415666659673,client task timestamps,25.0,-0.5,-0.75,-0.25,12.0,13.5,1.5,2.5,4,4,0,35.0,Woman,Vocational college degree,Native English speaker,About once a day,6,5.0,False,False,False,False,False,False,False
6a202e14d9aec81592aba952,reflection-task,Reflection task,2,0,1,2026-08-17T13:03:41.721870+00:00,4,33.33333333333333,12,82.58333333333333,79.0,84.375,-5.375,49.25,49.25,12.0,6.0,12.0,44.0,93.0,2.0,12.0,3.0,74.0,11.0,-2.0,2.0,-10.0,6.0,-9.0,27,2.25,12,169.8148148148148,0.5555555555555556,30,30,26351,24659,0,26,11,1.0,0,0,0,12,961,8231.920000076294,137.19866666793823,client task timestamps,75.0,1.25,0.0,2.5,15.166666666666666,18.0,4.166666666666667,4.25,3,4,1,32.0,Woman,Basic education / Middle school,Fully fluent,Several times a day,7,4.0,False,False,False,False,False,False,False
6a1ca4ab0a23bbbf31ce1110,reflection-task,Reflection task,2,0,1,2026-08-17T13:51:58.997115+00:00,6,50.0,12,65.41666666666667,64.5,66.33333333333333,-1.8333333333333286,15.416666666666671,15.416666666666671,10.0,8.0,9.0,,,10.0,4.0,9.0,50.0,61.0,4.0,4.0,0.0,-4.0,0.0,14,1.1666666666666667,12,309.7857142857143,1.0,15,15,25143,22280,0,13,12,1.0,0,0,0,12,961,2814.007999897003,46.90013333161672,client task timestamps,70.0,1.0,1.5,0.5,9.0,10.833333333333334,3.3333333333333335,3.625,4,4,0,46.0,Woman,Lower tertiary education degree (Bachelor's level),Native English speaker,Several times a day,7,3.0,False,False,False,False,False,False,False
665ed3e9a6d856341025d5e1,reflection-task,Reflection task,2,0,1,2026-08-17T15:47:26.640281+00:00,5,41.66666666666667,12,66.58333333333333,67.8,65.71428571428571,2.085714285714289,24.916666666666657,24.916666666666657,10.0,5.0,8.0,,,6.0,0.0,8.0,61.0,22.0,1.0,1.0,-4.0,-5.0,0.0,40,3.3333333333333335,12,109.2,0.925,43,43,45894,34796,0,18,12,1.0,0,0,0,12,973,3787.183000087738,63.119716668128966,client task timestamps,7.5,-1.75,-1.75,-1.75,16.166666666666668,17.333333333333332,4.666666666666667,1.875,4,4,0,36.0,Woman,Higher tertiary education degree (Master's level),Native English speaker,Several times a day,7,4.0,False,False,False,False,False,False,False
5b9d57e5737d030001ad2cbf,reflection-task,Reflection task,2,0,1,2026-08-18T00:06:14.512988+00:00,8,66.66666666666666,12,88.0,83.75,96.5,-12.75,21.333333333333343,21.333333333333343,12.0,2.0,12.0,13.0,7.0,10.0,1.0,9.0,3.0,31.0,2.0,2.0,-2.0,-1.0,-3.0,44,3.6666666666666665,12,101.20454545454545,0.6818181818181818,47,47,51503,43083,0,29,12,1.0,0,0,0,12,835,3343.3180000782013,55.72196666797002,client task timestamps,87.5,1.125,1.75,0.5,14.5,14.666666666666666,3.0,3.25,4,4,0,59.0,Man,Lower tertiary education degree (Bachelor's level),Native English speaker,About once a day,6,4.0,False,False,False,False,False,False,False
69f3b68053fe890f8a646b79,reflection-task,Reflection task,2,0,1,2026-08-18T05:56:10.580602+00:00,4,33.33333333333333,12,62.5,60.0,63.75,-3.75,29.16666666666667,29.16666666666667,8.0,5.0,10.0,,,10.0,4.0,10.0,64.0,64.0,6.0,6.0,2.0,-1.0,0.0,21,1.75,12,213.38095238095238,0.8095238095238095,24,24,22471,20686,0,19,12,1.0,0,0,0,12,1706,2887.4130001068115,48.123550001780195,client task timestamps,60.0,0.375,0.75,0.0,11.0,10.833333333333334,3.1666666666666665,3.75,4,4,0,50.0,Woman,Higher tertiary education degree (Master's level),Native English speaker,About once a day,6,4.0,False,False,False,False,False,False,False
5a4574fb817d1800018d1635,reflection-task,Reflection task,2,0,1,2026-08-18T06:48:15.856089+00:00,3,25.0,12,96.41666666666667,97.33333333333333,96.11111111111111,1.2222222222222143,71.41666666666667,71.41666666666667,12.0,10.0,11.0,,,12.0,1.0,4.0,76.0,60.0,9.0,9.0,0.0,-9.0,-7.0,46,3.8333333333333335,12,103.65217391304348,0.9782608695652174,47,47,61535,51876,4,15,13,1.0,0,0,0,12,1709,4184.140000104904,69.73566666841506,client task timestamps,87.5,1.125,2.0,0.25,12.666666666666666,15.166666666666666,4.5,3.75,4,4,0,39.0,Woman,Higher tertiary education degree (Master's level),Native English speaker,Several times a day,7,5.0,False,False,False,False,False,False,False
6a21e26cfd79d5e984741038,reflection-task,Reflection task,2,0,1,2026-08-18T06:53:14.819523+00:00,4,33.33333333333333,12,30.833333333333332,48.75,21.875,26.875,-2.4999999999999964,2.4999999999999964,11.0,10.0,9.0,86.0,92.0,9.0,7.0,10.0,48.0,67.0,5.0,5.0,-2.0,-3.0,1.0,41,3.4166666666666665,12,110.63414634146342,0.3170731707317073,42,42,42234,33501,6,37,8,1.0,0,0,0,12,831,4667.134999990463,77.78558333317439,client task timestamps,72.5,-0.5,0.25,-1.25,14.833333333333334,15.0,3.3333333333333335,3.75,4,4,0,28.0,Man,Higher tertiary education degree (Master's level),Native English speaker,About once a day,6,3.0,False,False,False,False,False,False,False
5db8ffe349e506000ab230e2,reflection-task,Reflection task,2,0,1,2026-08-18T07:04:20.204637+00:00,4,33.33333333333333,12,47.0,49.0,46.0,3.0,13.666666666666671,13.666666666666671,3.0,1.0,12.0,20.0,90.0,5.0,1.0,12.0,10.0,93.0,1.0,1.0,2.0,0.0,0.0,22,1.8333333333333333,12,285.0,0.3181818181818182,24,24,22503,18514,10,24,7,1.0,0,0,0,12,902,4465.421000003815,74.42368333339691,client task timestamps,87.5,2.125,2.25,2.0,12.666666666666666,12.5,2.8333333333333335,4.625,4,4,0,39.0,Woman,Upper secondary school / High school,Native English speaker,Several times a day,7,5.0,False,False,False,False,False,False,False
6a01a4b08b201b568f23c56e,reflection-task,Reflection task,2,0,1,2026-08-18T07:07:16.540939+00:00,4,33.33333333333333,12,30.5,28.5,31.5,-3.0,-2.8333333333333286,2.8333333333333286,8.0,7.0,7.0,,,7.0,9.0,7.0,20.0,50.0,3.0,3.0,-1.0,2.0,0.0,24,2.0,12,178.41666666666666,0.5,27,27,25555,20500,0,27,12,1.0,0,0,0,12,1159,4409.430999994278,73.4905166665713,client task timestamps,37.5,-0.625,-0.5,-0.75,16.333333333333332,14.833333333333334,3.1666666666666665,2.0,4,4,0,40.0,Man,Vocational college degree,Native English speaker,Less than once a month,2,3.0,False,False,False,False,False,False,False
664a0d8b5ef52adae600c9fa,reflection-task,Reflection task,2,0,1,2026-08-18T07:15:51.181522+00:00,6,50.0,12,94.5,95.0,94.0,1.0,44.5,44.5,10.0,6.0,10.0,70.0,50.0,10.0,6.0,10.0,60.0,50.0,4.0,4.0,0.0,0.0,0.0,33,2.75,12,60.84848484848485,0.5757575757575758,37,37,31930,25101,0,30,12,1.0,0,0,0,12,937,3627.3659999370575,60.45609999895096,client task timestamps,75.0,1.5,2.0,1.0,9.666666666666666,11.833333333333334,4.5,4.0,4,4,0,56.0,Man,Lower tertiary education degree (Bachelor's level),Native English speaker,A few times a week,5,5.0,False,False,False,False,False,False,False
69fa15c79a2799256f5942b5,reflection-task,Reflection task,2,0,1,2026-08-18T07:29:53.714212+00:00,3,25.0,12,88.75,91.0,88.0,3.0,63.75,63.75,12.0,6.0,12.0,0.0,89.0,10.0,1.0,10.0,6.0,80.0,7.0,7.0,-2.0,-5.0,-2.0,24,2.0,12,163.33333333333334,0.7083333333333334,26,26,24940,20604,0,21,12,1.0,0,0,0,12,1011,4799.368000030518,79.9894666671753,client task timestamps,87.5,-0.875,0.75,-2.5,13.0,13.5,3.0,4.0,3,4,1,61.0,Woman,Lower tertiary education degree (Bachelor's level),Native English speaker,About once a day,6,3.0,False,False,False,False,False,False,False
5cd4ad19f014930017d35d6a,reflection-task,Reflection task,2,0,1,2026-08-18T07:46:42.057565+00:00,5,41.66666666666667,12,96.83333333333333,99.6,94.85714285714286,4.742857142857133,55.16666666666666,55.16666666666666,12.0,10.0,10.0,69.0,69.0,12.0,1.0,12.0,100.0,100.0,7.0,7.0,0.0,-9.0,2.0,29,2.4166666666666665,12,141.3448275862069,0.896551724137931,31,31,23118,15634,0,17,12,1.0,0,0,0,12,1854,4591.067999839783,76.51779999732972,client task timestamps,62.5,2.625,2.25,3.0,14.166666666666666,17.333333333333332,5.0,4.5,3,4,1,42.0,Woman,Upper secondary school / High school,Native English speaker,Several times a day,7,3.0,False,False,False,False,False,False,False
6a218fa8083eb457d008e2b4,reflection-task,Reflection task,2,0,1,2026-08-18T07:47:37.180300+00:00,1,8.333333333333332,12,95.58333333333333,100.0,95.18181818181819,4.818181818181813,87.25,87.25,12.0,2.0,12.0,25.0,69.0,12.0,0.0,11.0,1.0,100.0,11.0,11.0,0.0,-2.0,-1.0,15,1.25,12,145.26666666666668,0.4666666666666667,16,16,11334,8532,0,15,6,1.0,0,0,0,12,963,3629.463000059128,60.49105000098546,client task timestamps,70.0,2.625,3.0,2.25,11.166666666666666,14.333333333333334,3.6666666666666665,3.5,3,4,1,34.0,Man,Upper secondary school / High school,Native English speaker,Several times a day,7,2.0,False,False,False,False,False,False,False
63e68adecf06a17a744aad3c,reflection-task,Reflection task,2,0,1,2026-08-18T07:49:30.031287+00:00,6,50.0,12,50.75,51.833333333333336,49.666666666666664,2.1666666666666714,0.75,0.75,10.0,10.0,8.0,56.0,30.0,10.0,7.0,8.0,50.0,32.0,4.0,4.0,0.0,-3.0,0.0,34,2.8333333333333335,12,117.61764705882354,0.8235294117647058,38,38,35991,27138,0,22,12,1.0,0,0,0,12,899,4931.105999946594,82.18509999910991,client task timestamps,42.5,-1.5,0.0,-3.0,13.666666666666666,13.166666666666666,3.8333333333333335,1.375,4,4,0,40.0,Man,Lower tertiary education degree (Bachelor's level),Native English speaker,Never,1,4.0,False,False,False,False,False,False,False
5982eef79dfc3e00011d81e0,reflection-task,Reflection task,2,0,1,2026-08-18T07:50:14.914985+00:00,4,33.33333333333333,12,96.83333333333333,93.75,98.375,-4.625,63.5,63.5,12.0,5.0,9.0,58.0,52.0,6.0,1.0,9.0,23.0,44.0,2.0,2.0,-6.0,-4.0,0.0,20,1.6666666666666667,12,218.2,0.9,23,23,27807,19690,0,17,12,1.0,0,0,0,12,1127,5331.822000026703,88.86370000044505,client task timestamps,87.5,1.25,2.25,0.25,12.333333333333334,11.833333333333334,3.6666666666666665,3.125,4,4,0,35.0,Woman,Upper secondary school / High school,Native English speaker,About once a day,6,3.0,False,False,False,False,False,False,False
69f48e4739570aa2f9efbcc1,reflection-task,Reflection task,2,0,1,2026-08-18T08:06:54.336695+00:00,7,58.333333333333336,12,74.83333333333333,76.0,73.2,2.799999999999997,16.499999999999993,16.499999999999993,9.0,7.0,8.0,75.0,70.0,8.0,4.0,6.0,80.0,65.0,1.0,1.0,-1.0,-3.0,-2.0,16,1.3333333333333333,12,209.75,1.0,17,17,26280,19616,0,13,12,1.0,0,0,0,12,2014,4348.323000192642,72.4720500032107,client task timestamps,52.5,1.375,1.75,1.0,15.166666666666666,15.666666666666666,3.6666666666666665,3.125,4,4,0,22.0,Man,Upper secondary school / High school,Native English speaker,A few times a week,5,4.0,False,False,False,False,False,False,False
64481bca476d6bfbae2066e2,reflection-task,Reflection task,2,0,1,2026-08-18T08:13:53.141785+00:00,4,33.33333333333333,12,84.25,78.75,87.0,-8.25,50.91666666666667,50.91666666666667,10.0,7.0,12.0,64.0,54.0,12.0,9.0,12.0,70.0,68.0,8.0,8.0,2.0,2.0,0.0,15,1.25,12,284.53333333333336,1.0,16,16,14716,13169,0,13,12,1.0,0,0,0,12,795,4610.743999958038,76.84573333263397,client task timestamps,65.0,2.125,2.75,1.5,13.333333333333334,16.166666666666668,4.833333333333333,4.625,4,4,0,36.0,Woman,Higher tertiary education degree (Master's level),Native English speaker,Several times a day,7,5.0,False,False,False,False,False,False,False
6a1bc766ef0d7920efdec396,reflection-task,Reflection task,2,0,1,2026-08-18T09:11:12.107907+00:00,6,50.0,12,64.16666666666667,69.16666666666667,59.166666666666664,10.000000000000007,14.166666666666671,14.166666666666671,8.0,4.0,8.0,47.0,60.0,10.0,4.0,10.0,40.0,32.0,4.0,4.0,2.0,0.0,2.0,23,1.9166666666666667,12,147.91304347826087,0.4782608695652174,25,25,27880,22576,0,24,10,1.0,0,0,0,12,906,4899.556999921799,81.65928333202997,client task timestamps,77.5,1.0,1.5,0.5,12.5,13.666666666666666,2.8333333333333335,4.25,4,4,0,29.0,Man,Upper secondary school / High school,Native English speaker,Several times a day,7,1.0,False,False,False,False,False,False,False
69f4be9a3c29e1891011777b,reflection-task,Reflection task,2,0,1,2026-08-11T09:45:22.877423+00:00,7,58.333333333333336,12,84.66666666666667,87.14285714285714,81.2,5.942857142857136,26.333333333333336,26.333333333333336,1.0,0.0,8.0,1.0,37.0,4.0,0.0,4.0,24.0,86.0,-3.0,3.0,3.0,0.0,-4.0,15,1.25,12,243.46666666666667,0.8666666666666667,18,18,18863,14624,0,16,11,1.0,0,0,0,12,1310,2283.446000099182,38.05743333498637,client task timestamps,95.0,2.875,3.0,2.75,13.666666666666666,10.5,3.8333333333333335,3.625,4,4,0,24.0,Woman,Lower tertiary education degree (Bachelor's level),Native English speaker,Several times a day,7,3.0,False,False,False,False,False,False,False
671c1c699ca32031a83014e8,reflection-task,Reflection task,2,0,1,2026-08-11T09:46:18.402447+00:00,5,41.66666666666667,12,89.08333333333333,96.8,83.57142857142857,13.228571428571428,47.41666666666666,47.41666666666666,12.0,6.0,12.0,50.0,80.0,12.0,6.0,12.0,50.0,100.0,7.0,7.0,0.0,0.0,0.0,34,2.8333333333333335,12,133.55882352941177,0.4117647058823529,38,38,22957,19445,0,36,12,1.0,0,0,0,12,1817,2430.763999938965,40.51273333231608,client task timestamps,77.5,1.375,2.0,0.75,15.0,14.5,4.0,4.375,4,4,0,35.0,Man,Lower tertiary education degree (Bachelor's level),Native English speaker,A few times a week,5,4.0,False,False,False,False,False,False,False
6a46c4af0e50130ea46ff2e5,reflection-task,Reflection task,2,0,1,2026-08-11T09:58:33.224370+00:00,4,33.33333333333333,12,84.08333333333333,82.25,85.0,-2.75,50.75,50.75,12.0,7.0,11.0,88.0,100.0,12.0,0.0,12.0,100.0,100.0,8.0,8.0,0.0,-7.0,1.0,15,1.25,12,286.4,0.9333333333333333,17,17,25671,20345,0,15,12,1.0,0,0,0,12,2101,1976.395000219345,32.93991667032242,client task timestamps,82.5,1.625,3.0,0.25,8.5,10.0,5.0,3.75,4,4,0,35.0,Man,Lower tertiary education degree (Bachelor's level),Native English speaker,Several times a day,7,1.0,False,False,False,False,False,False,False
6a05f99c631ebdf67b5a0e72,reflection-task,Reflection task,2,0,1,2026-08-11T10:09:50.605171+00:00,8,66.66666666666666,12,81.58333333333333,83.875,77.0,6.875,14.916666666666671,14.916666666666671,10.0,6.0,8.0,70.0,60.0,10.0,6.0,8.0,50.0,75.0,2.0,2.0,0.0,0.0,0.0,14,1.1666666666666667,12,312.85714285714283,0.9285714285714286,17,17,29371,23584,0,16,12,1.0,0,0,0,12,2582,3143.0370001792908,52.38395000298818,client task timestamps,80.0,1.875,3.0,0.75,10.333333333333334,11.833333333333334,2.6666666666666665,3.25,4,4,0,23.0,Man,Lower tertiary education degree (Bachelor's level),Native English speaker,A few times a week,5,5.0,False,False,False,False,False,False,False
69f3ea80805d1a5c20d5dc2d,reflection-task,Reflection task,2,0,1,2026-08-11T10:19:27.020238+00:00,4,33.33333333333333,12,66.41666666666667,80.0,59.625,20.375,33.08333333333334,33.08333333333334,10.0,5.0,10.0,,,8.0,0.0,10.0,25.0,78.0,4.0,4.0,-2.0,-5.0,0.0,27,2.25,12,154.37037037037038,0.7407407407407407,30,30,36962,31447,10,22,12,1.0,0,0,0,12,995,3867.079999923706,64.45133333206176,client task timestamps,80.0,1.0,1.75,0.25,13.0,11.166666666666666,1.8333333333333333,4.25,4,4,0,26.0,Woman,Lower tertiary education degree (Bachelor's level),Native English speaker,Several times a day,7,2.0,False,False,False,False,False,False,False
680e1b9a36b987121bbc9c9a,reflection-task,Reflection task,2,0,1,2026-08-11T10:24:27.963244+00:00,8,66.66666666666666,12,79.83333333333333,79.25,81.0,-1.75,13.166666666666671,13.166666666666671,8.0,2.0,8.0,25.0,66.0,8.0,2.0,11.0,19.0,76.0,0.0,0.0,0.0,0.0,3.0,14,1.1666666666666667,12,129.64285714285714,1.0,15,15,22577,20429,0,13,12,1.0,0,0,0,12,859,4711.338999986649,78.52231666644414,client task timestamps,60.0,0.0,0.5,-0.5,15.0,15.5,3.8333333333333335,3.375,4,4,0,52.0,Woman,Lower tertiary education degree (Bachelor's level),Native English speaker,A few times a month,3,4.0,False,False,False,False,False,False,False
6a1dafb1d5c6c593aebccf80,reflection-task,Reflection task,2,0,1,2026-08-11T10:28:38.892291+00:00,5,41.66666666666667,12,51.416666666666664,60.8,44.714285714285715,16.085714285714282,9.749999999999993,9.749999999999993,5.0,7.0,4.0,42.0,45.0,8.0,4.0,7.0,17.0,58.0,3.0,3.0,3.0,-3.0,3.0,27,2.25,12,158.7037037037037,0.5555555555555556,29,29,34369,27396,0,26,12,1.0,0,0,0,12,1127,4313.667000055313,71.89445000092188,client task timestamps,65.0,-0.875,-0.5,-1.25,9.166666666666666,8.333333333333334,2.6666666666666665,2.0,4,4,0,33.0,Man,Lower tertiary education degree (Bachelor's level),Native English speaker,Never,1,4.0,False,False,False,False,False,False,False
6a15dcd14c68c56fac0960da,reflection-task,Reflection task,2,0,1,2026-08-11T10:48:18.245518+00:00,5,41.66666666666667,12,76.58333333333333,89.8,67.14285714285714,22.65714285714286,34.91666666666666,34.91666666666666,10.0,3.0,0.0,50.0,75.0,10.0,1.0,9.0,50.0,90.0,5.0,5.0,0.0,-2.0,9.0,25,2.0833333333333335,12,157.72,0.44,28,28,30601,24050,0,28,11,1.0,0,0,0,12,771,5026.726000070572,83.77876666784286,client task timestamps,87.5,2.375,2.25,2.5,12.666666666666666,14.166666666666666,1.8333333333333333,4.625,4,4,0,46.0,Man,Lower tertiary education degree (Bachelor's level),Native English speaker,About once a day,6,2.0,False,False,False,False,False,False,False
63d3fb730f03adf8b4a28a37,reflection-task,Reflection task,2,0,1,2026-08-11T10:54:34.859872+00:00,3,25.0,12,80.83333333333333,77.33333333333333,82.0,-4.666666666666671,55.83333333333333,55.83333333333333,10.0,7.0,9.0,58.0,69.0,10.0,6.0,9.0,56.0,73.0,7.0,7.0,0.0,-1.0,0.0,35,2.9166666666666665,12,101.74285714285715,0.4857142857142857,37,37,54079,45754,9,31,11,1.0,0,0,0,12,1754,3647.9210000038147,60.79868333339691,client task timestamps,72.5,1.5,2.0,1.0,10.833333333333334,11.333333333333334,3.5,3.5,4,4,0,42.0,Man,Doctoral degree,Native English speaker,A few times a week,5,4.0,False,False,False,False,False,False,False
68a5eefd236f1c08d08ffce6,reflection-task,Reflection task,2,0,1,2026-08-13T12:31:54.537507+00:00,8,66.66666666666666,12,67.16666666666667,66.125,69.25,-3.125,0.5000000000000142,0.5000000000000142,10.0,6.0,9.0,50.0,60.0,10.0,0.0,10.0,50.0,70.0,2.0,2.0,0.0,-6.0,1.0,29,2.4166666666666665,12,181.6206896551724,0.9310344827586207,30,30,40157,29832,0,14,11,1.0,0,0,0,12,806,3665.3359999656677,61.08893333276113,client task timestamps,72.5,1.0,2.0,0.0,17.5,17.333333333333332,3.1666666666666665,4.0,4,4,0,37.0,Man,Higher tertiary education degree (Master's level),Native English speaker,About once a day,6,4.0,False,False,False,False,False,False,False
5a402a0258be2b0001983b5e,reflection-task,Reflection task,2,0,1,2026-08-18T13:57:32.976705+00:00,6,50.0,12,56.75,58.166666666666664,55.333333333333336,2.8333333333333286,6.75,6.75,12.0,6.0,12.0,17.0,76.0,12.0,4.0,12.0,1.0,31.0,6.0,6.0,0.0,-2.0,0.0,12,1.0,12,351.5833333333333,1.0,13,13,21691,18926,0,13,12,1.0,0,0,0,12,1566,3301.021000146866,55.01701666911443,client task timestamps,80.0,0.625,2.25,-1.0,6.666666666666667,5.833333333333333,4.166666666666667,3.0,4,4,0,52.0,Woman,Lower tertiary education degree (Bachelor's level),Native English speaker,About once a week,4,1.0,False,False,False,False,False,False,False
69ef97b25c6d974beccd7e7b,reflection-task,Reflection task,2,0,1,2026-08-18T14:04:15.502712+00:00,7,58.333333333333336,12,88.0,87.0,89.4,-2.4000000000000057,29.666666666666664,29.666666666666664,11.0,6.0,11.0,55.0,82.0,12.0,5.0,10.0,84.0,81.0,5.0,5.0,1.0,-1.0,-1.0,14,1.1666666666666667,12,292.35714285714283,1.0,16,16,28708,24595,0,14,12,1.0,0,0,0,12,983,3119.438999891281,51.99064999818802,client task timestamps,92.5,1.0,3.0,-1.0,2.0,4.5,3.1666666666666665,3.75,4,4,0,25.0,Woman,Lower tertiary education degree (Bachelor's level),Native English speaker,A few times a month,3,5.0,False,False,False,False,False,False,False
6674bd2b56aae0985600d533,reflection-task,Reflection task,2,0,1,2026-08-18T14:06:12.385411+00:00,4,33.33333333333333,12,46.083333333333336,48.5,44.875,3.625,12.750000000000007,12.750000000000007,11.0,6.0,12.0,37.0,89.0,11.0,2.0,12.0,30.0,84.0,7.0,7.0,0.0,-4.0,0.0,43,3.5833333333333335,12,91.25581395348837,0.4186046511627907,45,45,32858,20222,0,39,12,1.0,0,0,0,12,931,3874.9049999713898,64.58174999952317,client task timestamps,62.5,1.5,1.0,2.0,12.0,8.833333333333334,3.3333333333333335,3.875,4,4,0,24.0,Woman,Higher tertiary education degree (Master's level),Native English speaker,About once a day,6,3.0,False,False,False,False,False,False,False
62d6f7750e080077c33e150b,reflection-task,Reflection task,2,0,1,2026-08-18T14:08:05.151641+00:00,5,41.66666666666667,12,93.58333333333333,87.0,98.28571428571429,-11.285714285714292,51.91666666666666,51.91666666666666,12.0,5.0,9.0,100.0,86.0,10.0,5.0,6.0,83.0,55.0,5.0,5.0,-2.0,0.0,-3.0,28,2.3333333333333335,12,177.07142857142858,1.0,30,30,56144,48804,0,14,12,1.0,0,0,0,12,1203,3984.061000108719,66.40101666847865,client task timestamps,82.5,-0.625,0.75,-2.0,7.0,8.833333333333334,3.5,3.25,4,4,0,36.0,Woman,Lower tertiary education degree (Bachelor's level),Native English speaker,Several times a day,7,5.0,False,False,False,False,False,False,False
6778488c18ed28950c7012ae,reflection-task,Reflection task,2,0,1,2026-08-18T14:16:02.690541+00:00,7,58.333333333333336,12,46.333333333333336,48.285714285714285,43.6,4.685714285714283,-12.0,12.0,9.0,1.0,10.0,70.0,80.0,11.0,4.0,11.0,51.0,62.0,4.0,4.0,2.0,3.0,1.0,22,1.8333333333333333,12,115.72727272727273,0.5454545454545454,24,24,27341,23177,0,24,12,1.0,0,0,0,12,782,4093.71599984169,68.2285999973615,client task timestamps,77.5,-0.25,-0.25,-0.25,10.0,11.5,2.8333333333333335,4.0,4,4,0,21.0,Woman,Upper secondary school / High school,Native English speaker,A few times a month,3,3.0,False,False,False,False,False,False,False
62c5d0a30d24dacc10d5ad1b,reflection-task,Reflection task,2,0,1,2026-08-18T14:32:39.940545+00:00,4,33.33333333333333,12,74.83333333333333,78.75,72.875,5.875,41.5,41.5,7.0,5.0,7.0,63.0,58.0,6.0,3.0,5.0,36.0,61.0,2.0,2.0,-1.0,-2.0,-2.0,30,2.5,12,155.3,0.6333333333333333,33,33,22117,17072,0,26,12,1.0,0,0,0,12,1093,5148.84299993515,85.81404999891917,client task timestamps,72.5,0.875,1.5,0.25,11.666666666666666,12.833333333333334,3.1666666666666665,3.5,4,4,0,35.0,Man,Lower tertiary education degree (Bachelor's level),Native English speaker,Several times a day,7,4.0,False,False,False,False,False,False,False
69fc78f4d53d5c9d17e65e46,reflection-task,Reflection task,2,0,1,2026-08-18T14:36:52.443600+00:00,4,33.33333333333333,12,74.66666666666667,74.0,75.0,-1.0,41.33333333333334,41.33333333333334,9.0,7.0,8.0,63.0,66.0,10.0,7.0,9.0,65.0,70.0,6.0,6.0,1.0,0.0,1.0,13,1.0833333333333333,12,326.0,1.0,14,14,16787,14573,0,13,12,1.0,0,0,0,12,2238,2358.2080001831055,39.303466669718425,client task timestamps,70.0,1.625,1.75,1.5,9.0,10.5,3.3333333333333335,3.125,4,4,0,22.0,Man,Lower tertiary education degree (Bachelor's level),Native English speaker,About once a day,6,3.0,False,False,False,False,False,False,False
69f35ba359b095a706e557bb,reflection-task,Reflection task,2,0,1,2026-08-18T14:46:06.130971+00:00,7,58.333333333333336,12,73.08333333333333,70.71428571428571,76.4,-5.6857142857142975,14.749999999999993,14.749999999999993,9.0,9.0,8.0,50.0,35.0,10.0,9.0,10.0,75.0,45.0,3.0,3.0,1.0,0.0,2.0,17,1.4166666666666667,12,251.64705882352942,0.7058823529411765,19,19,22921,20075,0,19,12,1.0,0,0,0,12,862,3416.536999940872,56.94228333234787,client task timestamps,67.5,-0.375,0.75,-1.5,6.5,6.333333333333333,3.1666666666666665,3.25,4,4,0,20.0,Man,Upper secondary school / High school,Native English speaker,About once a week,4,4.0,False,False,False,False,False,False,False
6a0b69810f6ce3f1814295e2,reflection-task,Reflection task,2,0,1,2026-08-18T14:49:34.805738+00:00,5,41.66666666666667,12,98.75,98.8,98.71428571428571,0.08571428571428896,57.08333333333333,57.08333333333333,12.0,8.0,7.0,85.0,80.0,12.0,2.0,8.0,62.0,91.0,7.0,7.0,0.0,-6.0,1.0,18,1.5,12,99.66666666666667,0.7777777777777778,20,20,21730,18238,0,17,11,1.0,0,0,0,12,1689,4526.382000207901,75.43970000346502,client task timestamps,30.0,-1.25,-0.25,-2.25,13.833333333333334,15.0,3.0,4.75,4,4,0,24.0,Woman,Lower tertiary education degree (Bachelor's level),Native English speaker,A few times a week,5,4.0,False,False,False,False,False,False,False
6299f89b3e1728339a42725a,reflection-task,Reflection task,2,0,1,2026-08-18T15:22:06.105157+00:00,7,58.333333333333336,12,59.416666666666664,56.285714285714285,63.8,-7.5142857142857125,1.0833333333333286,1.0833333333333286,12.0,6.0,10.0,80.0,83.0,7.0,5.0,6.0,51.0,36.0,0.0,0.0,-5.0,-1.0,-4.0,20,1.6666666666666667,12,129.7,0.75,22,22,27046,22975,0,19,12,1.0,0,0,0,12,1290,4781.201999902725,79.68669999837876,client task timestamps,72.5,-0.5,-1.25,0.25,15.833333333333334,14.333333333333334,2.8333333333333335,2.0,4,4,0,37.0,Man,Lower tertiary education degree (Bachelor's level),Native English speaker,Several times a day,7,4.0,False,False,False,False,False,False,False
6a0588c47fa42e9df12e0ea9,reflection-task,Reflection task,2,0,1,2026-08-18T15:43:32.651379+00:00,4,33.33333333333333,12,94.66666666666667,96.0,94.0,2.0,61.33333333333334,61.33333333333334,11.0,6.0,12.0,86.0,92.0,12.0,8.0,12.0,91.0,96.0,8.0,8.0,1.0,2.0,0.0,26,2.1666666666666665,12,112.88461538461539,0.2692307692307692,30,30,23630,18866,6,29,6,1.0,0,0,0,12,1087,3559.319999933243,59.32199999888738,client task timestamps,90.0,1.5,2.75,0.25,9.666666666666666,12.166666666666666,2.3333333333333335,3.625,4,4,0,29.0,Woman,Lower tertiary education degree (Bachelor's level),Native English speaker,A few times a week,5,3.0,False,False,False,False,False,False,False
6a21c5e96d5713f8e005f63f,reflection-task,Reflection task,2,0,1,2026-08-18T15:50:03.147475+00:00,7,58.333333333333336,12,73.41666666666667,81.71428571428571,61.8,19.91428571428571,15.083333333333336,15.083333333333336,7.0,3.0,10.0,43.0,37.0,7.0,0.0,12.0,40.0,72.0,0.0,0.0,0.0,-3.0,2.0,28,2.3333333333333335,12,161.25,0.21428571428571427,31,31,17742,10267,0,31,6,1.0,0,0,0,12,1400,4237.8150000572205,70.63025000095368,client task timestamps,77.5,1.875,3.0,0.75,13.333333333333334,11.833333333333334,1.8333333333333333,3.75,4,4,0,19.0,Woman,Vocational college degree,Fully fluent,Less than once a month,2,4.0,False,False,False,False,False,False,False
6a05b83fc83d531b41447965,reflection-task,Reflection task,2,0,1,2026-08-18T16:00:21.116606+00:00,6,50.0,12,53.666666666666664,44.666666666666664,62.666666666666664,-18.0,3.6666666666666643,3.6666666666666643,9.0,7.0,12.0,65.0,72.0,4.0,4.0,0.0,23.0,0.0,-2.0,2.0,-5.0,-3.0,-12.0,70,5.833333333333333,12,65.35714285714286,0.18571428571428572,72,72,33052,19438,1,67,8,1.0,0,0,0,12,916,5976.450000047684,99.60750000079473,client task timestamps,25.0,-2.25,-3.0,-1.5,15.333333333333334,13.5,3.3333333333333335,1.0,3,4,1,20.0,Man,Vocational college degree,Native English speaker,Several times a day,7,5.0,False,False,False,False,False,False,False
5994d7d9c825cf0001d7dd30,reflection-task,Reflection task,2,0,1,2026-08-18T16:02:41.708278+00:00,4,33.33333333333333,12,84.58333333333333,93.5,80.125,13.375,51.25,51.25,12.0,12.0,12.0,92.0,64.0,5.0,10.0,8.0,50.0,59.0,1.0,1.0,-7.0,-2.0,-4.0,18,1.5,12,100.33333333333333,0.7222222222222222,20,20,21468,18905,0,19,12,1.0,0,0,0,12,1154,3342.3129999637604,55.705216666062675,client task timestamps,90.0,1.375,3.0,-0.25,14.5,13.333333333333334,4.0,3.25,4,4,0,43.0,Woman,Higher tertiary education degree (Master's level),Native English speaker,A few times a week,5,2.0,False,False,False,False,False,False,False
66eada82e2a59d472d2dd086,reflection-task,Reflection task,2,0,1,2026-08-18T16:21:15.531797+00:00,5,41.66666666666667,12,63.75,63.8,63.714285714285715,0.08571428571428186,22.08333333333333,22.08333333333333,10.0,8.0,10.0,59.0,61.0,8.0,7.0,10.0,63.0,42.0,3.0,3.0,-2.0,-1.0,0.0,17,1.4166666666666667,12,252.1764705882353,1.0,19,19,27817,22831,0,14,12,1.0,0,0,0,12,782,4242.121999979019,70.70203333298365,client task timestamps,55.0,-0.625,-0.75,-0.5,10.166666666666666,11.0,3.1666666666666665,3.25,4,4,0,21.0,Woman,Lower tertiary education degree (Bachelor's level),Native English speaker,Several times a day,7,5.0,False,False,False,False,False,False,False
6a1e72ab2466d2972cce1610,reflection-task,Reflection task,2,0,1,2026-08-18T16:29:54.210078+00:00,8,66.66666666666666,12,92.33333333333333,92.0,93.0,-1.0,25.66666666666667,25.66666666666667,8.0,2.0,11.0,49.0,40.0,12.0,1.0,9.0,60.0,62.0,4.0,4.0,4.0,-1.0,-2.0,38,3.1666666666666665,12,113.44736842105263,0.34210526315789475,41,41,25172,21813,0,40,12,1.0,0,0,0,12,818,2576.7599999904633,42.94599999984106,client task timestamps,67.5,-0.125,0.5,-0.75,14.166666666666666,15.333333333333334,3.0,4.0,4,4,0,59.0,Man,Vocational college degree,Native English speaker,Several times a day,7,1.0,False,False,False,False,False,False,False
60b7d053a787ce9076e74227,reflection-task,Reflection task,2,0,1,2026-08-18T16:35:46.148175+00:00,2,16.666666666666664,12,99.33333333333333,99.5,99.3,0.20000000000000284,82.66666666666666,82.66666666666666,12.0,4.0,12.0,30.0,90.0,12.0,0.0,12.0,84.0,88.0,10.0,10.0,0.0,-4.0,0.0,17,1.4166666666666667,12,254.94117647058823,1.0,18,18,25696,19898,0,13,12,1.0,0,0,0,12,1340,3022.1159999370575,50.368599998950955,client task timestamps,100.0,2.0,2.75,1.25,5.666666666666667,8.166666666666666,2.0,4.375,4,4,0,24.0,Woman,Lower tertiary education degree (Bachelor's level),Native English speaker,Several times a day,7,1.0,False,False,False,False,False,False,False
69f47c9ad9e8281561903d39,reflection-task,Reflection task,2,0,1,2026-08-18T16:46:47.696431+00:00,8,66.66666666666666,12,98.75,98.5,99.25,-0.75,32.08333333333334,32.08333333333334,12.0,2.0,12.0,96.0,85.0,12.0,2.0,5.0,91.0,92.0,4.0,4.0,0.0,0.0,-7.0,28,2.3333333333333335,12,168.57142857142858,0.5,32,32,24601,19391,0,30,12,1.0,0,0,0,12,861,3592.173000097275,59.86955000162125,client task timestamps,100.0,3.0,3.0,3.0,4.0,7.166666666666667,5.0,4.875,4,4,0,49.0,Woman,Higher tertiary education degree (Master's level),Native English speaker,Several times a day,7,3.0,False,False,False,False,False,False,False
6a1cb568ab1871e6d6041a6e,reflection-task,Reflection task,2,0,1,2026-08-18T17:25:29.999579+00:00,5,41.66666666666667,12,65.83333333333333,64.2,67.0,-2.799999999999997,24.166666666666657,24.166666666666657,8.0,2.0,6.0,,,8.0,1.0,10.0,17.0,84.0,3.0,3.0,0.0,-1.0,4.0,24,2.0,12,155.5,0.625,26,26,34955,28687,0,23,12,1.0,0,0,0,12,1000,4777.954999923706,79.63258333206177,client task timestamps,77.5,-0.625,-1.0,-0.25,15.666666666666666,15.166666666666666,1.6666666666666667,4.375,4,4,0,23.0,Woman,Vocational college degree,Native English speaker,About once a week,4,3.0,False,False,False,False,False,False,False
