condition,pid,task_id,question,verdict,mode,answer,answer_correct,correct_option,n_assistant_msgs,parsed,followed,ai_correct,correct,difficulty_z
ai,69e682966f693cecc39ac613,6,ypc_02,B,full,B,False,D,3,True,1,0,0,-0.8072278083534364
ai,69e682966f693cecc39ac613,7,ypc_03,B,full,A,False,B,2,True,0,1,0,0.847792019828484
ai,69e682966f693cecc39ac613,8,ypc_05,D,full,D,False,A,3,True,1,0,0,0.3366829552428909
ai,69e682966f693cecc39ac613,9,ypc_06,C,full,C,False,A,1,True,1,0,0,1.2128699231039075
ai,69e682966f693cecc39ac613,10,car_racing_01,D,full,D,True,D,2,True,1,1,1,-1.7807688837545659
ai,69e682966f693cecc39ac613,11,car_racing_02,B,full,B,False,C,3,True,1,0,0,1.1885313962188795
ai,69e682966f693cecc39ac613,12,car_racing_03,D,full,D,False,B,2,True,1,0,0,-0.49082695884806904
ai,69e682966f693cecc39ac613,13,car_racing_05,A,full,A,True,A,3,True,1,1,1,0.5313911703231169
ai,69e682966f693cecc39ac613,14,graduation_party_01,B,full,B,True,B,2,True,1,1,1,-1.5130450880192552
ai,69e682966f693cecc39ac613,15,graduation_party_05,D,full,D,False,A,3,True,1,0,0,0.14197474016266495
ai,69e682966f693cecc39ac613,16,graduation_party_06,B,full,B,False,D,2,True,1,0,0,-0.3691343244229278
ai,69e682966f693cecc39ac613,17,graduation_party_07,D,full,D,False,B,2,True,1,0,0,0.7017608585183145
ai,659585d0d682df995ad2c5b5,7,ypc_03,B,full,B,True,B,3,True,1,1,1,0.847792019828484
ai,659585d0d682df995ad2c5b5,8,ypc_05,D,full,D,False,A,1,True,1,0,0,0.3366829552428909
ai,659585d0d682df995ad2c5b5,9,ypc_06,D,full,B,False,A,8,True,0,0,0,1.2128699231039075
ai,659585d0d682df995ad2c5b5,10,car_racing_01,D,full,D,True,D,1,True,1,1,1,-1.7807688837545659
ai,659585d0d682df995ad2c5b5,11,car_racing_02,B,full,B,False,C,1,True,1,0,0,1.1885313962188795
ai,659585d0d682df995ad2c5b5,13,car_racing_05,B,full,B,False,A,1,True,1,0,0,0.5313911703231169
ai,659585d0d682df995ad2c5b5,14,graduation_party_01,B,full,B,True,B,1,True,1,1,1,-1.5130450880192552
ai,659585d0d682df995ad2c5b5,15,graduation_party_05,A,full,A,True,A,1,True,1,1,1,0.14197474016266495
ai,659585d0d682df995ad2c5b5,16,graduation_party_06,D,full,D,True,D,1,True,1,1,1,-0.3691343244229278
ai,659585d0d682df995ad2c5b5,17,graduation_party_07,A,full,A,False,B,2,True,1,0,0,0.7017608585183145
ai,6a04d6f7d3e6d5170c2f1584,6,ypc_02,D,full,D,True,D,2,True,1,1,1,-0.8072278083534364
ai,6a04d6f7d3e6d5170c2f1584,7,ypc_03,A,full,A,False,B,1,True,1,0,0,0.847792019828484
ai,6a04d6f7d3e6d5170c2f1584,8,ypc_05,D,full,D,False,A,1,True,1,0,0,0.3366829552428909
ai,6a04d6f7d3e6d5170c2f1584,9,ypc_06,B,full,B,False,A,1,True,1,0,0,1.2128699231039075
ai,6a04d6f7d3e6d5170c2f1584,10,car_racing_01,D,full,D,True,D,1,True,1,1,1,-1.7807688837545659
ai,6a04d6f7d3e6d5170c2f1584,11,car_racing_02,B,full,B,False,C,1,True,1,0,0,1.1885313962188795
ai,6a04d6f7d3e6d5170c2f1584,12,car_racing_03,D,full,D,False,B,1,True,1,0,0,-0.49082695884806904
ai,6a04d6f7d3e6d5170c2f1584,13,car_racing_05,D,full,D,False,A,1,True,1,0,0,0.5313911703231169
ai,6a04d6f7d3e6d5170c2f1584,14,graduation_party_01,B,full,B,True,B,2,True,1,1,1,-1.5130450880192552
ai,6a04d6f7d3e6d5170c2f1584,15,graduation_party_05,D,full,D,False,A,1,True,1,0,0,0.14197474016266495
ai,6a04d6f7d3e6d5170c2f1584,16,graduation_party_06,D,full,D,True,D,1,True,1,1,1,-0.3691343244229278
ai,6a04d6f7d3e6d5170c2f1584,17,graduation_party_07,A,full,A,False,B,1,True,1,0,0,0.7017608585183145
ai,6a22afd22ece5ef29b598074,6,ypc_02,D,full,D,True,D,1,True,1,1,1,-0.8072278083534364
ai,6a22afd22ece5ef29b598074,7,ypc_03,B,full,B,True,B,2,True,1,1,1,0.847792019828484
ai,6a22afd22ece5ef29b598074,8,ypc_05,A,full,A,True,A,2,True,1,1,1,0.3366829552428909
ai,6a22afd22ece5ef29b598074,9,ypc_06,D,full,D,False,A,2,True,1,0,0,1.2128699231039075
ai,6a22afd22ece5ef29b598074,10,car_racing_01,D,full,D,True,D,1,True,1,1,1,-1.7807688837545659
ai,6a22afd22ece5ef29b598074,11,car_racing_02,B,full,B,False,C,1,True,1,0,0,1.1885313962188795
ai,6a22afd22ece5ef29b598074,12,car_racing_03,B,full,B,True,B,1,True,1,1,1,-0.49082695884806904
ai,6a22afd22ece5ef29b598074,13,car_racing_05,A,full,A,True,A,3,True,1,1,1,0.5313911703231169
ai,6a22afd22ece5ef29b598074,14,graduation_party_01,B,full,B,True,B,3,True,1,1,1,-1.5130450880192552
ai,6a22afd22ece5ef29b598074,15,graduation_party_05,D,full,D,False,A,1,True,1,0,0,0.14197474016266495
ai,6a22afd22ece5ef29b598074,16,graduation_party_06,D,full,D,True,D,2,True,1,1,1,-0.3691343244229278
ai,6a22afd22ece5ef29b598074,17,graduation_party_07,D,full,D,False,B,1,True,1,0,0,0.7017608585183145
ai,67d4773442ee746bb00b2542,6,ypc_02,A,full,A,False,D,1,True,1,0,0,-0.8072278083534364
ai,67d4773442ee746bb00b2542,7,ypc_03,B,full,B,True,B,1,True,1,1,1,0.847792019828484
ai,67d4773442ee746bb00b2542,8,ypc_05,A,full,A,True,A,1,True,1,1,1,0.3366829552428909
ai,67d4773442ee746bb00b2542,9,ypc_06,B,full,C,False,A,1,True,0,0,0,1.2128699231039075
ai,67d4773442ee746bb00b2542,10,car_racing_01,A,full,A,False,D,1,True,1,0,0,-1.7807688837545659
ai,67d4773442ee746bb00b2542,11,car_racing_02,B,full,D,False,C,1,True,0,0,0,1.1885313962188795
ai,67d4773442ee746bb00b2542,12,car_racing_03,B,full,D,False,B,1,True,0,1,0,-0.49082695884806904
ai,67d4773442ee746bb00b2542,13,car_racing_05,A,full,A,True,A,1,True,1,1,1,0.5313911703231169
ai,67d4773442ee746bb00b2542,14,graduation_party_01,B,full,B,True,B,2,True,1,1,1,-1.5130450880192552
ai,67d4773442ee746bb00b2542,15,graduation_party_05,D,full,D,False,A,1,True,1,0,0,0.14197474016266495
ai,67d4773442ee746bb00b2542,16,graduation_party_06,D,full,D,True,D,1,True,1,1,1,-0.3691343244229278
ai,67d4773442ee746bb00b2542,17,graduation_party_07,D,full,A,False,B,1,True,0,0,0,0.7017608585183145
ai,67894c4106e9380ced60256e,6,ypc_02,A,full,A,False,D,1,True,1,0,0,-0.8072278083534364
ai,67894c4106e9380ced60256e,7,ypc_03,A,full,A,False,B,2,True,1,0,0,0.847792019828484
ai,67894c4106e9380ced60256e,8,ypc_05,D,full,D,False,A,1,True,1,0,0,0.3366829552428909
ai,67894c4106e9380ced60256e,9,ypc_06,B,full,B,False,A,1,True,1,0,0,1.2128699231039075
ai,67894c4106e9380ced60256e,10,car_racing_01,A,full,A,False,D,2,True,1,0,0,-1.7807688837545659
ai,67894c4106e9380ced60256e,11,car_racing_02,B,full,B,False,C,2,True,1,0,0,1.1885313962188795
ai,67894c4106e9380ced60256e,12,car_racing_03,D,full,D,False,B,1,True,1,0,0,-0.49082695884806904
ai,67894c4106e9380ced60256e,13,car_racing_05,D,full,D,False,A,1,True,1,0,0,0.5313911703231169
ai,67894c4106e9380ced60256e,14,graduation_party_01,B,full,B,True,B,2,True,1,1,1,-1.5130450880192552
ai,67894c4106e9380ced60256e,15,graduation_party_05,D,full,D,False,A,1,True,1,0,0,0.14197474016266495
ai,67894c4106e9380ced60256e,16,graduation_party_06,D,full,D,True,D,1,True,1,1,1,-0.3691343244229278
ai,67894c4106e9380ced60256e,17,graduation_party_07,B,full,B,True,B,1,True,1,1,1,0.7017608585183145
ai,69fd9d6f7d9cd6c042e8a1cc,6,ypc_02,D,full,D,True,D,2,True,1,1,1,-0.8072278083534364
ai,69fd9d6f7d9cd6c042e8a1cc,7,ypc_03,A,full,A,False,B,1,True,1,0,0,0.847792019828484
ai,69fd9d6f7d9cd6c042e8a1cc,8,ypc_05,D,full,D,False,A,1,True,1,0,0,0.3366829552428909
ai,69fd9d6f7d9cd6c042e8a1cc,9,ypc_06,B,full,B,False,A,1,True,1,0,0,1.2128699231039075
ai,69fd9d6f7d9cd6c042e8a1cc,10,car_racing_01,D,full,D,True,D,1,True,1,1,1,-1.7807688837545659
ai,69fd9d6f7d9cd6c042e8a1cc,11,car_racing_02,B,full,B,False,C,1,True,1,0,0,1.1885313962188795
ai,69fd9d6f7d9cd6c042e8a1cc,12,car_racing_03,B,full,B,True,B,1,True,1,1,1,-0.49082695884806904
ai,69fd9d6f7d9cd6c042e8a1cc,13,car_racing_05,D,full,D,False,A,1,True,1,0,0,0.5313911703231169
ai,69fd9d6f7d9cd6c042e8a1cc,14,graduation_party_01,C,full,C,False,B,1,True,1,0,0,-1.5130450880192552
ai,69fd9d6f7d9cd6c042e8a1cc,15,graduation_party_05,D,full,D,False,A,1,True,1,0,0,0.14197474016266495
ai,69fd9d6f7d9cd6c042e8a1cc,16,graduation_party_06,D,full,D,True,D,1,True,1,1,1,-0.3691343244229278
ai,69fd9d6f7d9cd6c042e8a1cc,17,graduation_party_07,D,full,D,False,B,1,True,1,0,0,0.7017608585183145
ai,6a2012eff90f7af67fdfb112,6,ypc_02,A,full,A,False,D,1,True,1,0,0,-0.8072278083534364
ai,6a2012eff90f7af67fdfb112,7,ypc_03,A,full,A,False,B,2,True,1,0,0,0.847792019828484
ai,6a2012eff90f7af67fdfb112,8,ypc_05,D,full,D,False,A,1,True,1,0,0,0.3366829552428909
ai,6a2012eff90f7af67fdfb112,9,ypc_06,B,full,B,False,A,1,True,1,0,0,1.2128699231039075
ai,6a2012eff90f7af67fdfb112,10,car_racing_01,D,full,D,True,D,1,True,1,1,1,-1.7807688837545659
ai,6a2012eff90f7af67fdfb112,11,car_racing_02,B,full,B,False,C,1,True,1,0,0,1.1885313962188795
ai,6a2012eff90f7af67fdfb112,12,car_racing_03,B,full,B,True,B,2,True,1,1,1,-0.49082695884806904
ai,6a2012eff90f7af67fdfb112,13,car_racing_05,D,full,D,False,A,2,True,1,0,0,0.5313911703231169
ai,6a2012eff90f7af67fdfb112,14,graduation_party_01,C,full,C,False,B,1,True,1,0,0,-1.5130450880192552
ai,6a2012eff90f7af67fdfb112,15,graduation_party_05,A,full,A,True,A,1,True,1,1,1,0.14197474016266495
ai,6a2012eff90f7af67fdfb112,16,graduation_party_06,D,full,D,True,D,1,True,1,1,1,-0.3691343244229278
ai,6a2012eff90f7af67fdfb112,17,graduation_party_07,C,full,C,False,B,2,True,1,0,0,0.7017608585183145
ai,6a1c0a74391cb03e607159f3,6,ypc_02,A,full,D,True,D,1,True,0,0,1,-0.8072278083534364
ai,6a1c0a74391cb03e607159f3,7,ypc_03,C,full,B,True,B,1,True,0,0,1,0.847792019828484
ai,6a1c0a74391cb03e607159f3,9,ypc_06,D,full,A,True,A,3,True,0,0,1,1.2128699231039075
ai,6a1c0a74391cb03e607159f3,10,car_racing_01,A,full,D,True,D,1,True,0,0,1,-1.7807688837545659
ai,6a1c0a74391cb03e607159f3,11,car_racing_02,C,full,C,True,C,1,True,1,1,1,1.1885313962188795
ai,6a1c0a74391cb03e607159f3,12,car_racing_03,D,full,B,True,B,1,True,0,0,1,-0.49082695884806904
ai,6a1c0a74391cb03e607159f3,14,graduation_party_01,B,full,B,True,B,1,True,1,1,1,-1.5130450880192552
ai,6a1c0a74391cb03e607159f3,16,graduation_party_06,B,full,D,True,D,1,True,0,0,1,-0.3691343244229278
ai,6a1c0a74391cb03e607159f3,17,graduation_party_07,D,full,B,True,B,1,True,0,0,1,0.7017608585183145
ai,5c0430c71a20110001e9b05a,6,ypc_02,D,full,D,True,D,1,True,1,1,1,-0.8072278083534364
ai,5c0430c71a20110001e9b05a,7,ypc_03,A,full,A,False,B,1,True,1,0,0,0.847792019828484
ai,5c0430c71a20110001e9b05a,8,ypc_05,A,full,A,True,A,2,True,1,1,1,0.3366829552428909
ai,5c0430c71a20110001e9b05a,9,ypc_06,D,full,D,False,A,2,True,1,0,0,1.2128699231039075
ai,5c0430c71a20110001e9b05a,10,car_racing_01,D,full,D,True,D,1,True,1,1,1,-1.7807688837545659
ai,5c0430c71a20110001e9b05a,11,car_racing_02,A,full,A,False,C,1,True,1,0,0,1.1885313962188795
ai,5c0430c71a20110001e9b05a,12,car_racing_03,D,full,D,False,B,2,True,1,0,0,-0.49082695884806904
ai,5c0430c71a20110001e9b05a,13,car_racing_05,D,full,D,False,A,1,True,1,0,0,0.5313911703231169
ai,5c0430c71a20110001e9b05a,14,graduation_party_01,A,full,A,False,B,2,True,1,0,0,-1.5130450880192552
ai,5c0430c71a20110001e9b05a,15,graduation_party_05,A,full,A,True,A,1,True,1,1,1,0.14197474016266495
ai,5c0430c71a20110001e9b05a,16,graduation_party_06,A,full,A,False,D,1,True,1,0,0,-0.3691343244229278
ai,5c0430c71a20110001e9b05a,17,graduation_party_07,A,full,A,False,B,1,True,1,0,0,0.7017608585183145
ai,676ada80fe4f612146e3c8b3,6,ypc_02,D,full,D,True,D,2,True,1,1,1,-0.8072278083534364
ai,676ada80fe4f612146e3c8b3,7,ypc_03,B,full,B,True,B,1,True,1,1,1,0.847792019828484
ai,676ada80fe4f612146e3c8b3,8,ypc_05,B,full,B,False,A,1,True,1,0,0,0.3366829552428909
ai,676ada80fe4f612146e3c8b3,9,ypc_06,C,full,C,False,A,1,True,1,0,0,1.2128699231039075
ai,676ada80fe4f612146e3c8b3,10,car_racing_01,D,full,D,True,D,1,True,1,1,1,-1.7807688837545659
ai,676ada80fe4f612146e3c8b3,11,car_racing_02,B,full,B,False,C,2,True,1,0,0,1.1885313962188795
ai,676ada80fe4f612146e3c8b3,12,car_racing_03,D,full,D,False,B,1,True,1,0,0,-0.49082695884806904
ai,676ada80fe4f612146e3c8b3,13,car_racing_05,A,full,A,True,A,1,True,1,1,1,0.5313911703231169
ai,676ada80fe4f612146e3c8b3,14,graduation_party_01,C,full,C,False,B,2,True,1,0,0,-1.5130450880192552
ai,676ada80fe4f612146e3c8b3,15,graduation_party_05,D,full,D,False,A,1,True,1,0,0,0.14197474016266495
ai,676ada80fe4f612146e3c8b3,16,graduation_party_06,B,full,B,False,D,1,True,1,0,0,-0.3691343244229278
ai,676ada80fe4f612146e3c8b3,17,graduation_party_07,D,full,D,False,B,1,True,1,0,0,0.7017608585183145
ai,5a9c41f2dbdb470001eeef9c,6,ypc_02,A,full,A,False,D,1,True,1,0,0,-0.8072278083534364
ai,5a9c41f2dbdb470001eeef9c,7,ypc_03,D,full,D,False,B,1,True,1,0,0,0.847792019828484
ai,5a9c41f2dbdb470001eeef9c,8,ypc_05,A,full,A,True,A,1,True,1,1,1,0.3366829552428909
ai,5a9c41f2dbdb470001eeef9c,9,ypc_06,A,full,A,True,A,2,True,1,1,1,1.2128699231039075
ai,5a9c41f2dbdb470001eeef9c,10,car_racing_01,D,full,D,True,D,1,True,1,1,1,-1.7807688837545659
ai,5a9c41f2dbdb470001eeef9c,11,car_racing_02,C,full,C,True,C,2,True,1,1,1,1.1885313962188795
ai,5a9c41f2dbdb470001eeef9c,12,car_racing_03,D,full,D,False,B,1,True,1,0,0,-0.49082695884806904
ai,5a9c41f2dbdb470001eeef9c,13,car_racing_05,D,full,D,False,A,1,True,1,0,0,0.5313911703231169
ai,5a9c41f2dbdb470001eeef9c,14,graduation_party_01,B,full,B,True,B,3,True,1,1,1,-1.5130450880192552
ai,5a9c41f2dbdb470001eeef9c,15,graduation_party_05,D,full,A,True,A,3,True,0,0,1,0.14197474016266495
ai,5a9c41f2dbdb470001eeef9c,16,graduation_party_06,D,full,D,True,D,2,True,1,1,1,-0.3691343244229278
ai,5a9c41f2dbdb470001eeef9c,17,graduation_party_07,A,full,A,False,B,1,True,1,0,0,0.7017608585183145
ai,614b11e399369a0d52b5fbf6,6,ypc_02,D,full,D,True,D,1,True,1,1,1,-0.8072278083534364
ai,614b11e399369a0d52b5fbf6,7,ypc_03,A,full,A,False,B,1,True,1,0,0,0.847792019828484
ai,614b11e399369a0d52b5fbf6,8,ypc_05,B,full,B,False,A,1,True,1,0,0,0.3366829552428909
ai,614b11e399369a0d52b5fbf6,9,ypc_06,B,full,B,False,A,1,True,1,0,0,1.2128699231039075
ai,614b11e399369a0d52b5fbf6,10,car_racing_01,D,full,D,True,D,1,True,1,1,1,-1.7807688837545659
ai,614b11e399369a0d52b5fbf6,11,car_racing_02,B,full,B,False,C,1,True,1,0,0,1.1885313962188795
ai,614b11e399369a0d52b5fbf6,12,car_racing_03,B,full,B,True,B,1,True,1,1,1,-0.49082695884806904
ai,614b11e399369a0d52b5fbf6,13,car_racing_05,D,full,A,True,A,1,True,0,0,1,0.5313911703231169
ai,614b11e399369a0d52b5fbf6,14,graduation_party_01,B,full,B,True,B,1,True,1,1,1,-1.5130450880192552
ai,614b11e399369a0d52b5fbf6,15,graduation_party_05,D,full,D,False,A,1,True,1,0,0,0.14197474016266495
ai,614b11e399369a0d52b5fbf6,16,graduation_party_06,B,full,B,False,D,1,True,1,0,0,-0.3691343244229278
ai,5ca9106716aa84001725d880,6,ypc_02,D,full,D,True,D,2,True,1,1,1,-0.8072278083534364
ai,5ca9106716aa84001725d880,7,ypc_03,B,full,B,True,B,1,True,1,1,1,0.847792019828484
ai,5ca9106716aa84001725d880,8,ypc_05,D,full,D,False,A,1,True,1,0,0,0.3366829552428909
ai,5ca9106716aa84001725d880,9,ypc_06,C,full,C,False,A,1,True,1,0,0,1.2128699231039075
ai,5ca9106716aa84001725d880,10,car_racing_01,D,full,D,True,D,1,True,1,1,1,-1.7807688837545659
ai,5ca9106716aa84001725d880,11,car_racing_02,B,full,B,False,C,1,True,1,0,0,1.1885313962188795
ai,5ca9106716aa84001725d880,13,car_racing_05,A,full,A,True,A,1,True,1,1,1,0.5313911703231169
ai,5ca9106716aa84001725d880,14,graduation_party_01,B,full,B,True,B,1,True,1,1,1,-1.5130450880192552
ai,5ca9106716aa84001725d880,15,graduation_party_05,D,full,C,False,A,1,True,0,0,0,0.14197474016266495
ai,5ca9106716aa84001725d880,16,graduation_party_06,D,full,D,True,D,2,True,1,1,1,-0.3691343244229278
ai,5ca9106716aa84001725d880,17,graduation_party_07,B,full,B,True,B,1,True,1,1,1,0.7017608585183145
ai,69e798083733072e5376734b,6,ypc_02,D,full,C,False,D,2,True,0,1,0,-0.8072278083534364
ai,69e798083733072e5376734b,7,ypc_03,C,full,C,False,B,1,True,1,0,0,0.847792019828484
ai,69e798083733072e5376734b,8,ypc_05,C,full,C,False,A,1,True,1,0,0,0.3366829552428909
ai,69e798083733072e5376734b,9,ypc_06,C,full,C,False,A,1,True,1,0,0,1.2128699231039075
ai,69e798083733072e5376734b,10,car_racing_01,D,full,D,True,D,1,True,1,1,1,-1.7807688837545659
ai,69e798083733072e5376734b,11,car_racing_02,B,full,B,False,C,1,True,1,0,0,1.1885313962188795
ai,69e798083733072e5376734b,12,car_racing_03,B,full,B,True,B,1,True,1,1,1,-0.49082695884806904
ai,69e798083733072e5376734b,13,car_racing_05,D,full,D,False,A,1,True,1,0,0,0.5313911703231169
ai,69e798083733072e5376734b,14,graduation_party_01,B,full,B,True,B,1,True,1,1,1,-1.5130450880192552
ai,69e798083733072e5376734b,15,graduation_party_05,A,full,A,True,A,2,True,1,1,1,0.14197474016266495
ai,69e798083733072e5376734b,16,graduation_party_06,D,full,D,True,D,1,True,1,1,1,-0.3691343244229278
ai,69e798083733072e5376734b,17,graduation_party_07,A,full,A,False,B,1,True,1,0,0,0.7017608585183145
ai,5ea824f580b9ef228f589930,6,ypc_02,D,full,D,True,D,2,True,1,1,1,-0.8072278083534364
ai,5ea824f580b9ef228f589930,7,ypc_03,B,full,B,True,B,4,True,1,1,1,0.847792019828484
ai,5ea824f580b9ef228f589930,8,ypc_05,D,full,D,False,A,1,True,1,0,0,0.3366829552428909
ai,5ea824f580b9ef228f589930,9,ypc_06,C,full,C,False,A,1,True,1,0,0,1.2128699231039075
ai,5ea824f580b9ef228f589930,10,car_racing_01,D,full,D,True,D,2,True,1,1,1,-1.7807688837545659
ai,5ea824f580b9ef228f589930,11,car_racing_02,B,full,B,False,C,1,True,1,0,0,1.1885313962188795
ai,5ea824f580b9ef228f589930,12,car_racing_03,B,full,B,True,B,1,True,1,1,1,-0.49082695884806904
ai,5ea824f580b9ef228f589930,13,car_racing_05,C,full,C,False,A,1,True,1,0,0,0.5313911703231169
ai,5ea824f580b9ef228f589930,14,graduation_party_01,C,full,C,False,B,1,True,1,0,0,-1.5130450880192552
ai,5ea824f580b9ef228f589930,15,graduation_party_05,D,full,D,False,A,1,True,1,0,0,0.14197474016266495
ai,5ea824f580b9ef228f589930,16,graduation_party_06,D,full,D,True,D,1,True,1,1,1,-0.3691343244229278
ai,5ea824f580b9ef228f589930,17,graduation_party_07,B,full,B,True,B,1,True,1,1,1,0.7017608585183145
ai,673f6ffebce20832346325de,6,ypc_02,D,full,C,False,D,2,True,0,1,0,-0.8072278083534364
ai,673f6ffebce20832346325de,7,ypc_03,B,full,B,True,B,2,True,1,1,1,0.847792019828484
ai,673f6ffebce20832346325de,8,ypc_05,A,full,A,True,A,2,True,1,1,1,0.3366829552428909
ai,673f6ffebce20832346325de,9,ypc_06,C,full,C,False,A,2,True,1,0,0,1.2128699231039075
ai,673f6ffebce20832346325de,10,car_racing_01,D,full,C,False,D,3,True,0,1,0,-1.7807688837545659
ai,673f6ffebce20832346325de,11,car_racing_02,B,full,B,False,C,2,True,1,0,0,1.1885313962188795
ai,673f6ffebce20832346325de,12,car_racing_03,B,full,B,True,B,2,True,1,1,1,-0.49082695884806904
ai,673f6ffebce20832346325de,13,car_racing_05,A,full,A,True,A,2,True,1,1,1,0.5313911703231169
ai,673f6ffebce20832346325de,14,graduation_party_01,B,full,B,True,B,2,True,1,1,1,-1.5130450880192552
ai,673f6ffebce20832346325de,15,graduation_party_05,D,full,D,False,A,2,True,1,0,0,0.14197474016266495
ai,673f6ffebce20832346325de,16,graduation_party_06,B,full,B,False,D,2,True,1,0,0,-0.3691343244229278
ai,673f6ffebce20832346325de,17,graduation_party_07,D,full,D,False,B,2,True,1,0,0,0.7017608585183145
ai,5ff454f2f0b5ed607169fba6,6,ypc_02,A,full,A,False,D,1,True,1,0,0,-0.8072278083534364
ai,5ff454f2f0b5ed607169fba6,7,ypc_03,D,full,D,False,B,5,True,1,0,0,0.847792019828484
ai,5ff454f2f0b5ed607169fba6,8,ypc_05,D,full,D,False,A,2,True,1,0,0,0.3366829552428909
ai,5ff454f2f0b5ed607169fba6,9,ypc_06,D,full,D,False,A,3,True,1,0,0,1.2128699231039075
ai,5ff454f2f0b5ed607169fba6,10,car_racing_01,D,full,D,True,D,1,True,1,1,1,-1.7807688837545659
ai,5ff454f2f0b5ed607169fba6,11,car_racing_02,B,full,B,False,C,1,True,1,0,0,1.1885313962188795
ai,5ff454f2f0b5ed607169fba6,12,car_racing_03,B,full,B,True,B,2,True,1,1,1,-0.49082695884806904
ai,5ff454f2f0b5ed607169fba6,13,car_racing_05,D,full,D,False,A,3,True,1,0,0,0.5313911703231169
ai,5ff454f2f0b5ed607169fba6,14,graduation_party_01,B,full,B,True,B,2,True,1,1,1,-1.5130450880192552
ai,5ff454f2f0b5ed607169fba6,15,graduation_party_05,D,full,D,False,A,2,True,1,0,0,0.14197474016266495
ai,5ff454f2f0b5ed607169fba6,16,graduation_party_06,B,full,B,False,D,1,True,1,0,0,-0.3691343244229278
ai,5ff454f2f0b5ed607169fba6,17,graduation_party_07,B,full,B,True,B,1,True,1,1,1,0.7017608585183145
ai,6a00e5e9deafdfa23003cacb,6,ypc_02,A,full,A,False,D,1,True,1,0,0,-0.8072278083534364
ai,6a00e5e9deafdfa23003cacb,7,ypc_03,B,full,B,True,B,3,True,1,1,1,0.847792019828484
ai,6a00e5e9deafdfa23003cacb,8,ypc_05,D,full,D,False,A,1,True,1,0,0,0.3366829552428909
ai,6a00e5e9deafdfa23003cacb,9,ypc_06,B,full,B,False,A,3,True,1,0,0,1.2128699231039075
ai,6a00e5e9deafdfa23003cacb,10,car_racing_01,D,full,D,True,D,1,True,1,1,1,-1.7807688837545659
ai,6a00e5e9deafdfa23003cacb,12,car_racing_03,B,full,B,True,B,1,True,1,1,1,-0.49082695884806904
ai,6a00e5e9deafdfa23003cacb,13,car_racing_05,C,full,C,False,A,1,True,1,0,0,0.5313911703231169
ai,6a00e5e9deafdfa23003cacb,14,graduation_party_01,B,full,B,True,B,3,True,1,1,1,-1.5130450880192552
ai,6a00e5e9deafdfa23003cacb,15,graduation_party_05,D,full,D,False,A,1,True,1,0,0,0.14197474016266495
ai,6a00e5e9deafdfa23003cacb,16,graduation_party_06,D,full,D,True,D,1,True,1,1,1,-0.3691343244229278
ai,6a00e5e9deafdfa23003cacb,17,graduation_party_07,B,full,B,True,B,1,True,1,1,1,0.7017608585183145
ai,69ffa808e93cf482f4829587,6,ypc_02,D,full,D,True,D,2,True,1,1,1,-0.8072278083534364
ai,69ffa808e93cf482f4829587,7,ypc_03,B,full,B,True,B,2,True,1,1,1,0.847792019828484
ai,69ffa808e93cf482f4829587,8,ypc_05,D,full,D,False,A,1,True,1,0,0,0.3366829552428909
ai,69ffa808e93cf482f4829587,9,ypc_06,C,full,C,False,A,6,True,1,0,0,1.2128699231039075
ai,69ffa808e93cf482f4829587,10,car_racing_01,B,full,D,True,D,1,True,0,0,1,-1.7807688837545659
ai,69ffa808e93cf482f4829587,11,car_racing_02,A,full,C,True,C,4,True,0,0,1,1.1885313962188795
ai,69ffa808e93cf482f4829587,12,car_racing_03,B,full,B,True,B,1,True,1,1,1,-0.49082695884806904
ai,69ffa808e93cf482f4829587,13,car_racing_05,D,full,C,False,A,1,True,0,0,0,0.5313911703231169
ai,69ffa808e93cf482f4829587,14,graduation_party_01,B,full,B,True,B,2,True,1,1,1,-1.5130450880192552
ai,69ffa808e93cf482f4829587,15,graduation_party_05,A,full,A,True,A,1,True,1,1,1,0.14197474016266495
ai,69ffa808e93cf482f4829587,16,graduation_party_06,D,full,D,True,D,3,True,1,1,1,-0.3691343244229278
ai,69ffa808e93cf482f4829587,17,graduation_party_07,B,full,B,True,B,5,True,1,1,1,0.7017608585183145
ai,6a05ca3ca97a0b5ea50dd24c,6,ypc_02,D,full,D,True,D,1,True,1,1,1,-0.8072278083534364
ai,6a05ca3ca97a0b5ea50dd24c,7,ypc_03,B,full,B,True,B,1,True,1,1,1,0.847792019828484
ai,6a05ca3ca97a0b5ea50dd24c,8,ypc_05,B,full,B,False,A,1,True,1,0,0,0.3366829552428909
ai,6a05ca3ca97a0b5ea50dd24c,9,ypc_06,B,full,B,False,A,1,True,1,0,0,1.2128699231039075
ai,6a05ca3ca97a0b5ea50dd24c,10,car_racing_01,D,full,D,True,D,1,True,1,1,1,-1.7807688837545659
ai,6a05ca3ca97a0b5ea50dd24c,11,car_racing_02,C,full,C,True,C,1,True,1,1,1,1.1885313962188795
ai,6a05ca3ca97a0b5ea50dd24c,12,car_racing_03,D,full,D,False,B,1,True,1,0,0,-0.49082695884806904
ai,6a05ca3ca97a0b5ea50dd24c,13,car_racing_05,D,full,D,False,A,1,True,1,0,0,0.5313911703231169
ai,6a05ca3ca97a0b5ea50dd24c,14,graduation_party_01,B,full,B,True,B,1,True,1,1,1,-1.5130450880192552
ai,6a05ca3ca97a0b5ea50dd24c,15,graduation_party_05,D,full,D,False,A,2,True,1,0,0,0.14197474016266495
ai,6a05ca3ca97a0b5ea50dd24c,16,graduation_party_06,A,full,A,False,D,1,True,1,0,0,-0.3691343244229278
ai,6a05ca3ca97a0b5ea50dd24c,17,graduation_party_07,B,full,B,True,B,1,True,1,1,1,0.7017608585183145
ai,5f319edf7543f7087932aa98,6,ypc_02,D,full,D,True,D,1,True,1,1,1,-0.8072278083534364
ai,5f319edf7543f7087932aa98,7,ypc_03,D,full,C,False,B,1,True,0,0,0,0.847792019828484
ai,5f319edf7543f7087932aa98,8,ypc_05,A,full,A,True,A,1,True,1,1,1,0.3366829552428909
ai,5f319edf7543f7087932aa98,9,ypc_06,D,full,D,False,A,1,True,1,0,0,1.2128699231039075
ai,5f319edf7543f7087932aa98,10,car_racing_01,D,full,D,True,D,2,True,1,1,1,-1.7807688837545659
ai,5f319edf7543f7087932aa98,11,car_racing_02,B,full,B,False,C,2,True,1,0,0,1.1885313962188795
ai,5f319edf7543f7087932aa98,12,car_racing_03,D,full,D,False,B,1,True,1,0,0,-0.49082695884806904
ai,5f319edf7543f7087932aa98,13,car_racing_05,C,full,C,False,A,1,True,1,0,0,0.5313911703231169
ai,5f319edf7543f7087932aa98,15,graduation_party_05,A,full,A,True,A,1,True,1,1,1,0.14197474016266495
ai,5f319edf7543f7087932aa98,16,graduation_party_06,D,full,D,True,D,1,True,1,1,1,-0.3691343244229278
ai,5f319edf7543f7087932aa98,17,graduation_party_07,D,full,D,False,B,2,True,1,0,0,0.7017608585183145
ai,6a04411878c03cd53d01bc3d,6,ypc_02,D,full,D,True,D,1,True,1,1,1,-0.8072278083534364
ai,6a04411878c03cd53d01bc3d,7,ypc_03,A,full,A,False,B,1,True,1,0,0,0.847792019828484
ai,6a04411878c03cd53d01bc3d,8,ypc_05,B,full,B,False,A,1,True,1,0,0,0.3366829552428909
ai,6a04411878c03cd53d01bc3d,9,ypc_06,B,full,B,False,A,1,True,1,0,0,1.2128699231039075
ai,6a04411878c03cd53d01bc3d,10,car_racing_01,D,full,D,True,D,1,True,1,1,1,-1.7807688837545659
ai,6a04411878c03cd53d01bc3d,11,car_racing_02,B,full,B,False,C,1,True,1,0,0,1.1885313962188795
ai,6a04411878c03cd53d01bc3d,12,car_racing_03,D,full,D,False,B,1,True,1,0,0,-0.49082695884806904
ai,6a04411878c03cd53d01bc3d,13,car_racing_05,D,full,D,False,A,1,True,1,0,0,0.5313911703231169
ai,6a04411878c03cd53d01bc3d,14,graduation_party_01,B,full,B,True,B,1,True,1,1,1,-1.5130450880192552
ai,6a04411878c03cd53d01bc3d,15,graduation_party_05,A,full,A,True,A,1,True,1,1,1,0.14197474016266495
ai,6a04411878c03cd53d01bc3d,16,graduation_party_06,D,full,D,True,D,1,True,1,1,1,-0.3691343244229278
ai,6a04411878c03cd53d01bc3d,17,graduation_party_07,D,full,D,False,B,1,True,1,0,0,0.7017608585183145
ai,5f6f3b4884cdf34934e9db6f,6,ypc_02,D,full,D,True,D,4,True,1,1,1,-0.8072278083534364
ai,5f6f3b4884cdf34934e9db6f,7,ypc_03,B,full,B,True,B,3,True,1,1,1,0.847792019828484
ai,5f6f3b4884cdf34934e9db6f,8,ypc_05,A,full,A,True,A,4,True,1,1,1,0.3366829552428909
ai,5f6f3b4884cdf34934e9db6f,9,ypc_06,A,full,A,True,A,3,True,1,1,1,1.2128699231039075
ai,5f6f3b4884cdf34934e9db6f,11,car_racing_02,B,full,B,False,C,2,True,1,0,0,1.1885313962188795
ai,5f6f3b4884cdf34934e9db6f,13,car_racing_05,A,full,A,True,A,3,True,1,1,1,0.5313911703231169
ai,5f6f3b4884cdf34934e9db6f,14,graduation_party_01,B,full,B,True,B,1,True,1,1,1,-1.5130450880192552
ai,5f6f3b4884cdf34934e9db6f,15,graduation_party_05,D,full,D,False,A,1,True,1,0,0,0.14197474016266495
ai,5f6f3b4884cdf34934e9db6f,17,graduation_party_07,D,full,D,False,B,1,True,1,0,0,0.7017608585183145
ai,6710a58eeff954cb2243950e,6,ypc_02,A,full,A,False,D,1,True,1,0,0,-0.8072278083534364
ai,6710a58eeff954cb2243950e,7,ypc_03,A,full,A,False,B,1,True,1,0,0,0.847792019828484
ai,6710a58eeff954cb2243950e,8,ypc_05,D,full,D,False,A,1,True,1,0,0,0.3366829552428909
ai,6710a58eeff954cb2243950e,9,ypc_06,C,full,C,False,A,1,True,1,0,0,1.2128699231039075
ai,6710a58eeff954cb2243950e,10,car_racing_01,D,full,D,True,D,1,True,1,1,1,-1.7807688837545659
ai,6710a58eeff954cb2243950e,11,car_racing_02,C,full,C,True,C,1,True,1,1,1,1.1885313962188795
ai,6710a58eeff954cb2243950e,12,car_racing_03,C,full,C,False,B,1,True,1,0,0,-0.49082695884806904
ai,6710a58eeff954cb2243950e,13,car_racing_05,D,full,D,False,A,2,True,1,0,0,0.5313911703231169
ai,6710a58eeff954cb2243950e,14,graduation_party_01,C,full,C,False,B,1,True,1,0,0,-1.5130450880192552
ai,6710a58eeff954cb2243950e,15,graduation_party_05,C,full,C,False,A,1,True,1,0,0,0.14197474016266495
ai,6710a58eeff954cb2243950e,16,graduation_party_06,A,full,A,False,D,1,True,1,0,0,-0.3691343244229278
ai,6710a58eeff954cb2243950e,17,graduation_party_07,C,full,C,False,B,1,True,1,0,0,0.7017608585183145
ai,6a1589d7aa43b48061cf738a,6,ypc_02,A,full,A,False,D,3,True,1,0,0,-0.8072278083534364
ai,6a1589d7aa43b48061cf738a,7,ypc_03,A,full,A,False,B,1,True,1,0,0,0.847792019828484
ai,6a1589d7aa43b48061cf738a,8,ypc_05,D,full,D,False,A,1,True,1,0,0,0.3366829552428909
ai,6a1589d7aa43b48061cf738a,10,car_racing_01,D,full,D,True,D,1,True,1,1,1,-1.7807688837545659
ai,6a1589d7aa43b48061cf738a,11,car_racing_02,C,full,C,True,C,1,True,1,1,1,1.1885313962188795
ai,6a1589d7aa43b48061cf738a,12,car_racing_03,B,full,B,True,B,4,True,1,1,1,-0.49082695884806904
ai,6a1589d7aa43b48061cf738a,17,graduation_party_07,D,full,D,False,B,1,True,1,0,0,0.7017608585183145
ai,6a21b8ae2177f79a3833a3aa,6,ypc_02,D,full,A,False,D,2,True,0,1,0,-0.8072278083534364
ai,6a21b8ae2177f79a3833a3aa,7,ypc_03,A,full,A,False,B,2,True,1,0,0,0.847792019828484
ai,6a21b8ae2177f79a3833a3aa,8,ypc_05,C,full,C,False,A,1,True,1,0,0,0.3366829552428909
ai,6a21b8ae2177f79a3833a3aa,9,ypc_06,C,full,C,False,A,2,True,1,0,0,1.2128699231039075
ai,6a21b8ae2177f79a3833a3aa,10,car_racing_01,D,full,D,True,D,2,True,1,1,1,-1.7807688837545659
ai,6a21b8ae2177f79a3833a3aa,11,car_racing_02,B,full,B,False,C,2,True,1,0,0,1.1885313962188795
ai,6a21b8ae2177f79a3833a3aa,12,car_racing_03,B,full,B,True,B,2,True,1,1,1,-0.49082695884806904
ai,6a21b8ae2177f79a3833a3aa,13,car_racing_05,A,full,A,True,A,2,True,1,1,1,0.5313911703231169
ai,6a21b8ae2177f79a3833a3aa,14,graduation_party_01,B,full,B,True,B,2,True,1,1,1,-1.5130450880192552
ai,6a21b8ae2177f79a3833a3aa,15,graduation_party_05,A,full,A,True,A,2,True,1,1,1,0.14197474016266495
ai,6a21b8ae2177f79a3833a3aa,16,graduation_party_06,B,full,B,False,D,2,True,1,0,0,-0.3691343244229278
ai,6a21b8ae2177f79a3833a3aa,17,graduation_party_07,B,full,B,True,B,2,True,1,1,1,0.7017608585183145
ai,59b19a277f6c84000151c001,6,ypc_02,D,full,D,True,D,3,True,1,1,1,-0.8072278083534364
ai,59b19a277f6c84000151c001,7,ypc_03,B,full,B,True,B,4,True,1,1,1,0.847792019828484
ai,59b19a277f6c84000151c001,8,ypc_05,D,full,D,False,A,2,True,1,0,0,0.3366829552428909
ai,59b19a277f6c84000151c001,9,ypc_06,B,full,B,False,A,3,True,1,0,0,1.2128699231039075
ai,59b19a277f6c84000151c001,10,car_racing_01,D,full,D,True,D,2,True,1,1,1,-1.7807688837545659
ai,59b19a277f6c84000151c001,11,car_racing_02,B,full,B,False,C,2,True,1,0,0,1.1885313962188795
ai,59b19a277f6c84000151c001,12,car_racing_03,B,full,B,True,B,3,True,1,1,1,-0.49082695884806904
ai,59b19a277f6c84000151c001,13,car_racing_05,A,full,A,True,A,4,True,1,1,1,0.5313911703231169
ai,59b19a277f6c84000151c001,16,graduation_party_06,B,full,B,False,D,1,True,1,0,0,-0.3691343244229278
ai,59b19a277f6c84000151c001,17,graduation_party_07,D,full,D,False,B,2,True,1,0,0,0.7017608585183145
ai,6a06e63d31c90ee68757b0d3,6,ypc_02,D,full,D,True,D,1,True,1,1,1,-0.8072278083534364
ai,6a06e63d31c90ee68757b0d3,7,ypc_03,D,full,D,False,B,1,True,1,0,0,0.847792019828484
ai,6a06e63d31c90ee68757b0d3,8,ypc_05,D,full,D,False,A,2,True,1,0,0,0.3366829552428909
ai,6a06e63d31c90ee68757b0d3,9,ypc_06,D,full,D,False,A,1,True,1,0,0,1.2128699231039075
ai,6a06e63d31c90ee68757b0d3,10,car_racing_01,D,full,D,True,D,1,True,1,1,1,-1.7807688837545659
ai,6a06e63d31c90ee68757b0d3,12,car_racing_03,D,full,D,False,B,1,True,1,0,0,-0.49082695884806904
ai,6a06e63d31c90ee68757b0d3,13,car_racing_05,A,full,A,True,A,1,True,1,1,1,0.5313911703231169
ai,6a06e63d31c90ee68757b0d3,14,graduation_party_01,B,full,B,True,B,1,True,1,1,1,-1.5130450880192552
ai,6a06e63d31c90ee68757b0d3,15,graduation_party_05,A,full,A,True,A,1,True,1,1,1,0.14197474016266495
ai,6a06e63d31c90ee68757b0d3,16,graduation_party_06,D,full,D,True,D,1,True,1,1,1,-0.3691343244229278
ai,6a06e63d31c90ee68757b0d3,17,graduation_party_07,A,full,A,False,B,3,True,1,0,0,0.7017608585183145
ai,6a271c0daa928450f32c7507,6,ypc_02,D,full,D,True,D,1,True,1,1,1,-0.8072278083534364
ai,6a271c0daa928450f32c7507,7,ypc_03,D,full,D,False,B,2,True,1,0,0,0.847792019828484
ai,6a271c0daa928450f32c7507,8,ypc_05,D,full,D,False,A,1,True,1,0,0,0.3366829552428909
ai,6a271c0daa928450f32c7507,9,ypc_06,C,full,C,False,A,1,True,1,0,0,1.2128699231039075
ai,6a271c0daa928450f32c7507,10,car_racing_01,D,full,D,True,D,1,True,1,1,1,-1.7807688837545659
ai,6a271c0daa928450f32c7507,11,car_racing_02,B,full,C,True,C,1,True,0,0,1,1.1885313962188795
ai,6a271c0daa928450f32c7507,12,car_racing_03,B,full,B,True,B,2,True,1,1,1,-0.49082695884806904
ai,6a271c0daa928450f32c7507,13,car_racing_05,A,full,A,True,A,1,True,1,1,1,0.5313911703231169
ai,6a271c0daa928450f32c7507,14,graduation_party_01,B,full,B,True,B,1,True,1,1,1,-1.5130450880192552
ai,6a271c0daa928450f32c7507,15,graduation_party_05,A,full,A,True,A,1,True,1,1,1,0.14197474016266495
ai,6a271c0daa928450f32c7507,16,graduation_party_06,D,full,D,True,D,1,True,1,1,1,-0.3691343244229278
ai,6a271c0daa928450f32c7507,17,graduation_party_07,A,full,A,False,B,1,True,1,0,0,0.7017608585183145
ai,65b9a002909e6b9bd3520066,6,ypc_02,D,full,D,True,D,1,True,1,1,1,-0.8072278083534364
ai,65b9a002909e6b9bd3520066,7,ypc_03,A,full,A,False,B,1,True,1,0,0,0.847792019828484
ai,65b9a002909e6b9bd3520066,8,ypc_05,D,full,D,False,A,1,True,1,0,0,0.3366829552428909
ai,65b9a002909e6b9bd3520066,9,ypc_06,D,full,D,False,A,2,True,1,0,0,1.2128699231039075
ai,65b9a002909e6b9bd3520066,10,car_racing_01,D,full,D,True,D,2,True,1,1,1,-1.7807688837545659
ai,65b9a002909e6b9bd3520066,13,car_racing_05,D,full,D,False,A,1,True,1,0,0,0.5313911703231169
ai,65b9a002909e6b9bd3520066,14,graduation_party_01,B,full,B,True,B,1,True,1,1,1,-1.5130450880192552
ai,65b9a002909e6b9bd3520066,15,graduation_party_05,A,full,A,True,A,1,True,1,1,1,0.14197474016266495
ai,65b9a002909e6b9bd3520066,16,graduation_party_06,D,full,D,True,D,1,True,1,1,1,-0.3691343244229278
ai,65b9a002909e6b9bd3520066,17,graduation_party_07,D,full,D,False,B,1,True,1,0,0,0.7017608585183145
ai,6a06fc17dd60a09eb3ac9bbd,6,ypc_02,D,full,D,True,D,1,True,1,1,1,-0.8072278083534364
ai,6a06fc17dd60a09eb3ac9bbd,7,ypc_03,C,full,C,False,B,1,True,1,0,0,0.847792019828484
ai,6a06fc17dd60a09eb3ac9bbd,8,ypc_05,A,full,A,True,A,1,True,1,1,1,0.3366829552428909
ai,6a06fc17dd60a09eb3ac9bbd,9,ypc_06,D,full,D,False,A,2,True,1,0,0,1.2128699231039075
ai,6a06fc17dd60a09eb3ac9bbd,10,car_racing_01,D,full,D,True,D,1,True,1,1,1,-1.7807688837545659
ai,6a06fc17dd60a09eb3ac9bbd,11,car_racing_02,B,full,B,False,C,1,True,1,0,0,1.1885313962188795
ai,6a06fc17dd60a09eb3ac9bbd,12,car_racing_03,D,full,D,False,B,1,True,1,0,0,-0.49082695884806904
ai,6a06fc17dd60a09eb3ac9bbd,13,car_racing_05,C,full,C,False,A,2,True,1,0,0,0.5313911703231169
ai,6a06fc17dd60a09eb3ac9bbd,14,graduation_party_01,B,full,B,True,B,1,True,1,1,1,-1.5130450880192552
ai,6a06fc17dd60a09eb3ac9bbd,15,graduation_party_05,A,full,A,True,A,1,True,1,1,1,0.14197474016266495
ai,6a06fc17dd60a09eb3ac9bbd,16,graduation_party_06,D,full,D,True,D,1,True,1,1,1,-0.3691343244229278
ai,6a06fc17dd60a09eb3ac9bbd,17,graduation_party_07,C,full,C,False,B,1,True,1,0,0,0.7017608585183145
ai,5f160514e2a4062d2a0ded58,6,ypc_02,D,full,D,True,D,1,True,1,1,1,-0.8072278083534364
ai,5f160514e2a4062d2a0ded58,7,ypc_03,B,full,B,True,B,1,True,1,1,1,0.847792019828484
ai,5f160514e2a4062d2a0ded58,8,ypc_05,A,full,A,True,A,1,True,1,1,1,0.3366829552428909
ai,5f160514e2a4062d2a0ded58,9,ypc_06,B,full,A,True,A,1,True,0,0,1,1.2128699231039075
ai,5f160514e2a4062d2a0ded58,10,car_racing_01,D,full,D,True,D,1,True,1,1,1,-1.7807688837545659
ai,5f160514e2a4062d2a0ded58,11,car_racing_02,B,full,B,False,C,1,True,1,0,0,1.1885313962188795
ai,5f160514e2a4062d2a0ded58,12,car_racing_03,D,full,D,False,B,1,True,1,0,0,-0.49082695884806904
ai,5f160514e2a4062d2a0ded58,14,graduation_party_01,B,full,B,True,B,1,True,1,1,1,-1.5130450880192552
ai,5f160514e2a4062d2a0ded58,15,graduation_party_05,A,full,A,True,A,1,True,1,1,1,0.14197474016266495
ai,5f160514e2a4062d2a0ded58,16,graduation_party_06,B,full,B,False,D,1,True,1,0,0,-0.3691343244229278
ai,5f160514e2a4062d2a0ded58,17,graduation_party_07,B,full,B,True,B,1,True,1,1,1,0.7017608585183145
ai,6a00e2783fab0770e1f95674,8,ypc_05,D,full,D,False,A,1,True,1,0,0,0.3366829552428909
ai,6a00e2783fab0770e1f95674,9,ypc_06,D,full,D,False,A,1,True,1,0,0,1.2128699231039075
ai,6a00e2783fab0770e1f95674,14,graduation_party_01,B,full,B,True,B,1,True,1,1,1,-1.5130450880192552
ai,6a00e2783fab0770e1f95674,15,graduation_party_05,D,full,D,False,A,1,True,1,0,0,0.14197474016266495
ai,6a00e2783fab0770e1f95674,16,graduation_party_06,B,full,B,False,D,1,True,1,0,0,-0.3691343244229278
ai,6a00e2783fab0770e1f95674,17,graduation_party_07,B,full,B,True,B,1,True,1,1,1,0.7017608585183145
ai,6a0247c711c1663a4074fa1b,7,ypc_03,D,full,D,False,B,1,True,1,0,0,0.847792019828484
ai,6a0247c711c1663a4074fa1b,8,ypc_05,D,full,D,False,A,3,True,1,0,0,0.3366829552428909
ai,6a0247c711c1663a4074fa1b,9,ypc_06,C,full,C,False,A,1,True,1,0,0,1.2128699231039075
ai,6a0247c711c1663a4074fa1b,10,car_racing_01,D,full,D,True,D,1,True,1,1,1,-1.7807688837545659
ai,6a0247c711c1663a4074fa1b,11,car_racing_02,B,full,B,False,C,1,True,1,0,0,1.1885313962188795
ai,6a0247c711c1663a4074fa1b,13,car_racing_05,C,full,C,False,A,1,True,1,0,0,0.5313911703231169
ai,6a0247c711c1663a4074fa1b,14,graduation_party_01,B,full,B,True,B,1,True,1,1,1,-1.5130450880192552
ai,6a0247c711c1663a4074fa1b,15,graduation_party_05,D,full,D,False,A,2,True,1,0,0,0.14197474016266495
ai,6a0247c711c1663a4074fa1b,16,graduation_party_06,D,full,D,True,D,1,True,1,1,1,-0.3691343244229278
ai,6a0247c711c1663a4074fa1b,17,graduation_party_07,D,full,D,False,B,1,True,1,0,0,0.7017608585183145
ai,69fdda7887e460a4d33c272a,6,ypc_02,D,full,D,True,D,1,True,1,1,1,-0.8072278083534364
ai,69fdda7887e460a4d33c272a,7,ypc_03,B,full,B,True,B,3,True,1,1,1,0.847792019828484
ai,69fdda7887e460a4d33c272a,8,ypc_05,A,full,A,True,A,1,True,1,1,1,0.3366829552428909
ai,69fdda7887e460a4d33c272a,9,ypc_06,B,full,B,False,A,2,True,1,0,0,1.2128699231039075
ai,69fdda7887e460a4d33c272a,10,car_racing_01,D,full,D,True,D,1,True,1,1,1,-1.7807688837545659
ai,69fdda7887e460a4d33c272a,11,car_racing_02,B,full,B,False,C,1,True,1,0,0,1.1885313962188795
ai,69fdda7887e460a4d33c272a,12,car_racing_03,B,full,B,True,B,1,True,1,1,1,-0.49082695884806904
ai,69fdda7887e460a4d33c272a,13,car_racing_05,C,full,C,False,A,1,True,1,0,0,0.5313911703231169
ai,69fdda7887e460a4d33c272a,14,graduation_party_01,B,full,B,True,B,1,True,1,1,1,-1.5130450880192552
ai,69fdda7887e460a4d33c272a,15,graduation_party_05,A,full,A,True,A,1,True,1,1,1,0.14197474016266495
ai,69fdda7887e460a4d33c272a,16,graduation_party_06,B,full,B,False,D,1,True,1,0,0,-0.3691343244229278
ai,69fdda7887e460a4d33c272a,17,graduation_party_07,D,full,D,False,B,4,True,1,0,0,0.7017608585183145
ai,5c4f9227af9f500001be902e,6,ypc_02,D,full,D,True,D,5,True,1,1,1,-0.8072278083534364
ai,5c4f9227af9f500001be902e,7,ypc_03,A,full,A,False,B,2,True,1,0,0,0.847792019828484
ai,5c4f9227af9f500001be902e,8,ypc_05,D,full,D,False,A,2,True,1,0,0,0.3366829552428909
ai,5c4f9227af9f500001be902e,9,ypc_06,A,full,D,False,A,3,True,0,1,0,1.2128699231039075
ai,5c4f9227af9f500001be902e,10,car_racing_01,D,full,D,True,D,3,True,1,1,1,-1.7807688837545659
ai,5c4f9227af9f500001be902e,11,car_racing_02,C,full,B,False,C,4,True,0,1,0,1.1885313962188795
ai,5c4f9227af9f500001be902e,12,car_racing_03,B,full,B,True,B,4,True,1,1,1,-0.49082695884806904
ai,5c4f9227af9f500001be902e,13,car_racing_05,D,full,D,False,A,2,True,1,0,0,0.5313911703231169
ai,5c4f9227af9f500001be902e,14,graduation_party_01,B,full,B,True,B,1,True,1,1,1,-1.5130450880192552
ai,5c4f9227af9f500001be902e,15,graduation_party_05,D,full,D,False,A,1,True,1,0,0,0.14197474016266495
ai,5c4f9227af9f500001be902e,16,graduation_party_06,D,full,D,True,D,1,True,1,1,1,-0.3691343244229278
ai,5c4f9227af9f500001be902e,17,graduation_party_07,D,full,D,False,B,1,True,1,0,0,0.7017608585183145
ai,679153802a458f825959cf4a,6,ypc_02,D,full,D,True,D,1,True,1,1,1,-0.8072278083534364
ai,679153802a458f825959cf4a,7,ypc_03,D,full,D,False,B,1,True,1,0,0,0.847792019828484
ai,679153802a458f825959cf4a,8,ypc_05,D,full,D,False,A,1,True,1,0,0,0.3366829552428909
ai,679153802a458f825959cf4a,9,ypc_06,B,full,B,False,A,1,True,1,0,0,1.2128699231039075
ai,679153802a458f825959cf4a,10,car_racing_01,D,full,D,True,D,1,True,1,1,1,-1.7807688837545659
ai,679153802a458f825959cf4a,11,car_racing_02,C,full,C,True,C,1,True,1,1,1,1.1885313962188795
ai,679153802a458f825959cf4a,12,car_racing_03,D,full,D,False,B,1,True,1,0,0,-0.49082695884806904
ai,679153802a458f825959cf4a,13,car_racing_05,D,full,D,False,A,1,True,1,0,0,0.5313911703231169
ai,679153802a458f825959cf4a,14,graduation_party_01,B,full,B,True,B,1,True,1,1,1,-1.5130450880192552
ai,679153802a458f825959cf4a,15,graduation_party_05,A,full,D,False,A,1,True,0,1,0,0.14197474016266495
ai,679153802a458f825959cf4a,16,graduation_party_06,D,full,D,True,D,1,True,1,1,1,-0.3691343244229278
ai,679153802a458f825959cf4a,17,graduation_party_07,C,full,C,False,B,1,True,1,0,0,0.7017608585183145
ai,5908ee77d4b33900015cb3f7,6,ypc_02,A,full,A,False,D,1,True,1,0,0,-0.8072278083534364
ai,5908ee77d4b33900015cb3f7,7,ypc_03,C,full,C,False,B,1,True,1,0,0,0.847792019828484
ai,5908ee77d4b33900015cb3f7,8,ypc_05,D,full,D,False,A,1,True,1,0,0,0.3366829552428909
ai,5908ee77d4b33900015cb3f7,9,ypc_06,C,full,C,False,A,4,True,1,0,0,1.2128699231039075
ai,5908ee77d4b33900015cb3f7,10,car_racing_01,A,full,A,False,D,1,True,1,0,0,-1.7807688837545659
ai,5908ee77d4b33900015cb3f7,11,car_racing_02,D,full,D,False,C,1,True,1,0,0,1.1885313962188795
ai,5908ee77d4b33900015cb3f7,12,car_racing_03,B,full,B,True,B,1,True,1,1,1,-0.49082695884806904
ai,5908ee77d4b33900015cb3f7,13,car_racing_05,A,full,A,True,A,1,True,1,1,1,0.5313911703231169
ai,5908ee77d4b33900015cb3f7,14,graduation_party_01,C,full,C,False,B,3,True,1,0,0,-1.5130450880192552
ai,5908ee77d4b33900015cb3f7,15,graduation_party_05,D,full,D,False,A,2,True,1,0,0,0.14197474016266495
ai,5908ee77d4b33900015cb3f7,16,graduation_party_06,D,full,D,True,D,2,True,1,1,1,-0.3691343244229278
ai,5908ee77d4b33900015cb3f7,17,graduation_party_07,B,full,B,True,B,2,True,1,1,1,0.7017608585183145
ai,6702f60844f21087e0840e3d,6,ypc_02,D,full,D,True,D,2,True,1,1,1,-0.8072278083534364
ai,6702f60844f21087e0840e3d,7,ypc_03,B,full,B,True,B,1,True,1,1,1,0.847792019828484
ai,6702f60844f21087e0840e3d,8,ypc_05,A,full,A,True,A,1,True,1,1,1,0.3366829552428909
ai,6702f60844f21087e0840e3d,9,ypc_06,A,full,A,True,A,1,True,1,1,1,1.2128699231039075
ai,6702f60844f21087e0840e3d,10,car_racing_01,D,full,D,True,D,1,True,1,1,1,-1.7807688837545659
ai,6702f60844f21087e0840e3d,11,car_racing_02,B,full,B,False,C,2,True,1,0,0,1.1885313962188795
ai,6702f60844f21087e0840e3d,12,car_racing_03,B,full,B,True,B,1,True,1,1,1,-0.49082695884806904
ai,6702f60844f21087e0840e3d,13,car_racing_05,D,full,D,False,A,1,True,1,0,0,0.5313911703231169
ai,6702f60844f21087e0840e3d,14,graduation_party_01,B,full,B,True,B,1,True,1,1,1,-1.5130450880192552
ai,6702f60844f21087e0840e3d,15,graduation_party_05,A,full,A,True,A,2,True,1,1,1,0.14197474016266495
ai,6702f60844f21087e0840e3d,16,graduation_party_06,D,full,D,True,D,1,True,1,1,1,-0.3691343244229278
ai,6702f60844f21087e0840e3d,17,graduation_party_07,B,full,B,True,B,1,True,1,1,1,0.7017608585183145
ai,6a11e96e121c58edac86d8ae,6,ypc_02,D,full,D,True,D,1,True,1,1,1,-0.8072278083534364
ai,6a11e96e121c58edac86d8ae,7,ypc_03,D,full,B,True,B,1,True,0,0,1,0.847792019828484
ai,6a11e96e121c58edac86d8ae,8,ypc_05,A,full,A,True,A,1,True,1,1,1,0.3366829552428909
ai,6a11e96e121c58edac86d8ae,9,ypc_06,A,full,B,False,A,3,True,0,1,0,1.2128699231039075
ai,6a11e96e121c58edac86d8ae,10,car_racing_01,D,full,A,False,D,3,True,0,1,0,-1.7807688837545659
ai,6a11e96e121c58edac86d8ae,11,car_racing_02,B,full,D,False,C,1,True,0,0,0,1.1885313962188795
ai,6a11e96e121c58edac86d8ae,12,car_racing_03,B,full,B,True,B,1,True,1,1,1,-0.49082695884806904
ai,6a11e96e121c58edac86d8ae,13,car_racing_05,A,full,A,True,A,1,True,1,1,1,0.5313911703231169
ai,6a11e96e121c58edac86d8ae,14,graduation_party_01,C,full,A,False,B,1,True,0,0,0,-1.5130450880192552
ai,6a11e96e121c58edac86d8ae,15,graduation_party_05,A,full,B,False,A,1,True,0,1,0,0.14197474016266495
ai,6a11e96e121c58edac86d8ae,16,graduation_party_06,D,full,D,True,D,2,True,1,1,1,-0.3691343244229278
ai,6a11e96e121c58edac86d8ae,17,graduation_party_07,A,full,A,False,B,1,True,1,0,0,0.7017608585183145
ai,6a07018cc4b031d691ad7868,6,ypc_02,D,full,D,True,D,1,True,1,1,1,-0.8072278083534364
ai,6a07018cc4b031d691ad7868,7,ypc_03,A,full,A,False,B,1,True,1,0,0,0.847792019828484
ai,6a07018cc4b031d691ad7868,8,ypc_05,A,full,A,True,A,1,True,1,1,1,0.3366829552428909
ai,6a07018cc4b031d691ad7868,9,ypc_06,D,full,D,False,A,1,True,1,0,0,1.2128699231039075
ai,6a07018cc4b031d691ad7868,10,car_racing_01,D,full,D,True,D,1,True,1,1,1,-1.7807688837545659
ai,6a07018cc4b031d691ad7868,12,car_racing_03,B,full,B,True,B,1,True,1,1,1,-0.49082695884806904
ai,6a07018cc4b031d691ad7868,13,car_racing_05,A,full,A,True,A,1,True,1,1,1,0.5313911703231169
ai,6a07018cc4b031d691ad7868,14,graduation_party_01,B,full,B,True,B,1,True,1,1,1,-1.5130450880192552
ai,6a07018cc4b031d691ad7868,15,graduation_party_05,D,full,D,False,A,1,True,1,0,0,0.14197474016266495
ai,6a07018cc4b031d691ad7868,16,graduation_party_06,B,full,B,False,D,1,True,1,0,0,-0.3691343244229278
ai,6a07018cc4b031d691ad7868,17,graduation_party_07,B,full,B,True,B,1,True,1,1,1,0.7017608585183145
ai,6a1705de4d66fdccca1d1192,6,ypc_02,D,full,D,True,D,6,True,1,1,1,-0.8072278083534364
ai,6a1705de4d66fdccca1d1192,7,ypc_03,C,combined,A,False,B,16,True,0,0,0,0.847792019828484
ai,6a1705de4d66fdccca1d1192,8,ypc_05,D,full,D,False,A,7,True,1,0,0,0.3366829552428909
ai,6a1705de4d66fdccca1d1192,9,ypc_06,C,full,A,True,A,8,True,0,0,1,1.2128699231039075
ai,6a1705de4d66fdccca1d1192,10,car_racing_01,D,full,D,True,D,5,True,1,1,1,-1.7807688837545659
ai,6a1705de4d66fdccca1d1192,11,car_racing_02,B,full,B,False,C,7,True,1,0,0,1.1885313962188795
ai,6a1705de4d66fdccca1d1192,12,car_racing_03,D,full,D,False,B,9,True,1,0,0,-0.49082695884806904
ai,6a1705de4d66fdccca1d1192,13,car_racing_05,D,full,D,False,A,6,True,1,0,0,0.5313911703231169
ai,6a1705de4d66fdccca1d1192,14,graduation_party_01,B,full,B,True,B,4,True,1,1,1,-1.5130450880192552
ai,6a1705de4d66fdccca1d1192,15,graduation_party_05,A,full,A,True,A,4,True,1,1,1,0.14197474016266495
ai,6a1705de4d66fdccca1d1192,16,graduation_party_06,B,combined,B,False,D,5,True,1,0,0,-0.3691343244229278
ai,6a1705de4d66fdccca1d1192,17,graduation_party_07,D,full,D,False,B,4,True,1,0,0,0.7017608585183145
ai,6a0b25192c5d95c79b377fc8,6,ypc_02,D,full,D,True,D,1,True,1,1,1,-0.8072278083534364
ai,6a0b25192c5d95c79b377fc8,7,ypc_03,A,full,A,False,B,1,True,1,0,0,0.847792019828484
ai,6a0b25192c5d95c79b377fc8,8,ypc_05,A,full,A,True,A,1,True,1,1,1,0.3366829552428909
ai,6a0b25192c5d95c79b377fc8,9,ypc_06,B,full,B,False,A,1,True,1,0,0,1.2128699231039075
ai,6a0b25192c5d95c79b377fc8,10,car_racing_01,A,full,A,False,D,1,True,1,0,0,-1.7807688837545659
ai,6a0b25192c5d95c79b377fc8,11,car_racing_02,B,full,B,False,C,1,True,1,0,0,1.1885313962188795
ai,6a0b25192c5d95c79b377fc8,12,car_racing_03,B,full,B,True,B,1,True,1,1,1,-0.49082695884806904
ai,6a0b25192c5d95c79b377fc8,13,car_racing_05,A,full,A,True,A,1,True,1,1,1,0.5313911703231169
ai,6a0b25192c5d95c79b377fc8,14,graduation_party_01,B,full,B,True,B,1,True,1,1,1,-1.5130450880192552
ai,6a0b25192c5d95c79b377fc8,15,graduation_party_05,D,full,D,False,A,1,True,1,0,0,0.14197474016266495
ai,6a0b25192c5d95c79b377fc8,16,graduation_party_06,D,full,D,True,D,1,True,1,1,1,-0.3691343244229278
ai,6a0b25192c5d95c79b377fc8,17,graduation_party_07,A,full,A,False,B,1,True,1,0,0,0.7017608585183145
ai,67118c5934ddcc26346c3183,6,ypc_02,D,full,D,True,D,3,True,1,1,1,-0.8072278083534364
ai,67118c5934ddcc26346c3183,7,ypc_03,A,full,A,False,B,2,True,1,0,0,0.847792019828484
ai,67118c5934ddcc26346c3183,8,ypc_05,D,full,D,False,A,3,True,1,0,0,0.3366829552428909
ai,67118c5934ddcc26346c3183,9,ypc_06,A,full,A,True,A,2,True,1,1,1,1.2128699231039075
ai,67118c5934ddcc26346c3183,10,car_racing_01,D,full,D,True,D,3,True,1,1,1,-1.7807688837545659
ai,67118c5934ddcc26346c3183,11,car_racing_02,B,combined,B,False,C,2,True,1,0,0,1.1885313962188795
ai,67118c5934ddcc26346c3183,12,car_racing_03,D,full,D,False,B,3,True,1,0,0,-0.49082695884806904
ai,67118c5934ddcc26346c3183,13,car_racing_05,A,full,B,False,A,3,True,0,1,0,0.5313911703231169
ai,67118c5934ddcc26346c3183,14,graduation_party_01,B,full,B,True,B,1,True,1,1,1,-1.5130450880192552
ai,67118c5934ddcc26346c3183,15,graduation_party_05,B,full,B,False,A,1,True,1,0,0,0.14197474016266495
ai,67118c5934ddcc26346c3183,16,graduation_party_06,B,full,B,False,D,2,True,1,0,0,-0.3691343244229278
ai,67118c5934ddcc26346c3183,17,graduation_party_07,D,full,D,False,B,2,True,1,0,0,0.7017608585183145
ai,6a073f16a1eef181e8a76922,6,ypc_02,A,full,A,False,D,1,True,1,0,0,-0.8072278083534364
ai,6a073f16a1eef181e8a76922,7,ypc_03,C,full,C,False,B,1,True,1,0,0,0.847792019828484
ai,6a073f16a1eef181e8a76922,8,ypc_05,D,full,D,False,A,1,True,1,0,0,0.3366829552428909
ai,6a073f16a1eef181e8a76922,9,ypc_06,B,full,B,False,A,1,True,1,0,0,1.2128699231039075
ai,6a073f16a1eef181e8a76922,10,car_racing_01,D,full,D,True,D,1,True,1,1,1,-1.7807688837545659
ai,6a073f16a1eef181e8a76922,11,car_racing_02,C,full,C,True,C,1,True,1,1,1,1.1885313962188795
ai,6a073f16a1eef181e8a76922,12,car_racing_03,B,full,B,True,B,1,True,1,1,1,-0.49082695884806904
ai,6a073f16a1eef181e8a76922,13,car_racing_05,C,full,C,False,A,1,True,1,0,0,0.5313911703231169
ai,6a073f16a1eef181e8a76922,14,graduation_party_01,C,full,C,False,B,2,True,1,0,0,-1.5130450880192552
ai,6a073f16a1eef181e8a76922,15,graduation_party_05,D,full,D,False,A,2,True,1,0,0,0.14197474016266495
ai,6a073f16a1eef181e8a76922,16,graduation_party_06,B,full,B,False,D,1,True,1,0,0,-0.3691343244229278
ai,6a073f16a1eef181e8a76922,17,graduation_party_07,D,full,D,False,B,1,True,1,0,0,0.7017608585183145
ai,6a19406dba2ddac41395a833,6,ypc_02,D,full,D,True,D,1,True,1,1,1,-0.8072278083534364
ai,6a19406dba2ddac41395a833,7,ypc_03,B,full,B,True,B,1,True,1,1,1,0.847792019828484
ai,6a19406dba2ddac41395a833,8,ypc_05,D,full,D,False,A,1,True,1,0,0,0.3366829552428909
ai,6a19406dba2ddac41395a833,9,ypc_06,B,full,B,False,A,1,True,1,0,0,1.2128699231039075
ai,6a19406dba2ddac41395a833,10,car_racing_01,D,full,D,True,D,1,True,1,1,1,-1.7807688837545659
ai,6a19406dba2ddac41395a833,11,car_racing_02,B,full,B,False,C,1,True,1,0,0,1.1885313962188795
ai,6a19406dba2ddac41395a833,12,car_racing_03,B,full,B,True,B,1,True,1,1,1,-0.49082695884806904
ai,6a19406dba2ddac41395a833,13,car_racing_05,A,full,A,True,A,1,True,1,1,1,0.5313911703231169
ai,6a19406dba2ddac41395a833,14,graduation_party_01,B,full,B,True,B,1,True,1,1,1,-1.5130450880192552
ai,6a19406dba2ddac41395a833,15,graduation_party_05,D,full,D,False,A,1,True,1,0,0,0.14197474016266495
ai,6a19406dba2ddac41395a833,16,graduation_party_06,D,full,D,True,D,1,True,1,1,1,-0.3691343244229278
ai,6a19406dba2ddac41395a833,17,graduation_party_07,D,full,D,False,B,1,True,1,0,0,0.7017608585183145
ai,69efb71c13372cd446d8b074,7,ypc_03,A,full,A,False,B,2,True,1,0,0,0.847792019828484
ai,69efb71c13372cd446d8b074,8,ypc_05,C,full,C,False,A,1,True,1,0,0,0.3366829552428909
ai,69efb71c13372cd446d8b074,9,ypc_06,A,full,A,True,A,1,True,1,1,1,1.2128699231039075
ai,69efb71c13372cd446d8b074,10,car_racing_01,D,full,D,True,D,1,True,1,1,1,-1.7807688837545659
ai,69efb71c13372cd446d8b074,11,car_racing_02,C,full,C,True,C,1,True,1,1,1,1.1885313962188795
ai,69efb71c13372cd446d8b074,12,car_racing_03,B,full,B,True,B,2,True,1,1,1,-0.49082695884806904
ai,69efb71c13372cd446d8b074,13,car_racing_05,D,full,D,False,A,1,True,1,0,0,0.5313911703231169
ai,69efb71c13372cd446d8b074,14,graduation_party_01,B,full,B,True,B,1,True,1,1,1,-1.5130450880192552
ai,69efb71c13372cd446d8b074,15,graduation_party_05,A,full,A,True,A,2,True,1,1,1,0.14197474016266495
ai,69efb71c13372cd446d8b074,16,graduation_party_06,A,full,A,False,D,2,True,1,0,0,-0.3691343244229278
ai,69efb71c13372cd446d8b074,17,graduation_party_07,B,full,B,True,B,1,True,1,1,1,0.7017608585183145
ai,6a01b9ffa327cfd876cd2caf,6,ypc_02,A,full,B,False,D,1,True,0,0,0,-0.8072278083534364
ai,6a01b9ffa327cfd876cd2caf,7,ypc_03,B,full,B,True,B,1,True,1,1,1,0.847792019828484
ai,6a01b9ffa327cfd876cd2caf,9,ypc_06,A,full,B,False,A,1,True,0,1,0,1.2128699231039075
ai,63d0e55975e5beb4cdb7b188,6,ypc_02,D,full,D,True,D,1,True,1,1,1,-0.8072278083534364
ai,63d0e55975e5beb4cdb7b188,7,ypc_03,A,full,A,False,B,2,True,1,0,0,0.847792019828484
ai,63d0e55975e5beb4cdb7b188,8,ypc_05,D,full,D,False,A,3,True,1,0,0,0.3366829552428909
ai,63d0e55975e5beb4cdb7b188,9,ypc_06,B,full,B,False,A,1,True,1,0,0,1.2128699231039075
ai,63d0e55975e5beb4cdb7b188,10,car_racing_01,D,full,D,True,D,1,True,1,1,1,-1.7807688837545659
ai,63d0e55975e5beb4cdb7b188,11,car_racing_02,B,full,B,False,C,1,True,1,0,0,1.1885313962188795
ai,63d0e55975e5beb4cdb7b188,12,car_racing_03,B,full,B,True,B,1,True,1,1,1,-0.49082695884806904
ai,63d0e55975e5beb4cdb7b188,13,car_racing_05,B,full,B,False,A,3,True,1,0,0,0.5313911703231169
ai,63d0e55975e5beb4cdb7b188,14,graduation_party_01,B,full,B,True,B,1,True,1,1,1,-1.5130450880192552
ai,63d0e55975e5beb4cdb7b188,15,graduation_party_05,D,full,D,False,A,1,True,1,0,0,0.14197474016266495
ai,63d0e55975e5beb4cdb7b188,16,graduation_party_06,B,full,B,False,D,2,True,1,0,0,-0.3691343244229278
ai,63d0e55975e5beb4cdb7b188,17,graduation_party_07,D,full,D,False,B,1,True,1,0,0,0.7017608585183145
ai,62e02b26e879244a99e852fa,6,ypc_02,D,full,D,True,D,1,True,1,1,1,-0.8072278083534364
ai,62e02b26e879244a99e852fa,7,ypc_03,C,full,C,False,B,1,True,1,0,0,0.847792019828484
ai,62e02b26e879244a99e852fa,8,ypc_05,A,full,A,True,A,1,True,1,1,1,0.3366829552428909
ai,62e02b26e879244a99e852fa,9,ypc_06,B,full,B,False,A,1,True,1,0,0,1.2128699231039075
ai,62e02b26e879244a99e852fa,10,car_racing_01,D,full,D,True,D,1,True,1,1,1,-1.7807688837545659
ai,62e02b26e879244a99e852fa,11,car_racing_02,B,full,B,False,C,1,True,1,0,0,1.1885313962188795
ai,62e02b26e879244a99e852fa,12,car_racing_03,B,full,B,True,B,1,True,1,1,1,-0.49082695884806904
ai,62e02b26e879244a99e852fa,13,car_racing_05,C,full,C,False,A,1,True,1,0,0,0.5313911703231169
ai,62e02b26e879244a99e852fa,14,graduation_party_01,B,full,B,True,B,1,True,1,1,1,-1.5130450880192552
ai,62e02b26e879244a99e852fa,15,graduation_party_05,A,full,A,True,A,1,True,1,1,1,0.14197474016266495
ai,62e02b26e879244a99e852fa,16,graduation_party_06,D,full,D,True,D,1,True,1,1,1,-0.3691343244229278
ai,62e02b26e879244a99e852fa,17,graduation_party_07,D,full,D,False,B,1,True,1,0,0,0.7017608585183145
ai,57f9238bc786ac00011ebc72,6,ypc_02,D,full,D,True,D,1,True,1,1,1,-0.8072278083534364
ai,57f9238bc786ac00011ebc72,7,ypc_03,A,full,A,False,B,1,True,1,0,0,0.847792019828484
ai,57f9238bc786ac00011ebc72,8,ypc_05,D,full,D,False,A,1,True,1,0,0,0.3366829552428909
ai,57f9238bc786ac00011ebc72,9,ypc_06,D,full,D,False,A,1,True,1,0,0,1.2128699231039075
ai,57f9238bc786ac00011ebc72,10,car_racing_01,D,full,D,True,D,1,True,1,1,1,-1.7807688837545659
ai,57f9238bc786ac00011ebc72,11,car_racing_02,B,full,B,False,C,2,True,1,0,0,1.1885313962188795
ai,57f9238bc786ac00011ebc72,12,car_racing_03,B,full,B,True,B,1,True,1,1,1,-0.49082695884806904
ai,57f9238bc786ac00011ebc72,13,car_racing_05,A,full,A,True,A,2,True,1,1,1,0.5313911703231169
ai,57f9238bc786ac00011ebc72,14,graduation_party_01,B,full,B,True,B,1,True,1,1,1,-1.5130450880192552
ai,57f9238bc786ac00011ebc72,15,graduation_party_05,D,full,D,False,A,1,True,1,0,0,0.14197474016266495
ai,57f9238bc786ac00011ebc72,16,graduation_party_06,D,full,D,True,D,1,True,1,1,1,-0.3691343244229278
ai,57f9238bc786ac00011ebc72,17,graduation_party_07,D,full,D,False,B,1,True,1,0,0,0.7017608585183145
ai,677c5eca7746c5274a7d88a4,7,ypc_03,D,full,D,False,B,1,True,1,0,0,0.847792019828484
ai,677c5eca7746c5274a7d88a4,8,ypc_05,A,full,A,True,A,1,True,1,1,1,0.3366829552428909
ai,677c5eca7746c5274a7d88a4,10,car_racing_01,D,full,D,True,D,1,True,1,1,1,-1.7807688837545659
ai,677c5eca7746c5274a7d88a4,11,car_racing_02,B,full,B,False,C,1,True,1,0,0,1.1885313962188795
ai,677c5eca7746c5274a7d88a4,12,car_racing_03,D,full,A,False,B,1,True,0,0,0,-0.49082695884806904
ai,677c5eca7746c5274a7d88a4,13,car_racing_05,D,full,D,False,A,1,True,1,0,0,0.5313911703231169
ai,677c5eca7746c5274a7d88a4,14,graduation_party_01,C,full,C,False,B,3,True,1,0,0,-1.5130450880192552
ai,677c5eca7746c5274a7d88a4,15,graduation_party_05,A,full,A,True,A,1,True,1,1,1,0.14197474016266495
ai,677c5eca7746c5274a7d88a4,16,graduation_party_06,B,full,B,False,D,1,True,1,0,0,-0.3691343244229278
ai,677c5eca7746c5274a7d88a4,17,graduation_party_07,D,full,D,False,B,1,True,1,0,0,0.7017608585183145
ai,69f1cef04898374f3c779ab0,6,ypc_02,B,full,B,False,D,3,True,1,0,0,-0.8072278083534364
ai,69f1cef04898374f3c779ab0,7,ypc_03,B,full,B,True,B,2,True,1,1,1,0.847792019828484
ai,69f1cef04898374f3c779ab0,8,ypc_05,A,full,A,True,A,3,True,1,1,1,0.3366829552428909
ai,69f1cef04898374f3c779ab0,9,ypc_06,D,full,D,False,A,4,True,1,0,0,1.2128699231039075
ai,69f1cef04898374f3c779ab0,10,car_racing_01,D,full,D,True,D,1,True,1,1,1,-1.7807688837545659
ai,69f1cef04898374f3c779ab0,11,car_racing_02,B,full,B,False,C,1,True,1,0,0,1.1885313962188795
ai,69f1cef04898374f3c779ab0,12,car_racing_03,B,full,B,True,B,1,True,1,1,1,-0.49082695884806904
ai,69f1cef04898374f3c779ab0,13,car_racing_05,D,full,D,False,A,3,True,1,0,0,0.5313911703231169
ai,69f1cef04898374f3c779ab0,14,graduation_party_01,B,full,B,True,B,3,True,1,1,1,-1.5130450880192552
ai,69f1cef04898374f3c779ab0,15,graduation_party_05,A,full,A,True,A,1,True,1,1,1,0.14197474016266495
ai,69f1cef04898374f3c779ab0,16,graduation_party_06,D,full,D,True,D,3,True,1,1,1,-0.3691343244229278
ai,5cab22cd68194f001511b2d6,6,ypc_02,D,full,D,True,D,4,True,1,1,1,-0.8072278083534364
ai,5cab22cd68194f001511b2d6,7,ypc_03,D,full,D,False,B,4,True,1,0,0,0.847792019828484
ai,5cab22cd68194f001511b2d6,8,ypc_05,D,full,D,False,A,3,True,1,0,0,0.3366829552428909
ai,5cab22cd68194f001511b2d6,9,ypc_06,A,full,A,True,A,2,True,1,1,1,1.2128699231039075
ai,5cab22cd68194f001511b2d6,10,car_racing_01,D,full,D,True,D,2,True,1,1,1,-1.7807688837545659
ai,5cab22cd68194f001511b2d6,11,car_racing_02,B,full,A,False,C,4,True,0,0,0,1.1885313962188795
ai,5cab22cd68194f001511b2d6,12,car_racing_03,B,full,B,True,B,1,True,1,1,1,-0.49082695884806904
ai,5cab22cd68194f001511b2d6,13,car_racing_05,A,full,A,True,A,1,True,1,1,1,0.5313911703231169
ai,5cab22cd68194f001511b2d6,14,graduation_party_01,B,full,B,True,B,2,True,1,1,1,-1.5130450880192552
ai,5cab22cd68194f001511b2d6,15,graduation_party_05,A,full,A,True,A,1,True,1,1,1,0.14197474016266495
ai,5cab22cd68194f001511b2d6,16,graduation_party_06,D,full,D,True,D,2,True,1,1,1,-0.3691343244229278
ai,5cab22cd68194f001511b2d6,17,graduation_party_07,D,full,D,False,B,1,True,1,0,0,0.7017608585183145
ai,6a0464c4873f031f438f0327,6,ypc_02,A,full,D,True,D,2,True,0,0,1,-0.8072278083534364
ai,6a0464c4873f031f438f0327,7,ypc_03,C,full,C,False,B,1,True,1,0,0,0.847792019828484
ai,6a0464c4873f031f438f0327,8,ypc_05,D,full,D,False,A,2,True,1,0,0,0.3366829552428909
ai,6a0464c4873f031f438f0327,9,ypc_06,B,full,B,False,A,1,True,1,0,0,1.2128699231039075
ai,6a0464c4873f031f438f0327,10,car_racing_01,D,full,D,True,D,2,True,1,1,1,-1.7807688837545659
ai,6a0464c4873f031f438f0327,11,car_racing_02,C,full,C,True,C,1,True,1,1,1,1.1885313962188795
ai,6a0464c4873f031f438f0327,12,car_racing_03,B,full,B,True,B,1,True,1,1,1,-0.49082695884806904
ai,6a0464c4873f031f438f0327,14,graduation_party_01,C,full,C,False,B,1,True,1,0,0,-1.5130450880192552
ai,6a0464c4873f031f438f0327,15,graduation_party_05,A,full,A,True,A,2,True,1,1,1,0.14197474016266495
ai,6a0464c4873f031f438f0327,16,graduation_party_06,A,full,A,False,D,1,True,1,0,0,-0.3691343244229278
ai,6a0464c4873f031f438f0327,17,graduation_party_07,B,full,B,True,B,1,True,1,1,1,0.7017608585183145
ai,6a1d6ed2d1f659ae0b6ed638,6,ypc_02,D,full,D,True,D,1,True,1,1,1,-0.8072278083534364
ai,6a1d6ed2d1f659ae0b6ed638,7,ypc_03,A,full,A,False,B,1,True,1,0,0,0.847792019828484
ai,6a1d6ed2d1f659ae0b6ed638,8,ypc_05,A,full,A,True,A,1,True,1,1,1,0.3366829552428909
ai,6a1d6ed2d1f659ae0b6ed638,9,ypc_06,A,full,A,True,A,1,True,1,1,1,1.2128699231039075
ai,6a1d6ed2d1f659ae0b6ed638,10,car_racing_01,D,full,D,True,D,1,True,1,1,1,-1.7807688837545659
ai,6a1d6ed2d1f659ae0b6ed638,11,car_racing_02,B,full,B,False,C,1,True,1,0,0,1.1885313962188795
ai,6a1d6ed2d1f659ae0b6ed638,12,car_racing_03,B,full,B,True,B,1,True,1,1,1,-0.49082695884806904
ai,6a1d6ed2d1f659ae0b6ed638,13,car_racing_05,D,full,D,False,A,1,True,1,0,0,0.5313911703231169
ai,6a1d6ed2d1f659ae0b6ed638,14,graduation_party_01,B,full,B,True,B,2,True,1,1,1,-1.5130450880192552
ai,6a1d6ed2d1f659ae0b6ed638,15,graduation_party_05,A,full,A,True,A,1,True,1,1,1,0.14197474016266495
ai,6a1d6ed2d1f659ae0b6ed638,16,graduation_party_06,B,full,B,False,D,1,True,1,0,0,-0.3691343244229278
ai,6a1d6ed2d1f659ae0b6ed638,17,graduation_party_07,B,full,B,True,B,1,True,1,1,1,0.7017608585183145
ai,6a186b9f5994daad25347f2d,6,ypc_02,B,full,B,False,D,2,True,1,0,0,-0.8072278083534364
ai,6a186b9f5994daad25347f2d,7,ypc_03,A,full,A,False,B,4,True,1,0,0,0.847792019828484
ai,6a186b9f5994daad25347f2d,8,ypc_05,D,full,D,False,A,2,True,1,0,0,0.3366829552428909
ai,6a186b9f5994daad25347f2d,9,ypc_06,B,full,B,False,A,2,True,1,0,0,1.2128699231039075
ai,6a186b9f5994daad25347f2d,10,car_racing_01,C,full,C,False,D,1,True,1,0,0,-1.7807688837545659
ai,6a186b9f5994daad25347f2d,11,car_racing_02,B,full,B,False,C,3,True,1,0,0,1.1885313962188795
ai,6a186b9f5994daad25347f2d,12,car_racing_03,C,full,C,False,B,1,True,1,0,0,-0.49082695884806904
ai,6a186b9f5994daad25347f2d,13,car_racing_05,A,full,A,True,A,2,True,1,1,1,0.5313911703231169
ai,6a186b9f5994daad25347f2d,14,graduation_party_01,B,full,B,True,B,3,True,1,1,1,-1.5130450880192552
ai,6a186b9f5994daad25347f2d,15,graduation_party_05,D,full,D,False,A,2,True,1,0,0,0.14197474016266495
ai,6a186b9f5994daad25347f2d,16,graduation_party_06,A,full,A,False,D,2,True,1,0,0,-0.3691343244229278
ai,6a186b9f5994daad25347f2d,17,graduation_party_07,B,full,B,True,B,3,True,1,1,1,0.7017608585183145
ai,6a1806979a036be32a527ff3,6,ypc_02,A,full,A,False,D,1,True,1,0,0,-0.8072278083534364
ai,6a1806979a036be32a527ff3,7,ypc_03,D,full,D,False,B,2,True,1,0,0,0.847792019828484
ai,6a1806979a036be32a527ff3,8,ypc_05,B,full,B,False,A,1,True,1,0,0,0.3366829552428909
ai,6a1806979a036be32a527ff3,9,ypc_06,D,full,D,False,A,1,True,1,0,0,1.2128699231039075
ai,6a1806979a036be32a527ff3,10,car_racing_01,D,full,D,True,D,1,True,1,1,1,-1.7807688837545659
ai,6a1806979a036be32a527ff3,11,car_racing_02,C,full,C,True,C,2,True,1,1,1,1.1885313962188795
ai,6a1806979a036be32a527ff3,12,car_racing_03,B,full,B,True,B,1,True,1,1,1,-0.49082695884806904
ai,6a1806979a036be32a527ff3,13,car_racing_05,D,full,D,False,A,1,True,1,0,0,0.5313911703231169
ai,6a1806979a036be32a527ff3,14,graduation_party_01,B,full,B,True,B,2,True,1,1,1,-1.5130450880192552
ai,6a1806979a036be32a527ff3,15,graduation_party_05,A,full,A,True,A,1,True,1,1,1,0.14197474016266495
ai,6a1806979a036be32a527ff3,16,graduation_party_06,B,full,B,False,D,1,True,1,0,0,-0.3691343244229278
ai,6a1806979a036be32a527ff3,17,graduation_party_07,D,full,D,False,B,2,True,1,0,0,0.7017608585183145
ai,671a3ac3dada5efe6d439698,6,ypc_02,A,full,A,False,D,1,True,1,0,0,-0.8072278083534364
ai,671a3ac3dada5efe6d439698,8,ypc_05,D,full,D,False,A,1,True,1,0,0,0.3366829552428909
ai,671a3ac3dada5efe6d439698,9,ypc_06,C,full,C,False,A,1,True,1,0,0,1.2128699231039075
ai,671a3ac3dada5efe6d439698,10,car_racing_01,D,full,D,True,D,2,True,1,1,1,-1.7807688837545659
ai,671a3ac3dada5efe6d439698,12,car_racing_03,B,full,B,True,B,1,True,1,1,1,-0.49082695884806904
ai,671a3ac3dada5efe6d439698,13,car_racing_05,D,full,D,False,A,1,True,1,0,0,0.5313911703231169
ai,671a3ac3dada5efe6d439698,14,graduation_party_01,C,full,C,False,B,2,True,1,0,0,-1.5130450880192552
ai,671a3ac3dada5efe6d439698,15,graduation_party_05,A,full,A,True,A,1,True,1,1,1,0.14197474016266495
ai,671a3ac3dada5efe6d439698,16,graduation_party_06,B,full,B,False,D,1,True,1,0,0,-0.3691343244229278
ai,671a3ac3dada5efe6d439698,17,graduation_party_07,B,full,B,True,B,1,True,1,1,1,0.7017608585183145
ai,6a19fedb153705573a04a9b2,6,ypc_02,D,full,B,False,D,2,True,0,1,0,-0.8072278083534364
ai,6a19fedb153705573a04a9b2,7,ypc_03,D,full,C,False,B,2,True,0,0,0,0.847792019828484
ai,6a19fedb153705573a04a9b2,8,ypc_05,D,full,D,False,A,2,True,1,0,0,0.3366829552428909
ai,6a19fedb153705573a04a9b2,9,ypc_06,D,full,D,False,A,2,True,1,0,0,1.2128699231039075
ai,6a19fedb153705573a04a9b2,10,car_racing_01,D,full,D,True,D,2,True,1,1,1,-1.7807688837545659
ai,6a19fedb153705573a04a9b2,11,car_racing_02,B,full,B,False,C,2,True,1,0,0,1.1885313962188795
ai,6a19fedb153705573a04a9b2,12,car_racing_03,D,full,D,False,B,2,True,1,0,0,-0.49082695884806904
ai,6a19fedb153705573a04a9b2,13,car_racing_05,D,full,C,False,A,2,True,0,0,0,0.5313911703231169
ai,6a19fedb153705573a04a9b2,14,graduation_party_01,B,full,B,True,B,2,True,1,1,1,-1.5130450880192552
ai,6a19fedb153705573a04a9b2,15,graduation_party_05,D,full,D,False,A,2,True,1,0,0,0.14197474016266495
ai,6a19fedb153705573a04a9b2,16,graduation_party_06,B,full,B,False,D,2,True,1,0,0,-0.3691343244229278
ai,6a19fedb153705573a04a9b2,17,graduation_party_07,D,full,D,False,B,3,True,1,0,0,0.7017608585183145
ai,697fbcfaae6bc29a56c28d58,6,ypc_02,D,full,D,True,D,1,True,1,1,1,-0.8072278083534364
ai,697fbcfaae6bc29a56c28d58,7,ypc_03,B,full,B,True,B,1,True,1,1,1,0.847792019828484
ai,697fbcfaae6bc29a56c28d58,8,ypc_05,D,full,D,False,A,1,True,1,0,0,0.3366829552428909
ai,697fbcfaae6bc29a56c28d58,9,ypc_06,B,full,B,False,A,1,True,1,0,0,1.2128699231039075
ai,697fbcfaae6bc29a56c28d58,10,car_racing_01,D,full,D,True,D,1,True,1,1,1,-1.7807688837545659
ai,697fbcfaae6bc29a56c28d58,11,car_racing_02,B,full,B,False,C,1,True,1,0,0,1.1885313962188795
ai,697fbcfaae6bc29a56c28d58,12,car_racing_03,B,full,B,True,B,1,True,1,1,1,-0.49082695884806904
ai,697fbcfaae6bc29a56c28d58,13,car_racing_05,C,full,C,False,A,1,True,1,0,0,0.5313911703231169
ai,697fbcfaae6bc29a56c28d58,15,graduation_party_05,D,full,D,False,A,2,True,1,0,0,0.14197474016266495
ai,697fbcfaae6bc29a56c28d58,16,graduation_party_06,B,full,B,False,D,1,True,1,0,0,-0.3691343244229278
ai,697fbcfaae6bc29a56c28d58,17,graduation_party_07,B,full,B,True,B,1,True,1,1,1,0.7017608585183145
ai,67c60b46b619cad09b65ab51,6,ypc_02,C,full,C,False,D,1,True,1,0,0,-0.8072278083534364
ai,67c60b46b619cad09b65ab51,7,ypc_03,D,full,C,False,B,3,True,0,0,0,0.847792019828484
ai,67c60b46b619cad09b65ab51,8,ypc_05,A,full,A,True,A,2,True,1,1,1,0.3366829552428909
ai,67c60b46b619cad09b65ab51,9,ypc_06,C,full,A,True,A,2,True,0,0,1,1.2128699231039075
ai,67c60b46b619cad09b65ab51,11,car_racing_02,D,full,C,True,C,2,True,0,0,1,1.1885313962188795
ai,67c60b46b619cad09b65ab51,13,car_racing_05,D,full,C,False,A,1,True,0,0,0,0.5313911703231169
ai,67c60b46b619cad09b65ab51,14,graduation_party_01,D,full,B,True,B,2,True,0,0,1,-1.5130450880192552
ai,67c60b46b619cad09b65ab51,15,graduation_party_05,D,full,D,False,A,1,True,1,0,0,0.14197474016266495
ai,67c60b46b619cad09b65ab51,17,graduation_party_07,C,full,C,False,B,2,True,1,0,0,0.7017608585183145
ai,66796f6a50ac90662e958273,6,ypc_02,B,full,B,False,D,1,True,1,0,0,-0.8072278083534364
ai,66796f6a50ac90662e958273,7,ypc_03,B,full,B,True,B,3,True,1,1,1,0.847792019828484
ai,66796f6a50ac90662e958273,8,ypc_05,D,full,D,False,A,1,True,1,0,0,0.3366829552428909
ai,66796f6a50ac90662e958273,9,ypc_06,C,full,C,False,A,3,True,1,0,0,1.2128699231039075
ai,66796f6a50ac90662e958273,10,car_racing_01,D,full,D,True,D,2,True,1,1,1,-1.7807688837545659
ai,66796f6a50ac90662e958273,11,car_racing_02,C,full,C,True,C,1,True,1,1,1,1.1885313962188795
ai,66796f6a50ac90662e958273,12,car_racing_03,B,full,B,True,B,2,True,1,1,1,-0.49082695884806904
ai,66796f6a50ac90662e958273,13,car_racing_05,A,full,A,True,A,1,True,1,1,1,0.5313911703231169
ai,66796f6a50ac90662e958273,14,graduation_party_01,B,full,B,True,B,2,True,1,1,1,-1.5130450880192552
ai,66796f6a50ac90662e958273,15,graduation_party_05,D,full,D,False,A,2,True,1,0,0,0.14197474016266495
ai,66796f6a50ac90662e958273,16,graduation_party_06,D,full,D,True,D,6,True,1,1,1,-0.3691343244229278
ai,66796f6a50ac90662e958273,17,graduation_party_07,D,full,D,False,B,1,True,1,0,0,0.7017608585183145
ai,6a00e36e3f9414f0d94977fd,6,ypc_02,D,full,D,True,D,1,True,1,1,1,-0.8072278083534364
ai,6a00e36e3f9414f0d94977fd,7,ypc_03,C,full,C,False,B,1,True,1,0,0,0.847792019828484
ai,6a00e36e3f9414f0d94977fd,8,ypc_05,A,full,A,True,A,1,True,1,1,1,0.3366829552428909
ai,6a00e36e3f9414f0d94977fd,9,ypc_06,D,full,D,False,A,1,True,1,0,0,1.2128699231039075
ai,6a00e36e3f9414f0d94977fd,10,car_racing_01,D,full,D,True,D,2,True,1,1,1,-1.7807688837545659
ai,6a00e36e3f9414f0d94977fd,11,car_racing_02,B,full,C,True,C,1,True,0,0,1,1.1885313962188795
ai,6a00e36e3f9414f0d94977fd,12,car_racing_03,B,full,B,True,B,1,True,1,1,1,-0.49082695884806904
ai,6a00e36e3f9414f0d94977fd,13,car_racing_05,C,full,C,False,A,1,True,1,0,0,0.5313911703231169
ai,6a00e36e3f9414f0d94977fd,14,graduation_party_01,B,full,B,True,B,1,True,1,1,1,-1.5130450880192552
ai,6a00e36e3f9414f0d94977fd,15,graduation_party_05,A,full,A,True,A,1,True,1,1,1,0.14197474016266495
ai,6a00e36e3f9414f0d94977fd,16,graduation_party_06,B,full,B,False,D,1,True,1,0,0,-0.3691343244229278
ai,6a00e36e3f9414f0d94977fd,17,graduation_party_07,D,full,D,False,B,3,True,1,0,0,0.7017608585183145
ai,63d7a55aac703039f14c6705,6,ypc_02,A,full,A,False,D,1,True,1,0,0,-0.8072278083534364
ai,63d7a55aac703039f14c6705,7,ypc_03,C,full,C,False,B,1,True,1,0,0,0.847792019828484
ai,63d7a55aac703039f14c6705,8,ypc_05,D,full,D,False,A,2,True,1,0,0,0.3366829552428909
ai,63d7a55aac703039f14c6705,9,ypc_06,C,full,C,False,A,1,True,1,0,0,1.2128699231039075
ai,63d7a55aac703039f14c6705,10,car_racing_01,D,full,D,True,D,1,True,1,1,1,-1.7807688837545659
ai,63d7a55aac703039f14c6705,11,car_racing_02,B,combined,B,False,C,2,True,1,0,0,1.1885313962188795
ai,63d7a55aac703039f14c6705,12,car_racing_03,D,full,D,False,B,1,True,1,0,0,-0.49082695884806904
ai,63d7a55aac703039f14c6705,13,car_racing_05,B,full,B,False,A,2,True,1,0,0,0.5313911703231169
ai,63d7a55aac703039f14c6705,14,graduation_party_01,B,full,B,True,B,2,True,1,1,1,-1.5130450880192552
ai,63d7a55aac703039f14c6705,15,graduation_party_05,D,full,D,False,A,1,True,1,0,0,0.14197474016266495
ai,63d7a55aac703039f14c6705,16,graduation_party_06,D,full,D,True,D,1,True,1,1,1,-0.3691343244229278
ai,63d7a55aac703039f14c6705,17,graduation_party_07,D,full,D,False,B,1,True,1,0,0,0.7017608585183145
ai,6a0c5ad1f13f59bf0a03fffc,6,ypc_02,D,full,D,True,D,2,True,1,1,1,-0.8072278083534364
ai,6a0c5ad1f13f59bf0a03fffc,7,ypc_03,A,full,A,False,B,1,True,1,0,0,0.847792019828484
ai,6a0c5ad1f13f59bf0a03fffc,8,ypc_05,A,full,A,True,A,1,True,1,1,1,0.3366829552428909
ai,6a0c5ad1f13f59bf0a03fffc,9,ypc_06,B,full,B,False,A,1,True,1,0,0,1.2128699231039075
ai,6a0c5ad1f13f59bf0a03fffc,10,car_racing_01,D,full,D,True,D,1,True,1,1,1,-1.7807688837545659
ai,6a0c5ad1f13f59bf0a03fffc,11,car_racing_02,D,full,D,False,C,1,True,1,0,0,1.1885313962188795
ai,6a0c5ad1f13f59bf0a03fffc,12,car_racing_03,D,full,D,False,B,1,True,1,0,0,-0.49082695884806904
ai,6a0c5ad1f13f59bf0a03fffc,13,car_racing_05,D,full,D,False,A,2,True,1,0,0,0.5313911703231169
ai,6a0c5ad1f13f59bf0a03fffc,14,graduation_party_01,B,full,B,True,B,1,True,1,1,1,-1.5130450880192552
ai,6a0c5ad1f13f59bf0a03fffc,15,graduation_party_05,D,full,D,False,A,1,True,1,0,0,0.14197474016266495
ai,6a0c5ad1f13f59bf0a03fffc,16,graduation_party_06,B,full,B,False,D,2,True,1,0,0,-0.3691343244229278
ai,6a0c5ad1f13f59bf0a03fffc,17,graduation_party_07,B,full,B,True,B,1,True,1,1,1,0.7017608585183145
ai,637fad91c9976f9e66a65840,6,ypc_02,A,full,A,False,D,2,True,1,0,0,-0.8072278083534364
ai,637fad91c9976f9e66a65840,7,ypc_03,B,full,B,True,B,2,True,1,1,1,0.847792019828484
ai,637fad91c9976f9e66a65840,8,ypc_05,D,full,D,False,A,2,True,1,0,0,0.3366829552428909
ai,637fad91c9976f9e66a65840,9,ypc_06,D,full,D,False,A,3,True,1,0,0,1.2128699231039075
ai,637fad91c9976f9e66a65840,10,car_racing_01,D,full,D,True,D,2,True,1,1,1,-1.7807688837545659
ai,637fad91c9976f9e66a65840,11,car_racing_02,B,full,B,False,C,2,True,1,0,0,1.1885313962188795
ai,637fad91c9976f9e66a65840,12,car_racing_03,D,full,D,False,B,2,True,1,0,0,-0.49082695884806904
ai,637fad91c9976f9e66a65840,13,car_racing_05,C,full,C,False,A,2,True,1,0,0,0.5313911703231169
ai,637fad91c9976f9e66a65840,14,graduation_party_01,B,full,B,True,B,2,True,1,1,1,-1.5130450880192552
ai,637fad91c9976f9e66a65840,15,graduation_party_05,A,full,A,True,A,2,True,1,1,1,0.14197474016266495
ai,637fad91c9976f9e66a65840,16,graduation_party_06,D,full,D,True,D,2,True,1,1,1,-0.3691343244229278
ai,637fad91c9976f9e66a65840,17,graduation_party_07,D,full,D,False,B,2,True,1,0,0,0.7017608585183145
ai,6a4414eb85f59713b94a03a1,6,ypc_02,D,full,D,True,D,1,True,1,1,1,-0.8072278083534364
ai,6a4414eb85f59713b94a03a1,7,ypc_03,D,full,D,False,B,1,True,1,0,0,0.847792019828484
ai,6a4414eb85f59713b94a03a1,8,ypc_05,D,full,A,True,A,1,True,0,0,1,0.3366829552428909
ai,6a4414eb85f59713b94a03a1,9,ypc_06,D,full,D,False,A,1,True,1,0,0,1.2128699231039075
ai,6a4414eb85f59713b94a03a1,10,car_racing_01,D,full,D,True,D,1,True,1,1,1,-1.7807688837545659
ai,6a4414eb85f59713b94a03a1,11,car_racing_02,C,full,C,True,C,1,True,1,1,1,1.1885313962188795
ai,6a4414eb85f59713b94a03a1,12,car_racing_03,D,full,D,False,B,1,True,1,0,0,-0.49082695884806904
ai,6a4414eb85f59713b94a03a1,13,car_racing_05,D,full,D,False,A,1,True,1,0,0,0.5313911703231169
ai,6a4414eb85f59713b94a03a1,14,graduation_party_01,B,full,B,True,B,1,True,1,1,1,-1.5130450880192552
ai,6a4414eb85f59713b94a03a1,15,graduation_party_05,A,full,A,True,A,1,True,1,1,1,0.14197474016266495
ai,6a4414eb85f59713b94a03a1,16,graduation_party_06,B,full,B,False,D,1,True,1,0,0,-0.3691343244229278
ai,6a4414eb85f59713b94a03a1,17,graduation_party_07,D,full,D,False,B,1,True,1,0,0,0.7017608585183145
ai,69f0e5c8a2d68fe090716dc0,6,ypc_02,D,full,D,True,D,1,True,1,1,1,-0.8072278083534364
ai,69f0e5c8a2d68fe090716dc0,7,ypc_03,B,full,B,True,B,1,True,1,1,1,0.847792019828484
ai,69f0e5c8a2d68fe090716dc0,8,ypc_05,A,full,A,True,A,1,True,1,1,1,0.3366829552428909
ai,69f0e5c8a2d68fe090716dc0,9,ypc_06,B,full,B,False,A,1,True,1,0,0,1.2128699231039075
ai,69f0e5c8a2d68fe090716dc0,10,car_racing_01,D,full,D,True,D,1,True,1,1,1,-1.7807688837545659
ai,69f0e5c8a2d68fe090716dc0,11,car_racing_02,B,full,B,False,C,1,True,1,0,0,1.1885313962188795
ai,69f0e5c8a2d68fe090716dc0,12,car_racing_03,B,full,B,True,B,1,True,1,1,1,-0.49082695884806904
ai,69f0e5c8a2d68fe090716dc0,13,car_racing_05,C,full,C,False,A,1,True,1,0,0,0.5313911703231169
ai,69f0e5c8a2d68fe090716dc0,14,graduation_party_01,B,full,B,True,B,1,True,1,1,1,-1.5130450880192552
ai,69f0e5c8a2d68fe090716dc0,15,graduation_party_05,A,full,A,True,A,1,True,1,1,1,0.14197474016266495
ai,69f0e5c8a2d68fe090716dc0,16,graduation_party_06,B,full,B,False,D,1,True,1,0,0,-0.3691343244229278
ai,69f0e5c8a2d68fe090716dc0,17,graduation_party_07,D,full,D,False,B,2,True,1,0,0,0.7017608585183145
ai,6a21f4c12774bbcebeeca3e7,6,ypc_02,D,full,D,True,D,1,True,1,1,1,-0.8072278083534364
ai,6a21f4c12774bbcebeeca3e7,7,ypc_03,A,full,D,False,B,1,True,0,0,0,0.847792019828484
ai,6a21f4c12774bbcebeeca3e7,8,ypc_05,A,full,A,True,A,1,True,1,1,1,0.3366829552428909
ai,6a21f4c12774bbcebeeca3e7,9,ypc_06,D,full,D,False,A,2,True,1,0,0,1.2128699231039075
ai,6a21f4c12774bbcebeeca3e7,10,car_racing_01,D,full,D,True,D,1,True,1,1,1,-1.7807688837545659
ai,6a21f4c12774bbcebeeca3e7,11,car_racing_02,A,full,A,False,C,1,True,1,0,0,1.1885313962188795
ai,6a21f4c12774bbcebeeca3e7,12,car_racing_03,B,full,B,True,B,2,True,1,1,1,-0.49082695884806904
ai,6a21f4c12774bbcebeeca3e7,13,car_racing_05,D,full,D,False,A,1,True,1,0,0,0.5313911703231169
ai,6a21f4c12774bbcebeeca3e7,14,graduation_party_01,B,full,B,True,B,1,True,1,1,1,-1.5130450880192552
ai,6a21f4c12774bbcebeeca3e7,15,graduation_party_05,D,full,D,False,A,1,True,1,0,0,0.14197474016266495
ai,6a21f4c12774bbcebeeca3e7,16,graduation_party_06,B,full,B,False,D,2,True,1,0,0,-0.3691343244229278
ai,5aec1707c09cd900015d7408,6,ypc_02,D,full,D,True,D,1,True,1,1,1,-0.8072278083534364
ai,5aec1707c09cd900015d7408,7,ypc_03,D,full,D,False,B,1,True,1,0,0,0.847792019828484
ai,5aec1707c09cd900015d7408,8,ypc_05,A,full,A,True,A,1,True,1,1,1,0.3366829552428909
ai,5aec1707c09cd900015d7408,9,ypc_06,D,full,D,False,A,1,True,1,0,0,1.2128699231039075
ai,5aec1707c09cd900015d7408,10,car_racing_01,D,full,D,True,D,1,True,1,1,1,-1.7807688837545659
ai,5aec1707c09cd900015d7408,11,car_racing_02,B,full,B,False,C,1,True,1,0,0,1.1885313962188795
ai,5aec1707c09cd900015d7408,12,car_racing_03,B,full,B,True,B,3,True,1,1,1,-0.49082695884806904
ai,5aec1707c09cd900015d7408,13,car_racing_05,D,full,D,False,A,1,True,1,0,0,0.5313911703231169
ai,5aec1707c09cd900015d7408,14,graduation_party_01,C,full,C,False,B,1,True,1,0,0,-1.5130450880192552
ai,5aec1707c09cd900015d7408,15,graduation_party_05,A,full,A,True,A,1,True,1,1,1,0.14197474016266495
ai,5aec1707c09cd900015d7408,16,graduation_party_06,D,full,D,True,D,1,True,1,1,1,-0.3691343244229278
ai,5aec1707c09cd900015d7408,17,graduation_party_07,D,full,D,False,B,2,True,1,0,0,0.7017608585183145
ai,559bbbdafdf99b7ce19d5b3d,6,ypc_02,A,full,A,False,D,2,True,1,0,0,-0.8072278083534364
ai,559bbbdafdf99b7ce19d5b3d,7,ypc_03,D,full,D,False,B,2,True,1,0,0,0.847792019828484
ai,559bbbdafdf99b7ce19d5b3d,8,ypc_05,A,full,A,True,A,2,True,1,1,1,0.3366829552428909
ai,559bbbdafdf99b7ce19d5b3d,9,ypc_06,A,full,A,True,A,2,True,1,1,1,1.2128699231039075
ai,559bbbdafdf99b7ce19d5b3d,10,car_racing_01,D,full,D,True,D,1,True,1,1,1,-1.7807688837545659
ai,559bbbdafdf99b7ce19d5b3d,11,car_racing_02,C,full,C,True,C,1,True,1,1,1,1.1885313962188795
ai,559bbbdafdf99b7ce19d5b3d,12,car_racing_03,B,full,B,True,B,2,True,1,1,1,-0.49082695884806904
ai,559bbbdafdf99b7ce19d5b3d,13,car_racing_05,C,full,C,False,A,1,True,1,0,0,0.5313911703231169
ai,559bbbdafdf99b7ce19d5b3d,14,graduation_party_01,B,full,B,True,B,2,True,1,1,1,-1.5130450880192552
ai,559bbbdafdf99b7ce19d5b3d,15,graduation_party_05,A,full,A,True,A,2,True,1,1,1,0.14197474016266495
ai,559bbbdafdf99b7ce19d5b3d,16,graduation_party_06,D,full,D,True,D,2,True,1,1,1,-0.3691343244229278
ai,559bbbdafdf99b7ce19d5b3d,17,graduation_party_07,D,full,D,False,B,2,True,1,0,0,0.7017608585183145
ai,6a269f30c7c9932b93e39124,6,ypc_02,D,full,D,True,D,3,True,1,1,1,-0.8072278083534364
ai,6a269f30c7c9932b93e39124,7,ypc_03,B,full,B,True,B,3,True,1,1,1,0.847792019828484
ai,6a269f30c7c9932b93e39124,8,ypc_05,D,full,D,False,A,2,True,1,0,0,0.3366829552428909
ai,6a269f30c7c9932b93e39124,9,ypc_06,D,full,D,False,A,2,True,1,0,0,1.2128699231039075
ai,6a269f30c7c9932b93e39124,10,car_racing_01,A,full,A,False,D,2,True,1,0,0,-1.7807688837545659
ai,6a269f30c7c9932b93e39124,11,car_racing_02,B,full,B,False,C,2,True,1,0,0,1.1885313962188795
ai,6a269f30c7c9932b93e39124,12,car_racing_03,D,full,D,False,B,2,True,1,0,0,-0.49082695884806904
ai,6a269f30c7c9932b93e39124,13,car_racing_05,A,full,A,True,A,2,True,1,1,1,0.5313911703231169
ai,6a269f30c7c9932b93e39124,14,graduation_party_01,C,full,C,False,B,2,True,1,0,0,-1.5130450880192552
ai,6a269f30c7c9932b93e39124,15,graduation_party_05,A,full,A,True,A,3,True,1,1,1,0.14197474016266495
ai,6a269f30c7c9932b93e39124,16,graduation_party_06,D,full,D,True,D,2,True,1,1,1,-0.3691343244229278
ai,6a269f30c7c9932b93e39124,17,graduation_party_07,D,full,D,False,B,2,True,1,0,0,0.7017608585183145
ai,6a00dc49200488c52c09e666,6,ypc_02,D,combined,D,True,D,5,True,1,1,1,-0.8072278083534364
ai,6a00dc49200488c52c09e666,7,ypc_03,C,full,C,False,B,1,True,1,0,0,0.847792019828484
ai,6a00dc49200488c52c09e666,8,ypc_05,A,full,A,True,A,1,True,1,1,1,0.3366829552428909
ai,6a00dc49200488c52c09e666,9,ypc_06,A,full,A,True,A,1,True,1,1,1,1.2128699231039075
ai,6a00dc49200488c52c09e666,10,car_racing_01,D,full,D,True,D,2,True,1,1,1,-1.7807688837545659
ai,6a00dc49200488c52c09e666,11,car_racing_02,D,full,D,False,C,1,True,1,0,0,1.1885313962188795
ai,6a00dc49200488c52c09e666,12,car_racing_03,B,full,B,True,B,1,True,1,1,1,-0.49082695884806904
ai,6a00dc49200488c52c09e666,13,car_racing_05,C,full,C,False,A,2,True,1,0,0,0.5313911703231169
ai,6a00dc49200488c52c09e666,14,graduation_party_01,B,full,B,True,B,2,True,1,1,1,-1.5130450880192552
ai,6a00dc49200488c52c09e666,15,graduation_party_05,A,full,A,True,A,2,True,1,1,1,0.14197474016266495
ai,6a00dc49200488c52c09e666,16,graduation_party_06,B,full,B,False,D,3,True,1,0,0,-0.3691343244229278
ai,6a00dc49200488c52c09e666,17,graduation_party_07,B,full,B,True,B,2,True,1,1,1,0.7017608585183145
ai,669053bbebafdd430e770142,6,ypc_02,D,full,D,True,D,1,True,1,1,1,-0.8072278083534364
ai,669053bbebafdd430e770142,7,ypc_03,A,combined,A,False,B,3,True,1,0,0,0.847792019828484
ai,669053bbebafdd430e770142,8,ypc_05,A,full,A,True,A,1,True,1,1,1,0.3366829552428909
ai,669053bbebafdd430e770142,9,ypc_06,D,full,D,False,A,2,True,1,0,0,1.2128699231039075
ai,669053bbebafdd430e770142,10,car_racing_01,D,full,D,True,D,1,True,1,1,1,-1.7807688837545659
ai,669053bbebafdd430e770142,11,car_racing_02,B,full,B,False,C,1,True,1,0,0,1.1885313962188795
ai,669053bbebafdd430e770142,12,car_racing_03,B,full,B,True,B,2,True,1,1,1,-0.49082695884806904
ai,669053bbebafdd430e770142,13,car_racing_05,C,full,C,False,A,1,True,1,0,0,0.5313911703231169
ai,669053bbebafdd430e770142,14,graduation_party_01,B,full,B,True,B,1,True,1,1,1,-1.5130450880192552
ai,669053bbebafdd430e770142,15,graduation_party_05,C,full,C,False,A,1,True,1,0,0,0.14197474016266495
ai,669053bbebafdd430e770142,16,graduation_party_06,D,full,D,True,D,2,True,1,1,1,-0.3691343244229278
ai,669053bbebafdd430e770142,17,graduation_party_07,D,full,D,False,B,1,True,1,0,0,0.7017608585183145
ai,6a063889228a40fd72e93598,6,ypc_02,A,full,A,False,D,1,True,1,0,0,-0.8072278083534364
ai,6a063889228a40fd72e93598,7,ypc_03,D,full,D,False,B,1,True,1,0,0,0.847792019828484
ai,6a063889228a40fd72e93598,9,ypc_06,D,full,D,False,A,1,True,1,0,0,1.2128699231039075
ai,6a063889228a40fd72e93598,10,car_racing_01,D,full,D,True,D,1,True,1,1,1,-1.7807688837545659
ai,6a063889228a40fd72e93598,11,car_racing_02,B,full,B,False,C,1,True,1,0,0,1.1885313962188795
ai,6a063889228a40fd72e93598,12,car_racing_03,B,full,B,True,B,1,True,1,1,1,-0.49082695884806904
ai,6a063889228a40fd72e93598,13,car_racing_05,D,full,D,False,A,1,True,1,0,0,0.5313911703231169
ai,6a063889228a40fd72e93598,14,graduation_party_01,B,full,B,True,B,1,True,1,1,1,-1.5130450880192552
ai,6a063889228a40fd72e93598,15,graduation_party_05,A,full,A,True,A,1,True,1,1,1,0.14197474016266495
ai,6a063889228a40fd72e93598,16,graduation_party_06,D,full,D,True,D,1,True,1,1,1,-0.3691343244229278
ai,6a063889228a40fd72e93598,17,graduation_party_07,B,full,B,True,B,1,True,1,1,1,0.7017608585183145
ai,5be373e07e3c9b0001c4d434,6,ypc_02,D,full,D,True,D,2,True,1,1,1,-0.8072278083534364
ai,5be373e07e3c9b0001c4d434,7,ypc_03,D,full,D,False,B,1,True,1,0,0,0.847792019828484
ai,5be373e07e3c9b0001c4d434,8,ypc_05,C,full,C,False,A,1,True,1,0,0,0.3366829552428909
ai,5be373e07e3c9b0001c4d434,9,ypc_06,C,full,C,False,A,1,True,1,0,0,1.2128699231039075
ai,5be373e07e3c9b0001c4d434,10,car_racing_01,D,full,D,True,D,1,True,1,1,1,-1.7807688837545659
ai,5be373e07e3c9b0001c4d434,11,car_racing_02,B,full,B,False,C,1,True,1,0,0,1.1885313962188795
ai,5be373e07e3c9b0001c4d434,12,car_racing_03,B,full,B,True,B,1,True,1,1,1,-0.49082695884806904
ai,5be373e07e3c9b0001c4d434,13,car_racing_05,A,full,A,True,A,2,True,1,1,1,0.5313911703231169
ai,5be373e07e3c9b0001c4d434,14,graduation_party_01,B,full,B,True,B,3,True,1,1,1,-1.5130450880192552
ai,5be373e07e3c9b0001c4d434,15,graduation_party_05,A,full,A,True,A,1,True,1,1,1,0.14197474016266495
ai,5be373e07e3c9b0001c4d434,16,graduation_party_06,B,full,B,False,D,1,True,1,0,0,-0.3691343244229278
ai,5be373e07e3c9b0001c4d434,17,graduation_party_07,C,full,C,False,B,1,True,1,0,0,0.7017608585183145
ai,5c0cb29e1b80df00017843d2,6,ypc_02,C,full,A,False,D,2,True,0,0,0,-0.8072278083534364
ai,5c0cb29e1b80df00017843d2,7,ypc_03,C,full,C,False,B,1,True,1,0,0,0.847792019828484
ai,5c0cb29e1b80df00017843d2,8,ypc_05,C,full,C,False,A,1,True,1,0,0,0.3366829552428909
ai,5c0cb29e1b80df00017843d2,9,ypc_06,C,full,C,False,A,2,True,1,0,0,1.2128699231039075
ai,5c0cb29e1b80df00017843d2,10,car_racing_01,C,full,D,True,D,1,True,0,0,1,-1.7807688837545659
ai,5c0cb29e1b80df00017843d2,11,car_racing_02,C,full,D,False,C,1,True,0,1,0,1.1885313962188795
ai,5c0cb29e1b80df00017843d2,12,car_racing_03,C,full,D,False,B,1,True,0,0,0,-0.49082695884806904
ai,5c0cb29e1b80df00017843d2,13,car_racing_05,C,full,D,False,A,2,True,0,0,0,0.5313911703231169
ai,5c0cb29e1b80df00017843d2,14,graduation_party_01,B,full,B,True,B,1,True,1,1,1,-1.5130450880192552
ai,5c0cb29e1b80df00017843d2,15,graduation_party_05,C,full,C,False,A,1,True,1,0,0,0.14197474016266495
ai,5c0cb29e1b80df00017843d2,16,graduation_party_06,D,full,D,True,D,1,True,1,1,1,-0.3691343244229278
ai,5c0cb29e1b80df00017843d2,17,graduation_party_07,B,full,B,True,B,1,True,1,1,1,0.7017608585183145
ai,613a37819b27acb95e432628,6,ypc_02,D,full,D,True,D,1,True,1,1,1,-0.8072278083534364
ai,613a37819b27acb95e432628,8,ypc_05,D,full,D,False,A,2,True,1,0,0,0.3366829552428909
ai,613a37819b27acb95e432628,10,car_racing_01,D,full,D,True,D,2,True,1,1,1,-1.7807688837545659
ai,613a37819b27acb95e432628,13,car_racing_05,C,full,C,False,A,4,True,1,0,0,0.5313911703231169
ai,613a37819b27acb95e432628,14,graduation_party_01,C,full,C,False,B,1,True,1,0,0,-1.5130450880192552
ai,613a37819b27acb95e432628,16,graduation_party_06,D,full,D,True,D,2,True,1,1,1,-0.3691343244229278
ai,613a37819b27acb95e432628,17,graduation_party_07,B,full,B,True,B,5,True,1,1,1,0.7017608585183145
ai,69f6512526e29f5893e6c203,6,ypc_02,D,full,D,True,D,3,True,1,1,1,-0.8072278083534364
ai,69f6512526e29f5893e6c203,7,ypc_03,B,full,B,True,B,9,True,1,1,1,0.847792019828484
ai,69f6512526e29f5893e6c203,8,ypc_05,D,full,D,False,A,5,True,1,0,0,0.3366829552428909
ai,69f6512526e29f5893e6c203,9,ypc_06,A,combined,A,True,A,3,True,1,1,1,1.2128699231039075
ai,69f6512526e29f5893e6c203,10,car_racing_01,D,full,D,True,D,4,True,1,1,1,-1.7807688837545659
ai,69f6512526e29f5893e6c203,11,car_racing_02,B,full,B,False,C,1,True,1,0,0,1.1885313962188795
ai,69f6512526e29f5893e6c203,12,car_racing_03,B,full,B,True,B,2,True,1,1,1,-0.49082695884806904
ai,69f6512526e29f5893e6c203,13,car_racing_05,D,full,D,False,A,3,True,1,0,0,0.5313911703231169
ai,69f6512526e29f5893e6c203,14,graduation_party_01,B,full,B,True,B,3,True,1,1,1,-1.5130450880192552
ai,69f6512526e29f5893e6c203,15,graduation_party_05,D,full,D,False,A,6,True,1,0,0,0.14197474016266495
ai,69f6512526e29f5893e6c203,16,graduation_party_06,D,full,D,True,D,2,True,1,1,1,-0.3691343244229278
ai,69f6512526e29f5893e6c203,17,graduation_party_07,D,full,D,False,B,3,True,1,0,0,0.7017608585183145
ai,6a0dca3aabf1a745cf2fc4d8,6,ypc_02,D,full,D,True,D,1,True,1,1,1,-0.8072278083534364
ai,6a0dca3aabf1a745cf2fc4d8,7,ypc_03,A,full,A,False,B,1,True,1,0,0,0.847792019828484
ai,6a0dca3aabf1a745cf2fc4d8,8,ypc_05,A,full,A,True,A,1,True,1,1,1,0.3366829552428909
ai,6a0dca3aabf1a745cf2fc4d8,9,ypc_06,D,full,D,False,A,2,True,1,0,0,1.2128699231039075
ai,6a0dca3aabf1a745cf2fc4d8,10,car_racing_01,D,full,D,True,D,1,True,1,1,1,-1.7807688837545659
ai,6a0dca3aabf1a745cf2fc4d8,11,car_racing_02,C,full,C,True,C,1,True,1,1,1,1.1885313962188795
ai,6a0dca3aabf1a745cf2fc4d8,12,car_racing_03,B,full,B,True,B,2,True,1,1,1,-0.49082695884806904
ai,6a0dca3aabf1a745cf2fc4d8,13,car_racing_05,A,full,A,True,A,1,True,1,1,1,0.5313911703231169
ai,6a0dca3aabf1a745cf2fc4d8,14,graduation_party_01,B,full,B,True,B,1,True,1,1,1,-1.5130450880192552
ai,6a0dca3aabf1a745cf2fc4d8,15,graduation_party_05,A,full,A,True,A,1,True,1,1,1,0.14197474016266495
ai,6a0dca3aabf1a745cf2fc4d8,16,graduation_party_06,B,full,B,False,D,2,True,1,0,0,-0.3691343244229278
ai,6a0dca3aabf1a745cf2fc4d8,17,graduation_party_07,D,full,D,False,B,1,True,1,0,0,0.7017608585183145
ai,69f251f0d23a0b8b82cab811,6,ypc_02,A,full,A,False,D,1,True,1,0,0,-0.8072278083534364
ai,69f251f0d23a0b8b82cab811,7,ypc_03,A,full,A,False,B,1,True,1,0,0,0.847792019828484
ai,69f251f0d23a0b8b82cab811,8,ypc_05,A,full,A,True,A,1,True,1,1,1,0.3366829552428909
ai,69f251f0d23a0b8b82cab811,9,ypc_06,C,full,C,False,A,1,True,1,0,0,1.2128699231039075
ai,69f251f0d23a0b8b82cab811,10,car_racing_01,D,full,D,True,D,2,True,1,1,1,-1.7807688837545659
ai,69f251f0d23a0b8b82cab811,11,car_racing_02,B,full,B,False,C,1,True,1,0,0,1.1885313962188795
ai,69f251f0d23a0b8b82cab811,12,car_racing_03,D,full,D,False,B,1,True,1,0,0,-0.49082695884806904
ai,69f251f0d23a0b8b82cab811,13,car_racing_05,D,full,D,False,A,1,True,1,0,0,0.5313911703231169
ai,69f251f0d23a0b8b82cab811,14,graduation_party_01,B,full,B,True,B,1,True,1,1,1,-1.5130450880192552
ai,69f251f0d23a0b8b82cab811,15,graduation_party_05,D,full,D,False,A,1,True,1,0,0,0.14197474016266495
ai,69f251f0d23a0b8b82cab811,16,graduation_party_06,B,full,B,False,D,1,True,1,0,0,-0.3691343244229278
ai,69f251f0d23a0b8b82cab811,17,graduation_party_07,D,full,D,False,B,1,True,1,0,0,0.7017608585183145
ai,55d22025cc2b18000c0b9d9c,6,ypc_02,D,full,D,True,D,2,True,1,1,1,-0.8072278083534364
ai,55d22025cc2b18000c0b9d9c,7,ypc_03,C,full,C,False,B,2,True,1,0,0,0.847792019828484
ai,55d22025cc2b18000c0b9d9c,8,ypc_05,D,full,D,False,A,1,True,1,0,0,0.3366829552428909
ai,55d22025cc2b18000c0b9d9c,9,ypc_06,D,combined,D,False,A,3,True,1,0,0,1.2128699231039075
ai,55d22025cc2b18000c0b9d9c,10,car_racing_01,D,full,D,True,D,1,True,1,1,1,-1.7807688837545659
ai,55d22025cc2b18000c0b9d9c,11,car_racing_02,B,full,B,False,C,3,True,1,0,0,1.1885313962188795
ai,55d22025cc2b18000c0b9d9c,12,car_racing_03,D,full,D,False,B,2,True,1,0,0,-0.49082695884806904
ai,55d22025cc2b18000c0b9d9c,13,car_racing_05,D,full,D,False,A,3,True,1,0,0,0.5313911703231169
ai,55d22025cc2b18000c0b9d9c,14,graduation_party_01,B,full,B,True,B,2,True,1,1,1,-1.5130450880192552
ai,55d22025cc2b18000c0b9d9c,15,graduation_party_05,A,full,A,True,A,1,True,1,1,1,0.14197474016266495
ai,55d22025cc2b18000c0b9d9c,16,graduation_party_06,D,full,D,True,D,1,True,1,1,1,-0.3691343244229278
ai,55d22025cc2b18000c0b9d9c,17,graduation_party_07,B,full,B,True,B,1,True,1,1,1,0.7017608585183145
ai,6a180ce2e153fafcb23cb3cc,6,ypc_02,D,full,D,True,D,1,True,1,1,1,-0.8072278083534364
ai,6a180ce2e153fafcb23cb3cc,7,ypc_03,A,full,A,False,B,1,True,1,0,0,0.847792019828484
ai,6a180ce2e153fafcb23cb3cc,8,ypc_05,D,full,D,False,A,1,True,1,0,0,0.3366829552428909
ai,6a180ce2e153fafcb23cb3cc,9,ypc_06,B,full,B,False,A,1,True,1,0,0,1.2128699231039075
ai,6a180ce2e153fafcb23cb3cc,10,car_racing_01,A,full,A,False,D,1,True,1,0,0,-1.7807688837545659
ai,6a180ce2e153fafcb23cb3cc,11,car_racing_02,C,full,C,True,C,7,True,1,1,1,1.1885313962188795
ai,6a180ce2e153fafcb23cb3cc,12,car_racing_03,B,full,B,True,B,1,True,1,1,1,-0.49082695884806904
ai,6a180ce2e153fafcb23cb3cc,13,car_racing_05,A,full,A,True,A,1,True,1,1,1,0.5313911703231169
ai,6a180ce2e153fafcb23cb3cc,14,graduation_party_01,B,full,B,True,B,1,True,1,1,1,-1.5130450880192552
ai,6a180ce2e153fafcb23cb3cc,15,graduation_party_05,D,full,D,False,A,1,True,1,0,0,0.14197474016266495
ai,6a180ce2e153fafcb23cb3cc,16,graduation_party_06,D,full,D,True,D,1,True,1,1,1,-0.3691343244229278
ai,6a180ce2e153fafcb23cb3cc,17,graduation_party_07,B,full,B,True,B,1,True,1,1,1,0.7017608585183145
ai,6a05f983071b3fb2a0e01414,6,ypc_02,D,combined,D,True,D,3,True,1,1,1,-0.8072278083534364
ai,6a05f983071b3fb2a0e01414,7,ypc_03,A,full,A,False,B,3,True,1,0,0,0.847792019828484
ai,6a05f983071b3fb2a0e01414,8,ypc_05,D,combined,D,False,A,3,True,1,0,0,0.3366829552428909
ai,6a05f983071b3fb2a0e01414,9,ypc_06,C,full,C,False,A,3,True,1,0,0,1.2128699231039075
ai,6a05f983071b3fb2a0e01414,10,car_racing_01,D,full,D,True,D,2,True,1,1,1,-1.7807688837545659
ai,6a05f983071b3fb2a0e01414,11,car_racing_02,B,full,C,True,C,6,True,0,0,1,1.1885313962188795
ai,6a05f983071b3fb2a0e01414,12,car_racing_03,B,full,D,False,B,5,True,0,1,0,-0.49082695884806904
ai,6a05f983071b3fb2a0e01414,13,car_racing_05,A,full,A,True,A,3,True,1,1,1,0.5313911703231169
ai,6a05f983071b3fb2a0e01414,14,graduation_party_01,C,full,C,False,B,3,True,1,0,0,-1.5130450880192552
ai,6a05f983071b3fb2a0e01414,15,graduation_party_05,A,full,A,True,A,4,True,1,1,1,0.14197474016266495
ai,6a05f983071b3fb2a0e01414,16,graduation_party_06,B,full,B,False,D,3,True,1,0,0,-0.3691343244229278
ai,6a05f983071b3fb2a0e01414,17,graduation_party_07,D,full,D,False,B,3,True,1,0,0,0.7017608585183145
ai,6a15aecec496a8f5acb7ea17,6,ypc_02,A,full,A,False,D,5,True,1,0,0,-0.8072278083534364
ai,6a15aecec496a8f5acb7ea17,7,ypc_03,D,full,D,False,B,1,True,1,0,0,0.847792019828484
ai,6a15aecec496a8f5acb7ea17,8,ypc_05,D,full,D,False,A,1,True,1,0,0,0.3366829552428909
ai,6a15aecec496a8f5acb7ea17,9,ypc_06,A,full,A,True,A,1,True,1,1,1,1.2128699231039075
ai,6a15aecec496a8f5acb7ea17,10,car_racing_01,D,full,D,True,D,4,True,1,1,1,-1.7807688837545659
ai,6a15aecec496a8f5acb7ea17,11,car_racing_02,D,full,B,False,C,3,True,0,0,0,1.1885313962188795
ai,6a15aecec496a8f5acb7ea17,12,car_racing_03,B,full,B,True,B,1,True,1,1,1,-0.49082695884806904
ai,6a15aecec496a8f5acb7ea17,13,car_racing_05,D,full,D,False,A,1,True,1,0,0,0.5313911703231169
ai,6a15aecec496a8f5acb7ea17,14,graduation_party_01,B,full,B,True,B,2,True,1,1,1,-1.5130450880192552
ai,6a15aecec496a8f5acb7ea17,15,graduation_party_05,A,full,A,True,A,1,True,1,1,1,0.14197474016266495
ai,6a15aecec496a8f5acb7ea17,16,graduation_party_06,B,full,B,False,D,1,True,1,0,0,-0.3691343244229278
ai,6a15aecec496a8f5acb7ea17,17,graduation_party_07,D,full,D,False,B,1,True,1,0,0,0.7017608585183145
ai,5e1e6eccd727e91c36a943fd,6,ypc_02,D,full,D,True,D,6,True,1,1,1,-0.8072278083534364
ai,5e1e6eccd727e91c36a943fd,7,ypc_03,C,full,C,False,B,4,True,1,0,0,0.847792019828484
ai,5e1e6eccd727e91c36a943fd,8,ypc_05,A,full,A,True,A,3,True,1,1,1,0.3366829552428909
ai,5e1e6eccd727e91c36a943fd,9,ypc_06,B,full,B,False,A,3,True,1,0,0,1.2128699231039075
ai,5e1e6eccd727e91c36a943fd,10,car_racing_01,D,full,D,True,D,3,True,1,1,1,-1.7807688837545659
ai,5e1e6eccd727e91c36a943fd,11,car_racing_02,B,full,B,False,C,4,True,1,0,0,1.1885313962188795
ai,5e1e6eccd727e91c36a943fd,12,car_racing_03,D,full,D,False,B,3,True,1,0,0,-0.49082695884806904
ai,5e1e6eccd727e91c36a943fd,13,car_racing_05,B,full,B,False,A,5,True,1,0,0,0.5313911703231169
ai,5e1e6eccd727e91c36a943fd,14,graduation_party_01,B,full,B,True,B,4,True,1,1,1,-1.5130450880192552
ai,5e1e6eccd727e91c36a943fd,15,graduation_party_05,D,full,D,False,A,4,True,1,0,0,0.14197474016266495
ai,5e1e6eccd727e91c36a943fd,16,graduation_party_06,D,full,D,True,D,4,True,1,1,1,-0.3691343244229278
ai,5e1e6eccd727e91c36a943fd,17,graduation_party_07,D,full,D,False,B,2,True,1,0,0,0.7017608585183145
ai,6a148943d63fe1ecc3e2970d,6,ypc_02,D,full,D,True,D,2,True,1,1,1,-0.8072278083534364
ai,6a148943d63fe1ecc3e2970d,7,ypc_03,B,full,B,True,B,3,True,1,1,1,0.847792019828484
ai,6a148943d63fe1ecc3e2970d,8,ypc_05,D,full,D,False,A,3,True,1,0,0,0.3366829552428909
ai,6a148943d63fe1ecc3e2970d,9,ypc_06,C,full,C,False,A,4,True,1,0,0,1.2128699231039075
ai,6a148943d63fe1ecc3e2970d,10,car_racing_01,D,full,D,True,D,3,True,1,1,1,-1.7807688837545659
ai,6a148943d63fe1ecc3e2970d,11,car_racing_02,B,full,B,False,C,5,True,1,0,0,1.1885313962188795
ai,6a148943d63fe1ecc3e2970d,12,car_racing_03,B,full,B,True,B,2,True,1,1,1,-0.49082695884806904
ai,6a148943d63fe1ecc3e2970d,13,car_racing_05,A,full,A,True,A,2,True,1,1,1,0.5313911703231169
ai,6a148943d63fe1ecc3e2970d,14,graduation_party_01,B,full,B,True,B,2,True,1,1,1,-1.5130450880192552
ai,6a148943d63fe1ecc3e2970d,15,graduation_party_05,A,full,A,True,A,2,True,1,1,1,0.14197474016266495
ai,6a148943d63fe1ecc3e2970d,16,graduation_party_06,B,full,B,False,D,2,True,1,0,0,-0.3691343244229278
ai,6a148943d63fe1ecc3e2970d,17,graduation_party_07,D,full,D,False,B,3,True,1,0,0,0.7017608585183145
ai,6a15c95975b2d293de75ed8c,6,ypc_02,D,full,D,True,D,1,True,1,1,1,-0.8072278083534364
ai,6a15c95975b2d293de75ed8c,7,ypc_03,C,full,C,False,B,1,True,1,0,0,0.847792019828484
ai,6a15c95975b2d293de75ed8c,8,ypc_05,D,full,D,False,A,1,True,1,0,0,0.3366829552428909
ai,6a15c95975b2d293de75ed8c,9,ypc_06,D,full,D,False,A,1,True,1,0,0,1.2128699231039075
ai,6a15c95975b2d293de75ed8c,10,car_racing_01,D,full,D,True,D,1,True,1,1,1,-1.7807688837545659
ai,6a15c95975b2d293de75ed8c,11,car_racing_02,B,full,B,False,C,1,True,1,0,0,1.1885313962188795
ai,6a15c95975b2d293de75ed8c,12,car_racing_03,B,full,B,True,B,1,True,1,1,1,-0.49082695884806904
ai,6a15c95975b2d293de75ed8c,13,car_racing_05,D,full,D,False,A,1,True,1,0,0,0.5313911703231169
ai,6a15c95975b2d293de75ed8c,14,graduation_party_01,B,full,B,True,B,3,True,1,1,1,-1.5130450880192552
ai,6a15c95975b2d293de75ed8c,15,graduation_party_05,D,full,D,False,A,1,True,1,0,0,0.14197474016266495
ai,6a15c95975b2d293de75ed8c,16,graduation_party_06,D,full,D,True,D,1,True,1,1,1,-0.3691343244229278
ai,6a15c95975b2d293de75ed8c,17,graduation_party_07,A,full,A,False,B,1,True,1,0,0,0.7017608585183145
ai,6a063e75051be6d8504d339b,6,ypc_02,D,full,D,True,D,1,True,1,1,1,-0.8072278083534364
ai,6a063e75051be6d8504d339b,7,ypc_03,A,full,A,False,B,1,True,1,0,0,0.847792019828484
ai,6a063e75051be6d8504d339b,9,ypc_06,C,full,C,False,A,1,True,1,0,0,1.2128699231039075
ai,6a063e75051be6d8504d339b,10,car_racing_01,D,full,D,True,D,1,True,1,1,1,-1.7807688837545659
ai,6a063e75051be6d8504d339b,11,car_racing_02,B,full,D,False,C,1,True,0,0,0,1.1885313962188795
ai,6a063e75051be6d8504d339b,12,car_racing_03,D,full,D,False,B,1,True,1,0,0,-0.49082695884806904
ai,6a063e75051be6d8504d339b,13,car_racing_05,C,full,C,False,A,1,True,1,0,0,0.5313911703231169
ai,6a063e75051be6d8504d339b,14,graduation_party_01,C,full,C,False,B,1,True,1,0,0,-1.5130450880192552
ai,6a063e75051be6d8504d339b,15,graduation_party_05,A,full,A,True,A,1,True,1,1,1,0.14197474016266495
ai,6a063e75051be6d8504d339b,16,graduation_party_06,D,full,D,True,D,1,True,1,1,1,-0.3691343244229278
ai,6a063e75051be6d8504d339b,17,graduation_party_07,D,full,D,False,B,1,True,1,0,0,0.7017608585183145
ai,6a062356e11b977c2d0a0eef,6,ypc_02,D,full,D,True,D,3,True,1,1,1,-0.8072278083534364
ai,6a062356e11b977c2d0a0eef,7,ypc_03,D,full,D,False,B,2,True,1,0,0,0.847792019828484
ai,6a062356e11b977c2d0a0eef,8,ypc_05,B,full,B,False,A,1,True,1,0,0,0.3366829552428909
ai,6a062356e11b977c2d0a0eef,9,ypc_06,D,full,D,False,A,1,True,1,0,0,1.2128699231039075
ai,6a062356e11b977c2d0a0eef,10,car_racing_01,D,full,D,True,D,2,True,1,1,1,-1.7807688837545659
ai,6a062356e11b977c2d0a0eef,11,car_racing_02,B,full,B,False,C,4,True,1,0,0,1.1885313962188795
ai,6a062356e11b977c2d0a0eef,12,car_racing_03,B,full,B,True,B,3,True,1,1,1,-0.49082695884806904
ai,6a062356e11b977c2d0a0eef,13,car_racing_05,D,full,D,False,A,1,True,1,0,0,0.5313911703231169
ai,6a062356e11b977c2d0a0eef,14,graduation_party_01,B,full,B,True,B,3,True,1,1,1,-1.5130450880192552
ai,6a062356e11b977c2d0a0eef,15,graduation_party_05,D,full,D,False,A,2,True,1,0,0,0.14197474016266495
ai,6a062356e11b977c2d0a0eef,16,graduation_party_06,B,full,B,False,D,2,True,1,0,0,-0.3691343244229278
ai,6a062356e11b977c2d0a0eef,17,graduation_party_07,B,full,B,True,B,2,True,1,1,1,0.7017608585183145
ai,6a01c4c8248651c0157c76c5,7,ypc_03,A,full,A,False,B,1,True,1,0,0,0.847792019828484
ai,6a01c4c8248651c0157c76c5,8,ypc_05,A,full,A,True,A,2,True,1,1,1,0.3366829552428909
ai,6a01c4c8248651c0157c76c5,9,ypc_06,B,full,B,False,A,1,True,1,0,0,1.2128699231039075
ai,6a01c4c8248651c0157c76c5,14,graduation_party_01,B,full,B,True,B,2,True,1,1,1,-1.5130450880192552
ai,6a01c4c8248651c0157c76c5,15,graduation_party_05,A,full,A,True,A,3,True,1,1,1,0.14197474016266495
ai,6a01c4c8248651c0157c76c5,16,graduation_party_06,A,full,A,False,D,1,True,1,0,0,-0.3691343244229278
ai,69ebc08476719be8a035de6d,6,ypc_02,D,full,D,True,D,2,True,1,1,1,-0.8072278083534364
ai,69ebc08476719be8a035de6d,7,ypc_03,D,full,D,False,B,4,True,1,0,0,0.847792019828484
ai,69ebc08476719be8a035de6d,8,ypc_05,A,full,A,True,A,3,True,1,1,1,0.3366829552428909
ai,69ebc08476719be8a035de6d,9,ypc_06,D,full,D,False,A,2,True,1,0,0,1.2128699231039075
ai,69ebc08476719be8a035de6d,10,car_racing_01,D,full,D,True,D,2,True,1,1,1,-1.7807688837545659
ai,69ebc08476719be8a035de6d,11,car_racing_02,B,full,B,False,C,2,True,1,0,0,1.1885313962188795
ai,69ebc08476719be8a035de6d,12,car_racing_03,B,full,B,True,B,2,True,1,1,1,-0.49082695884806904
ai,69ebc08476719be8a035de6d,13,car_racing_05,A,full,A,True,A,2,True,1,1,1,0.5313911703231169
ai,69ebc08476719be8a035de6d,14,graduation_party_01,B,full,B,True,B,3,True,1,1,1,-1.5130450880192552
ai,69ebc08476719be8a035de6d,15,graduation_party_05,D,full,D,False,A,2,True,1,0,0,0.14197474016266495
ai,69ebc08476719be8a035de6d,16,graduation_party_06,D,full,D,True,D,2,True,1,1,1,-0.3691343244229278
ai,69ebc08476719be8a035de6d,17,graduation_party_07,B,full,B,True,B,2,True,1,1,1,0.7017608585183145
ai,6a20323741d57a440c33f2fc,6,ypc_02,D,full,D,True,D,1,True,1,1,1,-0.8072278083534364
ai,6a20323741d57a440c33f2fc,7,ypc_03,A,full,A,False,B,1,True,1,0,0,0.847792019828484
ai,6a20323741d57a440c33f2fc,8,ypc_05,A,full,A,True,A,7,True,1,1,1,0.3366829552428909
ai,6a20323741d57a440c33f2fc,9,ypc_06,C,full,B,False,A,1,True,0,0,0,1.2128699231039075
ai,6a20323741d57a440c33f2fc,10,car_racing_01,D,full,D,True,D,1,True,1,1,1,-1.7807688837545659
ai,6a20323741d57a440c33f2fc,11,car_racing_02,B,full,B,False,C,1,True,1,0,0,1.1885313962188795
ai,6a20323741d57a440c33f2fc,12,car_racing_03,D,full,D,False,B,1,True,1,0,0,-0.49082695884806904
ai,6a20323741d57a440c33f2fc,13,car_racing_05,B,full,B,False,A,2,True,1,0,0,0.5313911703231169
ai,6a20323741d57a440c33f2fc,14,graduation_party_01,B,full,B,True,B,1,True,1,1,1,-1.5130450880192552
ai,6a20323741d57a440c33f2fc,15,graduation_party_05,D,full,D,False,A,2,True,1,0,0,0.14197474016266495
ai,6a20323741d57a440c33f2fc,16,graduation_party_06,B,full,B,False,D,1,True,1,0,0,-0.3691343244229278
ai,6a20323741d57a440c33f2fc,17,graduation_party_07,B,full,B,True,B,1,True,1,1,1,0.7017608585183145
ai,6151e69a392433707e7a9dfb,6,ypc_02,D,full,D,True,D,1,True,1,1,1,-0.8072278083534364
ai,6151e69a392433707e7a9dfb,7,ypc_03,C,full,C,False,B,1,True,1,0,0,0.847792019828484
ai,6151e69a392433707e7a9dfb,8,ypc_05,D,full,D,False,A,1,True,1,0,0,0.3366829552428909
ai,6151e69a392433707e7a9dfb,9,ypc_06,B,full,B,False,A,1,True,1,0,0,1.2128699231039075
ai,6151e69a392433707e7a9dfb,10,car_racing_01,D,full,D,True,D,1,True,1,1,1,-1.7807688837545659
ai,6151e69a392433707e7a9dfb,11,car_racing_02,B,full,C,True,C,1,True,0,0,1,1.1885313962188795
ai,6151e69a392433707e7a9dfb,12,car_racing_03,B,full,D,False,B,1,True,0,1,0,-0.49082695884806904
ai,6151e69a392433707e7a9dfb,13,car_racing_05,B,full,C,False,A,1,True,0,0,0,0.5313911703231169
ai,6151e69a392433707e7a9dfb,14,graduation_party_01,B,full,B,True,B,2,True,1,1,1,-1.5130450880192552
ai,6151e69a392433707e7a9dfb,15,graduation_party_05,D,full,D,False,A,1,True,1,0,0,0.14197474016266495
ai,6151e69a392433707e7a9dfb,16,graduation_party_06,D,full,D,True,D,1,True,1,1,1,-0.3691343244229278
ai,6151e69a392433707e7a9dfb,17,graduation_party_07,B,full,B,True,B,1,True,1,1,1,0.7017608585183145
ai,6a0f4efa4c1c3cea7f8f090a,6,ypc_02,D,full,D,True,D,3,True,1,1,1,-0.8072278083534364
ai,6a0f4efa4c1c3cea7f8f090a,7,ypc_03,D,full,D,False,B,2,True,1,0,0,0.847792019828484
ai,6a0f4efa4c1c3cea7f8f090a,8,ypc_05,A,full,A,True,A,1,True,1,1,1,0.3366829552428909
ai,6a0f4efa4c1c3cea7f8f090a,9,ypc_06,D,full,D,False,A,1,True,1,0,0,1.2128699231039075
ai,6a0f4efa4c1c3cea7f8f090a,10,car_racing_01,D,full,D,True,D,2,True,1,1,1,-1.7807688837545659
ai,6a0f4efa4c1c3cea7f8f090a,11,car_racing_02,B,full,B,False,C,1,True,1,0,0,1.1885313962188795
ai,6a0f4efa4c1c3cea7f8f090a,12,car_racing_03,B,full,B,True,B,1,True,1,1,1,-0.49082695884806904
ai,6a0f4efa4c1c3cea7f8f090a,13,car_racing_05,D,full,D,False,A,1,True,1,0,0,0.5313911703231169
ai,6a0f4efa4c1c3cea7f8f090a,14,graduation_party_01,C,full,C,False,B,2,True,1,0,0,-1.5130450880192552
ai,6a0f4efa4c1c3cea7f8f090a,15,graduation_party_05,D,full,D,False,A,3,True,1,0,0,0.14197474016266495
ai,6a0f4efa4c1c3cea7f8f090a,16,graduation_party_06,D,full,D,True,D,2,True,1,1,1,-0.3691343244229278
ai,6a0f4efa4c1c3cea7f8f090a,17,graduation_party_07,D,full,B,True,B,4,True,0,0,1,0.7017608585183145
ai,69ff773caae9f9dfb3fc081c,6,ypc_02,D,full,D,True,D,2,True,1,1,1,-0.8072278083534364
ai,69ff773caae9f9dfb3fc081c,7,ypc_03,B,full,B,True,B,2,True,1,1,1,0.847792019828484
ai,69ff773caae9f9dfb3fc081c,8,ypc_05,D,full,D,False,A,1,True,1,0,0,0.3366829552428909
ai,69ff773caae9f9dfb3fc081c,9,ypc_06,A,full,A,True,A,1,True,1,1,1,1.2128699231039075
ai,69ff773caae9f9dfb3fc081c,10,car_racing_01,D,full,D,True,D,1,True,1,1,1,-1.7807688837545659
ai,69ff773caae9f9dfb3fc081c,11,car_racing_02,B,full,B,False,C,1,True,1,0,0,1.1885313962188795
ai,69ff773caae9f9dfb3fc081c,12,car_racing_03,B,full,B,True,B,1,True,1,1,1,-0.49082695884806904
ai,69ff773caae9f9dfb3fc081c,13,car_racing_05,D,full,D,False,A,1,True,1,0,0,0.5313911703231169
ai,69ff773caae9f9dfb3fc081c,14,graduation_party_01,B,full,D,False,B,1,True,0,1,0,-1.5130450880192552
ai,69ff773caae9f9dfb3fc081c,15,graduation_party_05,D,full,D,False,A,1,True,1,0,0,0.14197474016266495
ai,69ff773caae9f9dfb3fc081c,16,graduation_party_06,B,combined,B,False,D,3,True,1,0,0,-0.3691343244229278
ai,69ff773caae9f9dfb3fc081c,17,graduation_party_07,D,full,D,False,B,1,True,1,0,0,0.7017608585183145
ai,66fad26e4b07f6149ceb136d,6,ypc_02,D,full,D,True,D,1,True,1,1,1,-0.8072278083534364
ai,66fad26e4b07f6149ceb136d,7,ypc_03,D,full,D,False,B,1,True,1,0,0,0.847792019828484
ai,66fad26e4b07f6149ceb136d,8,ypc_05,D,full,D,False,A,1,True,1,0,0,0.3366829552428909
ai,66fad26e4b07f6149ceb136d,10,car_racing_01,D,full,D,True,D,1,True,1,1,1,-1.7807688837545659
ai,66fad26e4b07f6149ceb136d,11,car_racing_02,C,full,C,True,C,1,True,1,1,1,1.1885313962188795
ai,66fad26e4b07f6149ceb136d,12,car_racing_03,B,full,B,True,B,3,True,1,1,1,-0.49082695884806904
ai,66fad26e4b07f6149ceb136d,13,car_racing_05,B,full,C,False,A,1,True,0,0,0,0.5313911703231169
ai,66fad26e4b07f6149ceb136d,14,graduation_party_01,C,full,C,False,B,1,True,1,0,0,-1.5130450880192552
ai,66fad26e4b07f6149ceb136d,15,graduation_party_05,D,full,D,False,A,3,True,1,0,0,0.14197474016266495
ai,66fad26e4b07f6149ceb136d,16,graduation_party_06,D,full,A,False,D,1,True,0,1,0,-0.3691343244229278
ai,66fad26e4b07f6149ceb136d,17,graduation_party_07,D,full,D,False,B,1,True,1,0,0,0.7017608585183145
ai,6a24daa3f97e30d2143a085a,6,ypc_02,D,full,D,True,D,3,True,1,1,1,-0.8072278083534364
ai,6a24daa3f97e30d2143a085a,7,ypc_03,A,full,A,False,B,1,True,1,0,0,0.847792019828484
ai,6a24daa3f97e30d2143a085a,8,ypc_05,D,full,D,False,A,1,True,1,0,0,0.3366829552428909
ai,6a24daa3f97e30d2143a085a,9,ypc_06,C,full,C,False,A,1,True,1,0,0,1.2128699231039075
ai,6a24daa3f97e30d2143a085a,10,car_racing_01,D,full,D,True,D,1,True,1,1,1,-1.7807688837545659
ai,6a24daa3f97e30d2143a085a,11,car_racing_02,B,full,B,False,C,1,True,1,0,0,1.1885313962188795
ai,6a24daa3f97e30d2143a085a,12,car_racing_03,D,full,D,False,B,2,True,1,0,0,-0.49082695884806904
ai,6a24daa3f97e30d2143a085a,13,car_racing_05,B,full,B,False,A,1,True,1,0,0,0.5313911703231169
ai,6a24daa3f97e30d2143a085a,14,graduation_party_01,B,full,B,True,B,1,True,1,1,1,-1.5130450880192552
ai,6a24daa3f97e30d2143a085a,15,graduation_party_05,A,full,A,True,A,1,True,1,1,1,0.14197474016266495
ai,6a24daa3f97e30d2143a085a,16,graduation_party_06,A,full,A,False,D,3,True,1,0,0,-0.3691343244229278
ai,6a24daa3f97e30d2143a085a,17,graduation_party_07,C,full,C,False,B,1,True,1,0,0,0.7017608585183145
ai,6a21da4f7725746be976f70f,6,ypc_02,D,full,D,True,D,1,True,1,1,1,-0.8072278083534364
ai,6a21da4f7725746be976f70f,7,ypc_03,A,full,A,False,B,1,True,1,0,0,0.847792019828484
ai,6a21da4f7725746be976f70f,8,ypc_05,A,full,A,True,A,1,True,1,1,1,0.3366829552428909
ai,6a21da4f7725746be976f70f,9,ypc_06,C,full,C,False,A,1,True,1,0,0,1.2128699231039075
ai,6a21da4f7725746be976f70f,10,car_racing_01,D,full,D,True,D,1,True,1,1,1,-1.7807688837545659
ai,6a21da4f7725746be976f70f,11,car_racing_02,B,full,B,False,C,2,True,1,0,0,1.1885313962188795
ai,6a21da4f7725746be976f70f,12,car_racing_03,B,full,B,True,B,2,True,1,1,1,-0.49082695884806904
ai,6a21da4f7725746be976f70f,13,car_racing_05,C,full,C,False,A,1,True,1,0,0,0.5313911703231169
ai,6a21da4f7725746be976f70f,14,graduation_party_01,B,full,B,True,B,1,True,1,1,1,-1.5130450880192552
ai,6a1f2648e8f22a561550e699,6,ypc_02,D,full,D,True,D,1,True,1,1,1,-0.8072278083534364
ai,6a1f2648e8f22a561550e699,7,ypc_03,C,full,C,False,B,1,True,1,0,0,0.847792019828484
ai,6a1f2648e8f22a561550e699,8,ypc_05,D,full,D,False,A,1,True,1,0,0,0.3366829552428909
ai,6a1f2648e8f22a561550e699,9,ypc_06,A,full,A,True,A,1,True,1,1,1,1.2128699231039075
ai,6a1f2648e8f22a561550e699,10,car_racing_01,D,full,D,True,D,1,True,1,1,1,-1.7807688837545659
ai,6a1f2648e8f22a561550e699,11,car_racing_02,B,full,B,False,C,1,True,1,0,0,1.1885313962188795
ai,6a1f2648e8f22a561550e699,12,car_racing_03,B,full,B,True,B,1,True,1,1,1,-0.49082695884806904
ai,6a1f2648e8f22a561550e699,13,car_racing_05,A,full,A,True,A,1,True,1,1,1,0.5313911703231169
ai,6a1f2648e8f22a561550e699,14,graduation_party_01,B,full,B,True,B,1,True,1,1,1,-1.5130450880192552
ai,6a1f2648e8f22a561550e699,15,graduation_party_05,D,full,D,False,A,1,True,1,0,0,0.14197474016266495
ai,6a1f2648e8f22a561550e699,16,graduation_party_06,B,full,B,False,D,1,True,1,0,0,-0.3691343244229278
ai,6a1f2648e8f22a561550e699,17,graduation_party_07,D,full,D,False,B,1,True,1,0,0,0.7017608585183145
ai,6a11601203137aea7dacc186,6,ypc_02,A,full,D,True,D,1,True,0,0,1,-0.8072278083534364
ai,6a11601203137aea7dacc186,7,ypc_03,C,full,C,False,B,3,True,1,0,0,0.847792019828484
ai,6a11601203137aea7dacc186,8,ypc_05,D,full,C,False,A,2,True,0,0,0,0.3366829552428909
ai,6a11601203137aea7dacc186,9,ypc_06,A,full,C,False,A,2,True,0,1,0,1.2128699231039075
ai,6a11601203137aea7dacc186,13,car_racing_05,D,full,A,True,A,2,True,0,0,1,0.5313911703231169
ai,6a11601203137aea7dacc186,14,graduation_party_01,B,full,B,True,B,1,True,1,1,1,-1.5130450880192552
ai,6a11601203137aea7dacc186,15,graduation_party_05,A,full,A,True,A,9,True,1,1,1,0.14197474016266495
ai,6a11601203137aea7dacc186,16,graduation_party_06,B,full,A,False,D,3,True,0,0,0,-0.3691343244229278
ai,6a11601203137aea7dacc186,17,graduation_party_07,B,full,B,True,B,1,True,1,1,1,0.7017608585183145
ai,6a0c537b5ea99e16c2db1324,6,ypc_02,A,full,A,False,D,1,True,1,0,0,-0.8072278083534364
ai,6a0c537b5ea99e16c2db1324,7,ypc_03,C,full,C,False,B,1,True,1,0,0,0.847792019828484
ai,6a0c537b5ea99e16c2db1324,8,ypc_05,D,full,D,False,A,1,True,1,0,0,0.3366829552428909
ai,6a0c537b5ea99e16c2db1324,9,ypc_06,B,full,B,False,A,1,True,1,0,0,1.2128699231039075
ai,6a0c537b5ea99e16c2db1324,10,car_racing_01,D,full,D,True,D,1,True,1,1,1,-1.7807688837545659
ai,6a0c537b5ea99e16c2db1324,11,car_racing_02,D,full,D,False,C,1,True,1,0,0,1.1885313962188795
ai,6a0c537b5ea99e16c2db1324,12,car_racing_03,D,full,D,False,B,1,True,1,0,0,-0.49082695884806904
ai,6a0c537b5ea99e16c2db1324,13,car_racing_05,D,full,D,False,A,3,True,1,0,0,0.5313911703231169
ai,6a0c537b5ea99e16c2db1324,14,graduation_party_01,B,full,B,True,B,1,True,1,1,1,-1.5130450880192552
ai,6a0c537b5ea99e16c2db1324,15,graduation_party_05,D,full,D,False,A,1,True,1,0,0,0.14197474016266495
ai,6a0c537b5ea99e16c2db1324,16,graduation_party_06,D,full,D,True,D,1,True,1,1,1,-0.3691343244229278
ai,6a0c537b5ea99e16c2db1324,17,graduation_party_07,B,full,B,True,B,1,True,1,1,1,0.7017608585183145
ai,6a1de887b7cd6b85f4db6cf2,6,ypc_02,D,full,D,True,D,1,True,1,1,1,-0.8072278083534364
ai,6a1de887b7cd6b85f4db6cf2,7,ypc_03,A,full,A,False,B,3,True,1,0,0,0.847792019828484
ai,6a1de887b7cd6b85f4db6cf2,8,ypc_05,C,full,C,False,A,1,True,1,0,0,0.3366829552428909
ai,6a1de887b7cd6b85f4db6cf2,9,ypc_06,B,full,B,False,A,1,True,1,0,0,1.2128699231039075
ai,6a1de887b7cd6b85f4db6cf2,10,car_racing_01,D,full,D,True,D,3,True,1,1,1,-1.7807688837545659
ai,6a1de887b7cd6b85f4db6cf2,11,car_racing_02,B,full,B,False,C,1,True,1,0,0,1.1885313962188795
ai,6a1de887b7cd6b85f4db6cf2,12,car_racing_03,D,full,D,False,B,1,True,1,0,0,-0.49082695884806904
ai,6a1de887b7cd6b85f4db6cf2,13,car_racing_05,D,full,D,False,A,1,True,1,0,0,0.5313911703231169
ai,6a1de887b7cd6b85f4db6cf2,14,graduation_party_01,C,full,C,False,B,1,True,1,0,0,-1.5130450880192552
ai,6a1de887b7cd6b85f4db6cf2,15,graduation_party_05,A,full,A,True,A,2,True,1,1,1,0.14197474016266495
ai,6a1de887b7cd6b85f4db6cf2,16,graduation_party_06,B,full,B,False,D,1,True,1,0,0,-0.3691343244229278
ai,6a1de887b7cd6b85f4db6cf2,17,graduation_party_07,D,full,D,False,B,2,True,1,0,0,0.7017608585183145
ai,602252fc987b513210335173,6,ypc_02,D,full,D,True,D,1,True,1,1,1,-0.8072278083534364
ai,602252fc987b513210335173,7,ypc_03,B,full,B,True,B,2,True,1,1,1,0.847792019828484
ai,602252fc987b513210335173,8,ypc_05,C,full,C,False,A,1,True,1,0,0,0.3366829552428909
ai,602252fc987b513210335173,9,ypc_06,B,full,B,False,A,1,True,1,0,0,1.2128699231039075
ai,602252fc987b513210335173,10,car_racing_01,D,full,D,True,D,1,True,1,1,1,-1.7807688837545659
ai,602252fc987b513210335173,11,car_racing_02,B,full,B,False,C,1,True,1,0,0,1.1885313962188795
ai,602252fc987b513210335173,12,car_racing_03,B,full,B,True,B,1,True,1,1,1,-0.49082695884806904
ai,602252fc987b513210335173,13,car_racing_05,C,full,C,False,A,1,True,1,0,0,0.5313911703231169
ai,602252fc987b513210335173,14,graduation_party_01,B,full,B,True,B,1,True,1,1,1,-1.5130450880192552
ai,602252fc987b513210335173,15,graduation_party_05,A,full,A,True,A,1,True,1,1,1,0.14197474016266495
ai,602252fc987b513210335173,16,graduation_party_06,B,full,B,False,D,1,True,1,0,0,-0.3691343244229278
ai,602252fc987b513210335173,17,graduation_party_07,D,full,D,False,B,1,True,1,0,0,0.7017608585183145
ai,60dc63cf94238618c443b2d9,6,ypc_02,A,full,A,False,D,1,True,1,0,0,-0.8072278083534364
ai,60dc63cf94238618c443b2d9,7,ypc_03,A,full,A,False,B,1,True,1,0,0,0.847792019828484
ai,60dc63cf94238618c443b2d9,8,ypc_05,D,full,D,False,A,1,True,1,0,0,0.3366829552428909
ai,60dc63cf94238618c443b2d9,9,ypc_06,C,full,C,False,A,1,True,1,0,0,1.2128699231039075
ai,60dc63cf94238618c443b2d9,11,car_racing_02,B,full,D,False,C,2,True,0,0,0,1.1885313962188795
ai,60dc63cf94238618c443b2d9,12,car_racing_03,B,full,D,False,B,1,True,0,1,0,-0.49082695884806904
ai,60dc63cf94238618c443b2d9,13,car_racing_05,D,full,D,False,A,6,True,1,0,0,0.5313911703231169
ai,60dc63cf94238618c443b2d9,15,graduation_party_05,D,full,D,False,A,1,True,1,0,0,0.14197474016266495
ai,60dc63cf94238618c443b2d9,16,graduation_party_06,D,full,D,True,D,1,True,1,1,1,-0.3691343244229278
ai,60dc63cf94238618c443b2d9,17,graduation_party_07,D,full,D,False,B,2,True,1,0,0,0.7017608585183145
ai,62e25115fb932baf4a93173f,6,ypc_02,A,full,A,False,D,1,True,1,0,0,-0.8072278083534364
ai,62e25115fb932baf4a93173f,7,ypc_03,B,full,B,True,B,2,True,1,1,1,0.847792019828484
ai,62e25115fb932baf4a93173f,8,ypc_05,A,full,A,True,A,1,True,1,1,1,0.3366829552428909
ai,62e25115fb932baf4a93173f,9,ypc_06,A,full,A,True,A,1,True,1,1,1,1.2128699231039075
ai,62e25115fb932baf4a93173f,10,car_racing_01,D,full,D,True,D,1,True,1,1,1,-1.7807688837545659
ai,62e25115fb932baf4a93173f,11,car_racing_02,B,full,B,False,C,2,True,1,0,0,1.1885313962188795
ai,62e25115fb932baf4a93173f,12,car_racing_03,D,full,D,False,B,1,True,1,0,0,-0.49082695884806904
ai,62e25115fb932baf4a93173f,13,car_racing_05,B,full,B,False,A,1,True,1,0,0,0.5313911703231169
ai,62e25115fb932baf4a93173f,14,graduation_party_01,B,full,B,True,B,1,True,1,1,1,-1.5130450880192552
ai,62e25115fb932baf4a93173f,15,graduation_party_05,A,full,A,True,A,1,True,1,1,1,0.14197474016266495
ai,62e25115fb932baf4a93173f,16,graduation_party_06,A,full,A,False,D,3,True,1,0,0,-0.3691343244229278
ai,614714ff71b7fab77e0a8ef6,6,ypc_02,D,full,D,True,D,2,True,1,1,1,-0.8072278083534364
ai,614714ff71b7fab77e0a8ef6,7,ypc_03,A,full,A,False,B,2,True,1,0,0,0.847792019828484
ai,614714ff71b7fab77e0a8ef6,8,ypc_05,A,full,A,True,A,2,True,1,1,1,0.3366829552428909
ai,614714ff71b7fab77e0a8ef6,9,ypc_06,A,full,A,True,A,2,True,1,1,1,1.2128699231039075
ai,614714ff71b7fab77e0a8ef6,10,car_racing_01,D,full,D,True,D,2,True,1,1,1,-1.7807688837545659
ai,614714ff71b7fab77e0a8ef6,11,car_racing_02,C,full,C,True,C,2,True,1,1,1,1.1885313962188795
ai,614714ff71b7fab77e0a8ef6,13,car_racing_05,C,full,C,False,A,2,True,1,0,0,0.5313911703231169
ai,614714ff71b7fab77e0a8ef6,14,graduation_party_01,B,full,B,True,B,2,True,1,1,1,-1.5130450880192552
ai,614714ff71b7fab77e0a8ef6,15,graduation_party_05,D,full,D,False,A,2,True,1,0,0,0.14197474016266495
ai,614714ff71b7fab77e0a8ef6,16,graduation_party_06,B,full,B,False,D,3,True,1,0,0,-0.3691343244229278
ai,614714ff71b7fab77e0a8ef6,17,graduation_party_07,D,full,D,False,B,2,True,1,0,0,0.7017608585183145
ai,6a33b4c44efab6e3d08691d7,6,ypc_02,A,full,A,False,D,1,True,1,0,0,-0.8072278083534364
ai,6a33b4c44efab6e3d08691d7,7,ypc_03,D,full,D,False,B,1,True,1,0,0,0.847792019828484
ai,6a33b4c44efab6e3d08691d7,8,ypc_05,D,full,D,False,A,1,True,1,0,0,0.3366829552428909
ai,6a33b4c44efab6e3d08691d7,9,ypc_06,D,full,D,False,A,1,True,1,0,0,1.2128699231039075
ai,6a33b4c44efab6e3d08691d7,10,car_racing_01,D,full,D,True,D,1,True,1,1,1,-1.7807688837545659
ai,6a33b4c44efab6e3d08691d7,11,car_racing_02,D,full,D,False,C,1,True,1,0,0,1.1885313962188795
ai,6a33b4c44efab6e3d08691d7,12,car_racing_03,D,full,D,False,B,1,True,1,0,0,-0.49082695884806904
ai,6a33b4c44efab6e3d08691d7,13,car_racing_05,D,full,D,False,A,1,True,1,0,0,0.5313911703231169
ai,6a33b4c44efab6e3d08691d7,14,graduation_party_01,C,full,C,False,B,1,True,1,0,0,-1.5130450880192552
ai,6a33b4c44efab6e3d08691d7,15,graduation_party_05,A,full,A,True,A,1,True,1,1,1,0.14197474016266495
ai,6a33b4c44efab6e3d08691d7,16,graduation_party_06,D,full,D,True,D,2,True,1,1,1,-0.3691343244229278
ai,6a33b4c44efab6e3d08691d7,17,graduation_party_07,D,full,D,False,B,1,True,1,0,0,0.7017608585183145
ai,5f3ec93efbd299158253f283,6,ypc_02,A,full,A,False,D,1,True,1,0,0,-0.8072278083534364
ai,5f3ec93efbd299158253f283,7,ypc_03,B,full,B,True,B,1,True,1,1,1,0.847792019828484
ai,5f3ec93efbd299158253f283,9,ypc_06,A,full,A,True,A,1,True,1,1,1,1.2128699231039075
ai,5f3ec93efbd299158253f283,10,car_racing_01,D,full,D,True,D,1,True,1,1,1,-1.7807688837545659
ai,5f3ec93efbd299158253f283,11,car_racing_02,B,full,B,False,C,1,True,1,0,0,1.1885313962188795
ai,5f3ec93efbd299158253f283,12,car_racing_03,B,full,B,True,B,1,True,1,1,1,-0.49082695884806904
ai,5f3ec93efbd299158253f283,13,car_racing_05,D,full,D,False,A,1,True,1,0,0,0.5313911703231169
ai,5f3ec93efbd299158253f283,14,graduation_party_01,B,full,B,True,B,1,True,1,1,1,-1.5130450880192552
ai,5f3ec93efbd299158253f283,15,graduation_party_05,A,full,A,True,A,1,True,1,1,1,0.14197474016266495
ai,5f3ec93efbd299158253f283,16,graduation_party_06,D,full,D,True,D,1,True,1,1,1,-0.3691343244229278
ai,5f3ec93efbd299158253f283,17,graduation_party_07,C,full,C,False,B,1,True,1,0,0,0.7017608585183145
ai,6a0f6dad60f4e6d19724e737,6,ypc_02,C,full,C,False,D,1,True,1,0,0,-0.8072278083534364
ai,6a0f6dad60f4e6d19724e737,8,ypc_05,C,full,A,True,A,1,True,0,0,1,0.3366829552428909
ai,6a0f6dad60f4e6d19724e737,10,car_racing_01,D,full,D,True,D,2,True,1,1,1,-1.7807688837545659
ai,6a0f6dad60f4e6d19724e737,11,car_racing_02,C,full,B,False,C,2,True,0,1,0,1.1885313962188795
ai,6a0f6dad60f4e6d19724e737,12,car_racing_03,B,full,D,False,B,2,True,0,1,0,-0.49082695884806904
ai,6a0f6dad60f4e6d19724e737,13,car_racing_05,B,full,A,True,A,2,True,0,0,1,0.5313911703231169
ai,6a0f6dad60f4e6d19724e737,14,graduation_party_01,B,full,B,True,B,2,True,1,1,1,-1.5130450880192552
ai,6a0f6dad60f4e6d19724e737,15,graduation_party_05,A,full,A,True,A,1,True,1,1,1,0.14197474016266495
ai,6a0f6dad60f4e6d19724e737,16,graduation_party_06,D,full,D,True,D,2,True,1,1,1,-0.3691343244229278
ai,6a0f6dad60f4e6d19724e737,17,graduation_party_07,C,full,B,True,B,2,True,0,0,1,0.7017608585183145
ai,63d7b16595cb392c4501cc1e,6,ypc_02,D,full,D,True,D,1,True,1,1,1,-0.8072278083534364
ai,63d7b16595cb392c4501cc1e,7,ypc_03,B,full,B,True,B,1,True,1,1,1,0.847792019828484
ai,63d7b16595cb392c4501cc1e,8,ypc_05,B,full,B,False,A,2,True,1,0,0,0.3366829552428909
ai,63d7b16595cb392c4501cc1e,9,ypc_06,C,full,C,False,A,1,True,1,0,0,1.2128699231039075
ai,63d7b16595cb392c4501cc1e,10,car_racing_01,D,full,D,True,D,1,True,1,1,1,-1.7807688837545659
ai,63d7b16595cb392c4501cc1e,12,car_racing_03,B,full,B,True,B,1,True,1,1,1,-0.49082695884806904
ai,63d7b16595cb392c4501cc1e,13,car_racing_05,D,full,D,False,A,1,True,1,0,0,0.5313911703231169
ai,63d7b16595cb392c4501cc1e,14,graduation_party_01,B,full,B,True,B,1,True,1,1,1,-1.5130450880192552
ai,63d7b16595cb392c4501cc1e,15,graduation_party_05,D,full,D,False,A,1,True,1,0,0,0.14197474016266495
ai,63d7b16595cb392c4501cc1e,16,graduation_party_06,B,full,B,False,D,2,True,1,0,0,-0.3691343244229278
ai,63d7b16595cb392c4501cc1e,17,graduation_party_07,D,full,D,False,B,1,True,1,0,0,0.7017608585183145
ai,6a1602689050cce832321f97,6,ypc_02,D,full,D,True,D,2,True,1,1,1,-0.8072278083534364
ai,6a1602689050cce832321f97,7,ypc_03,C,full,C,False,B,1,True,1,0,0,0.847792019828484
ai,6a1602689050cce832321f97,8,ypc_05,A,full,A,True,A,1,True,1,1,1,0.3366829552428909
ai,6a1602689050cce832321f97,9,ypc_06,D,full,D,False,A,2,True,1,0,0,1.2128699231039075
ai,6a1602689050cce832321f97,10,car_racing_01,D,full,D,True,D,1,True,1,1,1,-1.7807688837545659
ai,6a1602689050cce832321f97,11,car_racing_02,B,full,C,True,C,2,True,0,0,1,1.1885313962188795
ai,6a1602689050cce832321f97,12,car_racing_03,D,full,D,False,B,1,True,1,0,0,-0.49082695884806904
ai,6a1602689050cce832321f97,13,car_racing_05,A,full,A,True,A,1,True,1,1,1,0.5313911703231169
ai,6a1602689050cce832321f97,14,graduation_party_01,B,full,B,True,B,2,True,1,1,1,-1.5130450880192552
ai,6a1602689050cce832321f97,15,graduation_party_05,D,full,D,False,A,1,True,1,0,0,0.14197474016266495
ai,6a1602689050cce832321f97,16,graduation_party_06,B,full,B,False,D,1,True,1,0,0,-0.3691343244229278
ai,6a1602689050cce832321f97,17,graduation_party_07,B,full,B,True,B,1,True,1,1,1,0.7017608585183145
ai,5ee10c33a3011311034f2cb1,6,ypc_02,B,full,B,False,D,1,True,1,0,0,-0.8072278083534364
ai,5ee10c33a3011311034f2cb1,8,ypc_05,D,full,C,False,A,1,True,0,0,0,0.3366829552428909
ai,5ee10c33a3011311034f2cb1,9,ypc_06,B,full,C,False,A,2,True,0,0,0,1.2128699231039075
ai,5ee10c33a3011311034f2cb1,10,car_racing_01,D,full,D,True,D,2,True,1,1,1,-1.7807688837545659
ai,5ee10c33a3011311034f2cb1,12,car_racing_03,B,full,B,True,B,4,True,1,1,1,-0.49082695884806904
ai,5ee10c33a3011311034f2cb1,13,car_racing_05,B,full,B,False,A,2,True,1,0,0,0.5313911703231169
ai,5ee10c33a3011311034f2cb1,14,graduation_party_01,B,full,B,True,B,3,True,1,1,1,-1.5130450880192552
ai,5ee10c33a3011311034f2cb1,15,graduation_party_05,B,full,B,False,A,1,True,1,0,0,0.14197474016266495
ai,5ee10c33a3011311034f2cb1,16,graduation_party_06,B,full,B,False,D,1,True,1,0,0,-0.3691343244229278
ai,5fbf90f025a567296d943c7e,6,ypc_02,D,full,D,True,D,4,True,1,1,1,-0.8072278083534364
ai,5fbf90f025a567296d943c7e,7,ypc_03,C,full,C,False,B,1,True,1,0,0,0.847792019828484
ai,5fbf90f025a567296d943c7e,8,ypc_05,D,full,D,False,A,2,True,1,0,0,0.3366829552428909
ai,5fbf90f025a567296d943c7e,9,ypc_06,A,full,A,True,A,6,True,1,1,1,1.2128699231039075
ai,5fbf90f025a567296d943c7e,10,car_racing_01,D,full,D,True,D,2,True,1,1,1,-1.7807688837545659
ai,5fbf90f025a567296d943c7e,11,car_racing_02,B,full,B,False,C,4,True,1,0,0,1.1885313962188795
ai,5fbf90f025a567296d943c7e,12,car_racing_03,D,full,D,False,B,2,True,1,0,0,-0.49082695884806904
ai,5fbf90f025a567296d943c7e,13,car_racing_05,C,combined,B,False,A,3,True,0,0,0,0.5313911703231169
ai,5fbf90f025a567296d943c7e,14,graduation_party_01,B,full,B,True,B,1,True,1,1,1,-1.5130450880192552
ai,5fbf90f025a567296d943c7e,15,graduation_party_05,D,full,D,False,A,1,True,1,0,0,0.14197474016266495
ai,5fbf90f025a567296d943c7e,16,graduation_party_06,B,full,B,False,D,1,True,1,0,0,-0.3691343244229278
ai,5fbf90f025a567296d943c7e,17,graduation_party_07,D,full,D,False,B,4,True,1,0,0,0.7017608585183145
ai,6054cdc28222dc1ca6f58d8c,6,ypc_02,D,full,D,True,D,2,True,1,1,1,-0.8072278083534364
ai,6054cdc28222dc1ca6f58d8c,7,ypc_03,C,full,B,True,B,3,True,0,0,1,0.847792019828484
ai,6054cdc28222dc1ca6f58d8c,8,ypc_05,A,full,A,True,A,2,True,1,1,1,0.3366829552428909
ai,6054cdc28222dc1ca6f58d8c,9,ypc_06,C,full,C,False,A,2,True,1,0,0,1.2128699231039075
ai,6054cdc28222dc1ca6f58d8c,10,car_racing_01,D,full,D,True,D,2,True,1,1,1,-1.7807688837545659
ai,6054cdc28222dc1ca6f58d8c,11,car_racing_02,B,full,B,False,C,2,True,1,0,0,1.1885313962188795
ai,6054cdc28222dc1ca6f58d8c,12,car_racing_03,D,full,B,True,B,2,True,0,0,1,-0.49082695884806904
ai,6054cdc28222dc1ca6f58d8c,13,car_racing_05,D,full,D,False,A,2,True,1,0,0,0.5313911703231169
ai,6054cdc28222dc1ca6f58d8c,14,graduation_party_01,B,full,B,True,B,2,True,1,1,1,-1.5130450880192552
ai,6054cdc28222dc1ca6f58d8c,15,graduation_party_05,D,full,D,False,A,2,True,1,0,0,0.14197474016266495
ai,6054cdc28222dc1ca6f58d8c,16,graduation_party_06,D,full,D,True,D,2,True,1,1,1,-0.3691343244229278
ai,6054cdc28222dc1ca6f58d8c,17,graduation_party_07,B,full,B,True,B,2,True,1,1,1,0.7017608585183145
ai,6a0c810fde5e00323faefdfb,6,ypc_02,D,full,D,True,D,1,True,1,1,1,-0.8072278083534364
ai,6a0c810fde5e00323faefdfb,7,ypc_03,C,full,C,False,B,1,True,1,0,0,0.847792019828484
ai,6a0c810fde5e00323faefdfb,8,ypc_05,A,full,A,True,A,1,True,1,1,1,0.3366829552428909
ai,6a0c810fde5e00323faefdfb,9,ypc_06,D,full,D,False,A,1,True,1,0,0,1.2128699231039075
ai,6a0c810fde5e00323faefdfb,10,car_racing_01,D,full,D,True,D,1,True,1,1,1,-1.7807688837545659
ai,6a0c810fde5e00323faefdfb,11,car_racing_02,B,full,B,False,C,1,True,1,0,0,1.1885313962188795
ai,6a0c810fde5e00323faefdfb,12,car_racing_03,D,full,D,False,B,1,True,1,0,0,-0.49082695884806904
ai,6a0c810fde5e00323faefdfb,13,car_racing_05,C,full,C,False,A,1,True,1,0,0,0.5313911703231169
ai,6a0c810fde5e00323faefdfb,14,graduation_party_01,B,full,B,True,B,2,True,1,1,1,-1.5130450880192552
ai,6a0c810fde5e00323faefdfb,15,graduation_party_05,A,full,A,True,A,1,True,1,1,1,0.14197474016266495
ai,6a0c810fde5e00323faefdfb,16,graduation_party_06,B,full,B,False,D,1,True,1,0,0,-0.3691343244229278
ai,6a0c810fde5e00323faefdfb,17,graduation_party_07,D,full,D,False,B,1,True,1,0,0,0.7017608585183145
ai,66bc9847760de03da07d1f28,6,ypc_02,D,full,D,True,D,2,True,1,1,1,-0.8072278083534364
ai,66bc9847760de03da07d1f28,7,ypc_03,B,full,B,True,B,1,True,1,1,1,0.847792019828484
ai,66bc9847760de03da07d1f28,8,ypc_05,A,full,A,True,A,2,True,1,1,1,0.3366829552428909
ai,66bc9847760de03da07d1f28,9,ypc_06,A,full,A,True,A,1,True,1,1,1,1.2128699231039075
ai,66bc9847760de03da07d1f28,10,car_racing_01,D,full,D,True,D,1,True,1,1,1,-1.7807688837545659
ai,66bc9847760de03da07d1f28,11,car_racing_02,B,full,B,False,C,1,True,1,0,0,1.1885313962188795
ai,66bc9847760de03da07d1f28,12,car_racing_03,B,full,B,True,B,1,True,1,1,1,-0.49082695884806904
ai,66bc9847760de03da07d1f28,13,car_racing_05,A,full,A,True,A,1,True,1,1,1,0.5313911703231169
ai,66bc9847760de03da07d1f28,14,graduation_party_01,B,full,B,True,B,1,True,1,1,1,-1.5130450880192552
ai,66bc9847760de03da07d1f28,15,graduation_party_05,B,full,B,False,A,1,True,1,0,0,0.14197474016266495
ai,66bc9847760de03da07d1f28,16,graduation_party_06,D,full,D,True,D,2,True,1,1,1,-0.3691343244229278
ai,66bc9847760de03da07d1f28,17,graduation_party_07,D,full,D,False,B,1,True,1,0,0,0.7017608585183145
ai,6a11a434b06823950a4448a5,6,ypc_02,D,full,D,True,D,3,True,1,1,1,-0.8072278083534364
ai,6a11a434b06823950a4448a5,7,ypc_03,B,full,B,True,B,5,True,1,1,1,0.847792019828484
ai,6a11a434b06823950a4448a5,8,ypc_05,D,full,D,False,A,2,True,1,0,0,0.3366829552428909
ai,6a11a434b06823950a4448a5,9,ypc_06,B,full,B,False,A,3,True,1,0,0,1.2128699231039075
ai,6a11a434b06823950a4448a5,10,car_racing_01,D,full,D,True,D,3,True,1,1,1,-1.7807688837545659
ai,6a11a434b06823950a4448a5,11,car_racing_02,C,full,C,True,C,3,True,1,1,1,1.1885313962188795
ai,6a11a434b06823950a4448a5,12,car_racing_03,D,full,D,False,B,6,True,1,0,0,-0.49082695884806904
ai,6a11a434b06823950a4448a5,13,car_racing_05,D,full,D,False,A,3,True,1,0,0,0.5313911703231169
ai,6a11a434b06823950a4448a5,14,graduation_party_01,B,full,B,True,B,4,True,1,1,1,-1.5130450880192552
ai,6a11a434b06823950a4448a5,15,graduation_party_05,D,full,D,False,A,3,True,1,0,0,0.14197474016266495
ai,6a11a434b06823950a4448a5,16,graduation_party_06,B,full,B,False,D,4,True,1,0,0,-0.3691343244229278
ai,6a11a434b06823950a4448a5,17,graduation_party_07,D,full,D,False,B,3,True,1,0,0,0.7017608585183145
ai,6a2181d1f0ad377a924abd5d,6,ypc_02,D,full,D,True,D,2,True,1,1,1,-0.8072278083534364
ai,6a2181d1f0ad377a924abd5d,7,ypc_03,B,full,B,True,B,1,True,1,1,1,0.847792019828484
ai,6a2181d1f0ad377a924abd5d,8,ypc_05,D,full,D,False,A,1,True,1,0,0,0.3366829552428909
ai,6a2181d1f0ad377a924abd5d,9,ypc_06,D,full,D,False,A,1,True,1,0,0,1.2128699231039075
ai,6a2181d1f0ad377a924abd5d,10,car_racing_01,D,full,D,True,D,1,True,1,1,1,-1.7807688837545659
ai,6a2181d1f0ad377a924abd5d,11,car_racing_02,B,full,B,False,C,1,True,1,0,0,1.1885313962188795
ai,6a2181d1f0ad377a924abd5d,12,car_racing_03,B,full,B,True,B,1,True,1,1,1,-0.49082695884806904
ai,6a2181d1f0ad377a924abd5d,13,car_racing_05,A,full,A,True,A,1,True,1,1,1,0.5313911703231169
ai,6a2181d1f0ad377a924abd5d,14,graduation_party_01,C,full,C,False,B,1,True,1,0,0,-1.5130450880192552
ai,6a2181d1f0ad377a924abd5d,15,graduation_party_05,A,full,A,True,A,1,True,1,1,1,0.14197474016266495
ai,6a2181d1f0ad377a924abd5d,16,graduation_party_06,D,combined,D,True,D,2,True,1,1,1,-0.3691343244229278
ai,6a2181d1f0ad377a924abd5d,17,graduation_party_07,A,full,A,False,B,2,True,1,0,0,0.7017608585183145
ai,6a21935e44fa7ca6cd47ffd1,6,ypc_02,A,full,D,True,D,1,True,0,0,1,-0.8072278083534364
ai,6a21935e44fa7ca6cd47ffd1,7,ypc_03,D,full,D,False,B,2,True,1,0,0,0.847792019828484
ai,6a21935e44fa7ca6cd47ffd1,9,ypc_06,B,full,B,False,A,1,True,1,0,0,1.2128699231039075
ai,6a21935e44fa7ca6cd47ffd1,11,car_racing_02,B,full,B,False,C,3,True,1,0,0,1.1885313962188795
ai,6a21935e44fa7ca6cd47ffd1,13,car_racing_05,A,full,A,True,A,1,True,1,1,1,0.5313911703231169
ai,6a21935e44fa7ca6cd47ffd1,14,graduation_party_01,B,full,B,True,B,2,True,1,1,1,-1.5130450880192552
ai,6a21935e44fa7ca6cd47ffd1,15,graduation_party_05,A,full,A,True,A,1,True,1,1,1,0.14197474016266495
ai,6a21935e44fa7ca6cd47ffd1,16,graduation_party_06,D,full,D,True,D,1,True,1,1,1,-0.3691343244229278
ai,6a21935e44fa7ca6cd47ffd1,17,graduation_party_07,A,full,A,False,B,1,True,1,0,0,0.7017608585183145
ai,6346d9fda71cffd6c403c4a2,6,ypc_02,D,full,D,True,D,1,True,1,1,1,-0.8072278083534364
ai,6346d9fda71cffd6c403c4a2,7,ypc_03,B,full,A,False,B,1,True,0,1,0,0.847792019828484
ai,6346d9fda71cffd6c403c4a2,8,ypc_05,A,full,A,True,A,1,True,1,1,1,0.3366829552428909
ai,6346d9fda71cffd6c403c4a2,9,ypc_06,B,full,B,False,A,1,True,1,0,0,1.2128699231039075
ai,6346d9fda71cffd6c403c4a2,10,car_racing_01,D,full,D,True,D,1,True,1,1,1,-1.7807688837545659
ai,6346d9fda71cffd6c403c4a2,11,car_racing_02,B,full,B,False,C,1,True,1,0,0,1.1885313962188795
ai,6346d9fda71cffd6c403c4a2,12,car_racing_03,B,full,B,True,B,1,True,1,1,1,-0.49082695884806904
ai,6346d9fda71cffd6c403c4a2,13,car_racing_05,C,full,C,False,A,1,True,1,0,0,0.5313911703231169
ai,6346d9fda71cffd6c403c4a2,14,graduation_party_01,B,full,B,True,B,1,True,1,1,1,-1.5130450880192552
ai,6346d9fda71cffd6c403c4a2,15,graduation_party_05,D,full,D,False,A,1,True,1,0,0,0.14197474016266495
ai,6346d9fda71cffd6c403c4a2,16,graduation_party_06,D,full,D,True,D,1,True,1,1,1,-0.3691343244229278
ai,6346d9fda71cffd6c403c4a2,17,graduation_party_07,B,full,B,True,B,1,True,1,1,1,0.7017608585183145
ai,60a6e4db0fb2c1d91fc00724,6,ypc_02,D,full,D,True,D,1,True,1,1,1,-0.8072278083534364
ai,60a6e4db0fb2c1d91fc00724,7,ypc_03,B,full,B,True,B,1,True,1,1,1,0.847792019828484
ai,60a6e4db0fb2c1d91fc00724,8,ypc_05,D,full,D,False,A,2,True,1,0,0,0.3366829552428909
ai,60a6e4db0fb2c1d91fc00724,9,ypc_06,B,full,B,False,A,1,True,1,0,0,1.2128699231039075
ai,60a6e4db0fb2c1d91fc00724,11,car_racing_02,D,full,D,False,C,1,True,1,0,0,1.1885313962188795
ai,60a6e4db0fb2c1d91fc00724,12,car_racing_03,D,full,D,False,B,1,True,1,0,0,-0.49082695884806904
ai,60a6e4db0fb2c1d91fc00724,13,car_racing_05,A,full,A,True,A,1,True,1,1,1,0.5313911703231169
ai,60a6e4db0fb2c1d91fc00724,14,graduation_party_01,B,full,B,True,B,1,True,1,1,1,-1.5130450880192552
ai,60a6e4db0fb2c1d91fc00724,15,graduation_party_05,A,full,A,True,A,2,True,1,1,1,0.14197474016266495
ai,60a6e4db0fb2c1d91fc00724,16,graduation_party_06,D,full,D,True,D,1,True,1,1,1,-0.3691343244229278
ai,60a6e4db0fb2c1d91fc00724,17,graduation_party_07,A,full,A,False,B,1,True,1,0,0,0.7017608585183145
ai,66cdeb8a1b24ca4b3267616c,6,ypc_02,D,full,D,True,D,2,True,1,1,1,-0.8072278083534364
ai,66cdeb8a1b24ca4b3267616c,7,ypc_03,B,full,B,True,B,2,True,1,1,1,0.847792019828484
ai,66cdeb8a1b24ca4b3267616c,8,ypc_05,A,full,A,True,A,2,True,1,1,1,0.3366829552428909
ai,66cdeb8a1b24ca4b3267616c,9,ypc_06,D,full,D,False,A,2,True,1,0,0,1.2128699231039075
ai,66cdeb8a1b24ca4b3267616c,10,car_racing_01,D,full,D,True,D,2,True,1,1,1,-1.7807688837545659
ai,66cdeb8a1b24ca4b3267616c,11,car_racing_02,D,full,D,False,C,1,True,1,0,0,1.1885313962188795
ai,66cdeb8a1b24ca4b3267616c,12,car_racing_03,D,full,D,False,B,2,True,1,0,0,-0.49082695884806904
ai,66cdeb8a1b24ca4b3267616c,13,car_racing_05,B,full,B,False,A,2,True,1,0,0,0.5313911703231169
ai,66cdeb8a1b24ca4b3267616c,14,graduation_party_01,B,full,B,True,B,2,True,1,1,1,-1.5130450880192552
ai,66cdeb8a1b24ca4b3267616c,16,graduation_party_06,D,full,C,False,D,2,True,0,1,0,-0.3691343244229278
ai,66cdeb8a1b24ca4b3267616c,17,graduation_party_07,B,full,B,True,B,2,True,1,1,1,0.7017608585183145
ai,668a563a0991d87c8cc08069,6,ypc_02,D,full,D,True,D,1,True,1,1,1,-0.8072278083534364
ai,668a563a0991d87c8cc08069,7,ypc_03,A,full,A,False,B,1,True,1,0,0,0.847792019828484
ai,668a563a0991d87c8cc08069,8,ypc_05,D,full,D,False,A,3,True,1,0,0,0.3366829552428909
ai,668a563a0991d87c8cc08069,9,ypc_06,C,full,C,False,A,3,True,1,0,0,1.2128699231039075
ai,668a563a0991d87c8cc08069,10,car_racing_01,D,full,D,True,D,5,True,1,1,1,-1.7807688837545659
ai,668a563a0991d87c8cc08069,11,car_racing_02,B,full,B,False,C,1,True,1,0,0,1.1885313962188795
ai,668a563a0991d87c8cc08069,13,car_racing_05,D,full,D,False,A,1,True,1,0,0,0.5313911703231169
ai,668a563a0991d87c8cc08069,14,graduation_party_01,B,full,B,True,B,2,True,1,1,1,-1.5130450880192552
ai,668a563a0991d87c8cc08069,15,graduation_party_05,A,full,A,True,A,1,True,1,1,1,0.14197474016266495
ai,668a563a0991d87c8cc08069,17,graduation_party_07,D,full,D,False,B,1,True,1,0,0,0.7017608585183145
ai,637e1c5a4cf3a6a0f0acd67c,6,ypc_02,D,full,D,True,D,2,True,1,1,1,-0.8072278083534364
ai,637e1c5a4cf3a6a0f0acd67c,7,ypc_03,B,full,B,True,B,2,True,1,1,1,0.847792019828484
ai,637e1c5a4cf3a6a0f0acd67c,8,ypc_05,D,full,D,False,A,2,True,1,0,0,0.3366829552428909
ai,637e1c5a4cf3a6a0f0acd67c,9,ypc_06,D,full,D,False,A,2,True,1,0,0,1.2128699231039075
ai,637e1c5a4cf3a6a0f0acd67c,10,car_racing_01,D,full,D,True,D,2,True,1,1,1,-1.7807688837545659
ai,637e1c5a4cf3a6a0f0acd67c,11,car_racing_02,B,full,B,False,C,1,True,1,0,0,1.1885313962188795
ai,637e1c5a4cf3a6a0f0acd67c,12,car_racing_03,B,full,B,True,B,2,True,1,1,1,-0.49082695884806904
ai,637e1c5a4cf3a6a0f0acd67c,13,car_racing_05,D,full,D,False,A,2,True,1,0,0,0.5313911703231169
ai,637e1c5a4cf3a6a0f0acd67c,14,graduation_party_01,B,full,B,True,B,2,True,1,1,1,-1.5130450880192552
ai,637e1c5a4cf3a6a0f0acd67c,15,graduation_party_05,A,full,A,True,A,3,True,1,1,1,0.14197474016266495
ai,637e1c5a4cf3a6a0f0acd67c,16,graduation_party_06,D,full,D,True,D,2,True,1,1,1,-0.3691343244229278
ai,637e1c5a4cf3a6a0f0acd67c,17,graduation_party_07,D,full,D,False,B,2,True,1,0,0,0.7017608585183145
ai,69f48670cedd5791181362cb,7,ypc_03,B,combined,B,True,B,3,True,1,1,1,0.847792019828484
ai,69f48670cedd5791181362cb,8,ypc_05,A,full,A,True,A,2,True,1,1,1,0.3366829552428909
ai,69f48670cedd5791181362cb,9,ypc_06,B,full,A,True,A,2,True,0,0,1,1.2128699231039075
ai,69f48670cedd5791181362cb,11,car_racing_02,B,full,B,False,C,1,True,1,0,0,1.1885313962188795
ai,69f48670cedd5791181362cb,13,car_racing_05,A,combined,A,True,A,2,True,1,1,1,0.5313911703231169
ai,69f48670cedd5791181362cb,14,graduation_party_01,B,full,B,True,B,1,True,1,1,1,-1.5130450880192552
ai,69f48670cedd5791181362cb,15,graduation_party_05,D,full,D,False,A,1,True,1,0,0,0.14197474016266495
ai,69f48670cedd5791181362cb,16,graduation_party_06,D,full,D,True,D,1,True,1,1,1,-0.3691343244229278
ai,69f48670cedd5791181362cb,17,graduation_party_07,B,full,A,False,B,2,True,0,1,0,0.7017608585183145
ai,676ed6c97f59dba5a786886d,6,ypc_02,D,full,D,True,D,1,True,1,1,1,-0.8072278083534364
ai,676ed6c97f59dba5a786886d,7,ypc_03,A,full,A,False,B,2,True,1,0,0,0.847792019828484
ai,676ed6c97f59dba5a786886d,8,ypc_05,A,full,A,True,A,1,True,1,1,1,0.3366829552428909
ai,676ed6c97f59dba5a786886d,9,ypc_06,A,full,D,False,A,2,True,0,1,0,1.2128699231039075
ai,676ed6c97f59dba5a786886d,10,car_racing_01,A,full,A,False,D,2,True,1,0,0,-1.7807688837545659
ai,676ed6c97f59dba5a786886d,11,car_racing_02,B,full,D,False,C,1,True,0,0,0,1.1885313962188795
ai,676ed6c97f59dba5a786886d,12,car_racing_03,B,full,B,True,B,2,True,1,1,1,-0.49082695884806904
ai,676ed6c97f59dba5a786886d,13,car_racing_05,C,full,C,False,A,2,True,1,0,0,0.5313911703231169
ai,676ed6c97f59dba5a786886d,14,graduation_party_01,B,full,B,True,B,1,True,1,1,1,-1.5130450880192552
ai,676ed6c97f59dba5a786886d,15,graduation_party_05,A,full,A,True,A,2,True,1,1,1,0.14197474016266495
ai,676ed6c97f59dba5a786886d,16,graduation_party_06,D,full,A,False,D,2,True,0,1,0,-0.3691343244229278
ai,676ed6c97f59dba5a786886d,17,graduation_party_07,B,full,B,True,B,3,True,1,1,1,0.7017608585183145
ai,669677d986a5a20026bbf20e,6,ypc_02,A,full,A,False,D,2,True,1,0,0,-0.8072278083534364
ai,669677d986a5a20026bbf20e,7,ypc_03,D,full,D,False,B,1,True,1,0,0,0.847792019828484
ai,669677d986a5a20026bbf20e,8,ypc_05,B,full,B,False,A,2,True,1,0,0,0.3366829552428909
ai,669677d986a5a20026bbf20e,9,ypc_06,D,full,D,False,A,2,True,1,0,0,1.2128699231039075
ai,669677d986a5a20026bbf20e,10,car_racing_01,D,full,D,True,D,1,True,1,1,1,-1.7807688837545659
ai,669677d986a5a20026bbf20e,11,car_racing_02,B,full,D,False,C,5,True,0,0,0,1.1885313962188795
ai,669677d986a5a20026bbf20e,12,car_racing_03,D,full,D,False,B,2,True,1,0,0,-0.49082695884806904
ai,669677d986a5a20026bbf20e,13,car_racing_05,D,full,D,False,A,2,True,1,0,0,0.5313911703231169
ai,669677d986a5a20026bbf20e,14,graduation_party_01,C,full,C,False,B,2,True,1,0,0,-1.5130450880192552
ai,669677d986a5a20026bbf20e,15,graduation_party_05,A,full,A,True,A,3,True,1,1,1,0.14197474016266495
ai,669677d986a5a20026bbf20e,16,graduation_party_06,A,full,A,False,D,1,True,1,0,0,-0.3691343244229278
ai,669677d986a5a20026bbf20e,17,graduation_party_07,D,full,D,False,B,3,True,1,0,0,0.7017608585183145
ai,69ea247da4f33d963f6377bd,6,ypc_02,A,full,A,False,D,2,True,1,0,0,-0.8072278083534364
ai,69ea247da4f33d963f6377bd,7,ypc_03,A,full,A,False,B,1,True,1,0,0,0.847792019828484
ai,69ea247da4f33d963f6377bd,8,ypc_05,A,full,A,True,A,1,True,1,1,1,0.3366829552428909
ai,69ea247da4f33d963f6377bd,9,ypc_06,D,combined,D,False,A,5,True,1,0,0,1.2128699231039075
ai,69ea247da4f33d963f6377bd,10,car_racing_01,D,full,D,True,D,2,True,1,1,1,-1.7807688837545659
ai,69ea247da4f33d963f6377bd,11,car_racing_02,C,full,C,True,C,1,True,1,1,1,1.1885313962188795
ai,69ea247da4f33d963f6377bd,12,car_racing_03,D,full,C,False,B,1,True,0,0,0,-0.49082695884806904
ai,69ea247da4f33d963f6377bd,13,car_racing_05,C,full,C,False,A,2,True,1,0,0,0.5313911703231169
ai,69ea247da4f33d963f6377bd,14,graduation_party_01,B,full,B,True,B,1,True,1,1,1,-1.5130450880192552
ai,69ea247da4f33d963f6377bd,15,graduation_party_05,A,full,A,True,A,1,True,1,1,1,0.14197474016266495
ai,69ea247da4f33d963f6377bd,16,graduation_party_06,B,full,B,False,D,2,True,1,0,0,-0.3691343244229278
ai,69ea247da4f33d963f6377bd,17,graduation_party_07,B,full,B,True,B,2,True,1,1,1,0.7017608585183145
ai,68493ffd97ee0ae8c1f6683e,6,ypc_02,D,full,D,True,D,1,True,1,1,1,-0.8072278083534364
ai,68493ffd97ee0ae8c1f6683e,7,ypc_03,B,full,B,True,B,1,True,1,1,1,0.847792019828484
ai,68493ffd97ee0ae8c1f6683e,8,ypc_05,A,full,A,True,A,1,True,1,1,1,0.3366829552428909
ai,68493ffd97ee0ae8c1f6683e,9,ypc_06,A,full,A,True,A,1,True,1,1,1,1.2128699231039075
ai,68493ffd97ee0ae8c1f6683e,10,car_racing_01,D,full,D,True,D,1,True,1,1,1,-1.7807688837545659
ai,68493ffd97ee0ae8c1f6683e,11,car_racing_02,B,full,B,False,C,1,True,1,0,0,1.1885313962188795
ai,68493ffd97ee0ae8c1f6683e,12,car_racing_03,B,full,B,True,B,1,True,1,1,1,-0.49082695884806904
ai,68493ffd97ee0ae8c1f6683e,13,car_racing_05,A,full,A,True,A,1,True,1,1,1,0.5313911703231169
ai,68493ffd97ee0ae8c1f6683e,14,graduation_party_01,B,full,B,True,B,1,True,1,1,1,-1.5130450880192552
ai,68493ffd97ee0ae8c1f6683e,15,graduation_party_05,A,full,A,True,A,1,True,1,1,1,0.14197474016266495
ai,68493ffd97ee0ae8c1f6683e,16,graduation_party_06,B,full,B,False,D,1,True,1,0,0,-0.3691343244229278
ai,68493ffd97ee0ae8c1f6683e,17,graduation_party_07,B,full,B,True,B,1,True,1,1,1,0.7017608585183145
ai,6a1f03c7db3ac189886daa83,6,ypc_02,A,full,A,False,D,2,True,1,0,0,-0.8072278083534364
ai,6a1f03c7db3ac189886daa83,7,ypc_03,C,full,C,False,B,2,True,1,0,0,0.847792019828484
ai,6a1f03c7db3ac189886daa83,8,ypc_05,A,full,A,True,A,2,True,1,1,1,0.3366829552428909
ai,6a1f03c7db3ac189886daa83,9,ypc_06,B,full,B,False,A,2,True,1,0,0,1.2128699231039075
ai,6a1f03c7db3ac189886daa83,10,car_racing_01,D,full,D,True,D,2,True,1,1,1,-1.7807688837545659
ai,6a1f03c7db3ac189886daa83,11,car_racing_02,B,full,B,False,C,2,True,1,0,0,1.1885313962188795
ai,6a1f03c7db3ac189886daa83,12,car_racing_03,C,full,B,True,B,2,True,0,0,1,-0.49082695884806904
ai,6a1f03c7db3ac189886daa83,13,car_racing_05,B,full,B,False,A,2,True,1,0,0,0.5313911703231169
ai,6a1f03c7db3ac189886daa83,14,graduation_party_01,B,full,B,True,B,2,True,1,1,1,-1.5130450880192552
ai,6a1f03c7db3ac189886daa83,15,graduation_party_05,D,full,D,False,A,2,True,1,0,0,0.14197474016266495
ai,6a1f03c7db3ac189886daa83,16,graduation_party_06,B,full,B,False,D,2,True,1,0,0,-0.3691343244229278
ai,6a1f03c7db3ac189886daa83,17,graduation_party_07,D,full,D,False,B,2,True,1,0,0,0.7017608585183145
ai,69ffbea27516957e550655d3,6,ypc_02,D,full,D,True,D,2,True,1,1,1,-0.8072278083534364
ai,69ffbea27516957e550655d3,7,ypc_03,D,full,D,False,B,5,True,1,0,0,0.847792019828484
ai,69ffbea27516957e550655d3,8,ypc_05,D,full,D,False,A,5,True,1,0,0,0.3366829552428909
ai,69ffbea27516957e550655d3,9,ypc_06,D,full,D,False,A,3,True,1,0,0,1.2128699231039075
ai,69ffbea27516957e550655d3,10,car_racing_01,D,full,D,True,D,3,True,1,1,1,-1.7807688837545659
ai,69ffbea27516957e550655d3,11,car_racing_02,B,full,B,False,C,3,True,1,0,0,1.1885313962188795
ai,69ffbea27516957e550655d3,12,car_racing_03,B,full,B,True,B,3,True,1,1,1,-0.49082695884806904
ai,69ffbea27516957e550655d3,13,car_racing_05,A,full,A,True,A,5,True,1,1,1,0.5313911703231169
ai,69ffbea27516957e550655d3,14,graduation_party_01,B,full,B,True,B,4,True,1,1,1,-1.5130450880192552
ai,69ffbea27516957e550655d3,15,graduation_party_05,D,full,D,False,A,3,True,1,0,0,0.14197474016266495
ai,69ffbea27516957e550655d3,16,graduation_party_06,D,full,D,True,D,3,True,1,1,1,-0.3691343244229278
ai,69ffbea27516957e550655d3,17,graduation_party_07,B,full,B,True,B,3,True,1,1,1,0.7017608585183145
ai,69fb31c7fd922d9f38394582,6,ypc_02,A,full,A,False,D,3,True,1,0,0,-0.8072278083534364
ai,69fb31c7fd922d9f38394582,7,ypc_03,A,full,A,False,B,3,True,1,0,0,0.847792019828484
ai,69fb31c7fd922d9f38394582,8,ypc_05,A,full,A,True,A,3,True,1,1,1,0.3366829552428909
ai,69fb31c7fd922d9f38394582,9,ypc_06,A,full,A,True,A,3,True,1,1,1,1.2128699231039075
ai,69fb31c7fd922d9f38394582,10,car_racing_01,D,full,D,True,D,3,True,1,1,1,-1.7807688837545659
ai,69fb31c7fd922d9f38394582,11,car_racing_02,C,full,C,True,C,4,True,1,1,1,1.1885313962188795
ai,69fb31c7fd922d9f38394582,12,car_racing_03,B,full,B,True,B,3,True,1,1,1,-0.49082695884806904
ai,69fb31c7fd922d9f38394582,13,car_racing_05,A,full,A,True,A,3,True,1,1,1,0.5313911703231169
ai,69fb31c7fd922d9f38394582,14,graduation_party_01,C,full,C,False,B,3,True,1,0,0,-1.5130450880192552
ai,69fb31c7fd922d9f38394582,15,graduation_party_05,A,full,A,True,A,3,True,1,1,1,0.14197474016266495
ai,69fb31c7fd922d9f38394582,16,graduation_party_06,D,full,D,True,D,3,True,1,1,1,-0.3691343244229278
ai,69fb31c7fd922d9f38394582,17,graduation_party_07,D,full,D,False,B,4,True,1,0,0,0.7017608585183145
ai,66718bbb61a1ad0225968d18,6,ypc_02,D,full,D,True,D,1,True,1,1,1,-0.8072278083534364
ai,66718bbb61a1ad0225968d18,7,ypc_03,C,full,C,False,B,1,True,1,0,0,0.847792019828484
ai,66718bbb61a1ad0225968d18,8,ypc_05,A,full,A,True,A,2,True,1,1,1,0.3366829552428909
ai,66718bbb61a1ad0225968d18,9,ypc_06,D,full,D,False,A,1,True,1,0,0,1.2128699231039075
ai,66718bbb61a1ad0225968d18,10,car_racing_01,D,full,D,True,D,2,True,1,1,1,-1.7807688837545659
ai,66718bbb61a1ad0225968d18,12,car_racing_03,B,full,B,True,B,4,True,1,1,1,-0.49082695884806904
ai,66718bbb61a1ad0225968d18,16,graduation_party_06,D,full,D,True,D,1,True,1,1,1,-0.3691343244229278
ai,6a2688815956a47ca8d505ca,6,ypc_02,A,full,A,False,D,1,True,1,0,0,-0.8072278083534364
ai,6a2688815956a47ca8d505ca,7,ypc_03,D,full,D,False,B,1,True,1,0,0,0.847792019828484
ai,6a2688815956a47ca8d505ca,8,ypc_05,A,full,A,True,A,1,True,1,1,1,0.3366829552428909
ai,6a2688815956a47ca8d505ca,9,ypc_06,B,full,B,False,A,1,True,1,0,0,1.2128699231039075
ai,6a2688815956a47ca8d505ca,10,car_racing_01,D,full,D,True,D,1,True,1,1,1,-1.7807688837545659
ai,6a2688815956a47ca8d505ca,11,car_racing_02,B,full,B,False,C,1,True,1,0,0,1.1885313962188795
ai,6a2688815956a47ca8d505ca,12,car_racing_03,B,full,B,True,B,1,True,1,1,1,-0.49082695884806904
ai,6a2688815956a47ca8d505ca,13,car_racing_05,A,full,A,True,A,1,True,1,1,1,0.5313911703231169
ai,6a2688815956a47ca8d505ca,14,graduation_party_01,B,full,B,True,B,1,True,1,1,1,-1.5130450880192552
ai,6a2688815956a47ca8d505ca,15,graduation_party_05,D,full,D,False,A,1,True,1,0,0,0.14197474016266495
ai,6a2688815956a47ca8d505ca,16,graduation_party_06,D,full,D,True,D,1,True,1,1,1,-0.3691343244229278
ai,6a2688815956a47ca8d505ca,17,graduation_party_07,D,full,D,False,B,2,True,1,0,0,0.7017608585183145
ai,6a142cdec2bab559d61afe46,6,ypc_02,D,full,D,True,D,1,True,1,1,1,-0.8072278083534364
ai,6a142cdec2bab559d61afe46,7,ypc_03,A,full,A,False,B,1,True,1,0,0,0.847792019828484
ai,6a142cdec2bab559d61afe46,8,ypc_05,A,full,A,True,A,1,True,1,1,1,0.3366829552428909
ai,6a142cdec2bab559d61afe46,9,ypc_06,B,full,A,True,A,1,True,0,0,1,1.2128699231039075
ai,6a142cdec2bab559d61afe46,10,car_racing_01,D,full,D,True,D,1,True,1,1,1,-1.7807688837545659
ai,6a142cdec2bab559d61afe46,11,car_racing_02,C,full,C,True,C,1,True,1,1,1,1.1885313962188795
ai,6a142cdec2bab559d61afe46,12,car_racing_03,B,full,B,True,B,1,True,1,1,1,-0.49082695884806904
ai,6a142cdec2bab559d61afe46,13,car_racing_05,D,full,D,False,A,1,True,1,0,0,0.5313911703231169
ai,6a142cdec2bab559d61afe46,14,graduation_party_01,B,full,B,True,B,2,True,1,1,1,-1.5130450880192552
ai,6a142cdec2bab559d61afe46,15,graduation_party_05,A,full,A,True,A,1,True,1,1,1,0.14197474016266495
ai,6a142cdec2bab559d61afe46,16,graduation_party_06,D,full,D,True,D,1,True,1,1,1,-0.3691343244229278
ai,6a142cdec2bab559d61afe46,17,graduation_party_07,B,full,B,True,B,3,True,1,1,1,0.7017608585183145
ai,6a00f63a7116be2797d122a9,6,ypc_02,D,full,D,True,D,1,True,1,1,1,-0.8072278083534364
ai,6a00f63a7116be2797d122a9,7,ypc_03,D,full,D,False,B,2,True,1,0,0,0.847792019828484
ai,6a00f63a7116be2797d122a9,8,ypc_05,D,full,D,False,A,2,True,1,0,0,0.3366829552428909
ai,6a00f63a7116be2797d122a9,9,ypc_06,B,full,B,False,A,3,True,1,0,0,1.2128699231039075
ai,6a00f63a7116be2797d122a9,10,car_racing_01,D,full,A,False,D,1,True,0,1,0,-1.7807688837545659
ai,6a00f63a7116be2797d122a9,12,car_racing_03,D,full,D,False,B,3,True,1,0,0,-0.49082695884806904
ai,6a00f63a7116be2797d122a9,13,car_racing_05,A,full,A,True,A,3,True,1,1,1,0.5313911703231169
ai,6a00f63a7116be2797d122a9,14,graduation_party_01,B,full,B,True,B,2,True,1,1,1,-1.5130450880192552
ai,6a00f63a7116be2797d122a9,15,graduation_party_05,D,full,D,False,A,2,True,1,0,0,0.14197474016266495
ai,6a00f63a7116be2797d122a9,16,graduation_party_06,D,full,D,True,D,2,True,1,1,1,-0.3691343244229278
ai,6a00f63a7116be2797d122a9,17,graduation_party_07,B,full,D,False,B,2,True,0,1,0,0.7017608585183145
ai,6614fb6af3c5aa23b962ea2d,8,ypc_05,D,full,D,False,A,2,True,1,0,0,0.3366829552428909
ai,6614fb6af3c5aa23b962ea2d,10,car_racing_01,D,full,D,True,D,2,True,1,1,1,-1.7807688837545659
ai,6614fb6af3c5aa23b962ea2d,11,car_racing_02,B,full,B,False,C,1,True,1,0,0,1.1885313962188795
ai,6614fb6af3c5aa23b962ea2d,14,graduation_party_01,C,full,C,False,B,1,True,1,0,0,-1.5130450880192552
ai,6614fb6af3c5aa23b962ea2d,15,graduation_party_05,D,full,D,False,A,2,True,1,0,0,0.14197474016266495
ai,6a0351dea82c3941d87ce46c,7,ypc_03,C,full,C,False,B,1,True,1,0,0,0.847792019828484
ai,6a0351dea82c3941d87ce46c,8,ypc_05,D,full,D,False,A,2,True,1,0,0,0.3366829552428909
ai,6a0351dea82c3941d87ce46c,9,ypc_06,C,full,C,False,A,1,True,1,0,0,1.2128699231039075
ai,6a0351dea82c3941d87ce46c,10,car_racing_01,D,full,D,True,D,1,True,1,1,1,-1.7807688837545659
ai,6a0351dea82c3941d87ce46c,13,car_racing_05,C,full,C,False,A,1,True,1,0,0,0.5313911703231169
ai,6a0351dea82c3941d87ce46c,14,graduation_party_01,B,full,B,True,B,1,True,1,1,1,-1.5130450880192552
ai,6a0351dea82c3941d87ce46c,16,graduation_party_06,D,full,D,True,D,1,True,1,1,1,-0.3691343244229278
ai,6a0351dea82c3941d87ce46c,17,graduation_party_07,D,full,D,False,B,1,True,1,0,0,0.7017608585183145
ai,6a1d5035af8f2677814eebd2,6,ypc_02,D,full,D,True,D,1,True,1,1,1,-0.8072278083534364
ai,6a1d5035af8f2677814eebd2,7,ypc_03,B,full,B,True,B,1,True,1,1,1,0.847792019828484
ai,6a1d5035af8f2677814eebd2,8,ypc_05,A,full,A,True,A,1,True,1,1,1,0.3366829552428909
ai,6a1d5035af8f2677814eebd2,9,ypc_06,B,full,B,False,A,1,True,1,0,0,1.2128699231039075
ai,6a1d5035af8f2677814eebd2,10,car_racing_01,D,full,D,True,D,1,True,1,1,1,-1.7807688837545659
ai,6a1d5035af8f2677814eebd2,11,car_racing_02,B,full,B,False,C,1,True,1,0,0,1.1885313962188795
ai,6a1d5035af8f2677814eebd2,12,car_racing_03,D,full,D,False,B,1,True,1,0,0,-0.49082695884806904
ai,6a1d5035af8f2677814eebd2,13,car_racing_05,A,full,A,True,A,1,True,1,1,1,0.5313911703231169
ai,6a1d5035af8f2677814eebd2,14,graduation_party_01,B,full,B,True,B,1,True,1,1,1,-1.5130450880192552
ai,6a1d5035af8f2677814eebd2,15,graduation_party_05,A,full,A,True,A,1,True,1,1,1,0.14197474016266495
ai,6a1d5035af8f2677814eebd2,16,graduation_party_06,B,full,B,False,D,1,True,1,0,0,-0.3691343244229278
ai,6a1d5035af8f2677814eebd2,17,graduation_party_07,D,full,D,False,B,1,True,1,0,0,0.7017608585183145
ai,6a00fa4092ac27e2db73d8eb,6,ypc_02,D,full,D,True,D,3,True,1,1,1,-0.8072278083534364
ai,6a00fa4092ac27e2db73d8eb,7,ypc_03,A,full,A,False,B,3,True,1,0,0,0.847792019828484
ai,6a00fa4092ac27e2db73d8eb,8,ypc_05,A,full,A,True,A,4,True,1,1,1,0.3366829552428909
ai,6a00fa4092ac27e2db73d8eb,9,ypc_06,A,full,C,False,A,3,True,0,1,0,1.2128699231039075
ai,6a00fa4092ac27e2db73d8eb,10,car_racing_01,D,full,D,True,D,2,True,1,1,1,-1.7807688837545659
ai,6a00fa4092ac27e2db73d8eb,11,car_racing_02,B,full,B,False,C,3,True,1,0,0,1.1885313962188795
ai,6a00fa4092ac27e2db73d8eb,12,car_racing_03,D,full,D,False,B,4,True,1,0,0,-0.49082695884806904
ai,6a00fa4092ac27e2db73d8eb,13,car_racing_05,D,full,D,False,A,4,True,1,0,0,0.5313911703231169
ai,6a00fa4092ac27e2db73d8eb,14,graduation_party_01,B,full,B,True,B,2,True,1,1,1,-1.5130450880192552
ai,6a00fa4092ac27e2db73d8eb,15,graduation_party_05,A,full,A,True,A,3,True,1,1,1,0.14197474016266495
ai,6a00fa4092ac27e2db73d8eb,16,graduation_party_06,D,full,D,True,D,2,True,1,1,1,-0.3691343244229278
ai,6a00fa4092ac27e2db73d8eb,17,graduation_party_07,D,full,D,False,B,3,True,1,0,0,0.7017608585183145
ai,69e8d5e7f1abaa500ce31a11,13,car_racing_05,D,full,D,False,A,2,True,1,0,0,0.5313911703231169
ai,6a03481ce47e292cca49df5c,6,ypc_02,D,full,D,True,D,1,True,1,1,1,-0.8072278083534364
ai,6a03481ce47e292cca49df5c,7,ypc_03,A,full,A,False,B,1,True,1,0,0,0.847792019828484
ai,6a03481ce47e292cca49df5c,8,ypc_05,D,full,D,False,A,1,True,1,0,0,0.3366829552428909
ai,6a03481ce47e292cca49df5c,9,ypc_06,D,full,D,False,A,1,True,1,0,0,1.2128699231039075
ai,6a03481ce47e292cca49df5c,10,car_racing_01,A,full,A,False,D,1,True,1,0,0,-1.7807688837545659
ai,6a03481ce47e292cca49df5c,11,car_racing_02,B,full,B,False,C,1,True,1,0,0,1.1885313962188795
ai,6a03481ce47e292cca49df5c,12,car_racing_03,C,full,C,False,B,1,True,1,0,0,-0.49082695884806904
ai,6a03481ce47e292cca49df5c,13,car_racing_05,D,full,D,False,A,1,True,1,0,0,0.5313911703231169
ai,6a03481ce47e292cca49df5c,14,graduation_party_01,B,full,B,True,B,1,True,1,1,1,-1.5130450880192552
ai,6a03481ce47e292cca49df5c,15,graduation_party_05,D,full,D,False,A,1,True,1,0,0,0.14197474016266495
ai,6a03481ce47e292cca49df5c,16,graduation_party_06,B,full,B,False,D,1,True,1,0,0,-0.3691343244229278
ai,6a03481ce47e292cca49df5c,17,graduation_party_07,D,full,D,False,B,1,True,1,0,0,0.7017608585183145
ai,5929c96027ea400001301061,6,ypc_02,D,full,D,True,D,1,True,1,1,1,-0.8072278083534364
ai,5929c96027ea400001301061,7,ypc_03,B,full,B,True,B,1,True,1,1,1,0.847792019828484
ai,5929c96027ea400001301061,8,ypc_05,A,full,A,True,A,1,True,1,1,1,0.3366829552428909
ai,5929c96027ea400001301061,9,ypc_06,D,full,D,False,A,1,True,1,0,0,1.2128699231039075
ai,5929c96027ea400001301061,10,car_racing_01,D,full,D,True,D,1,True,1,1,1,-1.7807688837545659
ai,5929c96027ea400001301061,11,car_racing_02,C,full,C,True,C,1,True,1,1,1,1.1885313962188795
ai,5929c96027ea400001301061,12,car_racing_03,B,full,B,True,B,1,True,1,1,1,-0.49082695884806904
ai,5929c96027ea400001301061,13,car_racing_05,A,full,A,True,A,1,True,1,1,1,0.5313911703231169
ai,5929c96027ea400001301061,14,graduation_party_01,B,full,B,True,B,1,True,1,1,1,-1.5130450880192552
ai,5929c96027ea400001301061,15,graduation_party_05,A,full,A,True,A,1,True,1,1,1,0.14197474016266495
ai,5929c96027ea400001301061,16,graduation_party_06,D,full,D,True,D,1,True,1,1,1,-0.3691343244229278
ai,5929c96027ea400001301061,17,graduation_party_07,B,full,B,True,B,1,True,1,1,1,0.7017608585183145
ai,67252ccdf91cf97c0989172d,6,ypc_02,D,full,D,True,D,1,True,1,1,1,-0.8072278083534364
ai,67252ccdf91cf97c0989172d,7,ypc_03,D,full,D,False,B,1,True,1,0,0,0.847792019828484
ai,67252ccdf91cf97c0989172d,8,ypc_05,D,full,D,False,A,1,True,1,0,0,0.3366829552428909
ai,67252ccdf91cf97c0989172d,9,ypc_06,B,full,B,False,A,2,True,1,0,0,1.2128699231039075
ai,67252ccdf91cf97c0989172d,10,car_racing_01,D,full,D,True,D,2,True,1,1,1,-1.7807688837545659
ai,67252ccdf91cf97c0989172d,11,car_racing_02,B,full,B,False,C,1,True,1,0,0,1.1885313962188795
ai,67252ccdf91cf97c0989172d,12,car_racing_03,D,full,D,False,B,3,True,1,0,0,-0.49082695884806904
ai,67252ccdf91cf97c0989172d,13,car_racing_05,D,full,D,False,A,3,True,1,0,0,0.5313911703231169
ai,67252ccdf91cf97c0989172d,14,graduation_party_01,B,full,B,True,B,2,True,1,1,1,-1.5130450880192552
ai,67252ccdf91cf97c0989172d,15,graduation_party_05,A,full,A,True,A,2,True,1,1,1,0.14197474016266495
ai,67252ccdf91cf97c0989172d,16,graduation_party_06,D,full,D,True,D,2,True,1,1,1,-0.3691343244229278
ai,67252ccdf91cf97c0989172d,17,graduation_party_07,D,full,D,False,B,2,True,1,0,0,0.7017608585183145
ai,6a245c90cdf34a9b43add620,6,ypc_02,C,full,C,False,D,2,True,1,0,0,-0.8072278083534364
ai,6a245c90cdf34a9b43add620,7,ypc_03,C,full,C,False,B,1,True,1,0,0,0.847792019828484
ai,6a245c90cdf34a9b43add620,8,ypc_05,B,full,B,False,A,1,True,1,0,0,0.3366829552428909
ai,6a245c90cdf34a9b43add620,9,ypc_06,A,full,A,True,A,2,True,1,1,1,1.2128699231039075
ai,6a245c90cdf34a9b43add620,10,car_racing_01,D,full,D,True,D,2,True,1,1,1,-1.7807688837545659
ai,6a245c90cdf34a9b43add620,12,car_racing_03,D,full,D,False,B,2,True,1,0,0,-0.49082695884806904
ai,6a245c90cdf34a9b43add620,13,car_racing_05,C,full,C,False,A,1,True,1,0,0,0.5313911703231169
ai,6a245c90cdf34a9b43add620,14,graduation_party_01,B,full,B,True,B,1,True,1,1,1,-1.5130450880192552
ai,6a245c90cdf34a9b43add620,15,graduation_party_05,B,full,B,False,A,1,True,1,0,0,0.14197474016266495
ai,6a245c90cdf34a9b43add620,16,graduation_party_06,A,full,A,False,D,1,True,1,0,0,-0.3691343244229278
ai,6a245c90cdf34a9b43add620,17,graduation_party_07,B,full,B,True,B,1,True,1,1,1,0.7017608585183145
ai,5bdee6652f49a40001c440c0,6,ypc_02,A,full,A,False,D,2,True,1,0,0,-0.8072278083534364
ai,5bdee6652f49a40001c440c0,7,ypc_03,A,full,A,False,B,2,True,1,0,0,0.847792019828484
ai,5bdee6652f49a40001c440c0,9,ypc_06,B,full,B,False,A,2,True,1,0,0,1.2128699231039075
ai,5bdee6652f49a40001c440c0,10,car_racing_01,D,full,D,True,D,2,True,1,1,1,-1.7807688837545659
ai,5bdee6652f49a40001c440c0,11,car_racing_02,B,full,B,False,C,2,True,1,0,0,1.1885313962188795
ai,5bdee6652f49a40001c440c0,12,car_racing_03,B,full,B,True,B,2,True,1,1,1,-0.49082695884806904
ai,5bdee6652f49a40001c440c0,13,car_racing_05,A,full,A,True,A,2,True,1,1,1,0.5313911703231169
ai,5bdee6652f49a40001c440c0,14,graduation_party_01,B,full,B,True,B,2,True,1,1,1,-1.5130450880192552
ai,5bdee6652f49a40001c440c0,15,graduation_party_05,D,full,D,False,A,2,True,1,0,0,0.14197474016266495
ai,5bdee6652f49a40001c440c0,16,graduation_party_06,D,full,D,True,D,2,True,1,1,1,-0.3691343244229278
ai,5bdee6652f49a40001c440c0,17,graduation_party_07,B,full,B,True,B,2,True,1,1,1,0.7017608585183145
ai,69e66fedb8e42d3cd50f9519,6,ypc_02,D,full,D,True,D,1,True,1,1,1,-0.8072278083534364
ai,69e66fedb8e42d3cd50f9519,7,ypc_03,A,full,A,False,B,1,True,1,0,0,0.847792019828484
ai,69e66fedb8e42d3cd50f9519,8,ypc_05,A,full,A,True,A,1,True,1,1,1,0.3366829552428909
ai,69e66fedb8e42d3cd50f9519,14,graduation_party_01,B,full,B,True,B,1,True,1,1,1,-1.5130450880192552
ai,69e66fedb8e42d3cd50f9519,15,graduation_party_05,D,full,D,False,A,1,True,1,0,0,0.14197474016266495
ai,69e66fedb8e42d3cd50f9519,16,graduation_party_06,B,full,B,False,D,1,True,1,0,0,-0.3691343244229278
ai,69e66fedb8e42d3cd50f9519,17,graduation_party_07,D,full,D,False,B,1,True,1,0,0,0.7017608585183145
ai,5f5bb87a0093333445af65f2,6,ypc_02,D,full,D,True,D,1,True,1,1,1,-0.8072278083534364
ai,5f5bb87a0093333445af65f2,7,ypc_03,C,full,C,False,B,1,True,1,0,0,0.847792019828484
ai,5f5bb87a0093333445af65f2,8,ypc_05,D,full,D,False,A,2,True,1,0,0,0.3366829552428909
ai,5f5bb87a0093333445af65f2,9,ypc_06,D,full,D,False,A,3,True,1,0,0,1.2128699231039075
ai,5f5bb87a0093333445af65f2,10,car_racing_01,D,full,D,True,D,1,True,1,1,1,-1.7807688837545659
ai,5f5bb87a0093333445af65f2,11,car_racing_02,C,full,C,True,C,1,True,1,1,1,1.1885313962188795
ai,5f5bb87a0093333445af65f2,12,car_racing_03,C,full,C,False,B,1,True,1,0,0,-0.49082695884806904
ai,5f5bb87a0093333445af65f2,13,car_racing_05,A,full,A,True,A,2,True,1,1,1,0.5313911703231169
ai,5f5bb87a0093333445af65f2,15,graduation_party_05,D,full,D,False,A,1,True,1,0,0,0.14197474016266495
ai,5f5bb87a0093333445af65f2,17,graduation_party_07,D,full,D,False,B,1,True,1,0,0,0.7017608585183145
ai,69fa5d8d659152a4924ade4d,6,ypc_02,D,full,D,True,D,1,True,1,1,1,-0.8072278083534364
ai,69fa5d8d659152a4924ade4d,7,ypc_03,D,full,D,False,B,1,True,1,0,0,0.847792019828484
ai,69fa5d8d659152a4924ade4d,8,ypc_05,D,full,D,False,A,2,True,1,0,0,0.3366829552428909
ai,69fa5d8d659152a4924ade4d,10,car_racing_01,A,full,A,False,D,1,True,1,0,0,-1.7807688837545659
ai,69fa5d8d659152a4924ade4d,11,car_racing_02,B,full,B,False,C,1,True,1,0,0,1.1885313962188795
ai,69fa5d8d659152a4924ade4d,12,car_racing_03,B,full,B,True,B,1,True,1,1,1,-0.49082695884806904
ai,69fa5d8d659152a4924ade4d,13,car_racing_05,A,full,A,True,A,1,True,1,1,1,0.5313911703231169
ai,69fa5d8d659152a4924ade4d,14,graduation_party_01,B,full,B,True,B,1,True,1,1,1,-1.5130450880192552
ai,69fa5d8d659152a4924ade4d,15,graduation_party_05,D,full,D,False,A,1,True,1,0,0,0.14197474016266495
ai,69fa5d8d659152a4924ade4d,16,graduation_party_06,B,full,B,False,D,1,True,1,0,0,-0.3691343244229278
ai,69fa5d8d659152a4924ade4d,17,graduation_party_07,D,full,D,False,B,1,True,1,0,0,0.7017608585183145
ai,5bc690392885710001a0bb76,6,ypc_02,D,full,D,True,D,1,True,1,1,1,-0.8072278083534364
ai,5bc690392885710001a0bb76,7,ypc_03,B,full,B,True,B,1,True,1,1,1,0.847792019828484
ai,5bc690392885710001a0bb76,8,ypc_05,D,full,D,False,A,2,True,1,0,0,0.3366829552428909
ai,5bc690392885710001a0bb76,9,ypc_06,C,full,C,False,A,1,True,1,0,0,1.2128699231039075
ai,5bc690392885710001a0bb76,10,car_racing_01,D,full,D,True,D,1,True,1,1,1,-1.7807688837545659
ai,5bc690392885710001a0bb76,11,car_racing_02,C,full,C,True,C,2,True,1,1,1,1.1885313962188795
ai,5bc690392885710001a0bb76,12,car_racing_03,B,full,B,True,B,1,True,1,1,1,-0.49082695884806904
ai,5bc690392885710001a0bb76,13,car_racing_05,D,full,D,False,A,1,True,1,0,0,0.5313911703231169
ai,5bc690392885710001a0bb76,14,graduation_party_01,B,full,B,True,B,2,True,1,1,1,-1.5130450880192552
ai,5bc690392885710001a0bb76,16,graduation_party_06,D,full,D,True,D,2,True,1,1,1,-0.3691343244229278
ai,5bc690392885710001a0bb76,17,graduation_party_07,C,full,D,False,B,2,True,0,0,0,0.7017608585183145
ai,69bd43b3638c297e98b9f8df,6,ypc_02,A,full,A,False,D,1,True,1,0,0,-0.8072278083534364
ai,69bd43b3638c297e98b9f8df,7,ypc_03,A,full,A,False,B,1,True,1,0,0,0.847792019828484
ai,69bd43b3638c297e98b9f8df,8,ypc_05,D,full,D,False,A,1,True,1,0,0,0.3366829552428909
ai,69bd43b3638c297e98b9f8df,9,ypc_06,C,full,C,False,A,1,True,1,0,0,1.2128699231039075
ai,69bd43b3638c297e98b9f8df,10,car_racing_01,A,full,A,False,D,1,True,1,0,0,-1.7807688837545659
ai,69bd43b3638c297e98b9f8df,11,car_racing_02,B,full,B,False,C,1,True,1,0,0,1.1885313962188795
ai,69bd43b3638c297e98b9f8df,12,car_racing_03,B,full,A,False,B,1,True,0,1,0,-0.49082695884806904
ai,69bd43b3638c297e98b9f8df,13,car_racing_05,B,full,A,True,A,1,True,0,0,1,0.5313911703231169
ai,69bd43b3638c297e98b9f8df,14,graduation_party_01,C,full,C,False,B,1,True,1,0,0,-1.5130450880192552
ai,69bd43b3638c297e98b9f8df,16,graduation_party_06,D,full,A,False,D,1,True,0,1,0,-0.3691343244229278
ai,6a4da2ed98dcae617c8a7857,6,ypc_02,D,full,D,True,D,1,True,1,1,1,-0.8072278083534364
ai,6a4da2ed98dcae617c8a7857,7,ypc_03,A,full,A,False,B,1,True,1,0,0,0.847792019828484
ai,6a4da2ed98dcae617c8a7857,8,ypc_05,D,full,D,False,A,2,True,1,0,0,0.3366829552428909
ai,6a4da2ed98dcae617c8a7857,9,ypc_06,B,full,B,False,A,1,True,1,0,0,1.2128699231039075
ai,6a4da2ed98dcae617c8a7857,10,car_racing_01,D,full,D,True,D,1,True,1,1,1,-1.7807688837545659
ai,6a4da2ed98dcae617c8a7857,11,car_racing_02,B,full,C,True,C,5,True,0,0,1,1.1885313962188795
ai,6a4da2ed98dcae617c8a7857,12,car_racing_03,D,full,D,False,B,1,True,1,0,0,-0.49082695884806904
ai,6a4da2ed98dcae617c8a7857,13,car_racing_05,A,full,A,True,A,1,True,1,1,1,0.5313911703231169
ai,6a4da2ed98dcae617c8a7857,14,graduation_party_01,B,full,B,True,B,1,True,1,1,1,-1.5130450880192552
ai,6a4da2ed98dcae617c8a7857,15,graduation_party_05,D,full,D,False,A,1,True,1,0,0,0.14197474016266495
ai,6a4da2ed98dcae617c8a7857,16,graduation_party_06,D,full,D,True,D,2,True,1,1,1,-0.3691343244229278
ai,6a4da2ed98dcae617c8a7857,17,graduation_party_07,B,full,B,True,B,1,True,1,1,1,0.7017608585183145
ai,640106276a808bdba519eb05,6,ypc_02,D,full,C,False,D,1,True,0,1,0,-0.8072278083534364
ai,640106276a808bdba519eb05,7,ypc_03,A,full,A,False,B,1,True,1,0,0,0.847792019828484
ai,640106276a808bdba519eb05,8,ypc_05,D,full,D,False,A,2,True,1,0,0,0.3366829552428909
ai,640106276a808bdba519eb05,9,ypc_06,D,full,B,False,A,4,True,0,0,0,1.2128699231039075
ai,640106276a808bdba519eb05,10,car_racing_01,D,full,D,True,D,3,True,1,1,1,-1.7807688837545659
ai,640106276a808bdba519eb05,11,car_racing_02,B,full,B,False,C,1,True,1,0,0,1.1885313962188795
ai,640106276a808bdba519eb05,12,car_racing_03,B,full,B,True,B,1,True,1,1,1,-0.49082695884806904
ai,640106276a808bdba519eb05,13,car_racing_05,C,full,C,False,A,1,True,1,0,0,0.5313911703231169
ai,640106276a808bdba519eb05,14,graduation_party_01,B,full,B,True,B,2,True,1,1,1,-1.5130450880192552
ai,640106276a808bdba519eb05,15,graduation_party_05,D,full,D,False,A,4,True,1,0,0,0.14197474016266495
ai,640106276a808bdba519eb05,16,graduation_party_06,B,full,B,False,D,4,True,1,0,0,-0.3691343244229278
ai,640106276a808bdba519eb05,17,graduation_party_07,D,full,D,False,B,4,True,1,0,0,0.7017608585183145
ai,66b370883fc774c23e102c46,6,ypc_02,A,full,A,False,D,1,True,1,0,0,-0.8072278083534364
ai,66b370883fc774c23e102c46,7,ypc_03,A,full,A,False,B,1,True,1,0,0,0.847792019828484
ai,66b370883fc774c23e102c46,8,ypc_05,A,full,A,True,A,1,True,1,1,1,0.3366829552428909
ai,66b370883fc774c23e102c46,9,ypc_06,B,full,B,False,A,1,True,1,0,0,1.2128699231039075
ai,66b370883fc774c23e102c46,10,car_racing_01,A,full,A,False,D,1,True,1,0,0,-1.7807688837545659
ai,66b370883fc774c23e102c46,11,car_racing_02,A,full,A,False,C,1,True,1,0,0,1.1885313962188795
ai,66b370883fc774c23e102c46,12,car_racing_03,B,full,B,True,B,1,True,1,1,1,-0.49082695884806904
ai,66b370883fc774c23e102c46,13,car_racing_05,C,full,C,False,A,1,True,1,0,0,0.5313911703231169
ai,66b370883fc774c23e102c46,14,graduation_party_01,B,full,B,True,B,1,True,1,1,1,-1.5130450880192552
ai,66b370883fc774c23e102c46,15,graduation_party_05,D,full,D,False,A,1,True,1,0,0,0.14197474016266495
ai,66b370883fc774c23e102c46,16,graduation_party_06,D,full,D,True,D,1,True,1,1,1,-0.3691343244229278
ai,66b370883fc774c23e102c46,17,graduation_party_07,D,full,D,False,B,1,True,1,0,0,0.7017608585183145
ai,6a0aed9a06391bae485433ba,6,ypc_02,A,full,A,False,D,1,True,1,0,0,-0.8072278083534364
ai,6a0aed9a06391bae485433ba,7,ypc_03,B,full,B,True,B,2,True,1,1,1,0.847792019828484
ai,6a0aed9a06391bae485433ba,8,ypc_05,A,full,A,True,A,2,True,1,1,1,0.3366829552428909
ai,6a0aed9a06391bae485433ba,9,ypc_06,B,full,B,False,A,1,True,1,0,0,1.2128699231039075
ai,6a0aed9a06391bae485433ba,10,car_racing_01,D,full,D,True,D,1,True,1,1,1,-1.7807688837545659
ai,6a0aed9a06391bae485433ba,11,car_racing_02,B,full,B,False,C,1,True,1,0,0,1.1885313962188795
ai,6a0aed9a06391bae485433ba,12,car_racing_03,D,full,D,False,B,1,True,1,0,0,-0.49082695884806904
ai,6a0aed9a06391bae485433ba,13,car_racing_05,A,full,A,True,A,2,True,1,1,1,0.5313911703231169
ai,6a0aed9a06391bae485433ba,14,graduation_party_01,B,full,B,True,B,1,True,1,1,1,-1.5130450880192552
ai,6a0aed9a06391bae485433ba,15,graduation_party_05,D,full,D,False,A,1,True,1,0,0,0.14197474016266495
ai,6a0aed9a06391bae485433ba,16,graduation_party_06,D,full,D,True,D,2,True,1,1,1,-0.3691343244229278
ai,6a0aed9a06391bae485433ba,17,graduation_party_07,D,full,D,False,B,1,True,1,0,0,0.7017608585183145
ai,671cbe3cf696c5952e41ddb7,6,ypc_02,D,full,D,True,D,1,True,1,1,1,-0.8072278083534364
ai,671cbe3cf696c5952e41ddb7,7,ypc_03,A,full,A,False,B,1,True,1,0,0,0.847792019828484
ai,671cbe3cf696c5952e41ddb7,8,ypc_05,A,full,A,True,A,1,True,1,1,1,0.3366829552428909
ai,671cbe3cf696c5952e41ddb7,9,ypc_06,D,full,D,False,A,1,True,1,0,0,1.2128699231039075
ai,671cbe3cf696c5952e41ddb7,10,car_racing_01,D,full,D,True,D,1,True,1,1,1,-1.7807688837545659
ai,671cbe3cf696c5952e41ddb7,12,car_racing_03,B,full,B,True,B,1,True,1,1,1,-0.49082695884806904
ai,671cbe3cf696c5952e41ddb7,15,graduation_party_05,D,full,D,False,A,1,True,1,0,0,0.14197474016266495
ai,671cbe3cf696c5952e41ddb7,16,graduation_party_06,D,full,D,True,D,1,True,1,1,1,-0.3691343244229278
ai,671cbe3cf696c5952e41ddb7,17,graduation_party_07,D,full,D,False,B,1,True,1,0,0,0.7017608585183145
ai,6a0c2610d6081bf92e4be74d,6,ypc_02,B,combined,D,True,D,17,True,0,0,1,-0.8072278083534364
ai,6a0c2610d6081bf92e4be74d,7,ypc_03,C,combined,C,False,B,7,True,1,0,0,0.847792019828484
ai,6a0c2610d6081bf92e4be74d,8,ypc_05,D,full,D,False,A,2,True,1,0,0,0.3366829552428909
ai,6a0c2610d6081bf92e4be74d,9,ypc_06,A,full,A,True,A,1,True,1,1,1,1.2128699231039075
ai,6a0c2610d6081bf92e4be74d,10,car_racing_01,D,combined,D,True,D,2,True,1,1,1,-1.7807688837545659
ai,6a0c2610d6081bf92e4be74d,13,car_racing_05,D,combined,D,False,A,10,True,1,0,0,0.5313911703231169
ai,6a0c2610d6081bf92e4be74d,14,graduation_party_01,B,full,B,True,B,1,True,1,1,1,-1.5130450880192552
ai,6a0c2610d6081bf92e4be74d,15,graduation_party_05,A,full,A,True,A,1,True,1,1,1,0.14197474016266495
ai,6a0c2610d6081bf92e4be74d,16,graduation_party_06,D,full,D,True,D,1,True,1,1,1,-0.3691343244229278
ai,6a0c2610d6081bf92e4be74d,17,graduation_party_07,D,full,D,False,B,3,True,1,0,0,0.7017608585183145
ai,6772635d620fb499e8d268e6,6,ypc_02,C,full,C,False,D,1,True,1,0,0,-0.8072278083534364
ai,6772635d620fb499e8d268e6,7,ypc_03,B,full,B,True,B,1,True,1,1,1,0.847792019828484
ai,6772635d620fb499e8d268e6,8,ypc_05,C,full,C,False,A,1,True,1,0,0,0.3366829552428909
ai,6772635d620fb499e8d268e6,9,ypc_06,A,full,A,True,A,1,True,1,1,1,1.2128699231039075
ai,6772635d620fb499e8d268e6,10,car_racing_01,A,full,A,False,D,1,True,1,0,0,-1.7807688837545659
ai,6772635d620fb499e8d268e6,11,car_racing_02,C,full,C,True,C,1,True,1,1,1,1.1885313962188795
ai,6772635d620fb499e8d268e6,12,car_racing_03,B,full,B,True,B,1,True,1,1,1,-0.49082695884806904
ai,6772635d620fb499e8d268e6,13,car_racing_05,C,full,C,False,A,1,True,1,0,0,0.5313911703231169
ai,6772635d620fb499e8d268e6,14,graduation_party_01,A,full,A,False,B,1,True,1,0,0,-1.5130450880192552
ai,6772635d620fb499e8d268e6,15,graduation_party_05,C,full,C,False,A,1,True,1,0,0,0.14197474016266495
ai,6772635d620fb499e8d268e6,16,graduation_party_06,A,full,C,False,D,1,True,0,0,0,-0.3691343244229278
ai,6772635d620fb499e8d268e6,17,graduation_party_07,C,full,C,False,B,1,True,1,0,0,0.7017608585183145
ai,659c01027a942e6d4d2bd6a4,6,ypc_02,D,full,D,True,D,1,True,1,1,1,-0.8072278083534364
ai,659c01027a942e6d4d2bd6a4,7,ypc_03,A,full,A,False,B,1,True,1,0,0,0.847792019828484
ai,659c01027a942e6d4d2bd6a4,8,ypc_05,A,full,A,True,A,2,True,1,1,1,0.3366829552428909
ai,659c01027a942e6d4d2bd6a4,9,ypc_06,C,full,C,False,A,2,True,1,0,0,1.2128699231039075
ai,659c01027a942e6d4d2bd6a4,10,car_racing_01,D,full,D,True,D,1,True,1,1,1,-1.7807688837545659
ai,659c01027a942e6d4d2bd6a4,11,car_racing_02,B,full,B,False,C,1,True,1,0,0,1.1885313962188795
ai,659c01027a942e6d4d2bd6a4,12,car_racing_03,B,full,B,True,B,1,True,1,1,1,-0.49082695884806904
ai,659c01027a942e6d4d2bd6a4,13,car_racing_05,D,full,D,False,A,3,True,1,0,0,0.5313911703231169
ai,659c01027a942e6d4d2bd6a4,14,graduation_party_01,B,full,B,True,B,1,True,1,1,1,-1.5130450880192552
ai,659c01027a942e6d4d2bd6a4,16,graduation_party_06,D,full,D,True,D,3,True,1,1,1,-0.3691343244229278
ai,659c01027a942e6d4d2bd6a4,17,graduation_party_07,A,full,A,False,B,1,True,1,0,0,0.7017608585183145
ai,5d8e154af2858200171fdb95,6,ypc_02,D,full,D,True,D,3,True,1,1,1,-0.8072278083534364
ai,5d8e154af2858200171fdb95,7,ypc_03,C,full,C,False,B,1,True,1,0,0,0.847792019828484
ai,5d8e154af2858200171fdb95,8,ypc_05,D,full,D,False,A,1,True,1,0,0,0.3366829552428909
ai,5d8e154af2858200171fdb95,9,ypc_06,D,full,D,False,A,1,True,1,0,0,1.2128699231039075
ai,5d8e154af2858200171fdb95,10,car_racing_01,D,full,A,False,D,1,True,0,1,0,-1.7807688837545659
ai,5d8e154af2858200171fdb95,11,car_racing_02,B,full,B,False,C,1,True,1,0,0,1.1885313962188795
ai,5d8e154af2858200171fdb95,12,car_racing_03,B,full,B,True,B,3,True,1,1,1,-0.49082695884806904
ai,5d8e154af2858200171fdb95,13,car_racing_05,B,full,B,False,A,1,True,1,0,0,0.5313911703231169
ai,5d8e154af2858200171fdb95,14,graduation_party_01,B,full,B,True,B,1,True,1,1,1,-1.5130450880192552
ai,5d8e154af2858200171fdb95,15,graduation_party_05,A,full,C,False,A,1,True,0,1,0,0.14197474016266495
ai,5d8e154af2858200171fdb95,16,graduation_party_06,B,full,B,False,D,1,True,1,0,0,-0.3691343244229278
ai,5d8e154af2858200171fdb95,17,graduation_party_07,B,full,B,True,B,1,True,1,1,1,0.7017608585183145
ai,6a0cd3904db1482540e9dede,6,ypc_02,A,full,A,False,D,1,True,1,0,0,-0.8072278083534364
ai,6a0cd3904db1482540e9dede,7,ypc_03,A,full,A,False,B,2,True,1,0,0,0.847792019828484
ai,6a0cd3904db1482540e9dede,8,ypc_05,D,full,D,False,A,1,True,1,0,0,0.3366829552428909
ai,6a0cd3904db1482540e9dede,9,ypc_06,B,full,B,False,A,1,True,1,0,0,1.2128699231039075
ai,6a0cd3904db1482540e9dede,10,car_racing_01,D,full,D,True,D,2,True,1,1,1,-1.7807688837545659
ai,6a0cd3904db1482540e9dede,11,car_racing_02,D,full,D,False,C,1,True,1,0,0,1.1885313962188795
ai,6a0cd3904db1482540e9dede,12,car_racing_03,D,full,D,False,B,1,True,1,0,0,-0.49082695884806904
ai,6a0cd3904db1482540e9dede,13,car_racing_05,D,full,D,False,A,2,True,1,0,0,0.5313911703231169
ai,6a0cd3904db1482540e9dede,14,graduation_party_01,B,full,B,True,B,2,True,1,1,1,-1.5130450880192552
ai,6a0cd3904db1482540e9dede,15,graduation_party_05,D,full,D,False,A,2,True,1,0,0,0.14197474016266495
ai,6a0cd3904db1482540e9dede,16,graduation_party_06,D,full,D,True,D,1,True,1,1,1,-0.3691343244229278
ai,6a0cd3904db1482540e9dede,17,graduation_party_07,D,full,D,False,B,1,True,1,0,0,0.7017608585183145
ai,6a15cd68dfe6b38127015329,6,ypc_02,D,full,D,True,D,1,True,1,1,1,-0.8072278083534364
ai,6a15cd68dfe6b38127015329,7,ypc_03,B,full,B,True,B,5,True,1,1,1,0.847792019828484
ai,6a15cd68dfe6b38127015329,8,ypc_05,A,full,A,True,A,1,True,1,1,1,0.3366829552428909
ai,6a15cd68dfe6b38127015329,9,ypc_06,B,full,B,False,A,1,True,1,0,0,1.2128699231039075
ai,6a15cd68dfe6b38127015329,10,car_racing_01,A,full,A,False,D,1,True,1,0,0,-1.7807688837545659
ai,6a15cd68dfe6b38127015329,11,car_racing_02,B,full,B,False,C,1,True,1,0,0,1.1885313962188795
ai,6a15cd68dfe6b38127015329,12,car_racing_03,B,full,B,True,B,1,True,1,1,1,-0.49082695884806904
ai,6a15cd68dfe6b38127015329,13,car_racing_05,A,full,A,True,A,1,True,1,1,1,0.5313911703231169
ai,6a15cd68dfe6b38127015329,14,graduation_party_01,C,full,C,False,B,2,True,1,0,0,-1.5130450880192552
ai,6a15cd68dfe6b38127015329,15,graduation_party_05,D,full,D,False,A,2,True,1,0,0,0.14197474016266495
ai,6a15cd68dfe6b38127015329,16,graduation_party_06,D,full,D,True,D,1,True,1,1,1,-0.3691343244229278
ai,6a15cd68dfe6b38127015329,17,graduation_party_07,D,full,D,False,B,2,True,1,0,0,0.7017608585183145
ai,66d26b17a28e77051a40fd99,6,ypc_02,D,full,D,True,D,2,True,1,1,1,-0.8072278083534364
ai,66d26b17a28e77051a40fd99,7,ypc_03,B,full,B,True,B,2,True,1,1,1,0.847792019828484
ai,66d26b17a28e77051a40fd99,8,ypc_05,D,full,D,False,A,2,True,1,0,0,0.3366829552428909
ai,66d26b17a28e77051a40fd99,9,ypc_06,B,full,B,False,A,2,True,1,0,0,1.2128699231039075
ai,66d26b17a28e77051a40fd99,10,car_racing_01,D,full,D,True,D,2,True,1,1,1,-1.7807688837545659
ai,66d26b17a28e77051a40fd99,11,car_racing_02,B,full,B,False,C,2,True,1,0,0,1.1885313962188795
ai,66d26b17a28e77051a40fd99,12,car_racing_03,B,full,B,True,B,2,True,1,1,1,-0.49082695884806904
ai,66d26b17a28e77051a40fd99,13,car_racing_05,A,full,A,True,A,2,True,1,1,1,0.5313911703231169
ai,66d26b17a28e77051a40fd99,14,graduation_party_01,B,full,B,True,B,2,True,1,1,1,-1.5130450880192552
ai,66d26b17a28e77051a40fd99,15,graduation_party_05,A,full,A,True,A,2,True,1,1,1,0.14197474016266495
ai,66d26b17a28e77051a40fd99,16,graduation_party_06,D,full,D,True,D,2,True,1,1,1,-0.3691343244229278
ai,66d26b17a28e77051a40fd99,17,graduation_party_07,D,full,D,False,B,2,True,1,0,0,0.7017608585183145
ai,5942d73df8bfc00001985c3c,6,ypc_02,A,full,A,False,D,1,True,1,0,0,-0.8072278083534364
ai,5942d73df8bfc00001985c3c,7,ypc_03,A,full,A,False,B,3,True,1,0,0,0.847792019828484
ai,5942d73df8bfc00001985c3c,8,ypc_05,D,full,D,False,A,1,True,1,0,0,0.3366829552428909
ai,5942d73df8bfc00001985c3c,9,ypc_06,B,full,B,False,A,1,True,1,0,0,1.2128699231039075
ai,5942d73df8bfc00001985c3c,10,car_racing_01,D,full,D,True,D,1,True,1,1,1,-1.7807688837545659
ai,5942d73df8bfc00001985c3c,11,car_racing_02,B,full,B,False,C,1,True,1,0,0,1.1885313962188795
ai,5942d73df8bfc00001985c3c,12,car_racing_03,D,full,D,False,B,2,True,1,0,0,-0.49082695884806904
ai,5942d73df8bfc00001985c3c,13,car_racing_05,A,full,A,True,A,1,True,1,1,1,0.5313911703231169
ai,5942d73df8bfc00001985c3c,14,graduation_party_01,B,full,B,True,B,1,True,1,1,1,-1.5130450880192552
ai,5942d73df8bfc00001985c3c,17,graduation_party_07,B,full,B,True,B,1,True,1,1,1,0.7017608585183145
ai,6a12f9ea10383337fb6d1e8d,11,car_racing_02,B,full,C,True,C,2,True,0,0,1,1.1885313962188795
ai,6a12ff970973e1f8a4525760,6,ypc_02,D,full,D,True,D,2,True,1,1,1,-0.8072278083534364
ai,6a12ff970973e1f8a4525760,7,ypc_03,D,full,D,False,B,2,True,1,0,0,0.847792019828484
ai,6a12ff970973e1f8a4525760,8,ypc_05,D,full,D,False,A,1,True,1,0,0,0.3366829552428909
ai,6a12ff970973e1f8a4525760,9,ypc_06,B,full,B,False,A,1,True,1,0,0,1.2128699231039075
ai,6a12ff970973e1f8a4525760,10,car_racing_01,D,full,D,True,D,1,True,1,1,1,-1.7807688837545659
ai,6a12ff970973e1f8a4525760,11,car_racing_02,C,full,A,False,C,1,True,0,1,0,1.1885313962188795
ai,6a12ff970973e1f8a4525760,12,car_racing_03,B,full,B,True,B,2,True,1,1,1,-0.49082695884806904
ai,6a12ff970973e1f8a4525760,13,car_racing_05,A,full,A,True,A,1,True,1,1,1,0.5313911703231169
ai,6a12ff970973e1f8a4525760,14,graduation_party_01,B,full,B,True,B,1,True,1,1,1,-1.5130450880192552
ai,6a12ff970973e1f8a4525760,15,graduation_party_05,D,full,D,False,A,1,True,1,0,0,0.14197474016266495
ai,6a12ff970973e1f8a4525760,16,graduation_party_06,D,full,D,True,D,1,True,1,1,1,-0.3691343244229278
ai,6a12ff970973e1f8a4525760,17,graduation_party_07,D,full,D,False,B,1,True,1,0,0,0.7017608585183145
ai,69fbb24e37c5184dceacd07a,6,ypc_02,B,full,B,False,D,1,True,1,0,0,-0.8072278083534364
ai,69fbb24e37c5184dceacd07a,7,ypc_03,C,full,C,False,B,2,True,1,0,0,0.847792019828484
ai,69fbb24e37c5184dceacd07a,8,ypc_05,D,full,D,False,A,1,True,1,0,0,0.3366829552428909
ai,69fbb24e37c5184dceacd07a,9,ypc_06,A,full,A,True,A,1,True,1,1,1,1.2128699231039075
ai,69fbb24e37c5184dceacd07a,10,car_racing_01,D,full,D,True,D,1,True,1,1,1,-1.7807688837545659
ai,69fbb24e37c5184dceacd07a,12,car_racing_03,D,full,D,False,B,2,True,1,0,0,-0.49082695884806904
ai,69fbb24e37c5184dceacd07a,13,car_racing_05,D,full,D,False,A,1,True,1,0,0,0.5313911703231169
ai,69fbb24e37c5184dceacd07a,14,graduation_party_01,B,full,B,True,B,1,True,1,1,1,-1.5130450880192552
ai,69fbb24e37c5184dceacd07a,15,graduation_party_05,A,full,A,True,A,1,True,1,1,1,0.14197474016266495
ai,69fbb24e37c5184dceacd07a,16,graduation_party_06,D,full,D,True,D,1,True,1,1,1,-0.3691343244229278
ai,69fbb24e37c5184dceacd07a,17,graduation_party_07,A,full,A,False,B,1,True,1,0,0,0.7017608585183145
ai,5a991dd86475f900019fe4b6,6,ypc_02,A,full,A,False,D,1,True,1,0,0,-0.8072278083534364
ai,5a991dd86475f900019fe4b6,7,ypc_03,A,full,A,False,B,2,True,1,0,0,0.847792019828484
ai,5a991dd86475f900019fe4b6,8,ypc_05,B,full,B,False,A,1,True,1,0,0,0.3366829552428909
ai,5a991dd86475f900019fe4b6,9,ypc_06,A,full,A,True,A,1,True,1,1,1,1.2128699231039075
ai,5a991dd86475f900019fe4b6,10,car_racing_01,D,full,D,True,D,1,True,1,1,1,-1.7807688837545659
ai,5a991dd86475f900019fe4b6,11,car_racing_02,D,full,D,False,C,2,True,1,0,0,1.1885313962188795
ai,5a991dd86475f900019fe4b6,12,car_racing_03,D,full,D,False,B,1,True,1,0,0,-0.49082695884806904
ai,5a991dd86475f900019fe4b6,14,graduation_party_01,C,full,C,False,B,1,True,1,0,0,-1.5130450880192552
ai,5a991dd86475f900019fe4b6,15,graduation_party_05,D,full,D,False,A,1,True,1,0,0,0.14197474016266495
ai,5a991dd86475f900019fe4b6,16,graduation_party_06,D,full,D,True,D,1,True,1,1,1,-0.3691343244229278
ai,5a991dd86475f900019fe4b6,17,graduation_party_07,A,full,A,False,B,1,True,1,0,0,0.7017608585183145
ai,676f730d7b956c6dc4eb2102,6,ypc_02,A,full,A,False,D,1,True,1,0,0,-0.8072278083534364
ai,676f730d7b956c6dc4eb2102,7,ypc_03,A,full,A,False,B,1,True,1,0,0,0.847792019828484
ai,676f730d7b956c6dc4eb2102,8,ypc_05,A,full,A,True,A,1,True,1,1,1,0.3366829552428909
ai,676f730d7b956c6dc4eb2102,9,ypc_06,B,full,B,False,A,1,True,1,0,0,1.2128699231039075
ai,676f730d7b956c6dc4eb2102,10,car_racing_01,D,full,D,True,D,1,True,1,1,1,-1.7807688837545659
ai,676f730d7b956c6dc4eb2102,11,car_racing_02,B,full,B,False,C,1,True,1,0,0,1.1885313962188795
ai,676f730d7b956c6dc4eb2102,12,car_racing_03,B,full,B,True,B,1,True,1,1,1,-0.49082695884806904
ai,676f730d7b956c6dc4eb2102,13,car_racing_05,D,full,D,False,A,1,True,1,0,0,0.5313911703231169
ai,676f730d7b956c6dc4eb2102,14,graduation_party_01,D,full,D,False,B,2,True,1,0,0,-1.5130450880192552
ai,676f730d7b956c6dc4eb2102,15,graduation_party_05,A,full,A,True,A,1,True,1,1,1,0.14197474016266495
ai,676f730d7b956c6dc4eb2102,16,graduation_party_06,D,full,D,True,D,1,True,1,1,1,-0.3691343244229278
ai,676f730d7b956c6dc4eb2102,17,graduation_party_07,A,full,A,False,B,1,True,1,0,0,0.7017608585183145
ai,69e69e80bc8af64a9f5e8f2b,6,ypc_02,D,full,D,True,D,2,True,1,1,1,-0.8072278083534364
ai,69e69e80bc8af64a9f5e8f2b,7,ypc_03,A,full,A,False,B,1,True,1,0,0,0.847792019828484
ai,69e69e80bc8af64a9f5e8f2b,8,ypc_05,A,full,A,True,A,1,True,1,1,1,0.3366829552428909
ai,69e69e80bc8af64a9f5e8f2b,9,ypc_06,A,full,A,True,A,1,True,1,1,1,1.2128699231039075
ai,69e69e80bc8af64a9f5e8f2b,10,car_racing_01,A,full,A,False,D,2,True,1,0,0,-1.7807688837545659
ai,69e69e80bc8af64a9f5e8f2b,11,car_racing_02,B,full,B,False,C,1,True,1,0,0,1.1885313962188795
ai,69e69e80bc8af64a9f5e8f2b,12,car_racing_03,B,full,B,True,B,2,True,1,1,1,-0.49082695884806904
ai,69e69e80bc8af64a9f5e8f2b,13,car_racing_05,A,full,A,True,A,2,True,1,1,1,0.5313911703231169
ai,69e69e80bc8af64a9f5e8f2b,14,graduation_party_01,B,full,B,True,B,2,True,1,1,1,-1.5130450880192552
ai,69e69e80bc8af64a9f5e8f2b,15,graduation_party_05,D,full,D,False,A,2,True,1,0,0,0.14197474016266495
ai,69e69e80bc8af64a9f5e8f2b,16,graduation_party_06,D,combined,D,True,D,2,True,1,1,1,-0.3691343244229278
ai,69e69e80bc8af64a9f5e8f2b,17,graduation_party_07,A,full,A,False,B,1,True,1,0,0,0.7017608585183145
ai,69f3476a557b6eb0c17cdfd3,6,ypc_02,A,full,A,False,D,1,True,1,0,0,-0.8072278083534364
ai,69f3476a557b6eb0c17cdfd3,7,ypc_03,C,full,C,False,B,1,True,1,0,0,0.847792019828484
ai,69f3476a557b6eb0c17cdfd3,8,ypc_05,D,full,D,False,A,3,True,1,0,0,0.3366829552428909
ai,69f3476a557b6eb0c17cdfd3,9,ypc_06,A,full,A,True,A,1,True,1,1,1,1.2128699231039075
ai,69f3476a557b6eb0c17cdfd3,10,car_racing_01,D,full,D,True,D,2,True,1,1,1,-1.7807688837545659
ai,69f3476a557b6eb0c17cdfd3,11,car_racing_02,B,full,B,False,C,1,True,1,0,0,1.1885313962188795
ai,69f3476a557b6eb0c17cdfd3,12,car_racing_03,B,full,B,True,B,1,True,1,1,1,-0.49082695884806904
ai,69f3476a557b6eb0c17cdfd3,13,car_racing_05,D,full,D,False,A,1,True,1,0,0,0.5313911703231169
ai,69f3476a557b6eb0c17cdfd3,14,graduation_party_01,B,full,B,True,B,1,True,1,1,1,-1.5130450880192552
ai,69f3476a557b6eb0c17cdfd3,15,graduation_party_05,D,full,D,False,A,1,True,1,0,0,0.14197474016266495
ai,69f3476a557b6eb0c17cdfd3,16,graduation_party_06,B,full,B,False,D,1,True,1,0,0,-0.3691343244229278
ai,69f3476a557b6eb0c17cdfd3,17,graduation_party_07,D,full,D,False,B,2,True,1,0,0,0.7017608585183145
ai,55f6be3a32af74000b17021c,6,ypc_02,C,full,C,False,D,1,True,1,0,0,-0.8072278083534364
ai,55f6be3a32af74000b17021c,7,ypc_03,C,full,C,False,B,1,True,1,0,0,0.847792019828484
ai,55f6be3a32af74000b17021c,8,ypc_05,A,full,A,True,A,1,True,1,1,1,0.3366829552428909
ai,55f6be3a32af74000b17021c,9,ypc_06,D,full,D,False,A,1,True,1,0,0,1.2128699231039075
ai,55f6be3a32af74000b17021c,10,car_racing_01,D,full,D,True,D,2,True,1,1,1,-1.7807688837545659
ai,55f6be3a32af74000b17021c,11,car_racing_02,B,full,B,False,C,1,True,1,0,0,1.1885313962188795
ai,55f6be3a32af74000b17021c,12,car_racing_03,D,full,D,False,B,1,True,1,0,0,-0.49082695884806904
ai,55f6be3a32af74000b17021c,13,car_racing_05,D,full,D,False,A,1,True,1,0,0,0.5313911703231169
ai,55f6be3a32af74000b17021c,14,graduation_party_01,B,full,B,True,B,1,True,1,1,1,-1.5130450880192552
ai,55f6be3a32af74000b17021c,15,graduation_party_05,A,full,A,True,A,1,True,1,1,1,0.14197474016266495
ai,55f6be3a32af74000b17021c,16,graduation_party_06,D,full,D,True,D,1,True,1,1,1,-0.3691343244229278
ai,55f6be3a32af74000b17021c,17,graduation_party_07,D,full,D,False,B,1,True,1,0,0,0.7017608585183145
ai,5e11ff6f814bba8816cca900,6,ypc_02,D,full,D,True,D,1,True,1,1,1,-0.8072278083534364
ai,5e11ff6f814bba8816cca900,7,ypc_03,A,full,A,False,B,1,True,1,0,0,0.847792019828484
ai,5e11ff6f814bba8816cca900,8,ypc_05,D,full,D,False,A,1,True,1,0,0,0.3366829552428909
ai,5e11ff6f814bba8816cca900,9,ypc_06,B,full,B,False,A,1,True,1,0,0,1.2128699231039075
ai,5e11ff6f814bba8816cca900,10,car_racing_01,D,full,D,True,D,1,True,1,1,1,-1.7807688837545659
ai,5e11ff6f814bba8816cca900,11,car_racing_02,D,full,D,False,C,1,True,1,0,0,1.1885313962188795
ai,5e11ff6f814bba8816cca900,12,car_racing_03,D,full,D,False,B,3,True,1,0,0,-0.49082695884806904
ai,5e11ff6f814bba8816cca900,13,car_racing_05,D,full,D,False,A,1,True,1,0,0,0.5313911703231169
ai,5e11ff6f814bba8816cca900,14,graduation_party_01,B,full,B,True,B,1,True,1,1,1,-1.5130450880192552
ai,5e11ff6f814bba8816cca900,15,graduation_party_05,A,full,A,True,A,1,True,1,1,1,0.14197474016266495
ai,5e11ff6f814bba8816cca900,16,graduation_party_06,D,full,D,True,D,1,True,1,1,1,-0.3691343244229278
ai,5e11ff6f814bba8816cca900,17,graduation_party_07,B,full,B,True,B,2,True,1,1,1,0.7017608585183145
ai,6a1ec8f64f05ec5575287664,6,ypc_02,D,full,D,True,D,2,True,1,1,1,-0.8072278083534364
ai,6a1ec8f64f05ec5575287664,7,ypc_03,A,combined,A,False,B,5,True,1,0,0,0.847792019828484
ai,6a1ec8f64f05ec5575287664,8,ypc_05,D,full,D,False,A,1,True,1,0,0,0.3366829552428909
ai,6a1ec8f64f05ec5575287664,9,ypc_06,B,combined,B,False,A,3,True,1,0,0,1.2128699231039075
ai,6a1ec8f64f05ec5575287664,10,car_racing_01,D,full,D,True,D,1,True,1,1,1,-1.7807688837545659
ai,6a1ec8f64f05ec5575287664,11,car_racing_02,C,full,C,True,C,1,True,1,1,1,1.1885313962188795
ai,6a1ec8f64f05ec5575287664,12,car_racing_03,B,full,B,True,B,4,True,1,1,1,-0.49082695884806904
ai,6a1ec8f64f05ec5575287664,13,car_racing_05,A,full,A,True,A,3,True,1,1,1,0.5313911703231169
ai,6a1ec8f64f05ec5575287664,14,graduation_party_01,B,full,B,True,B,1,True,1,1,1,-1.5130450880192552
ai,6a1ec8f64f05ec5575287664,16,graduation_party_06,B,full,D,True,D,1,True,0,0,1,-0.3691343244229278
ai,6a1ec8f64f05ec5575287664,17,graduation_party_07,D,full,A,False,B,15,True,0,0,0,0.7017608585183145
ai,6a19937f21bff5970fb45bf5,6,ypc_02,D,full,D,True,D,1,True,1,1,1,-0.8072278083534364
ai,6a19937f21bff5970fb45bf5,7,ypc_03,A,full,A,False,B,2,True,1,0,0,0.847792019828484
ai,6a19937f21bff5970fb45bf5,8,ypc_05,D,full,D,False,A,2,True,1,0,0,0.3366829552428909
ai,6a19937f21bff5970fb45bf5,9,ypc_06,C,full,C,False,A,1,True,1,0,0,1.2128699231039075
ai,6a19937f21bff5970fb45bf5,10,car_racing_01,A,full,A,False,D,1,True,1,0,0,-1.7807688837545659
ai,6a19937f21bff5970fb45bf5,11,car_racing_02,B,full,B,False,C,1,True,1,0,0,1.1885313962188795
ai,6a19937f21bff5970fb45bf5,12,car_racing_03,D,full,D,False,B,2,True,1,0,0,-0.49082695884806904
ai,6a19937f21bff5970fb45bf5,13,car_racing_05,C,full,C,False,A,1,True,1,0,0,0.5313911703231169
ai,6a19937f21bff5970fb45bf5,14,graduation_party_01,B,full,B,True,B,2,True,1,1,1,-1.5130450880192552
ai,6a19937f21bff5970fb45bf5,15,graduation_party_05,A,full,A,True,A,2,True,1,1,1,0.14197474016266495
ai,6a19937f21bff5970fb45bf5,16,graduation_party_06,B,full,B,False,D,1,True,1,0,0,-0.3691343244229278
ai,6a19937f21bff5970fb45bf5,17,graduation_party_07,D,full,D,False,B,1,True,1,0,0,0.7017608585183145
ai,66de0fe631ea4b3facbc2d37,6,ypc_02,A,full,A,False,D,1,True,1,0,0,-0.8072278083534364
ai,66de0fe631ea4b3facbc2d37,7,ypc_03,C,full,C,False,B,1,True,1,0,0,0.847792019828484
ai,66de0fe631ea4b3facbc2d37,8,ypc_05,D,full,D,False,A,1,True,1,0,0,0.3366829552428909
ai,66de0fe631ea4b3facbc2d37,9,ypc_06,C,full,C,False,A,2,True,1,0,0,1.2128699231039075
ai,66de0fe631ea4b3facbc2d37,10,car_racing_01,D,full,D,True,D,1,True,1,1,1,-1.7807688837545659
ai,66de0fe631ea4b3facbc2d37,11,car_racing_02,B,full,B,False,C,1,True,1,0,0,1.1885313962188795
ai,66de0fe631ea4b3facbc2d37,12,car_racing_03,B,full,B,True,B,1,True,1,1,1,-0.49082695884806904
ai,66de0fe631ea4b3facbc2d37,13,car_racing_05,D,full,D,False,A,1,True,1,0,0,0.5313911703231169
ai,66de0fe631ea4b3facbc2d37,14,graduation_party_01,B,full,B,True,B,1,True,1,1,1,-1.5130450880192552
ai,66de0fe631ea4b3facbc2d37,15,graduation_party_05,A,full,A,True,A,1,True,1,1,1,0.14197474016266495
ai,66de0fe631ea4b3facbc2d37,16,graduation_party_06,D,full,D,True,D,1,True,1,1,1,-0.3691343244229278
ai,66de0fe631ea4b3facbc2d37,17,graduation_party_07,B,full,B,True,B,1,True,1,1,1,0.7017608585183145
ai,6760595cc33a17ad769453b4,6,ypc_02,D,full,D,True,D,3,True,1,1,1,-0.8072278083534364
ai,6760595cc33a17ad769453b4,7,ypc_03,C,full,C,False,B,2,True,1,0,0,0.847792019828484
ai,6760595cc33a17ad769453b4,8,ypc_05,D,full,D,False,A,2,True,1,0,0,0.3366829552428909
ai,6760595cc33a17ad769453b4,9,ypc_06,D,full,D,False,A,3,True,1,0,0,1.2128699231039075
ai,6760595cc33a17ad769453b4,10,car_racing_01,D,full,D,True,D,1,True,1,1,1,-1.7807688837545659
ai,6760595cc33a17ad769453b4,11,car_racing_02,B,full,B,False,C,1,True,1,0,0,1.1885313962188795
ai,6760595cc33a17ad769453b4,12,car_racing_03,D,full,D,False,B,2,True,1,0,0,-0.49082695884806904
ai,6760595cc33a17ad769453b4,13,car_racing_05,D,full,D,False,A,2,True,1,0,0,0.5313911703231169
ai,6760595cc33a17ad769453b4,14,graduation_party_01,D,full,D,False,B,1,True,1,0,0,-1.5130450880192552
ai,6760595cc33a17ad769453b4,15,graduation_party_05,D,full,B,False,A,1,True,0,0,0,0.14197474016266495
ai,6760595cc33a17ad769453b4,16,graduation_party_06,B,full,B,False,D,3,True,1,0,0,-0.3691343244229278
ai,6760595cc33a17ad769453b4,17,graduation_party_07,B,full,B,True,B,1,True,1,1,1,0.7017608585183145
ai,6a22f3e9176d5e2456f908b0,6,ypc_02,D,full,D,True,D,2,True,1,1,1,-0.8072278083534364
ai,6a22f3e9176d5e2456f908b0,7,ypc_03,A,full,A,False,B,1,True,1,0,0,0.847792019828484
ai,6a22f3e9176d5e2456f908b0,8,ypc_05,D,full,D,False,A,3,True,1,0,0,0.3366829552428909
ai,6a22f3e9176d5e2456f908b0,9,ypc_06,D,full,D,False,A,1,True,1,0,0,1.2128699231039075
ai,6a22f3e9176d5e2456f908b0,10,car_racing_01,D,full,D,True,D,1,True,1,1,1,-1.7807688837545659
ai,6a22f3e9176d5e2456f908b0,11,car_racing_02,B,full,B,False,C,2,True,1,0,0,1.1885313962188795
ai,6a22f3e9176d5e2456f908b0,12,car_racing_03,B,full,B,True,B,2,True,1,1,1,-0.49082695884806904
ai,6a22f3e9176d5e2456f908b0,13,car_racing_05,D,full,D,False,A,2,True,1,0,0,0.5313911703231169
ai,6a22f3e9176d5e2456f908b0,14,graduation_party_01,B,full,B,True,B,1,True,1,1,1,-1.5130450880192552
ai,6a22f3e9176d5e2456f908b0,15,graduation_party_05,A,full,A,True,A,1,True,1,1,1,0.14197474016266495
ai,6a22f3e9176d5e2456f908b0,16,graduation_party_06,B,full,B,False,D,2,True,1,0,0,-0.3691343244229278
ai,6a22f3e9176d5e2456f908b0,17,graduation_party_07,D,full,A,False,B,3,True,0,0,0,0.7017608585183145
ai,6a218dae2f1b98857277d1de,6,ypc_02,D,full,D,True,D,1,True,1,1,1,-0.8072278083534364
ai,6a218dae2f1b98857277d1de,7,ypc_03,D,full,D,False,B,1,True,1,0,0,0.847792019828484
ai,6a218dae2f1b98857277d1de,8,ypc_05,B,full,B,False,A,1,True,1,0,0,0.3366829552428909
ai,6a218dae2f1b98857277d1de,9,ypc_06,D,full,D,False,A,1,True,1,0,0,1.2128699231039075
ai,6a218dae2f1b98857277d1de,10,car_racing_01,D,full,D,True,D,1,True,1,1,1,-1.7807688837545659
ai,6a218dae2f1b98857277d1de,11,car_racing_02,C,full,C,True,C,1,True,1,1,1,1.1885313962188795
ai,6a218dae2f1b98857277d1de,12,car_racing_03,D,full,D,False,B,1,True,1,0,0,-0.49082695884806904
ai,6a218dae2f1b98857277d1de,13,car_racing_05,A,full,A,True,A,1,True,1,1,1,0.5313911703231169
ai,6a218dae2f1b98857277d1de,14,graduation_party_01,B,full,B,True,B,1,True,1,1,1,-1.5130450880192552
ai,6a218dae2f1b98857277d1de,15,graduation_party_05,D,full,D,False,A,1,True,1,0,0,0.14197474016266495
ai,6a218dae2f1b98857277d1de,16,graduation_party_06,D,full,D,True,D,1,True,1,1,1,-0.3691343244229278
ai,6a218dae2f1b98857277d1de,17,graduation_party_07,D,full,D,False,B,1,True,1,0,0,0.7017608585183145
ai,6a1dae952d20ecda007b5877,6,ypc_02,A,full,A,False,D,1,True,1,0,0,-0.8072278083534364
ai,6a1dae952d20ecda007b5877,7,ypc_03,A,full,A,False,B,1,True,1,0,0,0.847792019828484
ai,6a1dae952d20ecda007b5877,8,ypc_05,D,full,D,False,A,1,True,1,0,0,0.3366829552428909
ai,6a1dae952d20ecda007b5877,9,ypc_06,B,full,B,False,A,1,True,1,0,0,1.2128699231039075
ai,6a1dae952d20ecda007b5877,10,car_racing_01,D,full,D,True,D,1,True,1,1,1,-1.7807688837545659
ai,6a1dae952d20ecda007b5877,11,car_racing_02,C,full,C,True,C,1,True,1,1,1,1.1885313962188795
ai,6a1dae952d20ecda007b5877,12,car_racing_03,C,full,C,False,B,1,True,1,0,0,-0.49082695884806904
ai,6a1dae952d20ecda007b5877,13,car_racing_05,C,full,C,False,A,2,True,1,0,0,0.5313911703231169
ai,6a1dae952d20ecda007b5877,14,graduation_party_01,B,full,B,True,B,1,True,1,1,1,-1.5130450880192552
ai,6a1dae952d20ecda007b5877,15,graduation_party_05,D,full,D,False,A,1,True,1,0,0,0.14197474016266495
ai,6a1dae952d20ecda007b5877,16,graduation_party_06,D,full,D,True,D,1,True,1,1,1,-0.3691343244229278
ai,6a1dae952d20ecda007b5877,17,graduation_party_07,B,full,B,True,B,1,True,1,1,1,0.7017608585183145
ai,60e48eec877235a629691790,6,ypc_02,A,full,A,False,D,1,True,1,0,0,-0.8072278083534364
ai,60e48eec877235a629691790,7,ypc_03,A,full,A,False,B,1,True,1,0,0,0.847792019828484
ai,60e48eec877235a629691790,8,ypc_05,D,full,D,False,A,1,True,1,0,0,0.3366829552428909
ai,60e48eec877235a629691790,9,ypc_06,B,full,B,False,A,1,True,1,0,0,1.2128699231039075
ai,60e48eec877235a629691790,10,car_racing_01,D,full,D,True,D,1,True,1,1,1,-1.7807688837545659
ai,60e48eec877235a629691790,11,car_racing_02,B,full,B,False,C,1,True,1,0,0,1.1885313962188795
ai,60e48eec877235a629691790,12,car_racing_03,B,full,B,True,B,1,True,1,1,1,-0.49082695884806904
ai,60e48eec877235a629691790,13,car_racing_05,A,full,A,True,A,1,True,1,1,1,0.5313911703231169
ai,60e48eec877235a629691790,14,graduation_party_01,C,full,C,False,B,2,True,1,0,0,-1.5130450880192552
ai,60e48eec877235a629691790,15,graduation_party_05,D,full,D,False,A,1,True,1,0,0,0.14197474016266495
ai,60e48eec877235a629691790,16,graduation_party_06,B,full,B,False,D,1,True,1,0,0,-0.3691343244229278
ai,60e48eec877235a629691790,17,graduation_party_07,D,full,D,False,B,2,True,1,0,0,0.7017608585183145
ai-reliability,69e91eb03d3b8e3a861ec30b,6,ypc_02,D,full,D,True,D,1,True,1,1,1,-0.8072278083534364
ai-reliability,69e91eb03d3b8e3a861ec30b,7,ypc_03,B,full,B,True,B,1,True,1,1,1,0.847792019828484
ai-reliability,69e91eb03d3b8e3a861ec30b,8,ypc_05,D,full,D,False,A,1,True,1,0,0,0.3366829552428909
ai-reliability,69e91eb03d3b8e3a861ec30b,9,ypc_06,C,full,C,False,A,1,True,1,0,0,1.2128699231039075
ai-reliability,69e91eb03d3b8e3a861ec30b,10,car_racing_01,D,full,D,True,D,1,True,1,1,1,-1.7807688837545659
ai-reliability,69e91eb03d3b8e3a861ec30b,11,car_racing_02,B,full,B,False,C,1,True,1,0,0,1.1885313962188795
ai-reliability,69e91eb03d3b8e3a861ec30b,12,car_racing_03,B,full,B,True,B,1,True,1,1,1,-0.49082695884806904
ai-reliability,69e91eb03d3b8e3a861ec30b,13,car_racing_05,C,full,A,True,A,1,True,0,0,1,0.5313911703231169
ai-reliability,69e91eb03d3b8e3a861ec30b,14,graduation_party_01,B,full,B,True,B,1,True,1,1,1,-1.5130450880192552
ai-reliability,69e91eb03d3b8e3a861ec30b,15,graduation_party_05,A,full,A,True,A,1,True,1,1,1,0.14197474016266495
ai-reliability,69e91eb03d3b8e3a861ec30b,16,graduation_party_06,D,full,D,True,D,1,True,1,1,1,-0.3691343244229278
ai-reliability,69e91eb03d3b8e3a861ec30b,17,graduation_party_07,B,full,B,True,B,1,True,1,1,1,0.7017608585183145
ai-reliability,6978d836ea6703b9dde8f92e,7,ypc_03,D,full,D,False,B,1,True,1,0,0,0.847792019828484
ai-reliability,6978d836ea6703b9dde8f92e,10,car_racing_01,D,full,D,True,D,1,True,1,1,1,-1.7807688837545659
ai-reliability,6978d836ea6703b9dde8f92e,12,car_racing_03,D,full,D,False,B,1,True,1,0,0,-0.49082695884806904
ai-reliability,6978d836ea6703b9dde8f92e,13,car_racing_05,C,full,A,True,A,1,True,0,0,1,0.5313911703231169
ai-reliability,6978d836ea6703b9dde8f92e,14,graduation_party_01,C,full,C,False,B,1,True,1,0,0,-1.5130450880192552
ai-reliability,6978d836ea6703b9dde8f92e,15,graduation_party_05,D,full,D,False,A,1,True,1,0,0,0.14197474016266495
ai-reliability,6978d836ea6703b9dde8f92e,16,graduation_party_06,B,full,B,False,D,1,True,1,0,0,-0.3691343244229278
ai-reliability,6978d836ea6703b9dde8f92e,17,graduation_party_07,B,full,B,True,B,1,True,1,1,1,0.7017608585183145
ai-reliability,6a00dc03128b71d40ab29141,6,ypc_02,D,full,D,True,D,1,True,1,1,1,-0.8072278083534364
ai-reliability,6a00dc03128b71d40ab29141,7,ypc_03,A,full,A,False,B,1,True,1,0,0,0.847792019828484
ai-reliability,6a00dc03128b71d40ab29141,8,ypc_05,A,full,A,True,A,1,True,1,1,1,0.3366829552428909
ai-reliability,6a00dc03128b71d40ab29141,9,ypc_06,C,full,C,False,A,2,True,1,0,0,1.2128699231039075
ai-reliability,6a00dc03128b71d40ab29141,10,car_racing_01,D,full,D,True,D,1,True,1,1,1,-1.7807688837545659
ai-reliability,6a00dc03128b71d40ab29141,11,car_racing_02,B,full,B,False,C,2,True,1,0,0,1.1885313962188795
ai-reliability,6a00dc03128b71d40ab29141,12,car_racing_03,D,full,D,False,B,1,True,1,0,0,-0.49082695884806904
ai-reliability,6a00dc03128b71d40ab29141,13,car_racing_05,D,full,D,False,A,1,True,1,0,0,0.5313911703231169
ai-reliability,6a00dc03128b71d40ab29141,14,graduation_party_01,B,full,B,True,B,1,True,1,1,1,-1.5130450880192552
ai-reliability,6a00dc03128b71d40ab29141,15,graduation_party_05,D,full,D,False,A,2,True,1,0,0,0.14197474016266495
ai-reliability,6a00dc03128b71d40ab29141,16,graduation_party_06,D,full,D,True,D,1,True,1,1,1,-0.3691343244229278
ai-reliability,6a00dc03128b71d40ab29141,17,graduation_party_07,D,full,D,False,B,1,True,1,0,0,0.7017608585183145
ai-reliability,6978df95c23f5064d0581f23,6,ypc_02,D,full,D,True,D,1,True,1,1,1,-0.8072278083534364
ai-reliability,6978df95c23f5064d0581f23,7,ypc_03,A,full,D,False,B,1,True,0,0,0,0.847792019828484
ai-reliability,6978df95c23f5064d0581f23,8,ypc_05,D,full,B,False,A,1,True,0,0,0,0.3366829552428909
ai-reliability,6978df95c23f5064d0581f23,9,ypc_06,C,full,C,False,A,1,True,1,0,0,1.2128699231039075
ai-reliability,6978df95c23f5064d0581f23,10,car_racing_01,A,full,D,True,D,1,True,0,0,1,-1.7807688837545659
ai-reliability,6978df95c23f5064d0581f23,11,car_racing_02,B,full,B,False,C,1,True,1,0,0,1.1885313962188795
ai-reliability,6978df95c23f5064d0581f23,12,car_racing_03,B,full,B,True,B,1,True,1,1,1,-0.49082695884806904
ai-reliability,6978df95c23f5064d0581f23,13,car_racing_05,C,full,A,True,A,1,True,0,0,1,0.5313911703231169
ai-reliability,6978df95c23f5064d0581f23,14,graduation_party_01,B,full,B,True,B,1,True,1,1,1,-1.5130450880192552
ai-reliability,6978df95c23f5064d0581f23,15,graduation_party_05,A,full,A,True,A,1,True,1,1,1,0.14197474016266495
ai-reliability,6978df95c23f5064d0581f23,16,graduation_party_06,D,full,B,False,D,1,True,0,1,0,-0.3691343244229278
ai-reliability,6978df95c23f5064d0581f23,17,graduation_party_07,D,full,B,True,B,1,True,0,0,1,0.7017608585183145
ai-reliability,6a0daf62ec01cd69c04d1da8,6,ypc_02,D,full,D,True,D,1,True,1,1,1,-0.8072278083534364
ai-reliability,6a0daf62ec01cd69c04d1da8,7,ypc_03,A,full,A,False,B,2,True,1,0,0,0.847792019828484
ai-reliability,6a0daf62ec01cd69c04d1da8,8,ypc_05,D,full,D,False,A,1,True,1,0,0,0.3366829552428909
ai-reliability,6a0daf62ec01cd69c04d1da8,9,ypc_06,A,full,A,True,A,1,True,1,1,1,1.2128699231039075
ai-reliability,6a0daf62ec01cd69c04d1da8,10,car_racing_01,A,full,A,False,D,1,True,1,0,0,-1.7807688837545659
ai-reliability,6a0daf62ec01cd69c04d1da8,11,car_racing_02,B,full,B,False,C,1,True,1,0,0,1.1885313962188795
ai-reliability,6a0daf62ec01cd69c04d1da8,12,car_racing_03,D,full,D,False,B,2,True,1,0,0,-0.49082695884806904
ai-reliability,6a0daf62ec01cd69c04d1da8,13,car_racing_05,C,full,B,False,A,1,True,0,0,0,0.5313911703231169
ai-reliability,6a0daf62ec01cd69c04d1da8,15,graduation_party_05,D,full,D,False,A,2,True,1,0,0,0.14197474016266495
ai-reliability,6a0daf62ec01cd69c04d1da8,16,graduation_party_06,A,full,A,False,D,1,True,1,0,0,-0.3691343244229278
ai-reliability,6a0daf62ec01cd69c04d1da8,17,graduation_party_07,D,full,D,False,B,1,True,1,0,0,0.7017608585183145
ai-reliability,5d68c8aa40524c00189e8ac2,6,ypc_02,A,full,D,True,D,1,True,0,0,1,-0.8072278083534364
ai-reliability,5d68c8aa40524c00189e8ac2,7,ypc_03,A,full,A,False,B,1,True,1,0,0,0.847792019828484
ai-reliability,5d68c8aa40524c00189e8ac2,8,ypc_05,A,full,A,True,A,1,True,1,1,1,0.3366829552428909
ai-reliability,5d68c8aa40524c00189e8ac2,10,car_racing_01,D,full,D,True,D,1,True,1,1,1,-1.7807688837545659
ai-reliability,5d68c8aa40524c00189e8ac2,11,car_racing_02,B,full,D,False,C,1,True,0,0,0,1.1885313962188795
ai-reliability,5d68c8aa40524c00189e8ac2,12,car_racing_03,B,full,B,True,B,1,True,1,1,1,-0.49082695884806904
ai-reliability,5d68c8aa40524c00189e8ac2,13,car_racing_05,A,full,A,True,A,1,True,1,1,1,0.5313911703231169
ai-reliability,5d68c8aa40524c00189e8ac2,14,graduation_party_01,C,full,C,False,B,1,True,1,0,0,-1.5130450880192552
ai-reliability,5d68c8aa40524c00189e8ac2,15,graduation_party_05,D,full,D,False,A,1,True,1,0,0,0.14197474016266495
ai-reliability,5d68c8aa40524c00189e8ac2,16,graduation_party_06,D,full,D,True,D,1,True,1,1,1,-0.3691343244229278
ai-reliability,5d68c8aa40524c00189e8ac2,17,graduation_party_07,D,full,D,False,B,1,True,1,0,0,0.7017608585183145
ai-reliability,6a0f3b12622c149244b455c6,6,ypc_02,D,full,D,True,D,1,True,1,1,1,-0.8072278083534364
ai-reliability,6a0f3b12622c149244b455c6,7,ypc_03,B,full,B,True,B,1,True,1,1,1,0.847792019828484
ai-reliability,6a0f3b12622c149244b455c6,8,ypc_05,D,full,D,False,A,2,True,1,0,0,0.3366829552428909
ai-reliability,6a0f3b12622c149244b455c6,9,ypc_06,C,full,C,False,A,1,True,1,0,0,1.2128699231039075
ai-reliability,6a0f3b12622c149244b455c6,10,car_racing_01,D,full,D,True,D,3,True,1,1,1,-1.7807688837545659
ai-reliability,6a0f3b12622c149244b455c6,11,car_racing_02,D,full,D,False,C,1,True,1,0,0,1.1885313962188795
ai-reliability,6a0f3b12622c149244b455c6,12,car_racing_03,B,full,B,True,B,1,True,1,1,1,-0.49082695884806904
ai-reliability,6a0f3b12622c149244b455c6,13,car_racing_05,C,full,C,False,A,1,True,1,0,0,0.5313911703231169
ai-reliability,6a0f3b12622c149244b455c6,14,graduation_party_01,B,full,B,True,B,3,True,1,1,1,-1.5130450880192552
ai-reliability,6a0f3b12622c149244b455c6,15,graduation_party_05,C,full,C,False,A,1,True,1,0,0,0.14197474016266495
ai-reliability,6a0f3b12622c149244b455c6,16,graduation_party_06,A,full,A,False,D,1,True,1,0,0,-0.3691343244229278
ai-reliability,6a0f3b12622c149244b455c6,17,graduation_party_07,B,full,A,False,B,2,True,0,1,0,0.7017608585183145
ai-reliability,59e7276d5de9b000017ed1c1,6,ypc_02,D,full,D,True,D,2,True,1,1,1,-0.8072278083534364
ai-reliability,59e7276d5de9b000017ed1c1,7,ypc_03,C,full,D,False,B,3,True,0,0,0,0.847792019828484
ai-reliability,59e7276d5de9b000017ed1c1,8,ypc_05,A,full,A,True,A,2,True,1,1,1,0.3366829552428909
ai-reliability,59e7276d5de9b000017ed1c1,9,ypc_06,B,full,B,False,A,1,True,1,0,0,1.2128699231039075
ai-reliability,59e7276d5de9b000017ed1c1,10,car_racing_01,A,full,A,False,D,2,True,1,0,0,-1.7807688837545659
ai-reliability,59e7276d5de9b000017ed1c1,11,car_racing_02,B,full,B,False,C,3,True,1,0,0,1.1885313962188795
ai-reliability,59e7276d5de9b000017ed1c1,12,car_racing_03,B,full,B,True,B,3,True,1,1,1,-0.49082695884806904
ai-reliability,59e7276d5de9b000017ed1c1,13,car_racing_05,D,full,D,False,A,5,True,1,0,0,0.5313911703231169
ai-reliability,59e7276d5de9b000017ed1c1,14,graduation_party_01,C,full,C,False,B,1,True,1,0,0,-1.5130450880192552
ai-reliability,59e7276d5de9b000017ed1c1,15,graduation_party_05,A,full,A,True,A,1,True,1,1,1,0.14197474016266495
ai-reliability,59e7276d5de9b000017ed1c1,16,graduation_party_06,A,full,A,False,D,2,True,1,0,0,-0.3691343244229278
ai-reliability,59e7276d5de9b000017ed1c1,17,graduation_party_07,B,full,B,True,B,1,True,1,1,1,0.7017608585183145
ai-reliability,6a197061d6e8373f3d65e81f,6,ypc_02,C,full,C,False,D,1,True,1,0,0,-0.8072278083534364
ai-reliability,6a197061d6e8373f3d65e81f,7,ypc_03,B,full,B,True,B,2,True,1,1,1,0.847792019828484
ai-reliability,6a197061d6e8373f3d65e81f,8,ypc_05,A,full,A,True,A,1,True,1,1,1,0.3366829552428909
ai-reliability,6a197061d6e8373f3d65e81f,9,ypc_06,D,combined,D,False,A,2,True,1,0,0,1.2128699231039075
ai-reliability,6a197061d6e8373f3d65e81f,10,car_racing_01,D,full,D,True,D,2,True,1,1,1,-1.7807688837545659
ai-reliability,6a197061d6e8373f3d65e81f,11,car_racing_02,B,full,B,False,C,1,True,1,0,0,1.1885313962188795
ai-reliability,6a197061d6e8373f3d65e81f,12,car_racing_03,D,full,D,False,B,1,True,1,0,0,-0.49082695884806904
ai-reliability,6a197061d6e8373f3d65e81f,13,car_racing_05,C,full,C,False,A,3,True,1,0,0,0.5313911703231169
ai-reliability,6a197061d6e8373f3d65e81f,14,graduation_party_01,B,combined,B,True,B,5,True,1,1,1,-1.5130450880192552
ai-reliability,6a197061d6e8373f3d65e81f,15,graduation_party_05,D,full,D,False,A,2,True,1,0,0,0.14197474016266495
ai-reliability,6a197061d6e8373f3d65e81f,16,graduation_party_06,D,full,D,True,D,1,True,1,1,1,-0.3691343244229278
ai-reliability,6a197061d6e8373f3d65e81f,17,graduation_party_07,D,full,D,False,B,1,True,1,0,0,0.7017608585183145
ai-reliability,69f783aafc8753bcdcde193d,6,ypc_02,D,full,D,True,D,1,True,1,1,1,-0.8072278083534364
ai-reliability,69f783aafc8753bcdcde193d,7,ypc_03,B,full,B,True,B,1,True,1,1,1,0.847792019828484
ai-reliability,69f783aafc8753bcdcde193d,8,ypc_05,D,full,D,False,A,1,True,1,0,0,0.3366829552428909
ai-reliability,69f783aafc8753bcdcde193d,9,ypc_06,B,full,B,False,A,1,True,1,0,0,1.2128699231039075
ai-reliability,69f783aafc8753bcdcde193d,10,car_racing_01,D,full,D,True,D,1,True,1,1,1,-1.7807688837545659
ai-reliability,69f783aafc8753bcdcde193d,11,car_racing_02,B,full,B,False,C,1,True,1,0,0,1.1885313962188795
ai-reliability,69f783aafc8753bcdcde193d,12,car_racing_03,D,full,D,False,B,1,True,1,0,0,-0.49082695884806904
ai-reliability,69f783aafc8753bcdcde193d,13,car_racing_05,C,full,C,False,A,1,True,1,0,0,0.5313911703231169
ai-reliability,69f783aafc8753bcdcde193d,14,graduation_party_01,C,full,C,False,B,1,True,1,0,0,-1.5130450880192552
ai-reliability,69f783aafc8753bcdcde193d,15,graduation_party_05,A,full,A,True,A,1,True,1,1,1,0.14197474016266495
ai-reliability,69f783aafc8753bcdcde193d,16,graduation_party_06,D,full,D,True,D,1,True,1,1,1,-0.3691343244229278
ai-reliability,69f783aafc8753bcdcde193d,17,graduation_party_07,A,full,A,False,B,1,True,1,0,0,0.7017608585183145
ai-reliability,67d80b3db0cac8b1bd982fb2,6,ypc_02,C,full,C,False,D,1,True,1,0,0,-0.8072278083534364
ai-reliability,67d80b3db0cac8b1bd982fb2,7,ypc_03,C,full,C,False,B,1,True,1,0,0,0.847792019828484
ai-reliability,67d80b3db0cac8b1bd982fb2,8,ypc_05,D,full,D,False,A,1,True,1,0,0,0.3366829552428909
ai-reliability,67d80b3db0cac8b1bd982fb2,9,ypc_06,C,full,C,False,A,1,True,1,0,0,1.2128699231039075
ai-reliability,67d80b3db0cac8b1bd982fb2,10,car_racing_01,A,full,A,False,D,1,True,1,0,0,-1.7807688837545659
ai-reliability,67d80b3db0cac8b1bd982fb2,11,car_racing_02,B,full,B,False,C,1,True,1,0,0,1.1885313962188795
ai-reliability,67d80b3db0cac8b1bd982fb2,12,car_racing_03,D,full,D,False,B,1,True,1,0,0,-0.49082695884806904
ai-reliability,67d80b3db0cac8b1bd982fb2,13,car_racing_05,C,full,C,False,A,1,True,1,0,0,0.5313911703231169
ai-reliability,67d80b3db0cac8b1bd982fb2,14,graduation_party_01,B,full,B,True,B,1,True,1,1,1,-1.5130450880192552
ai-reliability,67d80b3db0cac8b1bd982fb2,15,graduation_party_05,D,full,D,False,A,1,True,1,0,0,0.14197474016266495
ai-reliability,67d80b3db0cac8b1bd982fb2,16,graduation_party_06,B,full,B,False,D,1,True,1,0,0,-0.3691343244229278
ai-reliability,67d80b3db0cac8b1bd982fb2,17,graduation_party_07,B,full,B,True,B,1,True,1,1,1,0.7017608585183145
ai-reliability,6a1133732417b2fc2a138870,6,ypc_02,B,full,B,False,D,1,True,1,0,0,-0.8072278083534364
ai-reliability,6a1133732417b2fc2a138870,7,ypc_03,A,full,A,False,B,1,True,1,0,0,0.847792019828484
ai-reliability,6a1133732417b2fc2a138870,8,ypc_05,D,full,D,False,A,1,True,1,0,0,0.3366829552428909
ai-reliability,6a1133732417b2fc2a138870,9,ypc_06,C,full,C,False,A,1,True,1,0,0,1.2128699231039075
ai-reliability,6a1133732417b2fc2a138870,10,car_racing_01,D,full,D,True,D,1,True,1,1,1,-1.7807688837545659
ai-reliability,6a1133732417b2fc2a138870,11,car_racing_02,B,full,B,False,C,1,True,1,0,0,1.1885313962188795
ai-reliability,6a1133732417b2fc2a138870,12,car_racing_03,D,full,D,False,B,1,True,1,0,0,-0.49082695884806904
ai-reliability,6a1133732417b2fc2a138870,13,car_racing_05,C,full,C,False,A,1,True,1,0,0,0.5313911703231169
ai-reliability,6a1133732417b2fc2a138870,14,graduation_party_01,B,full,B,True,B,1,True,1,1,1,-1.5130450880192552
ai-reliability,6a1133732417b2fc2a138870,15,graduation_party_05,A,full,A,True,A,1,True,1,1,1,0.14197474016266495
ai-reliability,6a1133732417b2fc2a138870,16,graduation_party_06,D,full,D,True,D,1,True,1,1,1,-0.3691343244229278
ai-reliability,6a1133732417b2fc2a138870,17,graduation_party_07,A,full,A,False,B,1,True,1,0,0,0.7017608585183145
ai-reliability,69fdef338f87c1f1bf52ec2d,6,ypc_02,D,combined,D,True,D,2,True,1,1,1,-0.8072278083534364
ai-reliability,69fdef338f87c1f1bf52ec2d,8,ypc_05,B,combined,B,False,A,2,True,1,0,0,0.3366829552428909
ai-reliability,69fdef338f87c1f1bf52ec2d,9,ypc_06,B,full,B,False,A,2,True,1,0,0,1.2128699231039075
ai-reliability,69fdef338f87c1f1bf52ec2d,14,graduation_party_01,C,full,C,False,B,1,True,1,0,0,-1.5130450880192552
ai-reliability,69fdef338f87c1f1bf52ec2d,15,graduation_party_05,D,full,D,False,A,2,True,1,0,0,0.14197474016266495
ai-reliability,69fdef338f87c1f1bf52ec2d,16,graduation_party_06,D,full,C,False,D,1,True,0,1,0,-0.3691343244229278
ai-reliability,69fdef338f87c1f1bf52ec2d,17,graduation_party_07,D,full,D,False,B,1,True,1,0,0,0.7017608585183145
ai-reliability,6a14ed94ddfccd8c074e9f98,6,ypc_02,D,full,D,True,D,1,True,1,1,1,-0.8072278083534364
ai-reliability,6a14ed94ddfccd8c074e9f98,7,ypc_03,A,full,A,False,B,2,True,1,0,0,0.847792019828484
ai-reliability,6a14ed94ddfccd8c074e9f98,8,ypc_05,B,full,B,False,A,1,True,1,0,0,0.3366829552428909
ai-reliability,6a14ed94ddfccd8c074e9f98,9,ypc_06,D,full,D,False,A,2,True,1,0,0,1.2128699231039075
ai-reliability,6a14ed94ddfccd8c074e9f98,10,car_racing_01,D,full,D,True,D,2,True,1,1,1,-1.7807688837545659
ai-reliability,6a14ed94ddfccd8c074e9f98,11,car_racing_02,B,full,B,False,C,1,True,1,0,0,1.1885313962188795
ai-reliability,6a14ed94ddfccd8c074e9f98,12,car_racing_03,D,full,D,False,B,2,True,1,0,0,-0.49082695884806904
ai-reliability,6a14ed94ddfccd8c074e9f98,13,car_racing_05,C,full,C,False,A,5,True,1,0,0,0.5313911703231169
ai-reliability,6a14ed94ddfccd8c074e9f98,14,graduation_party_01,C,full,C,False,B,2,True,1,0,0,-1.5130450880192552
ai-reliability,6a14ed94ddfccd8c074e9f98,15,graduation_party_05,D,full,D,False,A,1,True,1,0,0,0.14197474016266495
ai-reliability,6a14ed94ddfccd8c074e9f98,16,graduation_party_06,A,combined,A,False,D,5,True,1,0,0,-0.3691343244229278
ai-reliability,6a14ed94ddfccd8c074e9f98,17,graduation_party_07,D,full,D,False,B,1,True,1,0,0,0.7017608585183145
ai-reliability,69f20160e7342e6f292d61ba,6,ypc_02,D,full,C,False,D,1,True,0,1,0,-0.8072278083534364
ai-reliability,69f20160e7342e6f292d61ba,7,ypc_03,C,full,B,True,B,1,True,0,0,1,0.847792019828484
ai-reliability,69f20160e7342e6f292d61ba,8,ypc_05,A,full,A,True,A,1,True,1,1,1,0.3366829552428909
ai-reliability,69f20160e7342e6f292d61ba,9,ypc_06,B,full,B,False,A,2,True,1,0,0,1.2128699231039075
ai-reliability,69f20160e7342e6f292d61ba,10,car_racing_01,D,full,D,True,D,3,True,1,1,1,-1.7807688837545659
ai-reliability,69f20160e7342e6f292d61ba,11,car_racing_02,B,full,C,True,C,1,True,0,0,1,1.1885313962188795
ai-reliability,69f20160e7342e6f292d61ba,12,car_racing_03,D,full,D,False,B,1,True,1,0,0,-0.49082695884806904
ai-reliability,69f20160e7342e6f292d61ba,13,car_racing_05,C,full,B,False,A,1,True,0,0,0,0.5313911703231169
ai-reliability,69f20160e7342e6f292d61ba,14,graduation_party_01,B,full,C,False,B,1,True,0,1,0,-1.5130450880192552
ai-reliability,69f20160e7342e6f292d61ba,15,graduation_party_05,A,full,A,True,A,1,True,1,1,1,0.14197474016266495
ai-reliability,69f20160e7342e6f292d61ba,16,graduation_party_06,D,full,D,True,D,1,True,1,1,1,-0.3691343244229278
ai-reliability,69f20160e7342e6f292d61ba,17,graduation_party_07,C,full,C,False,B,3,True,1,0,0,0.7017608585183145
ai-reliability,6a19abd9f379edc1b66ac895,6,ypc_02,D,full,D,True,D,1,True,1,1,1,-0.8072278083534364
ai-reliability,6a19abd9f379edc1b66ac895,7,ypc_03,B,full,D,False,B,1,True,0,1,0,0.847792019828484
ai-reliability,6a19abd9f379edc1b66ac895,8,ypc_05,A,full,A,True,A,1,True,1,1,1,0.3366829552428909
ai-reliability,6a19abd9f379edc1b66ac895,9,ypc_06,B,full,B,False,A,1,True,1,0,0,1.2128699231039075
ai-reliability,6a19abd9f379edc1b66ac895,10,car_racing_01,D,full,D,True,D,1,True,1,1,1,-1.7807688837545659
ai-reliability,6a19abd9f379edc1b66ac895,11,car_racing_02,C,full,B,False,C,2,True,0,1,0,1.1885313962188795
ai-reliability,6a19abd9f379edc1b66ac895,12,car_racing_03,B,full,D,False,B,1,True,0,1,0,-0.49082695884806904
ai-reliability,6a19abd9f379edc1b66ac895,13,car_racing_05,A,full,A,True,A,1,True,1,1,1,0.5313911703231169
ai-reliability,6a19abd9f379edc1b66ac895,14,graduation_party_01,B,full,B,True,B,2,True,1,1,1,-1.5130450880192552
ai-reliability,6a19abd9f379edc1b66ac895,15,graduation_party_05,D,full,C,False,A,1,True,0,0,0,0.14197474016266495
ai-reliability,6a19abd9f379edc1b66ac895,16,graduation_party_06,D,full,D,True,D,1,True,1,1,1,-0.3691343244229278
ai-reliability,6a19abd9f379edc1b66ac895,17,graduation_party_07,D,full,A,False,B,1,True,0,0,0,0.7017608585183145
ai-reliability,60dca45abca3eb229bafdedf,6,ypc_02,D,full,D,True,D,1,True,1,1,1,-0.8072278083534364
ai-reliability,60dca45abca3eb229bafdedf,7,ypc_03,D,full,D,False,B,1,True,1,0,0,0.847792019828484
ai-reliability,60dca45abca3eb229bafdedf,8,ypc_05,D,full,D,False,A,1,True,1,0,0,0.3366829552428909
ai-reliability,60dca45abca3eb229bafdedf,9,ypc_06,C,full,C,False,A,1,True,1,0,0,1.2128699231039075
ai-reliability,60dca45abca3eb229bafdedf,10,car_racing_01,D,full,D,True,D,1,True,1,1,1,-1.7807688837545659
ai-reliability,60dca45abca3eb229bafdedf,11,car_racing_02,B,full,B,False,C,1,True,1,0,0,1.1885313962188795
ai-reliability,60dca45abca3eb229bafdedf,12,car_racing_03,B,full,B,True,B,1,True,1,1,1,-0.49082695884806904
ai-reliability,60dca45abca3eb229bafdedf,13,car_racing_05,D,full,D,False,A,1,True,1,0,0,0.5313911703231169
ai-reliability,60dca45abca3eb229bafdedf,14,graduation_party_01,C,full,D,False,B,1,True,0,0,0,-1.5130450880192552
ai-reliability,60dca45abca3eb229bafdedf,15,graduation_party_05,D,full,B,False,A,1,True,0,0,0,0.14197474016266495
ai-reliability,60dca45abca3eb229bafdedf,16,graduation_party_06,D,full,D,True,D,1,True,1,1,1,-0.3691343244229278
ai-reliability,60dca45abca3eb229bafdedf,17,graduation_party_07,D,full,D,False,B,1,True,1,0,0,0.7017608585183145
ai-reliability,667178d77f8b6ed980c256ff,6,ypc_02,D,full,D,True,D,1,True,1,1,1,-0.8072278083534364
ai-reliability,667178d77f8b6ed980c256ff,7,ypc_03,B,full,B,True,B,1,True,1,1,1,0.847792019828484
ai-reliability,667178d77f8b6ed980c256ff,8,ypc_05,D,full,D,False,A,2,True,1,0,0,0.3366829552428909
ai-reliability,667178d77f8b6ed980c256ff,9,ypc_06,A,full,A,True,A,4,True,1,1,1,1.2128699231039075
ai-reliability,667178d77f8b6ed980c256ff,10,car_racing_01,D,full,D,True,D,1,True,1,1,1,-1.7807688837545659
ai-reliability,667178d77f8b6ed980c256ff,11,car_racing_02,B,full,B,False,C,1,True,1,0,0,1.1885313962188795
ai-reliability,667178d77f8b6ed980c256ff,12,car_racing_03,D,full,D,False,B,1,True,1,0,0,-0.49082695884806904
ai-reliability,667178d77f8b6ed980c256ff,13,car_racing_05,D,full,D,False,A,4,True,1,0,0,0.5313911703231169
ai-reliability,667178d77f8b6ed980c256ff,14,graduation_party_01,B,full,B,True,B,3,True,1,1,1,-1.5130450880192552
ai-reliability,667178d77f8b6ed980c256ff,15,graduation_party_05,D,full,D,False,A,1,True,1,0,0,0.14197474016266495
ai-reliability,667178d77f8b6ed980c256ff,16,graduation_party_06,D,full,D,True,D,1,True,1,1,1,-0.3691343244229278
ai-reliability,667178d77f8b6ed980c256ff,17,graduation_party_07,A,full,A,False,B,1,True,1,0,0,0.7017608585183145
ai-reliability,59dbb88b0fb3a90001bd90b0,6,ypc_02,D,combined,D,True,D,2,True,1,1,1,-0.8072278083534364
ai-reliability,59dbb88b0fb3a90001bd90b0,7,ypc_03,A,full,A,False,B,1,True,1,0,0,0.847792019828484
ai-reliability,59dbb88b0fb3a90001bd90b0,8,ypc_05,C,full,C,False,A,2,True,1,0,0,0.3366829552428909
ai-reliability,59dbb88b0fb3a90001bd90b0,10,car_racing_01,D,full,D,True,D,2,True,1,1,1,-1.7807688837545659
ai-reliability,59dbb88b0fb3a90001bd90b0,11,car_racing_02,C,full,C,True,C,2,True,1,1,1,1.1885313962188795
ai-reliability,59dbb88b0fb3a90001bd90b0,12,car_racing_03,B,full,B,True,B,1,True,1,1,1,-0.49082695884806904
ai-reliability,59dbb88b0fb3a90001bd90b0,13,car_racing_05,C,full,C,False,A,1,True,1,0,0,0.5313911703231169
ai-reliability,59dbb88b0fb3a90001bd90b0,14,graduation_party_01,B,combined,B,True,B,2,True,1,1,1,-1.5130450880192552
ai-reliability,59dbb88b0fb3a90001bd90b0,15,graduation_party_05,A,full,A,True,A,3,True,1,1,1,0.14197474016266495
ai-reliability,59dbb88b0fb3a90001bd90b0,16,graduation_party_06,D,full,D,True,D,1,True,1,1,1,-0.3691343244229278
ai-reliability,59dbb88b0fb3a90001bd90b0,17,graduation_party_07,D,full,D,False,B,1,True,1,0,0,0.7017608585183145
ai-reliability,69f1d42295e8a37f889c52dd,7,ypc_03,C,full,C,False,B,1,True,1,0,0,0.847792019828484
ai-reliability,69f1d42295e8a37f889c52dd,10,car_racing_01,D,full,D,True,D,3,True,1,1,1,-1.7807688837545659
ai-reliability,69f1d42295e8a37f889c52dd,11,car_racing_02,C,full,D,False,C,1,True,0,1,0,1.1885313962188795
ai-reliability,69f1d42295e8a37f889c52dd,12,car_racing_03,B,full,B,True,B,1,True,1,1,1,-0.49082695884806904
ai-reliability,69f1d42295e8a37f889c52dd,13,car_racing_05,D,full,D,False,A,4,True,1,0,0,0.5313911703231169
ai-reliability,69f1d42295e8a37f889c52dd,14,graduation_party_01,B,full,B,True,B,1,True,1,1,1,-1.5130450880192552
ai-reliability,69f1d42295e8a37f889c52dd,15,graduation_party_05,A,full,A,True,A,3,True,1,1,1,0.14197474016266495
ai-reliability,69f1d42295e8a37f889c52dd,16,graduation_party_06,B,full,B,False,D,1,True,1,0,0,-0.3691343244229278
ai-reliability,69f1d42295e8a37f889c52dd,17,graduation_party_07,D,full,D,False,B,2,True,1,0,0,0.7017608585183145
ai-reliability,6a03866a5ae4e72614dba225,6,ypc_02,D,full,D,True,D,3,True,1,1,1,-0.8072278083534364
ai-reliability,6a03866a5ae4e72614dba225,7,ypc_03,D,full,D,False,B,1,True,1,0,0,0.847792019828484
ai-reliability,6a03866a5ae4e72614dba225,8,ypc_05,D,full,D,False,A,1,True,1,0,0,0.3366829552428909
ai-reliability,6a03866a5ae4e72614dba225,9,ypc_06,B,full,B,False,A,1,True,1,0,0,1.2128699231039075
ai-reliability,6a03866a5ae4e72614dba225,10,car_racing_01,D,full,D,True,D,1,True,1,1,1,-1.7807688837545659
ai-reliability,6a03866a5ae4e72614dba225,11,car_racing_02,B,full,B,False,C,1,True,1,0,0,1.1885313962188795
ai-reliability,6a03866a5ae4e72614dba225,12,car_racing_03,D,full,D,False,B,3,True,1,0,0,-0.49082695884806904
ai-reliability,6a03866a5ae4e72614dba225,13,car_racing_05,C,full,C,False,A,1,True,1,0,0,0.5313911703231169
ai-reliability,6a03866a5ae4e72614dba225,14,graduation_party_01,B,full,B,True,B,2,True,1,1,1,-1.5130450880192552
ai-reliability,6a03866a5ae4e72614dba225,15,graduation_party_05,D,full,D,False,A,3,True,1,0,0,0.14197474016266495
ai-reliability,6a03866a5ae4e72614dba225,16,graduation_party_06,B,full,B,False,D,1,True,1,0,0,-0.3691343244229278
ai-reliability,6a03866a5ae4e72614dba225,17,graduation_party_07,D,full,D,False,B,1,True,1,0,0,0.7017608585183145
ai-reliability,671d39090c9e2ad9ec75a03c,6,ypc_02,A,full,A,False,D,2,True,1,0,0,-0.8072278083534364
ai-reliability,671d39090c9e2ad9ec75a03c,7,ypc_03,C,full,C,False,B,2,True,1,0,0,0.847792019828484
ai-reliability,671d39090c9e2ad9ec75a03c,8,ypc_05,D,full,D,False,A,3,True,1,0,0,0.3366829552428909
ai-reliability,671d39090c9e2ad9ec75a03c,9,ypc_06,C,full,C,False,A,2,True,1,0,0,1.2128699231039075
ai-reliability,671d39090c9e2ad9ec75a03c,10,car_racing_01,D,full,D,True,D,2,True,1,1,1,-1.7807688837545659
ai-reliability,671d39090c9e2ad9ec75a03c,11,car_racing_02,C,full,D,False,C,2,True,0,1,0,1.1885313962188795
ai-reliability,671d39090c9e2ad9ec75a03c,12,car_racing_03,B,full,B,True,B,2,True,1,1,1,-0.49082695884806904
ai-reliability,671d39090c9e2ad9ec75a03c,13,car_racing_05,A,full,A,True,A,3,True,1,1,1,0.5313911703231169
ai-reliability,671d39090c9e2ad9ec75a03c,14,graduation_party_01,B,full,B,True,B,1,True,1,1,1,-1.5130450880192552
ai-reliability,671d39090c9e2ad9ec75a03c,15,graduation_party_05,A,full,A,True,A,2,True,1,1,1,0.14197474016266495
ai-reliability,671d39090c9e2ad9ec75a03c,16,graduation_party_06,C,full,C,False,D,4,True,1,0,0,-0.3691343244229278
ai-reliability,671d39090c9e2ad9ec75a03c,17,graduation_party_07,D,full,D,False,B,1,True,1,0,0,0.7017608585183145
ai-reliability,696c14c4c7de2d012b0911cb,6,ypc_02,D,full,D,True,D,1,True,1,1,1,-0.8072278083534364
ai-reliability,696c14c4c7de2d012b0911cb,7,ypc_03,C,full,B,True,B,1,True,0,0,1,0.847792019828484
ai-reliability,696c14c4c7de2d012b0911cb,8,ypc_05,D,full,B,False,A,1,True,0,0,0,0.3366829552428909
ai-reliability,696c14c4c7de2d012b0911cb,9,ypc_06,C,full,C,False,A,1,True,1,0,0,1.2128699231039075
ai-reliability,696c14c4c7de2d012b0911cb,10,car_racing_01,A,full,B,False,D,1,True,0,0,0,-1.7807688837545659
ai-reliability,696c14c4c7de2d012b0911cb,11,car_racing_02,C,full,D,False,C,1,True,0,1,0,1.1885313962188795
ai-reliability,696c14c4c7de2d012b0911cb,12,car_racing_03,B,full,B,True,B,1,True,1,1,1,-0.49082695884806904
ai-reliability,696c14c4c7de2d012b0911cb,13,car_racing_05,A,full,A,True,A,1,True,1,1,1,0.5313911703231169
ai-reliability,696c14c4c7de2d012b0911cb,14,graduation_party_01,D,full,D,False,B,2,True,1,0,0,-1.5130450880192552
ai-reliability,696c14c4c7de2d012b0911cb,15,graduation_party_05,D,full,B,False,A,1,True,0,0,0,0.14197474016266495
ai-reliability,696c14c4c7de2d012b0911cb,16,graduation_party_06,D,full,D,True,D,1,True,1,1,1,-0.3691343244229278
ai-reliability,696c14c4c7de2d012b0911cb,17,graduation_party_07,B,full,B,True,B,1,True,1,1,1,0.7017608585183145
ai-reliability,6a0c18983b81664b14057d67,6,ypc_02,D,full,D,True,D,2,True,1,1,1,-0.8072278083534364
ai-reliability,6a0c18983b81664b14057d67,7,ypc_03,C,full,B,True,B,1,True,0,0,1,0.847792019828484
ai-reliability,6a0c18983b81664b14057d67,8,ypc_05,D,full,D,False,A,2,True,1,0,0,0.3366829552428909
ai-reliability,6a0c18983b81664b14057d67,9,ypc_06,C,full,C,False,A,1,True,1,0,0,1.2128699231039075
ai-reliability,6a0c18983b81664b14057d67,10,car_racing_01,D,full,D,True,D,1,True,1,1,1,-1.7807688837545659
ai-reliability,6a0c18983b81664b14057d67,11,car_racing_02,B,full,B,False,C,1,True,1,0,0,1.1885313962188795
ai-reliability,6a0c18983b81664b14057d67,12,car_racing_03,D,full,A,False,B,1,True,0,0,0,-0.49082695884806904
ai-reliability,6a0c18983b81664b14057d67,14,graduation_party_01,D,full,D,False,B,1,True,1,0,0,-1.5130450880192552
ai-reliability,6a0c18983b81664b14057d67,15,graduation_party_05,A,full,A,True,A,1,True,1,1,1,0.14197474016266495
ai-reliability,6a0c18983b81664b14057d67,16,graduation_party_06,D,full,C,False,D,1,True,0,1,0,-0.3691343244229278
ai-reliability,6a0c18983b81664b14057d67,17,graduation_party_07,D,full,D,False,B,2,True,1,0,0,0.7017608585183145
ai-reliability,6a142dc26ed32d4a9430fab8,8,ypc_05,D,combined,D,False,A,2,True,1,0,0,0.3366829552428909
ai-reliability,60f716c8e672d09c3ba24006,6,ypc_02,D,full,D,True,D,1,True,1,1,1,-0.8072278083534364
ai-reliability,60f716c8e672d09c3ba24006,7,ypc_03,A,full,A,False,B,1,True,1,0,0,0.847792019828484
ai-reliability,60f716c8e672d09c3ba24006,8,ypc_05,D,full,D,False,A,1,True,1,0,0,0.3366829552428909
ai-reliability,60f716c8e672d09c3ba24006,9,ypc_06,C,full,C,False,A,1,True,1,0,0,1.2128699231039075
ai-reliability,60f716c8e672d09c3ba24006,10,car_racing_01,A,full,A,False,D,1,True,1,0,0,-1.7807688837545659
ai-reliability,60f716c8e672d09c3ba24006,12,car_racing_03,D,full,D,False,B,1,True,1,0,0,-0.49082695884806904
ai-reliability,60f716c8e672d09c3ba24006,13,car_racing_05,A,full,A,True,A,1,True,1,1,1,0.5313911703231169
ai-reliability,60f716c8e672d09c3ba24006,14,graduation_party_01,B,full,B,True,B,1,True,1,1,1,-1.5130450880192552
ai-reliability,60f716c8e672d09c3ba24006,15,graduation_party_05,A,full,A,True,A,1,True,1,1,1,0.14197474016266495
ai-reliability,60f716c8e672d09c3ba24006,16,graduation_party_06,D,full,D,True,D,1,True,1,1,1,-0.3691343244229278
ai-reliability,60f716c8e672d09c3ba24006,17,graduation_party_07,D,full,D,False,B,1,True,1,0,0,0.7017608585183145
ai-reliability,6a0adda4ab63b9293ca9d4ab,6,ypc_02,D,full,D,True,D,1,True,1,1,1,-0.8072278083534364
ai-reliability,6a0adda4ab63b9293ca9d4ab,7,ypc_03,C,full,C,False,B,3,True,1,0,0,0.847792019828484
ai-reliability,6a0adda4ab63b9293ca9d4ab,8,ypc_05,D,full,D,False,A,2,True,1,0,0,0.3366829552428909
ai-reliability,6a0adda4ab63b9293ca9d4ab,9,ypc_06,A,full,A,True,A,1,True,1,1,1,1.2128699231039075
ai-reliability,6a0adda4ab63b9293ca9d4ab,10,car_racing_01,A,full,A,False,D,1,True,1,0,0,-1.7807688837545659
ai-reliability,6a0adda4ab63b9293ca9d4ab,11,car_racing_02,B,full,B,False,C,3,True,1,0,0,1.1885313962188795
ai-reliability,6a0adda4ab63b9293ca9d4ab,12,car_racing_03,B,full,B,True,B,1,True,1,1,1,-0.49082695884806904
ai-reliability,6a0adda4ab63b9293ca9d4ab,13,car_racing_05,D,full,D,False,A,1,True,1,0,0,0.5313911703231169
ai-reliability,6a0adda4ab63b9293ca9d4ab,14,graduation_party_01,B,full,B,True,B,1,True,1,1,1,-1.5130450880192552
ai-reliability,6a0adda4ab63b9293ca9d4ab,15,graduation_party_05,D,full,D,False,A,1,True,1,0,0,0.14197474016266495
ai-reliability,6a0adda4ab63b9293ca9d4ab,16,graduation_party_06,D,full,D,True,D,1,True,1,1,1,-0.3691343244229278
ai-reliability,6a25abc2ee592e874458786b,6,ypc_02,D,full,D,True,D,2,True,1,1,1,-0.8072278083534364
ai-reliability,6a25abc2ee592e874458786b,7,ypc_03,B,full,B,True,B,2,True,1,1,1,0.847792019828484
ai-reliability,6a25abc2ee592e874458786b,8,ypc_05,A,full,A,True,A,3,True,1,1,1,0.3366829552428909
ai-reliability,6a25abc2ee592e874458786b,9,ypc_06,B,full,B,False,A,2,True,1,0,0,1.2128699231039075
ai-reliability,6a25abc2ee592e874458786b,13,car_racing_05,D,full,D,False,A,10,True,1,0,0,0.5313911703231169
ai-reliability,6a25abc2ee592e874458786b,14,graduation_party_01,B,full,B,True,B,1,True,1,1,1,-1.5130450880192552
ai-reliability,6a25abc2ee592e874458786b,15,graduation_party_05,A,full,A,True,A,5,True,1,1,1,0.14197474016266495
ai-reliability,6a25abc2ee592e874458786b,16,graduation_party_06,D,full,D,True,D,2,True,1,1,1,-0.3691343244229278
ai-reliability,6a25abc2ee592e874458786b,17,graduation_party_07,D,full,D,False,B,1,True,1,0,0,0.7017608585183145
ai-reliability,69ea08bd7a900ff4a9b6f7c2,6,ypc_02,A,full,A,False,D,1,True,1,0,0,-0.8072278083534364
ai-reliability,69ea08bd7a900ff4a9b6f7c2,7,ypc_03,A,full,A,False,B,4,True,1,0,0,0.847792019828484
ai-reliability,69ea08bd7a900ff4a9b6f7c2,8,ypc_05,A,full,D,False,A,3,True,0,1,0,0.3366829552428909
ai-reliability,69ea08bd7a900ff4a9b6f7c2,9,ypc_06,A,full,A,True,A,1,True,1,1,1,1.2128699231039075
ai-reliability,69ea08bd7a900ff4a9b6f7c2,10,car_racing_01,D,full,D,True,D,1,True,1,1,1,-1.7807688837545659
ai-reliability,69ea08bd7a900ff4a9b6f7c2,16,graduation_party_06,A,full,A,False,D,1,True,1,0,0,-0.3691343244229278
ai-reliability,69ea08bd7a900ff4a9b6f7c2,17,graduation_party_07,A,full,A,False,B,1,True,1,0,0,0.7017608585183145
ai-reliability,5ede66237578b70c1548f73e,6,ypc_02,D,full,D,True,D,1,True,1,1,1,-0.8072278083534364
ai-reliability,5ede66237578b70c1548f73e,7,ypc_03,C,full,C,False,B,2,True,1,0,0,0.847792019828484
ai-reliability,5ede66237578b70c1548f73e,8,ypc_05,A,full,A,True,A,1,True,1,1,1,0.3366829552428909
ai-reliability,5ede66237578b70c1548f73e,9,ypc_06,D,full,D,False,A,1,True,1,0,0,1.2128699231039075
ai-reliability,5ede66237578b70c1548f73e,10,car_racing_01,A,full,A,False,D,2,True,1,0,0,-1.7807688837545659
ai-reliability,5ede66237578b70c1548f73e,11,car_racing_02,B,full,B,False,C,1,True,1,0,0,1.1885313962188795
ai-reliability,5ede66237578b70c1548f73e,12,car_racing_03,D,full,D,False,B,1,True,1,0,0,-0.49082695884806904
ai-reliability,5ede66237578b70c1548f73e,14,graduation_party_01,B,full,B,True,B,1,True,1,1,1,-1.5130450880192552
ai-reliability,5ede66237578b70c1548f73e,15,graduation_party_05,A,full,A,True,A,1,True,1,1,1,0.14197474016266495
ai-reliability,5ede66237578b70c1548f73e,16,graduation_party_06,B,full,B,False,D,1,True,1,0,0,-0.3691343244229278
ai-reliability,5ede66237578b70c1548f73e,17,graduation_party_07,D,full,D,False,B,1,True,1,0,0,0.7017608585183145
ai-reliability,6a1eccd60ae50d68ab01c141,6,ypc_02,C,full,B,False,D,2,True,0,0,0,-0.8072278083534364
ai-reliability,6a1eccd60ae50d68ab01c141,7,ypc_03,C,full,C,False,B,1,True,1,0,0,0.847792019828484
ai-reliability,6a1eccd60ae50d68ab01c141,8,ypc_05,A,full,A,True,A,1,True,1,1,1,0.3366829552428909
ai-reliability,6a1eccd60ae50d68ab01c141,9,ypc_06,A,full,A,True,A,1,True,1,1,1,1.2128699231039075
ai-reliability,6a1eccd60ae50d68ab01c141,10,car_racing_01,A,full,A,False,D,2,True,1,0,0,-1.7807688837545659
ai-reliability,6a1eccd60ae50d68ab01c141,11,car_racing_02,A,full,A,False,C,1,True,1,0,0,1.1885313962188795
ai-reliability,6a1eccd60ae50d68ab01c141,12,car_racing_03,C,full,D,False,B,1,True,0,0,0,-0.49082695884806904
ai-reliability,6a1eccd60ae50d68ab01c141,13,car_racing_05,B,full,B,False,A,1,True,1,0,0,0.5313911703231169
ai-reliability,6a1eccd60ae50d68ab01c141,14,graduation_party_01,A,full,A,False,B,1,True,1,0,0,-1.5130450880192552
ai-reliability,6a1eccd60ae50d68ab01c141,15,graduation_party_05,A,full,A,True,A,1,True,1,1,1,0.14197474016266495
ai-reliability,6a1eccd60ae50d68ab01c141,16,graduation_party_06,A,full,A,False,D,1,True,1,0,0,-0.3691343244229278
ai-reliability,6a1eccd60ae50d68ab01c141,17,graduation_party_07,A,full,A,False,B,1,True,1,0,0,0.7017608585183145
ai-reliability,6a246d7667cc4c295e3135fc,6,ypc_02,D,full,D,True,D,1,True,1,1,1,-0.8072278083534364
ai-reliability,6a246d7667cc4c295e3135fc,7,ypc_03,D,full,D,False,B,1,True,1,0,0,0.847792019828484
ai-reliability,6a246d7667cc4c295e3135fc,8,ypc_05,A,full,A,True,A,1,True,1,1,1,0.3366829552428909
ai-reliability,6a246d7667cc4c295e3135fc,9,ypc_06,C,full,C,False,A,1,True,1,0,0,1.2128699231039075
ai-reliability,6a246d7667cc4c295e3135fc,10,car_racing_01,D,full,D,True,D,3,True,1,1,1,-1.7807688837545659
ai-reliability,6a246d7667cc4c295e3135fc,11,car_racing_02,D,full,D,False,C,1,True,1,0,0,1.1885313962188795
ai-reliability,6a246d7667cc4c295e3135fc,12,car_racing_03,B,full,B,True,B,1,True,1,1,1,-0.49082695884806904
ai-reliability,6a246d7667cc4c295e3135fc,13,car_racing_05,A,full,A,True,A,1,True,1,1,1,0.5313911703231169
ai-reliability,6a246d7667cc4c295e3135fc,14,graduation_party_01,B,full,A,False,B,2,True,0,1,0,-1.5130450880192552
ai-reliability,6a246d7667cc4c295e3135fc,15,graduation_party_05,D,full,D,False,A,1,True,1,0,0,0.14197474016266495
ai-reliability,6a246d7667cc4c295e3135fc,16,graduation_party_06,A,full,A,False,D,1,True,1,0,0,-0.3691343244229278
ai-reliability,6a246d7667cc4c295e3135fc,17,graduation_party_07,C,full,C,False,B,1,True,1,0,0,0.7017608585183145
ai-reliability,56896501d3d6a7000ca23da8,6,ypc_02,D,combined,A,False,D,3,True,0,1,0,-0.8072278083534364
ai-reliability,56896501d3d6a7000ca23da8,7,ypc_03,A,combined,D,False,B,2,True,0,0,0,0.847792019828484
ai-reliability,56896501d3d6a7000ca23da8,8,ypc_05,D,combined,D,False,A,2,True,1,0,0,0.3366829552428909
ai-reliability,56896501d3d6a7000ca23da8,9,ypc_06,C,combined,C,False,A,3,True,1,0,0,1.2128699231039075
ai-reliability,56896501d3d6a7000ca23da8,10,car_racing_01,D,full,D,True,D,2,True,1,1,1,-1.7807688837545659
ai-reliability,56896501d3d6a7000ca23da8,11,car_racing_02,A,full,A,False,C,1,True,1,0,0,1.1885313962188795
ai-reliability,56896501d3d6a7000ca23da8,12,car_racing_03,B,full,A,False,B,1,True,0,1,0,-0.49082695884806904
ai-reliability,56896501d3d6a7000ca23da8,13,car_racing_05,D,full,D,False,A,1,True,1,0,0,0.5313911703231169
ai-reliability,56896501d3d6a7000ca23da8,14,graduation_party_01,C,full,C,False,B,1,True,1,0,0,-1.5130450880192552
ai-reliability,56896501d3d6a7000ca23da8,15,graduation_party_05,D,combined,D,False,A,3,True,1,0,0,0.14197474016266495
ai-reliability,56896501d3d6a7000ca23da8,16,graduation_party_06,D,full,D,True,D,1,True,1,1,1,-0.3691343244229278
ai-reliability,56896501d3d6a7000ca23da8,17,graduation_party_07,D,full,D,False,B,1,True,1,0,0,0.7017608585183145
ai-reliability,69f6a9b7a7b418e1549df619,6,ypc_02,D,full,D,True,D,4,True,1,1,1,-0.8072278083534364
ai-reliability,69f6a9b7a7b418e1549df619,7,ypc_03,D,full,D,False,B,1,True,1,0,0,0.847792019828484
ai-reliability,69f6a9b7a7b418e1549df619,8,ypc_05,D,full,D,False,A,1,True,1,0,0,0.3366829552428909
ai-reliability,69f6a9b7a7b418e1549df619,9,ypc_06,B,combined,B,False,A,2,True,1,0,0,1.2128699231039075
ai-reliability,69f6a9b7a7b418e1549df619,10,car_racing_01,D,full,D,True,D,1,True,1,1,1,-1.7807688837545659
ai-reliability,69f6a9b7a7b418e1549df619,11,car_racing_02,B,full,B,False,C,2,True,1,0,0,1.1885313962188795
ai-reliability,69f6a9b7a7b418e1549df619,12,car_racing_03,D,full,D,False,B,2,True,1,0,0,-0.49082695884806904
ai-reliability,69f6a9b7a7b418e1549df619,13,car_racing_05,D,full,D,False,A,3,True,1,0,0,0.5313911703231169
ai-reliability,69f6a9b7a7b418e1549df619,14,graduation_party_01,B,full,B,True,B,1,True,1,1,1,-1.5130450880192552
ai-reliability,69f6a9b7a7b418e1549df619,15,graduation_party_05,D,full,D,False,A,1,True,1,0,0,0.14197474016266495
ai-reliability,69f6a9b7a7b418e1549df619,16,graduation_party_06,D,full,D,True,D,3,True,1,1,1,-0.3691343244229278
ai-reliability,69f6a9b7a7b418e1549df619,17,graduation_party_07,D,full,A,False,B,1,True,0,0,0,0.7017608585183145
ai-reliability,6a0b23f183c91f11588f9713,6,ypc_02,D,full,D,True,D,1,True,1,1,1,-0.8072278083534364
ai-reliability,6a0b23f183c91f11588f9713,7,ypc_03,B,full,B,True,B,1,True,1,1,1,0.847792019828484
ai-reliability,6a0b23f183c91f11588f9713,8,ypc_05,D,full,D,False,A,2,True,1,0,0,0.3366829552428909
ai-reliability,6a0b23f183c91f11588f9713,9,ypc_06,B,full,B,False,A,1,True,1,0,0,1.2128699231039075
ai-reliability,6a0b23f183c91f11588f9713,10,car_racing_01,D,full,D,True,D,1,True,1,1,1,-1.7807688837545659
ai-reliability,6a0b23f183c91f11588f9713,11,car_racing_02,B,full,B,False,C,1,True,1,0,0,1.1885313962188795
ai-reliability,6a0b23f183c91f11588f9713,12,car_racing_03,B,full,B,True,B,2,True,1,1,1,-0.49082695884806904
ai-reliability,6a0b23f183c91f11588f9713,13,car_racing_05,A,full,A,True,A,1,True,1,1,1,0.5313911703231169
ai-reliability,6a0b23f183c91f11588f9713,14,graduation_party_01,B,full,B,True,B,1,True,1,1,1,-1.5130450880192552
ai-reliability,6a0b23f183c91f11588f9713,15,graduation_party_05,D,full,D,False,A,1,True,1,0,0,0.14197474016266495
ai-reliability,6a0b23f183c91f11588f9713,16,graduation_party_06,D,full,D,True,D,1,True,1,1,1,-0.3691343244229278
ai-reliability,6a0b23f183c91f11588f9713,17,graduation_party_07,B,full,B,True,B,1,True,1,1,1,0.7017608585183145
ai-reliability,6a04cb3402503b68cf6c8128,6,ypc_02,D,full,D,True,D,3,True,1,1,1,-0.8072278083534364
ai-reliability,6a04cb3402503b68cf6c8128,7,ypc_03,A,full,D,False,B,1,True,0,0,0,0.847792019828484
ai-reliability,6a04cb3402503b68cf6c8128,10,car_racing_01,D,full,D,True,D,2,True,1,1,1,-1.7807688837545659
ai-reliability,6a04cb3402503b68cf6c8128,11,car_racing_02,C,full,B,False,C,2,True,0,1,0,1.1885313962188795
ai-reliability,6a04cb3402503b68cf6c8128,12,car_racing_03,D,full,D,False,B,5,True,1,0,0,-0.49082695884806904
ai-reliability,6a04cb3402503b68cf6c8128,13,car_racing_05,D,full,D,False,A,1,True,1,0,0,0.5313911703231169
ai-reliability,6a04cb3402503b68cf6c8128,15,graduation_party_05,D,full,D,False,A,4,True,1,0,0,0.14197474016266495
ai-reliability,6a04cb3402503b68cf6c8128,16,graduation_party_06,D,full,D,True,D,4,True,1,1,1,-0.3691343244229278
ai-reliability,6a04cb3402503b68cf6c8128,17,graduation_party_07,D,full,D,False,B,2,True,1,0,0,0.7017608585183145
ai-reliability,6a158948095b952dff4cf19a,6,ypc_02,B,full,D,True,D,1,True,0,0,1,-0.8072278083534364
ai-reliability,6a158948095b952dff4cf19a,7,ypc_03,B,full,D,False,B,1,True,0,1,0,0.847792019828484
ai-reliability,6a158948095b952dff4cf19a,8,ypc_05,B,full,D,False,A,1,True,0,0,0,0.3366829552428909
ai-reliability,6a158948095b952dff4cf19a,9,ypc_06,C,full,D,False,A,1,True,0,0,0,1.2128699231039075
ai-reliability,6a158948095b952dff4cf19a,13,car_racing_05,C,full,D,False,A,1,True,0,0,0,0.5313911703231169
ai-reliability,6a158948095b952dff4cf19a,14,graduation_party_01,B,full,D,False,B,1,True,0,1,0,-1.5130450880192552
ai-reliability,6a158948095b952dff4cf19a,15,graduation_party_05,D,full,D,False,A,2,True,1,0,0,0.14197474016266495
ai-reliability,6a158948095b952dff4cf19a,16,graduation_party_06,D,full,D,True,D,2,True,1,1,1,-0.3691343244229278
ai-reliability,5eb9da8201c8981162b0cb03,6,ypc_02,D,full,D,True,D,1,True,1,1,1,-0.8072278083534364
ai-reliability,5eb9da8201c8981162b0cb03,7,ypc_03,B,full,B,True,B,1,True,1,1,1,0.847792019828484
ai-reliability,5eb9da8201c8981162b0cb03,8,ypc_05,D,full,D,False,A,1,True,1,0,0,0.3366829552428909
ai-reliability,5eb9da8201c8981162b0cb03,9,ypc_06,B,full,B,False,A,1,True,1,0,0,1.2128699231039075
ai-reliability,5eb9da8201c8981162b0cb03,10,car_racing_01,D,full,D,True,D,1,True,1,1,1,-1.7807688837545659
ai-reliability,5eb9da8201c8981162b0cb03,11,car_racing_02,B,full,B,False,C,1,True,1,0,0,1.1885313962188795
ai-reliability,5eb9da8201c8981162b0cb03,12,car_racing_03,D,full,D,False,B,1,True,1,0,0,-0.49082695884806904
ai-reliability,5eb9da8201c8981162b0cb03,13,car_racing_05,D,full,D,False,A,1,True,1,0,0,0.5313911703231169
ai-reliability,5eb9da8201c8981162b0cb03,14,graduation_party_01,B,full,B,True,B,1,True,1,1,1,-1.5130450880192552
ai-reliability,5eb9da8201c8981162b0cb03,15,graduation_party_05,A,full,A,True,A,1,True,1,1,1,0.14197474016266495
ai-reliability,5eb9da8201c8981162b0cb03,16,graduation_party_06,D,full,D,True,D,1,True,1,1,1,-0.3691343244229278
ai-reliability,5eb9da8201c8981162b0cb03,17,graduation_party_07,A,full,A,False,B,1,True,1,0,0,0.7017608585183145
ai-reliability,6a018269dce40eb22c0b9026,6,ypc_02,A,full,A,False,D,1,True,1,0,0,-0.8072278083534364
ai-reliability,6a018269dce40eb22c0b9026,7,ypc_03,D,full,D,False,B,1,True,1,0,0,0.847792019828484
ai-reliability,6a018269dce40eb22c0b9026,8,ypc_05,A,full,A,True,A,1,True,1,1,1,0.3366829552428909
ai-reliability,6a018269dce40eb22c0b9026,9,ypc_06,C,full,C,False,A,1,True,1,0,0,1.2128699231039075
ai-reliability,6a018269dce40eb22c0b9026,10,car_racing_01,C,full,D,True,D,1,True,0,0,1,-1.7807688837545659
ai-reliability,6a018269dce40eb22c0b9026,11,car_racing_02,B,full,B,False,C,1,True,1,0,0,1.1885313962188795
ai-reliability,6a018269dce40eb22c0b9026,12,car_racing_03,D,full,A,False,B,1,True,0,0,0,-0.49082695884806904
ai-reliability,6a018269dce40eb22c0b9026,13,car_racing_05,A,full,A,True,A,1,True,1,1,1,0.5313911703231169
ai-reliability,6a018269dce40eb22c0b9026,14,graduation_party_01,C,full,C,False,B,1,True,1,0,0,-1.5130450880192552
ai-reliability,6a018269dce40eb22c0b9026,15,graduation_party_05,A,full,A,True,A,1,True,1,1,1,0.14197474016266495
ai-reliability,6a018269dce40eb22c0b9026,16,graduation_party_06,D,full,D,True,D,1,True,1,1,1,-0.3691343244229278
ai-reliability,6a018269dce40eb22c0b9026,17,graduation_party_07,C,full,C,False,B,1,True,1,0,0,0.7017608585183145
ai-reliability,672380a64e984ba03695602f,6,ypc_02,D,full,D,True,D,1,True,1,1,1,-0.8072278083534364
ai-reliability,672380a64e984ba03695602f,7,ypc_03,B,full,B,True,B,1,True,1,1,1,0.847792019828484
ai-reliability,672380a64e984ba03695602f,8,ypc_05,D,full,D,False,A,1,True,1,0,0,0.3366829552428909
ai-reliability,672380a64e984ba03695602f,9,ypc_06,C,full,C,False,A,1,True,1,0,0,1.2128699231039075
ai-reliability,672380a64e984ba03695602f,11,car_racing_02,B,full,B,False,C,1,True,1,0,0,1.1885313962188795
ai-reliability,672380a64e984ba03695602f,12,car_racing_03,B,full,B,True,B,1,True,1,1,1,-0.49082695884806904
ai-reliability,672380a64e984ba03695602f,13,car_racing_05,A,full,C,False,A,1,True,0,1,0,0.5313911703231169
ai-reliability,672380a64e984ba03695602f,14,graduation_party_01,B,full,B,True,B,1,True,1,1,1,-1.5130450880192552
ai-reliability,672380a64e984ba03695602f,15,graduation_party_05,D,full,D,False,A,1,True,1,0,0,0.14197474016266495
ai-reliability,672380a64e984ba03695602f,16,graduation_party_06,B,full,B,False,D,1,True,1,0,0,-0.3691343244229278
ai-reliability,672380a64e984ba03695602f,17,graduation_party_07,B,full,B,True,B,1,True,1,1,1,0.7017608585183145
ai-reliability,6a18b6036aa5ef9ebce73f63,6,ypc_02,D,full,D,True,D,1,True,1,1,1,-0.8072278083534364
ai-reliability,6a18b6036aa5ef9ebce73f63,7,ypc_03,C,full,C,False,B,3,True,1,0,0,0.847792019828484
ai-reliability,6a18b6036aa5ef9ebce73f63,8,ypc_05,A,full,A,True,A,2,True,1,1,1,0.3366829552428909
ai-reliability,6a18b6036aa5ef9ebce73f63,9,ypc_06,C,full,C,False,A,2,True,1,0,0,1.2128699231039075
ai-reliability,6a18b6036aa5ef9ebce73f63,10,car_racing_01,D,full,D,True,D,3,True,1,1,1,-1.7807688837545659
ai-reliability,6a18b6036aa5ef9ebce73f63,11,car_racing_02,C,full,C,True,C,1,True,1,1,1,1.1885313962188795
ai-reliability,6a18b6036aa5ef9ebce73f63,13,car_racing_05,D,full,C,False,A,3,True,0,0,0,0.5313911703231169
ai-reliability,6a18b6036aa5ef9ebce73f63,14,graduation_party_01,B,full,B,True,B,1,True,1,1,1,-1.5130450880192552
ai-reliability,6a18b6036aa5ef9ebce73f63,15,graduation_party_05,A,full,A,True,A,1,True,1,1,1,0.14197474016266495
ai-reliability,6a18b6036aa5ef9ebce73f63,16,graduation_party_06,A,full,A,False,D,1,True,1,0,0,-0.3691343244229278
ai-reliability,6a18b6036aa5ef9ebce73f63,17,graduation_party_07,C,full,B,True,B,3,True,0,0,1,0.7017608585183145
ai-reliability,5d352f8bb02857001963539a,6,ypc_02,D,full,D,True,D,1,True,1,1,1,-0.8072278083534364
ai-reliability,5d352f8bb02857001963539a,7,ypc_03,D,full,D,False,B,1,True,1,0,0,0.847792019828484
ai-reliability,5d352f8bb02857001963539a,8,ypc_05,D,full,D,False,A,1,True,1,0,0,0.3366829552428909
ai-reliability,5d352f8bb02857001963539a,9,ypc_06,D,full,D,False,A,2,True,1,0,0,1.2128699231039075
ai-reliability,5d352f8bb02857001963539a,10,car_racing_01,D,full,D,True,D,1,True,1,1,1,-1.7807688837545659
ai-reliability,5d352f8bb02857001963539a,11,car_racing_02,B,full,B,False,C,1,True,1,0,0,1.1885313962188795
ai-reliability,5d352f8bb02857001963539a,12,car_racing_03,B,full,B,True,B,1,True,1,1,1,-0.49082695884806904
ai-reliability,5d352f8bb02857001963539a,13,car_racing_05,B,full,B,False,A,1,True,1,0,0,0.5313911703231169
ai-reliability,5d352f8bb02857001963539a,14,graduation_party_01,C,full,C,False,B,1,True,1,0,0,-1.5130450880192552
ai-reliability,5d352f8bb02857001963539a,15,graduation_party_05,A,full,A,True,A,2,True,1,1,1,0.14197474016266495
ai-reliability,5d352f8bb02857001963539a,17,graduation_party_07,A,full,A,False,B,1,True,1,0,0,0.7017608585183145
ai-reliability,69fdced3c093b1d6f1b3b2d2,7,ypc_03,B,full,B,True,B,1,True,1,1,1,0.847792019828484
ai-reliability,69fdced3c093b1d6f1b3b2d2,8,ypc_05,C,full,C,False,A,1,True,1,0,0,0.3366829552428909
ai-reliability,69fdced3c093b1d6f1b3b2d2,9,ypc_06,C,full,C,False,A,1,True,1,0,0,1.2128699231039075
ai-reliability,69fdced3c093b1d6f1b3b2d2,12,car_racing_03,B,full,B,True,B,2,True,1,1,1,-0.49082695884806904
ai-reliability,69fdced3c093b1d6f1b3b2d2,13,car_racing_05,A,full,A,True,A,1,True,1,1,1,0.5313911703231169
ai-reliability,69fdced3c093b1d6f1b3b2d2,14,graduation_party_01,C,full,C,False,B,1,True,1,0,0,-1.5130450880192552
ai-reliability,69fdced3c093b1d6f1b3b2d2,15,graduation_party_05,C,full,C,False,A,1,True,1,0,0,0.14197474016266495
ai-reliability,69fdced3c093b1d6f1b3b2d2,16,graduation_party_06,A,full,A,False,D,1,True,1,0,0,-0.3691343244229278
ai-reliability,69fdced3c093b1d6f1b3b2d2,17,graduation_party_07,B,full,A,False,B,1,True,0,1,0,0.7017608585183145
ai-reliability,69ebd19b31c8e6f5e203c471,6,ypc_02,A,full,A,False,D,1,True,1,0,0,-0.8072278083534364
ai-reliability,69ebd19b31c8e6f5e203c471,7,ypc_03,C,full,C,False,B,1,True,1,0,0,0.847792019828484
ai-reliability,69ebd19b31c8e6f5e203c471,8,ypc_05,D,full,D,False,A,2,True,1,0,0,0.3366829552428909
ai-reliability,69ebd19b31c8e6f5e203c471,9,ypc_06,B,full,B,False,A,2,True,1,0,0,1.2128699231039075
ai-reliability,69ebd19b31c8e6f5e203c471,10,car_racing_01,D,full,D,True,D,3,True,1,1,1,-1.7807688837545659
ai-reliability,69ebd19b31c8e6f5e203c471,11,car_racing_02,C,full,C,True,C,1,True,1,1,1,1.1885313962188795
ai-reliability,69ebd19b31c8e6f5e203c471,12,car_racing_03,D,full,D,False,B,1,True,1,0,0,-0.49082695884806904
ai-reliability,69ebd19b31c8e6f5e203c471,13,car_racing_05,D,full,D,False,A,1,True,1,0,0,0.5313911703231169
ai-reliability,69ebd19b31c8e6f5e203c471,14,graduation_party_01,B,full,B,True,B,1,True,1,1,1,-1.5130450880192552
ai-reliability,69ebd19b31c8e6f5e203c471,15,graduation_party_05,A,full,A,True,A,1,True,1,1,1,0.14197474016266495
ai-reliability,69ebd19b31c8e6f5e203c471,16,graduation_party_06,A,full,A,False,D,1,True,1,0,0,-0.3691343244229278
ai-reliability,69ebd19b31c8e6f5e203c471,17,graduation_party_07,C,full,C,False,B,1,True,1,0,0,0.7017608585183145
ai-reliability,6501c0a2e788b5556c24569d,6,ypc_02,D,full,D,True,D,2,True,1,1,1,-0.8072278083534364
ai-reliability,6501c0a2e788b5556c24569d,7,ypc_03,D,full,D,False,B,1,True,1,0,0,0.847792019828484
ai-reliability,6501c0a2e788b5556c24569d,8,ypc_05,A,full,A,True,A,1,True,1,1,1,0.3366829552428909
ai-reliability,6501c0a2e788b5556c24569d,9,ypc_06,B,full,B,False,A,1,True,1,0,0,1.2128699231039075
ai-reliability,6501c0a2e788b5556c24569d,10,car_racing_01,D,full,D,True,D,1,True,1,1,1,-1.7807688837545659
ai-reliability,6501c0a2e788b5556c24569d,11,car_racing_02,B,full,B,False,C,1,True,1,0,0,1.1885313962188795
ai-reliability,6501c0a2e788b5556c24569d,12,car_racing_03,B,full,B,True,B,1,True,1,1,1,-0.49082695884806904
ai-reliability,6501c0a2e788b5556c24569d,13,car_racing_05,C,full,C,False,A,1,True,1,0,0,0.5313911703231169
ai-reliability,6501c0a2e788b5556c24569d,14,graduation_party_01,C,full,C,False,B,1,True,1,0,0,-1.5130450880192552
ai-reliability,6501c0a2e788b5556c24569d,15,graduation_party_05,A,full,A,True,A,1,True,1,1,1,0.14197474016266495
ai-reliability,6501c0a2e788b5556c24569d,16,graduation_party_06,D,full,D,True,D,1,True,1,1,1,-0.3691343244229278
ai-reliability,6501c0a2e788b5556c24569d,17,graduation_party_07,B,full,B,True,B,1,True,1,1,1,0.7017608585183145
ai-reliability,6a1440fbc95e29c6e954c401,6,ypc_02,D,full,A,False,D,1,True,0,1,0,-0.8072278083534364
ai-reliability,6a1440fbc95e29c6e954c401,7,ypc_03,A,full,D,False,B,1,True,0,0,0,0.847792019828484
ai-reliability,6a1440fbc95e29c6e954c401,9,ypc_06,C,full,C,False,A,1,True,1,0,0,1.2128699231039075
ai-reliability,6a1440fbc95e29c6e954c401,10,car_racing_01,D,full,D,True,D,1,True,1,1,1,-1.7807688837545659
ai-reliability,6a1440fbc95e29c6e954c401,11,car_racing_02,D,full,D,False,C,2,True,1,0,0,1.1885313962188795
ai-reliability,6a1440fbc95e29c6e954c401,12,car_racing_03,B,full,B,True,B,1,True,1,1,1,-0.49082695884806904
ai-reliability,6a1440fbc95e29c6e954c401,13,car_racing_05,C,full,C,False,A,1,True,1,0,0,0.5313911703231169
ai-reliability,6a1440fbc95e29c6e954c401,16,graduation_party_06,D,full,C,False,D,1,True,0,1,0,-0.3691343244229278
ai-reliability,69ea53a90c6cacb935a68043,6,ypc_02,D,full,D,True,D,1,True,1,1,1,-0.8072278083534364
ai-reliability,69ea53a90c6cacb935a68043,7,ypc_03,C,full,C,False,B,1,True,1,0,0,0.847792019828484
ai-reliability,69ea53a90c6cacb935a68043,8,ypc_05,B,full,B,False,A,1,True,1,0,0,0.3366829552428909
ai-reliability,69ea53a90c6cacb935a68043,9,ypc_06,B,full,B,False,A,1,True,1,0,0,1.2128699231039075
ai-reliability,69ea53a90c6cacb935a68043,11,car_racing_02,C,full,C,True,C,1,True,1,1,1,1.1885313962188795
ai-reliability,69ea53a90c6cacb935a68043,12,car_racing_03,B,full,B,True,B,1,True,1,1,1,-0.49082695884806904
ai-reliability,69ea53a90c6cacb935a68043,13,car_racing_05,C,full,C,False,A,1,True,1,0,0,0.5313911703231169
ai-reliability,69ea53a90c6cacb935a68043,14,graduation_party_01,B,full,B,True,B,1,True,1,1,1,-1.5130450880192552
ai-reliability,69ea53a90c6cacb935a68043,15,graduation_party_05,A,full,A,True,A,1,True,1,1,1,0.14197474016266495
ai-reliability,69ea53a90c6cacb935a68043,16,graduation_party_06,D,full,D,True,D,1,True,1,1,1,-0.3691343244229278
ai-reliability,69ea53a90c6cacb935a68043,17,graduation_party_07,A,full,A,False,B,1,True,1,0,0,0.7017608585183145
ai-reliability,69f11629a735e5ddc2434cb9,6,ypc_02,D,full,D,True,D,2,True,1,1,1,-0.8072278083534364
ai-reliability,69f11629a735e5ddc2434cb9,7,ypc_03,C,full,C,False,B,1,True,1,0,0,0.847792019828484
ai-reliability,69f11629a735e5ddc2434cb9,8,ypc_05,A,full,A,True,A,1,True,1,1,1,0.3366829552428909
ai-reliability,69f11629a735e5ddc2434cb9,9,ypc_06,B,full,B,False,A,1,True,1,0,0,1.2128699231039075
ai-reliability,69f11629a735e5ddc2434cb9,10,car_racing_01,D,full,D,True,D,1,True,1,1,1,-1.7807688837545659
ai-reliability,69f11629a735e5ddc2434cb9,11,car_racing_02,B,full,B,False,C,3,True,1,0,0,1.1885313962188795
ai-reliability,69f11629a735e5ddc2434cb9,12,car_racing_03,D,full,D,False,B,2,True,1,0,0,-0.49082695884806904
ai-reliability,69f11629a735e5ddc2434cb9,13,car_racing_05,A,full,A,True,A,3,True,1,1,1,0.5313911703231169
ai-reliability,69f11629a735e5ddc2434cb9,14,graduation_party_01,C,full,C,False,B,2,True,1,0,0,-1.5130450880192552
ai-reliability,69f11629a735e5ddc2434cb9,15,graduation_party_05,A,full,A,True,A,1,True,1,1,1,0.14197474016266495
ai-reliability,69f11629a735e5ddc2434cb9,16,graduation_party_06,D,full,D,True,D,1,True,1,1,1,-0.3691343244229278
ai-reliability,69f11629a735e5ddc2434cb9,17,graduation_party_07,D,full,D,False,B,1,True,1,0,0,0.7017608585183145
ai-reliability,66c62c2a76d4919685cd6767,6,ypc_02,D,full,D,True,D,2,True,1,1,1,-0.8072278083534364
ai-reliability,66c62c2a76d4919685cd6767,7,ypc_03,B,full,B,True,B,2,True,1,1,1,0.847792019828484
ai-reliability,66c62c2a76d4919685cd6767,8,ypc_05,D,full,D,False,A,2,True,1,0,0,0.3366829552428909
ai-reliability,66c62c2a76d4919685cd6767,9,ypc_06,B,full,B,False,A,2,True,1,0,0,1.2128699231039075
ai-reliability,66c62c2a76d4919685cd6767,10,car_racing_01,D,full,D,True,D,1,True,1,1,1,-1.7807688837545659
ai-reliability,66c62c2a76d4919685cd6767,12,car_racing_03,B,full,B,True,B,1,True,1,1,1,-0.49082695884806904
ai-reliability,66c62c2a76d4919685cd6767,13,car_racing_05,C,full,A,True,A,1,True,0,0,1,0.5313911703231169
ai-reliability,66c62c2a76d4919685cd6767,14,graduation_party_01,B,full,B,True,B,1,True,1,1,1,-1.5130450880192552
ai-reliability,66c62c2a76d4919685cd6767,15,graduation_party_05,D,full,D,False,A,1,True,1,0,0,0.14197474016266495
ai-reliability,66c62c2a76d4919685cd6767,16,graduation_party_06,B,full,B,False,D,2,True,1,0,0,-0.3691343244229278
ai-reliability,66c62c2a76d4919685cd6767,17,graduation_party_07,D,full,D,False,B,2,True,1,0,0,0.7017608585183145
ai-reliability,660d6a1f4a7f1337de235daa,6,ypc_02,D,full,D,True,D,1,True,1,1,1,-0.8072278083534364
ai-reliability,660d6a1f4a7f1337de235daa,7,ypc_03,D,full,C,False,B,1,True,0,0,0,0.847792019828484
ai-reliability,660d6a1f4a7f1337de235daa,8,ypc_05,D,full,B,False,A,1,True,0,0,0,0.3366829552428909
ai-reliability,660d6a1f4a7f1337de235daa,9,ypc_06,D,full,A,True,A,2,True,0,0,1,1.2128699231039075
ai-reliability,660d6a1f4a7f1337de235daa,10,car_racing_01,A,full,D,True,D,2,True,0,0,1,-1.7807688837545659
ai-reliability,660d6a1f4a7f1337de235daa,11,car_racing_02,B,full,D,False,C,1,True,0,0,0,1.1885313962188795
ai-reliability,660d6a1f4a7f1337de235daa,12,car_racing_03,B,full,D,False,B,1,True,0,1,0,-0.49082695884806904
ai-reliability,660d6a1f4a7f1337de235daa,13,car_racing_05,D,full,D,False,A,1,True,1,0,0,0.5313911703231169
ai-reliability,660d6a1f4a7f1337de235daa,14,graduation_party_01,B,full,A,False,B,1,True,0,1,0,-1.5130450880192552
ai-reliability,660d6a1f4a7f1337de235daa,15,graduation_party_05,D,full,D,False,A,2,True,1,0,0,0.14197474016266495
ai-reliability,660d6a1f4a7f1337de235daa,16,graduation_party_06,B,full,B,False,D,1,True,1,0,0,-0.3691343244229278
ai-reliability,660d6a1f4a7f1337de235daa,17,graduation_party_07,B,full,B,True,B,1,True,1,1,1,0.7017608585183145
ai-reliability,6a0ee010a00d40c9212e139e,6,ypc_02,D,full,D,True,D,2,True,1,1,1,-0.8072278083534364
ai-reliability,6a0ee010a00d40c9212e139e,7,ypc_03,A,full,D,False,B,1,True,0,0,0,0.847792019828484
ai-reliability,6a0ee010a00d40c9212e139e,8,ypc_05,D,full,A,True,A,1,True,0,0,1,0.3366829552428909
ai-reliability,6a0ee010a00d40c9212e139e,9,ypc_06,A,full,A,True,A,1,True,1,1,1,1.2128699231039075
ai-reliability,6a0ee010a00d40c9212e139e,10,car_racing_01,A,full,A,False,D,2,True,1,0,0,-1.7807688837545659
ai-reliability,6a0ee010a00d40c9212e139e,11,car_racing_02,D,full,A,False,C,1,True,0,0,0,1.1885313962188795
ai-reliability,6a0ee010a00d40c9212e139e,12,car_racing_03,B,full,B,True,B,1,True,1,1,1,-0.49082695884806904
ai-reliability,6a0ee010a00d40c9212e139e,13,car_racing_05,C,full,C,False,A,1,True,1,0,0,0.5313911703231169
ai-reliability,6a0ee010a00d40c9212e139e,14,graduation_party_01,B,full,B,True,B,2,True,1,1,1,-1.5130450880192552
ai-reliability,6a0ee010a00d40c9212e139e,15,graduation_party_05,A,full,A,True,A,1,True,1,1,1,0.14197474016266495
ai-reliability,6a0ee010a00d40c9212e139e,16,graduation_party_06,A,full,A,False,D,1,True,1,0,0,-0.3691343244229278
ai-reliability,6a0ee010a00d40c9212e139e,17,graduation_party_07,B,full,B,True,B,1,True,1,1,1,0.7017608585183145
ai-reliability,5bbb5e3f118c0600013c3202,6,ypc_02,C,full,D,True,D,1,True,0,0,1,-0.8072278083534364
ai-reliability,5bbb5e3f118c0600013c3202,7,ypc_03,B,full,B,True,B,1,True,1,1,1,0.847792019828484
ai-reliability,5bbb5e3f118c0600013c3202,8,ypc_05,A,full,A,True,A,1,True,1,1,1,0.3366829552428909
ai-reliability,5bbb5e3f118c0600013c3202,9,ypc_06,C,full,A,True,A,1,True,0,0,1,1.2128699231039075
ai-reliability,5bbb5e3f118c0600013c3202,10,car_racing_01,A,full,D,True,D,1,True,0,0,1,-1.7807688837545659
ai-reliability,5bbb5e3f118c0600013c3202,11,car_racing_02,C,full,B,False,C,1,True,0,1,0,1.1885313962188795
ai-reliability,5bbb5e3f118c0600013c3202,12,car_racing_03,C,full,B,True,B,1,True,0,0,1,-0.49082695884806904
ai-reliability,5bbb5e3f118c0600013c3202,13,car_racing_05,A,full,D,False,A,1,True,0,1,0,0.5313911703231169
ai-reliability,5bbb5e3f118c0600013c3202,14,graduation_party_01,A,full,A,False,B,1,True,1,0,0,-1.5130450880192552
ai-reliability,5bbb5e3f118c0600013c3202,16,graduation_party_06,A,full,B,False,D,1,True,0,0,0,-0.3691343244229278
ai-reliability,5bbb5e3f118c0600013c3202,17,graduation_party_07,B,full,B,True,B,1,True,1,1,1,0.7017608585183145
ai-reliability,6979f7df3438942e2dd5141e,6,ypc_02,A,full,A,False,D,2,True,1,0,0,-0.8072278083534364
ai-reliability,6979f7df3438942e2dd5141e,7,ypc_03,D,full,A,False,B,1,True,0,0,0,0.847792019828484
ai-reliability,6979f7df3438942e2dd5141e,8,ypc_05,A,full,A,True,A,2,True,1,1,1,0.3366829552428909
ai-reliability,6979f7df3438942e2dd5141e,9,ypc_06,D,full,D,False,A,2,True,1,0,0,1.2128699231039075
ai-reliability,6979f7df3438942e2dd5141e,10,car_racing_01,D,full,D,True,D,2,True,1,1,1,-1.7807688837545659
ai-reliability,6979f7df3438942e2dd5141e,11,car_racing_02,B,full,B,False,C,3,True,1,0,0,1.1885313962188795
ai-reliability,6979f7df3438942e2dd5141e,12,car_racing_03,D,full,D,False,B,3,True,1,0,0,-0.49082695884806904
ai-reliability,6979f7df3438942e2dd5141e,13,car_racing_05,B,full,A,True,A,3,True,0,0,1,0.5313911703231169
ai-reliability,6979f7df3438942e2dd5141e,14,graduation_party_01,C,full,C,False,B,2,True,1,0,0,-1.5130450880192552
ai-reliability,6979f7df3438942e2dd5141e,15,graduation_party_05,A,full,A,True,A,2,True,1,1,1,0.14197474016266495
ai-reliability,6979f7df3438942e2dd5141e,16,graduation_party_06,B,full,B,False,D,2,True,1,0,0,-0.3691343244229278
ai-reliability,6a213d191d739202448d3b7d,6,ypc_02,D,full,D,True,D,1,True,1,1,1,-0.8072278083534364
ai-reliability,6a213d191d739202448d3b7d,7,ypc_03,A,full,A,False,B,1,True,1,0,0,0.847792019828484
ai-reliability,6a213d191d739202448d3b7d,8,ypc_05,D,full,D,False,A,2,True,1,0,0,0.3366829552428909
ai-reliability,6a213d191d739202448d3b7d,9,ypc_06,D,full,D,False,A,1,True,1,0,0,1.2128699231039075
ai-reliability,6a213d191d739202448d3b7d,10,car_racing_01,D,full,D,True,D,2,True,1,1,1,-1.7807688837545659
ai-reliability,6a213d191d739202448d3b7d,11,car_racing_02,B,full,B,False,C,2,True,1,0,0,1.1885313962188795
ai-reliability,6a213d191d739202448d3b7d,12,car_racing_03,B,full,B,True,B,1,True,1,1,1,-0.49082695884806904
ai-reliability,6a213d191d739202448d3b7d,13,car_racing_05,D,full,D,False,A,1,True,1,0,0,0.5313911703231169
ai-reliability,6a213d191d739202448d3b7d,15,graduation_party_05,A,full,A,True,A,1,True,1,1,1,0.14197474016266495
ai-reliability,6a213d191d739202448d3b7d,16,graduation_party_06,D,full,D,True,D,1,True,1,1,1,-0.3691343244229278
ai-reliability,6a213d191d739202448d3b7d,17,graduation_party_07,D,full,D,False,B,1,True,1,0,0,0.7017608585183145
ai-reliability,69fbbd287ad72ce563b72cb7,6,ypc_02,D,full,D,True,D,2,True,1,1,1,-0.8072278083534364
ai-reliability,69fbbd287ad72ce563b72cb7,7,ypc_03,A,full,B,True,B,2,True,0,0,1,0.847792019828484
ai-reliability,69fbbd287ad72ce563b72cb7,8,ypc_05,D,full,A,True,A,2,True,0,0,1,0.3366829552428909
ai-reliability,69fbbd287ad72ce563b72cb7,9,ypc_06,B,full,A,True,A,2,True,0,0,1,1.2128699231039075
ai-reliability,69fbbd287ad72ce563b72cb7,10,car_racing_01,D,full,D,True,D,1,True,1,1,1,-1.7807688837545659
ai-reliability,69fbbd287ad72ce563b72cb7,11,car_racing_02,D,full,C,True,C,2,True,0,0,1,1.1885313962188795
ai-reliability,69fbbd287ad72ce563b72cb7,12,car_racing_03,D,full,D,False,B,1,True,1,0,0,-0.49082695884806904
ai-reliability,69fbbd287ad72ce563b72cb7,14,graduation_party_01,B,full,B,True,B,2,True,1,1,1,-1.5130450880192552
ai-reliability,69fbbd287ad72ce563b72cb7,15,graduation_party_05,A,full,D,False,A,2,True,0,1,0,0.14197474016266495
ai-reliability,69fbbd287ad72ce563b72cb7,16,graduation_party_06,B,full,B,False,D,2,True,1,0,0,-0.3691343244229278
ai-reliability,69fbbd287ad72ce563b72cb7,17,graduation_party_07,B,full,D,False,B,2,True,0,1,0,0.7017608585183145
ai-reliability,57c57ea095a3ea00016e5a14,6,ypc_02,D,full,D,True,D,2,True,1,1,1,-0.8072278083534364
ai-reliability,57c57ea095a3ea00016e5a14,8,ypc_05,B,full,B,False,A,2,True,1,0,0,0.3366829552428909
ai-reliability,57c57ea095a3ea00016e5a14,9,ypc_06,A,full,A,True,A,3,True,1,1,1,1.2128699231039075
ai-reliability,57c57ea095a3ea00016e5a14,10,car_racing_01,D,full,D,True,D,2,True,1,1,1,-1.7807688837545659
ai-reliability,57c57ea095a3ea00016e5a14,17,graduation_party_07,A,full,A,False,B,1,True,1,0,0,0.7017608585183145
ai-reliability,6a19d16ca6a49d41a36f4f90,6,ypc_02,D,full,D,True,D,1,True,1,1,1,-0.8072278083534364
ai-reliability,6a19d16ca6a49d41a36f4f90,7,ypc_03,A,full,A,False,B,2,True,1,0,0,0.847792019828484
ai-reliability,6a19d16ca6a49d41a36f4f90,8,ypc_05,A,full,A,True,A,3,True,1,1,1,0.3366829552428909
ai-reliability,6a19d16ca6a49d41a36f4f90,9,ypc_06,B,full,B,False,A,1,True,1,0,0,1.2128699231039075
ai-reliability,6a19d16ca6a49d41a36f4f90,10,car_racing_01,D,full,D,True,D,1,True,1,1,1,-1.7807688837545659
ai-reliability,6a19d16ca6a49d41a36f4f90,11,car_racing_02,B,full,B,False,C,1,True,1,0,0,1.1885313962188795
ai-reliability,6a19d16ca6a49d41a36f4f90,12,car_racing_03,D,full,D,False,B,1,True,1,0,0,-0.49082695884806904
ai-reliability,6a19d16ca6a49d41a36f4f90,13,car_racing_05,D,full,B,False,A,1,True,0,0,0,0.5313911703231169
ai-reliability,6a19d16ca6a49d41a36f4f90,14,graduation_party_01,C,full,C,False,B,1,True,1,0,0,-1.5130450880192552
ai-reliability,6a19d16ca6a49d41a36f4f90,15,graduation_party_05,A,full,A,True,A,1,True,1,1,1,0.14197474016266495
ai-reliability,6a19d16ca6a49d41a36f4f90,16,graduation_party_06,D,full,D,True,D,1,True,1,1,1,-0.3691343244229278
ai-reliability,6a19d16ca6a49d41a36f4f90,17,graduation_party_07,A,full,A,False,B,1,True,1,0,0,0.7017608585183145
ai-reliability,6a1c62ade144e261ce52fc53,6,ypc_02,A,full,A,False,D,3,True,1,0,0,-0.8072278083534364
ai-reliability,6a1c62ade144e261ce52fc53,7,ypc_03,B,full,B,True,B,2,True,1,1,1,0.847792019828484
ai-reliability,6a1c62ade144e261ce52fc53,9,ypc_06,C,full,C,False,A,1,True,1,0,0,1.2128699231039075
ai-reliability,6a1c62ade144e261ce52fc53,10,car_racing_01,C,full,D,True,D,2,True,0,0,1,-1.7807688837545659
ai-reliability,6a1c62ade144e261ce52fc53,11,car_racing_02,B,full,B,False,C,2,True,1,0,0,1.1885313962188795
ai-reliability,6a1c62ade144e261ce52fc53,12,car_racing_03,B,full,B,True,B,2,True,1,1,1,-0.49082695884806904
ai-reliability,6a1c62ade144e261ce52fc53,13,car_racing_05,C,full,C,False,A,2,True,1,0,0,0.5313911703231169
ai-reliability,6a1c62ade144e261ce52fc53,14,graduation_party_01,B,full,B,True,B,2,True,1,1,1,-1.5130450880192552
ai-reliability,6a1c62ade144e261ce52fc53,15,graduation_party_05,D,full,D,False,A,2,True,1,0,0,0.14197474016266495
ai-reliability,6a1c62ade144e261ce52fc53,16,graduation_party_06,A,full,A,False,D,3,True,1,0,0,-0.3691343244229278
ai-reliability,6a1c62ade144e261ce52fc53,17,graduation_party_07,D,full,D,False,B,2,True,1,0,0,0.7017608585183145
ai-reliability,5ec96e3609117f0a67231842,6,ypc_02,D,full,D,True,D,1,True,1,1,1,-0.8072278083534364
ai-reliability,5ec96e3609117f0a67231842,7,ypc_03,A,full,A,False,B,1,True,1,0,0,0.847792019828484
ai-reliability,5ec96e3609117f0a67231842,8,ypc_05,D,full,D,False,A,1,True,1,0,0,0.3366829552428909
ai-reliability,5ec96e3609117f0a67231842,9,ypc_06,A,full,A,True,A,1,True,1,1,1,1.2128699231039075
ai-reliability,5ec96e3609117f0a67231842,10,car_racing_01,D,full,D,True,D,1,True,1,1,1,-1.7807688837545659
ai-reliability,5ec96e3609117f0a67231842,12,car_racing_03,B,full,B,True,B,1,True,1,1,1,-0.49082695884806904
ai-reliability,5ec96e3609117f0a67231842,13,car_racing_05,A,full,A,True,A,1,True,1,1,1,0.5313911703231169
ai-reliability,5ec96e3609117f0a67231842,14,graduation_party_01,B,full,B,True,B,2,True,1,1,1,-1.5130450880192552
ai-reliability,5ec96e3609117f0a67231842,15,graduation_party_05,A,full,A,True,A,1,True,1,1,1,0.14197474016266495
ai-reliability,5ec96e3609117f0a67231842,16,graduation_party_06,D,full,D,True,D,1,True,1,1,1,-0.3691343244229278
ai-reliability,5ec96e3609117f0a67231842,17,graduation_party_07,A,full,A,False,B,3,True,1,0,0,0.7017608585183145
ai-reliability,6a00ec1a75c6444a2a6e3d69,7,ypc_03,B,full,B,True,B,1,True,1,1,1,0.847792019828484
ai-reliability,6a00ec1a75c6444a2a6e3d69,8,ypc_05,D,full,D,False,A,1,True,1,0,0,0.3366829552428909
ai-reliability,6a00ec1a75c6444a2a6e3d69,9,ypc_06,D,full,D,False,A,1,True,1,0,0,1.2128699231039075
ai-reliability,6a00ec1a75c6444a2a6e3d69,10,car_racing_01,D,full,D,True,D,1,True,1,1,1,-1.7807688837545659
ai-reliability,6a00ec1a75c6444a2a6e3d69,11,car_racing_02,B,full,B,False,C,1,True,1,0,0,1.1885313962188795
ai-reliability,6a00ec1a75c6444a2a6e3d69,12,car_racing_03,B,full,B,True,B,2,True,1,1,1,-0.49082695884806904
ai-reliability,6a00ec1a75c6444a2a6e3d69,13,car_racing_05,A,full,A,True,A,1,True,1,1,1,0.5313911703231169
ai-reliability,6a00ec1a75c6444a2a6e3d69,14,graduation_party_01,C,full,C,False,B,1,True,1,0,0,-1.5130450880192552
ai-reliability,6a00ec1a75c6444a2a6e3d69,15,graduation_party_05,A,full,A,True,A,1,True,1,1,1,0.14197474016266495
ai-reliability,6a00ec1a75c6444a2a6e3d69,16,graduation_party_06,D,full,D,True,D,1,True,1,1,1,-0.3691343244229278
ai-reliability,6a00ec1a75c6444a2a6e3d69,17,graduation_party_07,B,full,B,True,B,1,True,1,1,1,0.7017608585183145
ai-reliability,677f2415a436ac59cafc20a7,6,ypc_02,D,full,D,True,D,1,True,1,1,1,-0.8072278083534364
ai-reliability,677f2415a436ac59cafc20a7,7,ypc_03,D,full,D,False,B,1,True,1,0,0,0.847792019828484
ai-reliability,677f2415a436ac59cafc20a7,8,ypc_05,A,full,A,True,A,2,True,1,1,1,0.3366829552428909
ai-reliability,677f2415a436ac59cafc20a7,9,ypc_06,A,full,A,True,A,1,True,1,1,1,1.2128699231039075
ai-reliability,677f2415a436ac59cafc20a7,10,car_racing_01,D,full,D,True,D,1,True,1,1,1,-1.7807688837545659
ai-reliability,677f2415a436ac59cafc20a7,11,car_racing_02,B,full,B,False,C,1,True,1,0,0,1.1885313962188795
ai-reliability,677f2415a436ac59cafc20a7,12,car_racing_03,B,full,B,True,B,1,True,1,1,1,-0.49082695884806904
ai-reliability,677f2415a436ac59cafc20a7,13,car_racing_05,D,full,D,False,A,2,True,1,0,0,0.5313911703231169
ai-reliability,677f2415a436ac59cafc20a7,14,graduation_party_01,B,full,B,True,B,1,True,1,1,1,-1.5130450880192552
ai-reliability,677f2415a436ac59cafc20a7,15,graduation_party_05,A,full,A,True,A,2,True,1,1,1,0.14197474016266495
ai-reliability,677f2415a436ac59cafc20a7,16,graduation_party_06,D,full,D,True,D,1,True,1,1,1,-0.3691343244229278
ai-reliability,636cc5fa559ec4d93e272972,6,ypc_02,D,full,D,True,D,1,True,1,1,1,-0.8072278083534364
ai-reliability,636cc5fa559ec4d93e272972,7,ypc_03,D,full,D,False,B,2,True,1,0,0,0.847792019828484
ai-reliability,636cc5fa559ec4d93e272972,8,ypc_05,D,full,D,False,A,2,True,1,0,0,0.3366829552428909
ai-reliability,636cc5fa559ec4d93e272972,9,ypc_06,A,full,A,True,A,1,True,1,1,1,1.2128699231039075
ai-reliability,636cc5fa559ec4d93e272972,10,car_racing_01,A,full,A,False,D,1,True,1,0,0,-1.7807688837545659
ai-reliability,636cc5fa559ec4d93e272972,11,car_racing_02,B,full,B,False,C,1,True,1,0,0,1.1885313962188795
ai-reliability,636cc5fa559ec4d93e272972,12,car_racing_03,B,full,B,True,B,1,True,1,1,1,-0.49082695884806904
ai-reliability,636cc5fa559ec4d93e272972,13,car_racing_05,C,full,C,False,A,2,True,1,0,0,0.5313911703231169
ai-reliability,636cc5fa559ec4d93e272972,14,graduation_party_01,B,full,B,True,B,1,True,1,1,1,-1.5130450880192552
ai-reliability,636cc5fa559ec4d93e272972,15,graduation_party_05,D,full,D,False,A,1,True,1,0,0,0.14197474016266495
ai-reliability,636cc5fa559ec4d93e272972,16,graduation_party_06,D,full,D,True,D,2,True,1,1,1,-0.3691343244229278
ai-reliability,636cc5fa559ec4d93e272972,17,graduation_party_07,D,full,D,False,B,1,True,1,0,0,0.7017608585183145
ai-reliability,5eb4547590acf228f8d965ae,6,ypc_02,A,full,A,False,D,1,True,1,0,0,-0.8072278083534364
ai-reliability,5eb4547590acf228f8d965ae,7,ypc_03,A,full,A,False,B,2,True,1,0,0,0.847792019828484
ai-reliability,5eb4547590acf228f8d965ae,8,ypc_05,D,full,D,False,A,1,True,1,0,0,0.3366829552428909
ai-reliability,5eb4547590acf228f8d965ae,9,ypc_06,C,full,C,False,A,1,True,1,0,0,1.2128699231039075
ai-reliability,5eb4547590acf228f8d965ae,10,car_racing_01,D,full,D,True,D,2,True,1,1,1,-1.7807688837545659
ai-reliability,5eb4547590acf228f8d965ae,12,car_racing_03,D,full,D,False,B,1,True,1,0,0,-0.49082695884806904
ai-reliability,6a185f2e5f903801a7899ddd,6,ypc_02,D,full,D,True,D,1,True,1,1,1,-0.8072278083534364
ai-reliability,6a185f2e5f903801a7899ddd,7,ypc_03,D,full,B,True,B,2,True,0,0,1,0.847792019828484
ai-reliability,6a185f2e5f903801a7899ddd,9,ypc_06,A,combined,A,True,A,10,True,1,1,1,1.2128699231039075
ai-reliability,6a185f2e5f903801a7899ddd,10,car_racing_01,D,full,D,True,D,1,True,1,1,1,-1.7807688837545659
ai-reliability,6a185f2e5f903801a7899ddd,11,car_racing_02,C,full,C,True,C,2,True,1,1,1,1.1885313962188795
ai-reliability,6a185f2e5f903801a7899ddd,12,car_racing_03,B,full,B,True,B,1,True,1,1,1,-0.49082695884806904
ai-reliability,6a185f2e5f903801a7899ddd,13,car_racing_05,D,full,C,False,A,1,True,0,0,0,0.5313911703231169
ai-reliability,6a185f2e5f903801a7899ddd,14,graduation_party_01,B,full,B,True,B,1,True,1,1,1,-1.5130450880192552
ai-reliability,6a185f2e5f903801a7899ddd,15,graduation_party_05,A,full,A,True,A,1,True,1,1,1,0.14197474016266495
ai-reliability,6a185f2e5f903801a7899ddd,16,graduation_party_06,D,full,D,True,D,1,True,1,1,1,-0.3691343244229278
ai-reliability,6a185f2e5f903801a7899ddd,17,graduation_party_07,B,full,B,True,B,3,True,1,1,1,0.7017608585183145
ai-reliability,67a9da49f62daef62d4f4d5c,6,ypc_02,D,full,D,True,D,1,True,1,1,1,-0.8072278083534364
ai-reliability,67a9da49f62daef62d4f4d5c,7,ypc_03,A,full,A,False,B,1,True,1,0,0,0.847792019828484
ai-reliability,67a9da49f62daef62d4f4d5c,8,ypc_05,A,full,A,True,A,2,True,1,1,1,0.3366829552428909
ai-reliability,67a9da49f62daef62d4f4d5c,9,ypc_06,D,combined,D,False,A,2,True,1,0,0,1.2128699231039075
ai-reliability,67a9da49f62daef62d4f4d5c,10,car_racing_01,D,full,D,True,D,1,True,1,1,1,-1.7807688837545659
ai-reliability,67a9da49f62daef62d4f4d5c,11,car_racing_02,B,full,C,True,C,2,True,0,0,1,1.1885313962188795
ai-reliability,67a9da49f62daef62d4f4d5c,12,car_racing_03,B,full,B,True,B,1,True,1,1,1,-0.49082695884806904
ai-reliability,67a9da49f62daef62d4f4d5c,13,car_racing_05,A,full,A,True,A,1,True,1,1,1,0.5313911703231169
ai-reliability,67a9da49f62daef62d4f4d5c,14,graduation_party_01,B,full,B,True,B,2,True,1,1,1,-1.5130450880192552
ai-reliability,67a9da49f62daef62d4f4d5c,15,graduation_party_05,D,full,D,False,A,3,True,1,0,0,0.14197474016266495
ai-reliability,67a9da49f62daef62d4f4d5c,16,graduation_party_06,B,combined,B,False,D,4,True,1,0,0,-0.3691343244229278
ai-reliability,665ddc38a270e0c579baf993,6,ypc_02,D,full,D,True,D,1,True,1,1,1,-0.8072278083534364
ai-reliability,665ddc38a270e0c579baf993,7,ypc_03,B,full,B,True,B,1,True,1,1,1,0.847792019828484
ai-reliability,665ddc38a270e0c579baf993,8,ypc_05,A,full,A,True,A,1,True,1,1,1,0.3366829552428909
ai-reliability,665ddc38a270e0c579baf993,9,ypc_06,D,full,D,False,A,1,True,1,0,0,1.2128699231039075
ai-reliability,665ddc38a270e0c579baf993,10,car_racing_01,A,full,A,False,D,1,True,1,0,0,-1.7807688837545659
ai-reliability,665ddc38a270e0c579baf993,12,car_racing_03,B,full,B,True,B,1,True,1,1,1,-0.49082695884806904
ai-reliability,665ddc38a270e0c579baf993,14,graduation_party_01,B,full,B,True,B,1,True,1,1,1,-1.5130450880192552
ai-reliability,665ddc38a270e0c579baf993,15,graduation_party_05,B,full,A,True,A,1,True,0,0,1,0.14197474016266495
ai-reliability,665ddc38a270e0c579baf993,16,graduation_party_06,D,full,D,True,D,1,True,1,1,1,-0.3691343244229278
ai-reliability,665ddc38a270e0c579baf993,17,graduation_party_07,B,full,B,True,B,1,True,1,1,1,0.7017608585183145
ai-reliability,6234a3d5cd2f63c705e5842d,6,ypc_02,D,full,D,True,D,1,True,1,1,1,-0.8072278083534364
ai-reliability,6234a3d5cd2f63c705e5842d,7,ypc_03,C,full,C,False,B,1,True,1,0,0,0.847792019828484
ai-reliability,6234a3d5cd2f63c705e5842d,8,ypc_05,A,full,A,True,A,1,True,1,1,1,0.3366829552428909
ai-reliability,6234a3d5cd2f63c705e5842d,9,ypc_06,B,full,B,False,A,1,True,1,0,0,1.2128699231039075
ai-reliability,6234a3d5cd2f63c705e5842d,10,car_racing_01,D,full,D,True,D,1,True,1,1,1,-1.7807688837545659
ai-reliability,6234a3d5cd2f63c705e5842d,11,car_racing_02,B,full,B,False,C,1,True,1,0,0,1.1885313962188795
ai-reliability,6234a3d5cd2f63c705e5842d,12,car_racing_03,D,full,D,False,B,1,True,1,0,0,-0.49082695884806904
ai-reliability,6234a3d5cd2f63c705e5842d,13,car_racing_05,C,full,D,False,A,1,True,0,0,0,0.5313911703231169
ai-reliability,6234a3d5cd2f63c705e5842d,14,graduation_party_01,B,full,B,True,B,1,True,1,1,1,-1.5130450880192552
ai-reliability,6234a3d5cd2f63c705e5842d,15,graduation_party_05,A,full,A,True,A,1,True,1,1,1,0.14197474016266495
ai-reliability,6234a3d5cd2f63c705e5842d,16,graduation_party_06,B,full,B,False,D,1,True,1,0,0,-0.3691343244229278
ai-reliability,5edf878332e230257937edd1,6,ypc_02,D,full,D,True,D,2,True,1,1,1,-0.8072278083534364
ai-reliability,5edf878332e230257937edd1,7,ypc_03,A,full,A,False,B,2,True,1,0,0,0.847792019828484
ai-reliability,5edf878332e230257937edd1,8,ypc_05,A,full,A,True,A,2,True,1,1,1,0.3366829552428909
ai-reliability,5edf878332e230257937edd1,9,ypc_06,B,full,B,False,A,2,True,1,0,0,1.2128699231039075
ai-reliability,5edf878332e230257937edd1,10,car_racing_01,D,full,D,True,D,2,True,1,1,1,-1.7807688837545659
ai-reliability,5edf878332e230257937edd1,11,car_racing_02,B,full,B,False,C,2,True,1,0,0,1.1885313962188795
ai-reliability,5edf878332e230257937edd1,12,car_racing_03,D,full,D,False,B,2,True,1,0,0,-0.49082695884806904
ai-reliability,5edf878332e230257937edd1,13,car_racing_05,D,full,D,False,A,2,True,1,0,0,0.5313911703231169
ai-reliability,5edf878332e230257937edd1,14,graduation_party_01,B,full,B,True,B,2,True,1,1,1,-1.5130450880192552
ai-reliability,5edf878332e230257937edd1,15,graduation_party_05,D,full,D,False,A,2,True,1,0,0,0.14197474016266495
ai-reliability,5edf878332e230257937edd1,16,graduation_party_06,B,full,B,False,D,2,True,1,0,0,-0.3691343244229278
ai-reliability,5edf878332e230257937edd1,17,graduation_party_07,D,full,D,False,B,2,True,1,0,0,0.7017608585183145
ai-reliability,69fced1caced4f03469e3287,6,ypc_02,D,full,D,True,D,3,True,1,1,1,-0.8072278083534364
ai-reliability,69fced1caced4f03469e3287,7,ypc_03,C,full,A,False,B,3,True,0,0,0,0.847792019828484
ai-reliability,69fced1caced4f03469e3287,8,ypc_05,D,full,D,False,A,2,True,1,0,0,0.3366829552428909
ai-reliability,69fced1caced4f03469e3287,9,ypc_06,C,full,C,False,A,2,True,1,0,0,1.2128699231039075
ai-reliability,69fced1caced4f03469e3287,10,car_racing_01,D,full,D,True,D,2,True,1,1,1,-1.7807688837545659
ai-reliability,69fced1caced4f03469e3287,11,car_racing_02,B,full,B,False,C,3,True,1,0,0,1.1885313962188795
ai-reliability,69fced1caced4f03469e3287,12,car_racing_03,B,full,B,True,B,2,True,1,1,1,-0.49082695884806904
ai-reliability,69fced1caced4f03469e3287,13,car_racing_05,D,full,D,False,A,3,True,1,0,0,0.5313911703231169
ai-reliability,69fced1caced4f03469e3287,14,graduation_party_01,B,full,B,True,B,5,True,1,1,1,-1.5130450880192552
ai-reliability,69fced1caced4f03469e3287,15,graduation_party_05,A,full,A,True,A,2,True,1,1,1,0.14197474016266495
ai-reliability,69fced1caced4f03469e3287,16,graduation_party_06,D,full,D,True,D,4,True,1,1,1,-0.3691343244229278
ai-reliability,69fced1caced4f03469e3287,17,graduation_party_07,D,full,D,False,B,9,True,1,0,0,0.7017608585183145
ai-reliability,6a243b3f378e1499259d8683,6,ypc_02,A,full,A,False,D,1,True,1,0,0,-0.8072278083534364
ai-reliability,6a243b3f378e1499259d8683,7,ypc_03,A,full,A,False,B,1,True,1,0,0,0.847792019828484
ai-reliability,6a243b3f378e1499259d8683,8,ypc_05,B,full,C,False,A,1,True,0,0,0,0.3366829552428909
ai-reliability,6a243b3f378e1499259d8683,9,ypc_06,C,full,C,False,A,1,True,1,0,0,1.2128699231039075
ai-reliability,6a243b3f378e1499259d8683,10,car_racing_01,D,full,D,True,D,3,True,1,1,1,-1.7807688837545659
ai-reliability,6a243b3f378e1499259d8683,11,car_racing_02,B,full,B,False,C,1,True,1,0,0,1.1885313962188795
ai-reliability,6a243b3f378e1499259d8683,12,car_racing_03,D,full,D,False,B,1,True,1,0,0,-0.49082695884806904
ai-reliability,6a243b3f378e1499259d8683,13,car_racing_05,A,full,A,True,A,1,True,1,1,1,0.5313911703231169
ai-reliability,6a243b3f378e1499259d8683,14,graduation_party_01,C,full,C,False,B,1,True,1,0,0,-1.5130450880192552
ai-reliability,6a243b3f378e1499259d8683,15,graduation_party_05,A,full,A,True,A,5,True,1,1,1,0.14197474016266495
ai-reliability,6a243b3f378e1499259d8683,17,graduation_party_07,B,full,B,True,B,1,True,1,1,1,0.7017608585183145
ai-reliability,647869e6f69318bacc341d53,6,ypc_02,D,full,D,True,D,1,True,1,1,1,-0.8072278083534364
ai-reliability,647869e6f69318bacc341d53,7,ypc_03,C,full,C,False,B,2,True,1,0,0,0.847792019828484
ai-reliability,647869e6f69318bacc341d53,8,ypc_05,B,full,B,False,A,2,True,1,0,0,0.3366829552428909
ai-reliability,647869e6f69318bacc341d53,9,ypc_06,B,full,C,False,A,1,True,0,0,0,1.2128699231039075
ai-reliability,647869e6f69318bacc341d53,10,car_racing_01,D,full,D,True,D,1,True,1,1,1,-1.7807688837545659
ai-reliability,647869e6f69318bacc341d53,11,car_racing_02,B,full,B,False,C,1,True,1,0,0,1.1885313962188795
ai-reliability,647869e6f69318bacc341d53,12,car_racing_03,C,full,B,True,B,1,True,0,0,1,-0.49082695884806904
ai-reliability,647869e6f69318bacc341d53,13,car_racing_05,D,full,A,True,A,2,True,0,0,1,0.5313911703231169
ai-reliability,647869e6f69318bacc341d53,16,graduation_party_06,D,full,D,True,D,1,True,1,1,1,-0.3691343244229278
ai-reliability,647869e6f69318bacc341d53,17,graduation_party_07,C,full,C,False,B,2,True,1,0,0,0.7017608585183145
ai-reliability,6a03636a700eaf3d19f2809a,6,ypc_02,D,full,D,True,D,1,True,1,1,1,-0.8072278083534364
ai-reliability,6a03636a700eaf3d19f2809a,7,ypc_03,A,full,A,False,B,1,True,1,0,0,0.847792019828484
ai-reliability,6a03636a700eaf3d19f2809a,8,ypc_05,D,full,D,False,A,1,True,1,0,0,0.3366829552428909
ai-reliability,6a03636a700eaf3d19f2809a,9,ypc_06,B,full,B,False,A,1,True,1,0,0,1.2128699231039075
ai-reliability,6a03636a700eaf3d19f2809a,10,car_racing_01,D,full,A,False,D,1,True,0,1,0,-1.7807688837545659
ai-reliability,6a03636a700eaf3d19f2809a,11,car_racing_02,B,full,B,False,C,1,True,1,0,0,1.1885313962188795
ai-reliability,6a03636a700eaf3d19f2809a,12,car_racing_03,D,full,C,False,B,1,True,0,0,0,-0.49082695884806904
ai-reliability,6a03636a700eaf3d19f2809a,13,car_racing_05,A,full,A,True,A,1,True,1,1,1,0.5313911703231169
ai-reliability,6a03636a700eaf3d19f2809a,14,graduation_party_01,C,full,C,False,B,1,True,1,0,0,-1.5130450880192552
ai-reliability,6a03636a700eaf3d19f2809a,15,graduation_party_05,D,full,D,False,A,1,True,1,0,0,0.14197474016266495
ai-reliability,6a03636a700eaf3d19f2809a,16,graduation_party_06,B,full,B,False,D,1,True,1,0,0,-0.3691343244229278
ai-reliability,6a03636a700eaf3d19f2809a,17,graduation_party_07,D,full,D,False,B,1,True,1,0,0,0.7017608585183145
ai-reliability,5e1da370b734b411521e22ed,6,ypc_02,A,full,A,False,D,1,True,1,0,0,-0.8072278083534364
ai-reliability,5e1da370b734b411521e22ed,7,ypc_03,A,full,A,False,B,1,True,1,0,0,0.847792019828484
ai-reliability,5e1da370b734b411521e22ed,9,ypc_06,B,full,C,False,A,1,True,0,0,0,1.2128699231039075
ai-reliability,5e1da370b734b411521e22ed,10,car_racing_01,A,full,A,False,D,1,True,1,0,0,-1.7807688837545659
ai-reliability,5e1da370b734b411521e22ed,11,car_racing_02,B,full,B,False,C,1,True,1,0,0,1.1885313962188795
ai-reliability,5e1da370b734b411521e22ed,12,car_racing_03,B,full,B,True,B,1,True,1,1,1,-0.49082695884806904
ai-reliability,5e1da370b734b411521e22ed,13,car_racing_05,D,full,D,False,A,1,True,1,0,0,0.5313911703231169
ai-reliability,5e1da370b734b411521e22ed,14,graduation_party_01,B,full,B,True,B,1,True,1,1,1,-1.5130450880192552
ai-reliability,5e1da370b734b411521e22ed,15,graduation_party_05,A,full,A,True,A,1,True,1,1,1,0.14197474016266495
ai-reliability,5e1da370b734b411521e22ed,16,graduation_party_06,D,full,D,True,D,1,True,1,1,1,-0.3691343244229278
ai-reliability,5e1da370b734b411521e22ed,17,graduation_party_07,D,full,D,False,B,1,True,1,0,0,0.7017608585183145
ai-reliability,61505373bc903980a66ab1e1,6,ypc_02,D,full,D,True,D,2,True,1,1,1,-0.8072278083534364
ai-reliability,61505373bc903980a66ab1e1,7,ypc_03,A,full,A,False,B,2,True,1,0,0,0.847792019828484
ai-reliability,61505373bc903980a66ab1e1,8,ypc_05,D,full,D,False,A,2,True,1,0,0,0.3366829552428909
ai-reliability,61505373bc903980a66ab1e1,9,ypc_06,D,full,D,False,A,2,True,1,0,0,1.2128699231039075
ai-reliability,61505373bc903980a66ab1e1,10,car_racing_01,D,full,D,True,D,2,True,1,1,1,-1.7807688837545659
ai-reliability,61505373bc903980a66ab1e1,11,car_racing_02,B,full,B,False,C,2,True,1,0,0,1.1885313962188795
ai-reliability,61505373bc903980a66ab1e1,12,car_racing_03,D,full,D,False,B,3,True,1,0,0,-0.49082695884806904
ai-reliability,61505373bc903980a66ab1e1,13,car_racing_05,C,full,C,False,A,2,True,1,0,0,0.5313911703231169
ai-reliability,61505373bc903980a66ab1e1,14,graduation_party_01,B,full,B,True,B,2,True,1,1,1,-1.5130450880192552
ai-reliability,61505373bc903980a66ab1e1,15,graduation_party_05,A,full,A,True,A,2,True,1,1,1,0.14197474016266495
ai-reliability,61505373bc903980a66ab1e1,16,graduation_party_06,D,full,D,True,D,1,True,1,1,1,-0.3691343244229278
ai-reliability,61505373bc903980a66ab1e1,17,graduation_party_07,D,full,D,False,B,2,True,1,0,0,0.7017608585183145
ai-reliability,6a1ab9e31755a18be4c11991,6,ypc_02,D,full,D,True,D,1,True,1,1,1,-0.8072278083534364
ai-reliability,6a1ab9e31755a18be4c11991,7,ypc_03,B,full,B,True,B,1,True,1,1,1,0.847792019828484
ai-reliability,6a1ab9e31755a18be4c11991,8,ypc_05,B,full,B,False,A,1,True,1,0,0,0.3366829552428909
ai-reliability,6a1ab9e31755a18be4c11991,9,ypc_06,B,full,B,False,A,1,True,1,0,0,1.2128699231039075
ai-reliability,6a1ab9e31755a18be4c11991,10,car_racing_01,D,full,D,True,D,1,True,1,1,1,-1.7807688837545659
ai-reliability,6a1ab9e31755a18be4c11991,11,car_racing_02,B,full,B,False,C,1,True,1,0,0,1.1885313962188795
ai-reliability,6a1ab9e31755a18be4c11991,12,car_racing_03,B,full,B,True,B,1,True,1,1,1,-0.49082695884806904
ai-reliability,6a1ab9e31755a18be4c11991,13,car_racing_05,D,full,D,False,A,1,True,1,0,0,0.5313911703231169
ai-reliability,6a1ab9e31755a18be4c11991,14,graduation_party_01,B,full,B,True,B,1,True,1,1,1,-1.5130450880192552
ai-reliability,6a1ab9e31755a18be4c11991,15,graduation_party_05,D,full,D,False,A,1,True,1,0,0,0.14197474016266495
ai-reliability,6a1ab9e31755a18be4c11991,16,graduation_party_06,D,full,D,True,D,1,True,1,1,1,-0.3691343244229278
ai-reliability,6a1ab9e31755a18be4c11991,17,graduation_party_07,B,full,B,True,B,1,True,1,1,1,0.7017608585183145
ai-reliability,69f3c29f7f3969d3695109a8,6,ypc_02,D,full,D,True,D,1,True,1,1,1,-0.8072278083534364
ai-reliability,69f3c29f7f3969d3695109a8,7,ypc_03,D,full,D,False,B,1,True,1,0,0,0.847792019828484
ai-reliability,69f3c29f7f3969d3695109a8,8,ypc_05,D,full,D,False,A,2,True,1,0,0,0.3366829552428909
ai-reliability,69f3c29f7f3969d3695109a8,9,ypc_06,B,full,B,False,A,1,True,1,0,0,1.2128699231039075
ai-reliability,69f3c29f7f3969d3695109a8,10,car_racing_01,D,full,D,True,D,1,True,1,1,1,-1.7807688837545659
ai-reliability,69f3c29f7f3969d3695109a8,11,car_racing_02,B,full,D,False,C,1,True,0,0,0,1.1885313962188795
ai-reliability,69f3c29f7f3969d3695109a8,12,car_racing_03,B,full,D,False,B,1,True,0,1,0,-0.49082695884806904
ai-reliability,69f3c29f7f3969d3695109a8,13,car_racing_05,D,full,D,False,A,2,True,1,0,0,0.5313911703231169
ai-reliability,69f3c29f7f3969d3695109a8,14,graduation_party_01,B,full,B,True,B,1,True,1,1,1,-1.5130450880192552
ai-reliability,69f3c29f7f3969d3695109a8,15,graduation_party_05,A,full,A,True,A,2,True,1,1,1,0.14197474016266495
ai-reliability,69f3c29f7f3969d3695109a8,16,graduation_party_06,D,full,D,True,D,1,True,1,1,1,-0.3691343244229278
ai-reliability,69f3c29f7f3969d3695109a8,17,graduation_party_07,D,full,D,False,B,2,True,1,0,0,0.7017608585183145
ai-reliability,656f0ce82c0ba5e95ad58a03,6,ypc_02,D,full,D,True,D,4,True,1,1,1,-0.8072278083534364
ai-reliability,656f0ce82c0ba5e95ad58a03,7,ypc_03,D,full,D,False,B,2,True,1,0,0,0.847792019828484
ai-reliability,656f0ce82c0ba5e95ad58a03,8,ypc_05,D,full,D,False,A,1,True,1,0,0,0.3366829552428909
ai-reliability,656f0ce82c0ba5e95ad58a03,9,ypc_06,B,full,B,False,A,1,True,1,0,0,1.2128699231039075
ai-reliability,656f0ce82c0ba5e95ad58a03,10,car_racing_01,D,full,D,True,D,1,True,1,1,1,-1.7807688837545659
ai-reliability,656f0ce82c0ba5e95ad58a03,11,car_racing_02,B,full,B,False,C,2,True,1,0,0,1.1885313962188795
ai-reliability,656f0ce82c0ba5e95ad58a03,12,car_racing_03,B,full,B,True,B,1,True,1,1,1,-0.49082695884806904
ai-reliability,656f0ce82c0ba5e95ad58a03,13,car_racing_05,C,full,C,False,A,1,True,1,0,0,0.5313911703231169
ai-reliability,656f0ce82c0ba5e95ad58a03,14,graduation_party_01,C,full,C,False,B,2,True,1,0,0,-1.5130450880192552
ai-reliability,656f0ce82c0ba5e95ad58a03,15,graduation_party_05,A,full,A,True,A,1,True,1,1,1,0.14197474016266495
ai-reliability,656f0ce82c0ba5e95ad58a03,16,graduation_party_06,D,full,D,True,D,1,True,1,1,1,-0.3691343244229278
ai-reliability,656f0ce82c0ba5e95ad58a03,17,graduation_party_07,A,full,A,False,B,1,True,1,0,0,0.7017608585183145
ai-reliability,60b932147633bf0dd446941e,6,ypc_02,B,full,B,False,D,1,True,1,0,0,-0.8072278083534364
ai-reliability,60b932147633bf0dd446941e,7,ypc_03,A,full,A,False,B,2,True,1,0,0,0.847792019828484
ai-reliability,60b932147633bf0dd446941e,8,ypc_05,A,full,A,True,A,1,True,1,1,1,0.3366829552428909
ai-reliability,60b932147633bf0dd446941e,9,ypc_06,B,full,B,False,A,1,True,1,0,0,1.2128699231039075
ai-reliability,60b932147633bf0dd446941e,10,car_racing_01,D,full,D,True,D,1,True,1,1,1,-1.7807688837545659
ai-reliability,60b932147633bf0dd446941e,11,car_racing_02,C,full,C,True,C,1,True,1,1,1,1.1885313962188795
ai-reliability,60b932147633bf0dd446941e,12,car_racing_03,B,full,B,True,B,3,True,1,1,1,-0.49082695884806904
ai-reliability,60b932147633bf0dd446941e,13,car_racing_05,A,full,A,True,A,1,True,1,1,1,0.5313911703231169
ai-reliability,60b932147633bf0dd446941e,14,graduation_party_01,B,full,B,True,B,3,True,1,1,1,-1.5130450880192552
ai-reliability,60b932147633bf0dd446941e,15,graduation_party_05,A,full,A,True,A,1,True,1,1,1,0.14197474016266495
ai-reliability,6a019c3cc3985370727003c9,6,ypc_02,D,full,D,True,D,1,True,1,1,1,-0.8072278083534364
ai-reliability,6a019c3cc3985370727003c9,7,ypc_03,A,full,A,False,B,1,True,1,0,0,0.847792019828484
ai-reliability,6a019c3cc3985370727003c9,8,ypc_05,D,full,D,False,A,2,True,1,0,0,0.3366829552428909
ai-reliability,6a019c3cc3985370727003c9,9,ypc_06,B,full,B,False,A,1,True,1,0,0,1.2128699231039075
ai-reliability,6a019c3cc3985370727003c9,10,car_racing_01,D,full,D,True,D,1,True,1,1,1,-1.7807688837545659
ai-reliability,6a019c3cc3985370727003c9,11,car_racing_02,B,full,B,False,C,1,True,1,0,0,1.1885313962188795
ai-reliability,6a019c3cc3985370727003c9,13,car_racing_05,D,full,D,False,A,1,True,1,0,0,0.5313911703231169
ai-reliability,6a019c3cc3985370727003c9,14,graduation_party_01,C,full,C,False,B,1,True,1,0,0,-1.5130450880192552
ai-reliability,6a019c3cc3985370727003c9,15,graduation_party_05,A,full,A,True,A,1,True,1,1,1,0.14197474016266495
ai-reliability,6a019c3cc3985370727003c9,16,graduation_party_06,A,full,A,False,D,1,True,1,0,0,-0.3691343244229278
ai-reliability,6a019c3cc3985370727003c9,17,graduation_party_07,D,full,D,False,B,1,True,1,0,0,0.7017608585183145
ai-reliability,5d48ae562c8b78001a16088d,6,ypc_02,C,full,C,False,D,1,True,1,0,0,-0.8072278083534364
ai-reliability,5d48ae562c8b78001a16088d,7,ypc_03,A,full,D,False,B,1,True,0,0,0,0.847792019828484
ai-reliability,5d48ae562c8b78001a16088d,8,ypc_05,D,full,D,False,A,2,True,1,0,0,0.3366829552428909
ai-reliability,5d48ae562c8b78001a16088d,9,ypc_06,B,full,B,False,A,1,True,1,0,0,1.2128699231039075
ai-reliability,5d48ae562c8b78001a16088d,10,car_racing_01,D,full,D,True,D,1,True,1,1,1,-1.7807688837545659
ai-reliability,5d48ae562c8b78001a16088d,11,car_racing_02,B,full,B,False,C,1,True,1,0,0,1.1885313962188795
ai-reliability,5d48ae562c8b78001a16088d,12,car_racing_03,B,full,B,True,B,1,True,1,1,1,-0.49082695884806904
ai-reliability,5d48ae562c8b78001a16088d,13,car_racing_05,B,full,A,True,A,2,True,0,0,1,0.5313911703231169
ai-reliability,5d48ae562c8b78001a16088d,14,graduation_party_01,B,full,B,True,B,1,True,1,1,1,-1.5130450880192552
ai-reliability,5d48ae562c8b78001a16088d,15,graduation_party_05,D,full,D,False,A,1,True,1,0,0,0.14197474016266495
ai-reliability,5d48ae562c8b78001a16088d,16,graduation_party_06,B,full,B,False,D,1,True,1,0,0,-0.3691343244229278
ai-reliability,5d48ae562c8b78001a16088d,17,graduation_party_07,D,full,D,False,B,2,True,1,0,0,0.7017608585183145
ai-reliability,5d35c29a467d18001981d677,6,ypc_02,D,full,D,True,D,2,True,1,1,1,-0.8072278083534364
ai-reliability,5d35c29a467d18001981d677,7,ypc_03,C,combined,A,False,B,4,True,0,0,0,0.847792019828484
ai-reliability,5d35c29a467d18001981d677,8,ypc_05,D,full,D,False,A,3,True,1,0,0,0.3366829552428909
ai-reliability,5d35c29a467d18001981d677,9,ypc_06,B,full,B,False,A,2,True,1,0,0,1.2128699231039075
ai-reliability,5d35c29a467d18001981d677,10,car_racing_01,D,full,D,True,D,1,True,1,1,1,-1.7807688837545659
ai-reliability,5d35c29a467d18001981d677,11,car_racing_02,C,full,D,False,C,2,True,0,1,0,1.1885313962188795
ai-reliability,5d35c29a467d18001981d677,12,car_racing_03,B,full,B,True,B,3,True,1,1,1,-0.49082695884806904
ai-reliability,5d35c29a467d18001981d677,13,car_racing_05,A,full,A,True,A,2,True,1,1,1,0.5313911703231169
ai-reliability,5d35c29a467d18001981d677,14,graduation_party_01,B,full,B,True,B,3,True,1,1,1,-1.5130450880192552
ai-reliability,5d35c29a467d18001981d677,15,graduation_party_05,A,full,A,True,A,2,True,1,1,1,0.14197474016266495
ai-reliability,5d35c29a467d18001981d677,16,graduation_party_06,D,full,D,True,D,3,True,1,1,1,-0.3691343244229278
ai-reliability,5d35c29a467d18001981d677,17,graduation_party_07,D,full,D,False,B,3,True,1,0,0,0.7017608585183145
ai-reliability,603b9be389c6cf7d0dd74fd1,6,ypc_02,D,full,D,True,D,1,True,1,1,1,-0.8072278083534364
ai-reliability,603b9be389c6cf7d0dd74fd1,7,ypc_03,C,full,C,False,B,1,True,1,0,0,0.847792019828484
ai-reliability,603b9be389c6cf7d0dd74fd1,8,ypc_05,D,full,D,False,A,3,True,1,0,0,0.3366829552428909
ai-reliability,603b9be389c6cf7d0dd74fd1,10,car_racing_01,D,full,A,False,D,1,True,0,1,0,-1.7807688837545659
ai-reliability,603b9be389c6cf7d0dd74fd1,11,car_racing_02,D,full,D,False,C,1,True,1,0,0,1.1885313962188795
ai-reliability,603b9be389c6cf7d0dd74fd1,12,car_racing_03,D,full,D,False,B,1,True,1,0,0,-0.49082695884806904
ai-reliability,603b9be389c6cf7d0dd74fd1,13,car_racing_05,A,full,A,True,A,3,True,1,1,1,0.5313911703231169
ai-reliability,603b9be389c6cf7d0dd74fd1,14,graduation_party_01,B,full,B,True,B,1,True,1,1,1,-1.5130450880192552
ai-reliability,603b9be389c6cf7d0dd74fd1,15,graduation_party_05,D,full,D,False,A,3,True,1,0,0,0.14197474016266495
ai-reliability,603b9be389c6cf7d0dd74fd1,16,graduation_party_06,B,full,B,False,D,1,True,1,0,0,-0.3691343244229278
ai-reliability,603b9be389c6cf7d0dd74fd1,17,graduation_party_07,D,full,D,False,B,1,True,1,0,0,0.7017608585183145
ai-reliability,6a08c850e3be322170e22d6f,6,ypc_02,D,full,D,True,D,1,True,1,1,1,-0.8072278083534364
ai-reliability,6a08c850e3be322170e22d6f,7,ypc_03,B,full,A,False,B,1,True,0,1,0,0.847792019828484
ai-reliability,6a08c850e3be322170e22d6f,8,ypc_05,D,full,A,True,A,1,True,0,0,1,0.3366829552428909
ai-reliability,6a08c850e3be322170e22d6f,9,ypc_06,B,full,B,False,A,1,True,1,0,0,1.2128699231039075
ai-reliability,6a08c850e3be322170e22d6f,10,car_racing_01,D,full,D,True,D,1,True,1,1,1,-1.7807688837545659
ai-reliability,6a08c850e3be322170e22d6f,11,car_racing_02,B,full,B,False,C,1,True,1,0,0,1.1885313962188795
ai-reliability,6a08c850e3be322170e22d6f,12,car_racing_03,D,full,B,True,B,1,True,0,0,1,-0.49082695884806904
ai-reliability,6a08c850e3be322170e22d6f,13,car_racing_05,D,full,D,False,A,1,True,1,0,0,0.5313911703231169
ai-reliability,6a08c850e3be322170e22d6f,14,graduation_party_01,B,full,B,True,B,1,True,1,1,1,-1.5130450880192552
ai-reliability,6a08c850e3be322170e22d6f,16,graduation_party_06,D,full,D,True,D,1,True,1,1,1,-0.3691343244229278
ai-reliability,6a08c850e3be322170e22d6f,17,graduation_party_07,D,full,A,False,B,1,True,0,0,0,0.7017608585183145
ai-reliability,6130c7f7d0112fa23b17079c,6,ypc_02,D,full,D,True,D,1,True,1,1,1,-0.8072278083534364
ai-reliability,6130c7f7d0112fa23b17079c,7,ypc_03,C,combined,C,False,B,2,True,1,0,0,0.847792019828484
ai-reliability,6130c7f7d0112fa23b17079c,8,ypc_05,D,full,D,False,A,5,True,1,0,0,0.3366829552428909
ai-reliability,6130c7f7d0112fa23b17079c,9,ypc_06,D,full,D,False,A,3,True,1,0,0,1.2128699231039075
ai-reliability,6130c7f7d0112fa23b17079c,10,car_racing_01,D,full,D,True,D,2,True,1,1,1,-1.7807688837545659
ai-reliability,6130c7f7d0112fa23b17079c,11,car_racing_02,B,full,B,False,C,2,True,1,0,0,1.1885313962188795
ai-reliability,6130c7f7d0112fa23b17079c,12,car_racing_03,B,full,B,True,B,4,True,1,1,1,-0.49082695884806904
ai-reliability,6130c7f7d0112fa23b17079c,13,car_racing_05,A,full,A,True,A,2,True,1,1,1,0.5313911703231169
ai-reliability,6130c7f7d0112fa23b17079c,14,graduation_party_01,B,full,B,True,B,2,True,1,1,1,-1.5130450880192552
ai-reliability,6130c7f7d0112fa23b17079c,15,graduation_party_05,D,full,D,False,A,4,True,1,0,0,0.14197474016266495
ai-reliability,6130c7f7d0112fa23b17079c,16,graduation_party_06,D,full,D,True,D,2,True,1,1,1,-0.3691343244229278
ai-reliability,6130c7f7d0112fa23b17079c,17,graduation_party_07,A,combined,A,False,B,7,True,1,0,0,0.7017608585183145
ai-reliability,69f332f70c69cf198ed920ee,6,ypc_02,D,full,D,True,D,2,True,1,1,1,-0.8072278083534364
ai-reliability,69f332f70c69cf198ed920ee,7,ypc_03,C,full,C,False,B,1,True,1,0,0,0.847792019828484
ai-reliability,69f332f70c69cf198ed920ee,8,ypc_05,D,full,D,False,A,1,True,1,0,0,0.3366829552428909
ai-reliability,69f332f70c69cf198ed920ee,9,ypc_06,A,full,D,False,A,1,True,0,1,0,1.2128699231039075
ai-reliability,69f332f70c69cf198ed920ee,10,car_racing_01,D,full,D,True,D,1,True,1,1,1,-1.7807688837545659
ai-reliability,69f332f70c69cf198ed920ee,11,car_racing_02,B,full,B,False,C,2,True,1,0,0,1.1885313962188795
ai-reliability,69f332f70c69cf198ed920ee,12,car_racing_03,D,full,D,False,B,2,True,1,0,0,-0.49082695884806904
ai-reliability,69f332f70c69cf198ed920ee,13,car_racing_05,B,full,B,False,A,1,True,1,0,0,0.5313911703231169
ai-reliability,69f332f70c69cf198ed920ee,14,graduation_party_01,C,full,C,False,B,1,True,1,0,0,-1.5130450880192552
ai-reliability,69f332f70c69cf198ed920ee,15,graduation_party_05,A,full,A,True,A,2,True,1,1,1,0.14197474016266495
ai-reliability,69f332f70c69cf198ed920ee,16,graduation_party_06,B,full,D,True,D,1,True,0,0,1,-0.3691343244229278
ai-reliability,69f332f70c69cf198ed920ee,17,graduation_party_07,B,full,D,False,B,1,True,0,1,0,0.7017608585183145
ai-reliability,6a0329b483b7cb1ca6763ffe,6,ypc_02,D,full,D,True,D,1,True,1,1,1,-0.8072278083534364
ai-reliability,6a0329b483b7cb1ca6763ffe,7,ypc_03,A,full,B,True,B,1,True,0,0,1,0.847792019828484
ai-reliability,6a0329b483b7cb1ca6763ffe,8,ypc_05,D,full,A,True,A,1,True,0,0,1,0.3366829552428909
ai-reliability,6a0329b483b7cb1ca6763ffe,9,ypc_06,D,full,B,False,A,1,True,0,0,0,1.2128699231039075
ai-reliability,6a0329b483b7cb1ca6763ffe,10,car_racing_01,D,full,D,True,D,1,True,1,1,1,-1.7807688837545659
ai-reliability,6a0329b483b7cb1ca6763ffe,11,car_racing_02,B,full,C,True,C,1,True,0,0,1,1.1885313962188795
ai-reliability,6a0329b483b7cb1ca6763ffe,12,car_racing_03,B,full,B,True,B,1,True,1,1,1,-0.49082695884806904
ai-reliability,6a0329b483b7cb1ca6763ffe,13,car_racing_05,C,full,C,False,A,2,True,1,0,0,0.5313911703231169
ai-reliability,6a0329b483b7cb1ca6763ffe,15,graduation_party_05,D,full,D,False,A,1,True,1,0,0,0.14197474016266495
ai-reliability,6a0329b483b7cb1ca6763ffe,16,graduation_party_06,D,full,C,False,D,1,True,0,1,0,-0.3691343244229278
ai-reliability,6a0329b483b7cb1ca6763ffe,17,graduation_party_07,D,full,D,False,B,1,True,1,0,0,0.7017608585183145
ai-reliability,695c0670de1faedbce882831,6,ypc_02,D,full,D,True,D,1,True,1,1,1,-0.8072278083534364
ai-reliability,695c0670de1faedbce882831,7,ypc_03,A,full,A,False,B,1,True,1,0,0,0.847792019828484
ai-reliability,695c0670de1faedbce882831,8,ypc_05,D,full,D,False,A,1,True,1,0,0,0.3366829552428909
ai-reliability,695c0670de1faedbce882831,9,ypc_06,C,full,C,False,A,2,True,1,0,0,1.2128699231039075
ai-reliability,695c0670de1faedbce882831,10,car_racing_01,D,full,D,True,D,1,True,1,1,1,-1.7807688837545659
ai-reliability,695c0670de1faedbce882831,11,car_racing_02,B,full,B,False,C,1,True,1,0,0,1.1885313962188795
ai-reliability,695c0670de1faedbce882831,12,car_racing_03,D,full,D,False,B,2,True,1,0,0,-0.49082695884806904
ai-reliability,695c0670de1faedbce882831,13,car_racing_05,B,full,B,False,A,2,True,1,0,0,0.5313911703231169
ai-reliability,695c0670de1faedbce882831,14,graduation_party_01,B,full,B,True,B,2,True,1,1,1,-1.5130450880192552
ai-reliability,695c0670de1faedbce882831,15,graduation_party_05,A,full,A,True,A,1,True,1,1,1,0.14197474016266495
ai-reliability,695c0670de1faedbce882831,16,graduation_party_06,B,full,B,False,D,4,True,1,0,0,-0.3691343244229278
ai-reliability,695c0670de1faedbce882831,17,graduation_party_07,D,full,D,False,B,2,True,1,0,0,0.7017608585183145
ai-reliability,62b44f66a16d45783569fad6,6,ypc_02,D,full,D,True,D,2,True,1,1,1,-0.8072278083534364
ai-reliability,62b44f66a16d45783569fad6,7,ypc_03,B,full,B,True,B,4,True,1,1,1,0.847792019828484
ai-reliability,62b44f66a16d45783569fad6,8,ypc_05,D,full,D,False,A,1,True,1,0,0,0.3366829552428909
ai-reliability,62b44f66a16d45783569fad6,9,ypc_06,B,full,B,False,A,3,True,1,0,0,1.2128699231039075
ai-reliability,62b44f66a16d45783569fad6,10,car_racing_01,D,full,D,True,D,2,True,1,1,1,-1.7807688837545659
ai-reliability,62b44f66a16d45783569fad6,11,car_racing_02,B,full,D,False,C,1,True,0,0,0,1.1885313962188795
ai-reliability,62b44f66a16d45783569fad6,12,car_racing_03,D,full,D,False,B,2,True,1,0,0,-0.49082695884806904
ai-reliability,62b44f66a16d45783569fad6,13,car_racing_05,D,combined,D,False,A,3,True,1,0,0,0.5313911703231169
ai-reliability,62b44f66a16d45783569fad6,14,graduation_party_01,B,full,B,True,B,1,True,1,1,1,-1.5130450880192552
ai-reliability,62b44f66a16d45783569fad6,15,graduation_party_05,D,full,D,False,A,4,True,1,0,0,0.14197474016266495
ai-reliability,62b44f66a16d45783569fad6,16,graduation_party_06,D,combined,D,True,D,4,True,1,1,1,-0.3691343244229278
ai-reliability,62b44f66a16d45783569fad6,17,graduation_party_07,D,full,D,False,B,5,True,1,0,0,0.7017608585183145
ai-reliability,5ae82944a0e4390001f090fd,7,ypc_03,C,full,C,False,B,1,True,1,0,0,0.847792019828484
ai-reliability,5ae82944a0e4390001f090fd,8,ypc_05,C,full,A,True,A,1,True,0,0,1,0.3366829552428909
ai-reliability,5ae82944a0e4390001f090fd,10,car_racing_01,D,full,D,True,D,1,True,1,1,1,-1.7807688837545659
ai-reliability,5ae82944a0e4390001f090fd,11,car_racing_02,C,full,C,True,C,1,True,1,1,1,1.1885313962188795
ai-reliability,5ae82944a0e4390001f090fd,12,car_racing_03,B,full,B,True,B,3,True,1,1,1,-0.49082695884806904
ai-reliability,5ae82944a0e4390001f090fd,13,car_racing_05,C,full,C,False,A,1,True,1,0,0,0.5313911703231169
ai-reliability,5ae82944a0e4390001f090fd,14,graduation_party_01,C,full,C,False,B,1,True,1,0,0,-1.5130450880192552
ai-reliability,5ae82944a0e4390001f090fd,15,graduation_party_05,A,full,A,True,A,1,True,1,1,1,0.14197474016266495
ai-reliability,5ae82944a0e4390001f090fd,16,graduation_party_06,A,full,A,False,D,1,True,1,0,0,-0.3691343244229278
ai-reliability,5ae82944a0e4390001f090fd,17,graduation_party_07,B,full,B,True,B,2,True,1,1,1,0.7017608585183145
ai-reliability,63d53d150a864eb06120bb88,6,ypc_02,D,full,D,True,D,1,True,1,1,1,-0.8072278083534364
ai-reliability,63d53d150a864eb06120bb88,7,ypc_03,A,full,A,False,B,2,True,1,0,0,0.847792019828484
ai-reliability,63d53d150a864eb06120bb88,8,ypc_05,A,full,A,True,A,2,True,1,1,1,0.3366829552428909
ai-reliability,63d53d150a864eb06120bb88,9,ypc_06,B,full,B,False,A,1,True,1,0,0,1.2128699231039075
ai-reliability,63d53d150a864eb06120bb88,10,car_racing_01,D,full,D,True,D,1,True,1,1,1,-1.7807688837545659
ai-reliability,63d53d150a864eb06120bb88,11,car_racing_02,D,full,D,False,C,1,True,1,0,0,1.1885313962188795
ai-reliability,63d53d150a864eb06120bb88,12,car_racing_03,D,full,D,False,B,2,True,1,0,0,-0.49082695884806904
ai-reliability,63d53d150a864eb06120bb88,13,car_racing_05,D,full,D,False,A,2,True,1,0,0,0.5313911703231169
ai-reliability,63d53d150a864eb06120bb88,14,graduation_party_01,B,full,B,True,B,2,True,1,1,1,-1.5130450880192552
ai-reliability,63d53d150a864eb06120bb88,15,graduation_party_05,A,full,A,True,A,1,True,1,1,1,0.14197474016266495
ai-reliability,63d53d150a864eb06120bb88,16,graduation_party_06,D,full,D,True,D,1,True,1,1,1,-0.3691343244229278
ai-reliability,63d53d150a864eb06120bb88,17,graduation_party_07,A,full,A,False,B,1,True,1,0,0,0.7017608585183145
ai-reliability,6a02840904eed4f800acaf95,6,ypc_02,A,full,A,False,D,1,True,1,0,0,-0.8072278083534364
ai-reliability,6a02840904eed4f800acaf95,7,ypc_03,A,full,A,False,B,1,True,1,0,0,0.847792019828484
ai-reliability,6a02840904eed4f800acaf95,8,ypc_05,D,full,D,False,A,1,True,1,0,0,0.3366829552428909
ai-reliability,6a02840904eed4f800acaf95,9,ypc_06,B,full,B,False,A,1,True,1,0,0,1.2128699231039075
ai-reliability,6a02840904eed4f800acaf95,11,car_racing_02,B,full,B,False,C,1,True,1,0,0,1.1885313962188795
ai-reliability,6a02840904eed4f800acaf95,12,car_racing_03,B,full,A,False,B,1,True,0,1,0,-0.49082695884806904
ai-reliability,6a02840904eed4f800acaf95,13,car_racing_05,D,full,D,False,A,1,True,1,0,0,0.5313911703231169
ai-reliability,6a02840904eed4f800acaf95,14,graduation_party_01,B,full,B,True,B,1,True,1,1,1,-1.5130450880192552
ai-reliability,6a02840904eed4f800acaf95,15,graduation_party_05,D,full,D,False,A,1,True,1,0,0,0.14197474016266495
ai-reliability,6a02840904eed4f800acaf95,16,graduation_party_06,B,full,B,False,D,1,True,1,0,0,-0.3691343244229278
ai-reliability,6a02840904eed4f800acaf95,17,graduation_party_07,D,full,D,False,B,1,True,1,0,0,0.7017608585183145
ai-reliability,6a1ca28f39a714391ec26ae5,6,ypc_02,D,full,D,True,D,1,True,1,1,1,-0.8072278083534364
ai-reliability,6a1ca28f39a714391ec26ae5,7,ypc_03,D,full,D,False,B,2,True,1,0,0,0.847792019828484
ai-reliability,6a1ca28f39a714391ec26ae5,8,ypc_05,D,full,D,False,A,1,True,1,0,0,0.3366829552428909
ai-reliability,6a1ca28f39a714391ec26ae5,10,car_racing_01,D,full,D,True,D,1,True,1,1,1,-1.7807688837545659
ai-reliability,6a1ca28f39a714391ec26ae5,11,car_racing_02,D,full,B,False,C,1,True,0,0,0,1.1885313962188795
ai-reliability,6a1ca28f39a714391ec26ae5,12,car_racing_03,B,full,B,True,B,3,True,1,1,1,-0.49082695884806904
ai-reliability,6a1ca28f39a714391ec26ae5,13,car_racing_05,D,full,D,False,A,1,True,1,0,0,0.5313911703231169
ai-reliability,6a1ca28f39a714391ec26ae5,14,graduation_party_01,C,full,C,False,B,3,True,1,0,0,-1.5130450880192552
ai-reliability,6a1ca28f39a714391ec26ae5,15,graduation_party_05,D,full,D,False,A,1,True,1,0,0,0.14197474016266495
ai-reliability,6a1ca28f39a714391ec26ae5,16,graduation_party_06,B,full,B,False,D,1,True,1,0,0,-0.3691343244229278
ai-reliability,6a1ca28f39a714391ec26ae5,17,graduation_party_07,A,full,A,False,B,1,True,1,0,0,0.7017608585183145
ai-reliability,69f63441f6c4dbf4138036ee,6,ypc_02,D,full,D,True,D,1,True,1,1,1,-0.8072278083534364
ai-reliability,69f63441f6c4dbf4138036ee,7,ypc_03,A,full,A,False,B,1,True,1,0,0,0.847792019828484
ai-reliability,69f63441f6c4dbf4138036ee,8,ypc_05,D,full,D,False,A,3,True,1,0,0,0.3366829552428909
ai-reliability,69f63441f6c4dbf4138036ee,9,ypc_06,D,full,D,False,A,1,True,1,0,0,1.2128699231039075
ai-reliability,69f63441f6c4dbf4138036ee,10,car_racing_01,D,full,D,True,D,1,True,1,1,1,-1.7807688837545659
ai-reliability,69f63441f6c4dbf4138036ee,11,car_racing_02,C,full,C,True,C,1,True,1,1,1,1.1885313962188795
ai-reliability,69f63441f6c4dbf4138036ee,12,car_racing_03,B,full,B,True,B,1,True,1,1,1,-0.49082695884806904
ai-reliability,69f63441f6c4dbf4138036ee,13,car_racing_05,D,full,D,False,A,2,True,1,0,0,0.5313911703231169
ai-reliability,69f63441f6c4dbf4138036ee,14,graduation_party_01,B,full,B,True,B,3,True,1,1,1,-1.5130450880192552
ai-reliability,69f63441f6c4dbf4138036ee,16,graduation_party_06,D,full,D,True,D,1,True,1,1,1,-0.3691343244229278
ai-reliability,69f63441f6c4dbf4138036ee,17,graduation_party_07,B,full,B,True,B,1,True,1,1,1,0.7017608585183145
ai-reliability,59a722657a657b0001aae223,6,ypc_02,D,full,D,True,D,1,True,1,1,1,-0.8072278083534364
ai-reliability,59a722657a657b0001aae223,7,ypc_03,C,full,C,False,B,1,True,1,0,0,0.847792019828484
ai-reliability,59a722657a657b0001aae223,8,ypc_05,D,full,D,False,A,2,True,1,0,0,0.3366829552428909
ai-reliability,59a722657a657b0001aae223,9,ypc_06,C,full,C,False,A,1,True,1,0,0,1.2128699231039075
ai-reliability,59a722657a657b0001aae223,10,car_racing_01,D,full,D,True,D,1,True,1,1,1,-1.7807688837545659
ai-reliability,59a722657a657b0001aae223,11,car_racing_02,B,full,B,False,C,1,True,1,0,0,1.1885313962188795
ai-reliability,59a722657a657b0001aae223,12,car_racing_03,D,full,D,False,B,3,True,1,0,0,-0.49082695884806904
ai-reliability,59a722657a657b0001aae223,13,car_racing_05,A,full,A,True,A,1,True,1,1,1,0.5313911703231169
ai-reliability,59a722657a657b0001aae223,14,graduation_party_01,B,full,B,True,B,1,True,1,1,1,-1.5130450880192552
ai-reliability,59a722657a657b0001aae223,15,graduation_party_05,D,full,D,False,A,1,True,1,0,0,0.14197474016266495
ai-reliability,59a722657a657b0001aae223,16,graduation_party_06,D,full,D,True,D,1,True,1,1,1,-0.3691343244229278
ai-reliability,59a722657a657b0001aae223,17,graduation_party_07,B,full,B,True,B,2,True,1,1,1,0.7017608585183145
ai-reliability,6731b77af6e8e00a06ffa7ee,13,car_racing_05,A,full,D,False,A,1,True,0,1,0,0.5313911703231169
ai-reliability,6731b77af6e8e00a06ffa7ee,15,graduation_party_05,C,full,D,False,A,1,True,0,0,0,0.14197474016266495
ai-reliability,6a1d926a6d8b19bb96fa8054,6,ypc_02,D,full,D,True,D,1,True,1,1,1,-0.8072278083534364
ai-reliability,6a1d926a6d8b19bb96fa8054,7,ypc_03,A,full,A,False,B,1,True,1,0,0,0.847792019828484
ai-reliability,6a1d926a6d8b19bb96fa8054,8,ypc_05,D,full,D,False,A,1,True,1,0,0,0.3366829552428909
ai-reliability,6a1d926a6d8b19bb96fa8054,9,ypc_06,C,full,C,False,A,1,True,1,0,0,1.2128699231039075
ai-reliability,6a1d926a6d8b19bb96fa8054,10,car_racing_01,A,full,D,True,D,1,True,0,0,1,-1.7807688837545659
ai-reliability,6a1d926a6d8b19bb96fa8054,11,car_racing_02,B,full,B,False,C,1,True,1,0,0,1.1885313962188795
ai-reliability,6a1d926a6d8b19bb96fa8054,12,car_racing_03,D,full,B,True,B,1,True,0,0,1,-0.49082695884806904
ai-reliability,6a1d926a6d8b19bb96fa8054,13,car_racing_05,D,full,D,False,A,1,True,1,0,0,0.5313911703231169
ai-reliability,6a1d926a6d8b19bb96fa8054,14,graduation_party_01,C,full,C,False,B,1,True,1,0,0,-1.5130450880192552
ai-reliability,6a1d926a6d8b19bb96fa8054,15,graduation_party_05,D,full,D,False,A,1,True,1,0,0,0.14197474016266495
ai-reliability,6a1d926a6d8b19bb96fa8054,16,graduation_party_06,D,full,D,True,D,1,True,1,1,1,-0.3691343244229278
ai-reliability,6a1d926a6d8b19bb96fa8054,17,graduation_party_07,A,full,A,False,B,1,True,1,0,0,0.7017608585183145
ai-reliability,609ac2fa3340da7e2c5557ee,7,ypc_03,A,full,A,False,B,1,True,1,0,0,0.847792019828484
ai-reliability,6a12f8b2075822430f96d6e6,6,ypc_02,D,full,D,True,D,3,True,1,1,1,-0.8072278083534364
ai-reliability,6a12f8b2075822430f96d6e6,7,ypc_03,B,full,D,False,B,1,True,0,1,0,0.847792019828484
ai-reliability,6a12f8b2075822430f96d6e6,9,ypc_06,A,full,B,False,A,2,True,0,1,0,1.2128699231039075
ai-reliability,6a12f8b2075822430f96d6e6,10,car_racing_01,D,full,D,True,D,1,True,1,1,1,-1.7807688837545659
ai-reliability,6a12f8b2075822430f96d6e6,11,car_racing_02,B,full,B,False,C,2,True,1,0,0,1.1885313962188795
ai-reliability,6a12f8b2075822430f96d6e6,12,car_racing_03,B,full,B,True,B,1,True,1,1,1,-0.49082695884806904
ai-reliability,6a12f8b2075822430f96d6e6,13,car_racing_05,D,full,D,False,A,1,True,1,0,0,0.5313911703231169
ai-reliability,6a12f8b2075822430f96d6e6,14,graduation_party_01,B,full,B,True,B,1,True,1,1,1,-1.5130450880192552
ai-reliability,6a12f8b2075822430f96d6e6,15,graduation_party_05,D,full,D,False,A,2,True,1,0,0,0.14197474016266495
ai-reliability,6a12f8b2075822430f96d6e6,16,graduation_party_06,B,full,B,False,D,3,True,1,0,0,-0.3691343244229278
ai-reliability,6a12f8b2075822430f96d6e6,17,graduation_party_07,B,full,B,True,B,3,True,1,1,1,0.7017608585183145
ai-reliability,6a1d422c5cd5b69b949f3d4f,6,ypc_02,A,full,B,False,D,1,True,0,0,0,-0.8072278083534364
ai-reliability,6a1d422c5cd5b69b949f3d4f,7,ypc_03,D,full,B,True,B,1,True,0,0,1,0.847792019828484
ai-reliability,6a1d422c5cd5b69b949f3d4f,8,ypc_05,D,full,D,False,A,1,True,1,0,0,0.3366829552428909
ai-reliability,6a1d422c5cd5b69b949f3d4f,9,ypc_06,B,full,B,False,A,1,True,1,0,0,1.2128699231039075
ai-reliability,6a1d422c5cd5b69b949f3d4f,10,car_racing_01,A,full,A,False,D,1,True,1,0,0,-1.7807688837545659
ai-reliability,6a1d422c5cd5b69b949f3d4f,11,car_racing_02,B,full,B,False,C,1,True,1,0,0,1.1885313962188795
ai-reliability,6a1d422c5cd5b69b949f3d4f,12,car_racing_03,C,full,B,True,B,2,True,0,0,1,-0.49082695884806904
ai-reliability,6a1d422c5cd5b69b949f3d4f,13,car_racing_05,C,full,A,True,A,2,True,0,0,1,0.5313911703231169
ai-reliability,6a1d422c5cd5b69b949f3d4f,14,graduation_party_01,B,full,B,True,B,1,True,1,1,1,-1.5130450880192552
ai-reliability,6a1d422c5cd5b69b949f3d4f,15,graduation_party_05,A,full,C,False,A,1,True,0,1,0,0.14197474016266495
ai-reliability,6a1d422c5cd5b69b949f3d4f,16,graduation_party_06,D,full,D,True,D,1,True,1,1,1,-0.3691343244229278
ai-reliability,6a1d422c5cd5b69b949f3d4f,17,graduation_party_07,A,full,A,False,B,1,True,1,0,0,0.7017608585183145
ai-reliability,6a1878f047ada5b4889358bc,15,graduation_party_05,D,full,D,False,A,10,True,1,0,0,0.14197474016266495
ai-reliability,5ce031fc7f65ee001a985a6b,6,ypc_02,D,full,B,False,D,2,True,0,1,0,-0.8072278083534364
ai-reliability,5ce031fc7f65ee001a985a6b,7,ypc_03,D,full,D,False,B,1,True,1,0,0,0.847792019828484
ai-reliability,5ce031fc7f65ee001a985a6b,8,ypc_05,A,full,A,True,A,1,True,1,1,1,0.3366829552428909
ai-reliability,5ce031fc7f65ee001a985a6b,9,ypc_06,B,full,A,True,A,1,True,0,0,1,1.2128699231039075
ai-reliability,5ce031fc7f65ee001a985a6b,10,car_racing_01,D,full,D,True,D,1,True,1,1,1,-1.7807688837545659
ai-reliability,5ce031fc7f65ee001a985a6b,11,car_racing_02,C,full,D,False,C,2,True,0,1,0,1.1885313962188795
ai-reliability,5ce031fc7f65ee001a985a6b,12,car_racing_03,B,full,C,False,B,1,True,0,1,0,-0.49082695884806904
ai-reliability,5ce031fc7f65ee001a985a6b,13,car_racing_05,A,full,A,True,A,1,True,1,1,1,0.5313911703231169
ai-reliability,5ce031fc7f65ee001a985a6b,14,graduation_party_01,B,full,B,True,B,1,True,1,1,1,-1.5130450880192552
ai-reliability,5ce031fc7f65ee001a985a6b,15,graduation_party_05,D,full,D,False,A,1,True,1,0,0,0.14197474016266495
ai-reliability,5ce031fc7f65ee001a985a6b,16,graduation_party_06,D,full,D,True,D,1,True,1,1,1,-0.3691343244229278
ai-reliability,5ce031fc7f65ee001a985a6b,17,graduation_party_07,B,full,B,True,B,3,True,1,1,1,0.7017608585183145
ai-reliability,5ca356cb72a23200160ce912,6,ypc_02,D,full,D,True,D,1,True,1,1,1,-0.8072278083534364
ai-reliability,5ca356cb72a23200160ce912,7,ypc_03,D,full,D,False,B,1,True,1,0,0,0.847792019828484
ai-reliability,5ca356cb72a23200160ce912,8,ypc_05,A,full,A,True,A,1,True,1,1,1,0.3366829552428909
ai-reliability,5ca356cb72a23200160ce912,9,ypc_06,C,full,C,False,A,2,True,1,0,0,1.2128699231039075
ai-reliability,5ca356cb72a23200160ce912,10,car_racing_01,D,full,D,True,D,1,True,1,1,1,-1.7807688837545659
ai-reliability,5ca356cb72a23200160ce912,11,car_racing_02,C,full,C,True,C,1,True,1,1,1,1.1885313962188795
ai-reliability,5ca356cb72a23200160ce912,12,car_racing_03,B,full,B,True,B,1,True,1,1,1,-0.49082695884806904
ai-reliability,5ca356cb72a23200160ce912,13,car_racing_05,C,full,C,False,A,2,True,1,0,0,0.5313911703231169
ai-reliability,5ca356cb72a23200160ce912,14,graduation_party_01,B,full,B,True,B,1,True,1,1,1,-1.5130450880192552
ai-reliability,5ca356cb72a23200160ce912,15,graduation_party_05,D,full,D,False,A,1,True,1,0,0,0.14197474016266495
ai-reliability,5ca356cb72a23200160ce912,16,graduation_party_06,D,full,D,True,D,1,True,1,1,1,-0.3691343244229278
ai-reliability,5ca356cb72a23200160ce912,17,graduation_party_07,D,full,D,False,B,1,True,1,0,0,0.7017608585183145
ai-reliability,66d5b98153700fd933371467,6,ypc_02,D,full,D,True,D,1,True,1,1,1,-0.8072278083534364
ai-reliability,66d5b98153700fd933371467,7,ypc_03,A,full,A,False,B,1,True,1,0,0,0.847792019828484
ai-reliability,66d5b98153700fd933371467,8,ypc_05,D,full,D,False,A,1,True,1,0,0,0.3366829552428909
ai-reliability,66d5b98153700fd933371467,9,ypc_06,D,full,B,False,A,1,True,0,0,0,1.2128699231039075
ai-reliability,66d5b98153700fd933371467,10,car_racing_01,D,full,D,True,D,2,True,1,1,1,-1.7807688837545659
ai-reliability,66d5b98153700fd933371467,11,car_racing_02,B,full,B,False,C,1,True,1,0,0,1.1885313962188795
ai-reliability,66d5b98153700fd933371467,12,car_racing_03,D,full,D,False,B,1,True,1,0,0,-0.49082695884806904
ai-reliability,66d5b98153700fd933371467,13,car_racing_05,A,full,A,True,A,1,True,1,1,1,0.5313911703231169
ai-reliability,66d5b98153700fd933371467,14,graduation_party_01,B,full,B,True,B,1,True,1,1,1,-1.5130450880192552
ai-reliability,66d5b98153700fd933371467,15,graduation_party_05,A,full,A,True,A,1,True,1,1,1,0.14197474016266495
ai-reliability,66d5b98153700fd933371467,16,graduation_party_06,D,full,D,True,D,1,True,1,1,1,-0.3691343244229278
ai-reliability,66d5b98153700fd933371467,17,graduation_party_07,D,full,D,False,B,1,True,1,0,0,0.7017608585183145
ai-reliability,6a21a57078af3e9063c328ff,6,ypc_02,D,full,D,True,D,2,True,1,1,1,-0.8072278083534364
ai-reliability,6a21a57078af3e9063c328ff,7,ypc_03,A,full,A,False,B,1,True,1,0,0,0.847792019828484
ai-reliability,6a21a57078af3e9063c328ff,8,ypc_05,D,full,D,False,A,2,True,1,0,0,0.3366829552428909
ai-reliability,6a21a57078af3e9063c328ff,9,ypc_06,C,full,C,False,A,1,True,1,0,0,1.2128699231039075
ai-reliability,6a21a57078af3e9063c328ff,10,car_racing_01,D,full,D,True,D,1,True,1,1,1,-1.7807688837545659
ai-reliability,6a21a57078af3e9063c328ff,11,car_racing_02,D,full,D,False,C,1,True,1,0,0,1.1885313962188795
ai-reliability,6a21a57078af3e9063c328ff,12,car_racing_03,D,full,D,False,B,2,True,1,0,0,-0.49082695884806904
ai-reliability,6a21a57078af3e9063c328ff,14,graduation_party_01,B,full,B,True,B,1,True,1,1,1,-1.5130450880192552
ai-reliability,6a21a57078af3e9063c328ff,15,graduation_party_05,A,full,A,True,A,1,True,1,1,1,0.14197474016266495
ai-reliability,6a21a57078af3e9063c328ff,16,graduation_party_06,D,full,B,False,D,2,True,0,1,0,-0.3691343244229278
ai-reliability,6a21a57078af3e9063c328ff,17,graduation_party_07,D,full,D,False,B,2,True,1,0,0,0.7017608585183145
ai-reliability,69fdaf9d85430102ab57d442,8,ypc_05,D,full,D,False,A,1,True,1,0,0,0.3366829552428909
ai-reliability,69fdaf9d85430102ab57d442,14,graduation_party_01,B,full,B,True,B,1,True,1,1,1,-1.5130450880192552
ai-reliability,69fdaf9d85430102ab57d442,15,graduation_party_05,A,full,A,True,A,1,True,1,1,1,0.14197474016266495
ai-reliability,69fdaf9d85430102ab57d442,16,graduation_party_06,D,full,D,True,D,2,True,1,1,1,-0.3691343244229278
ai-reliability,69fdaf9d85430102ab57d442,17,graduation_party_07,D,full,D,False,B,1,True,1,0,0,0.7017608585183145
ai-reliability,67139698ab79b82f8afd1e93,6,ypc_02,D,full,D,True,D,1,True,1,1,1,-0.8072278083534364
ai-reliability,67139698ab79b82f8afd1e93,7,ypc_03,B,full,B,True,B,1,True,1,1,1,0.847792019828484
ai-reliability,67139698ab79b82f8afd1e93,8,ypc_05,A,full,A,True,A,1,True,1,1,1,0.3366829552428909
ai-reliability,67139698ab79b82f8afd1e93,9,ypc_06,D,full,D,False,A,2,True,1,0,0,1.2128699231039075
ai-reliability,67139698ab79b82f8afd1e93,10,car_racing_01,D,full,D,True,D,1,True,1,1,1,-1.7807688837545659
ai-reliability,67139698ab79b82f8afd1e93,12,car_racing_03,B,full,B,True,B,1,True,1,1,1,-0.49082695884806904
ai-reliability,67139698ab79b82f8afd1e93,13,car_racing_05,D,full,D,False,A,1,True,1,0,0,0.5313911703231169
ai-reliability,67139698ab79b82f8afd1e93,14,graduation_party_01,B,full,B,True,B,1,True,1,1,1,-1.5130450880192552
ai-reliability,67139698ab79b82f8afd1e93,15,graduation_party_05,A,full,A,True,A,1,True,1,1,1,0.14197474016266495
ai-reliability,67139698ab79b82f8afd1e93,16,graduation_party_06,B,full,B,False,D,2,True,1,0,0,-0.3691343244229278
ai-reliability,67139698ab79b82f8afd1e93,17,graduation_party_07,D,full,D,False,B,1,True,1,0,0,0.7017608585183145
ai-reliability,5e909d6c5321c13abee11725,6,ypc_02,B,full,B,False,D,1,True,1,0,0,-0.8072278083534364
ai-reliability,5e909d6c5321c13abee11725,7,ypc_03,B,full,B,True,B,1,True,1,1,1,0.847792019828484
ai-reliability,5e909d6c5321c13abee11725,8,ypc_05,D,full,D,False,A,1,True,1,0,0,0.3366829552428909
ai-reliability,5e909d6c5321c13abee11725,9,ypc_06,C,full,C,False,A,1,True,1,0,0,1.2128699231039075
ai-reliability,5e909d6c5321c13abee11725,10,car_racing_01,D,full,D,True,D,1,True,1,1,1,-1.7807688837545659
ai-reliability,5e909d6c5321c13abee11725,11,car_racing_02,D,full,D,False,C,1,True,1,0,0,1.1885313962188795
ai-reliability,5e909d6c5321c13abee11725,12,car_racing_03,B,full,B,True,B,1,True,1,1,1,-0.49082695884806904
ai-reliability,5e909d6c5321c13abee11725,13,car_racing_05,C,full,C,False,A,1,True,1,0,0,0.5313911703231169
ai-reliability,5e909d6c5321c13abee11725,14,graduation_party_01,B,full,A,False,B,1,True,0,1,0,-1.5130450880192552
ai-reliability,5e909d6c5321c13abee11725,15,graduation_party_05,A,full,A,True,A,1,True,1,1,1,0.14197474016266495
ai-reliability,5e909d6c5321c13abee11725,16,graduation_party_06,B,full,B,False,D,1,True,1,0,0,-0.3691343244229278
ai-reliability,5e909d6c5321c13abee11725,17,graduation_party_07,D,full,D,False,B,1,True,1,0,0,0.7017608585183145
ai-reliability,602566f8b47a130ae1d2f94b,6,ypc_02,A,full,A,False,D,1,True,1,0,0,-0.8072278083534364
ai-reliability,602566f8b47a130ae1d2f94b,7,ypc_03,B,full,B,True,B,1,True,1,1,1,0.847792019828484
ai-reliability,602566f8b47a130ae1d2f94b,8,ypc_05,A,full,A,True,A,1,True,1,1,1,0.3366829552428909
ai-reliability,602566f8b47a130ae1d2f94b,9,ypc_06,A,full,A,True,A,1,True,1,1,1,1.2128699231039075
ai-reliability,602566f8b47a130ae1d2f94b,10,car_racing_01,A,full,A,False,D,1,True,1,0,0,-1.7807688837545659
ai-reliability,602566f8b47a130ae1d2f94b,11,car_racing_02,A,full,C,True,C,1,True,0,0,1,1.1885313962188795
ai-reliability,602566f8b47a130ae1d2f94b,12,car_racing_03,C,full,A,False,B,1,True,0,0,0,-0.49082695884806904
ai-reliability,602566f8b47a130ae1d2f94b,13,car_racing_05,C,full,A,True,A,1,True,0,0,1,0.5313911703231169
ai-reliability,602566f8b47a130ae1d2f94b,14,graduation_party_01,C,full,A,False,B,1,True,0,0,0,-1.5130450880192552
ai-reliability,602566f8b47a130ae1d2f94b,15,graduation_party_05,D,full,D,False,A,1,True,1,0,0,0.14197474016266495
ai-reliability,602566f8b47a130ae1d2f94b,16,graduation_party_06,A,full,B,False,D,1,True,0,0,0,-0.3691343244229278
ai-reliability,602566f8b47a130ae1d2f94b,17,graduation_party_07,B,full,A,False,B,1,True,0,1,0,0.7017608585183145
ai-reliability,65bbf83dbe0f27e1a871bf48,6,ypc_02,D,full,D,True,D,1,True,1,1,1,-0.8072278083534364
ai-reliability,65bbf83dbe0f27e1a871bf48,7,ypc_03,A,full,A,False,B,2,True,1,0,0,0.847792019828484
ai-reliability,65bbf83dbe0f27e1a871bf48,8,ypc_05,D,full,B,False,A,1,True,0,0,0,0.3366829552428909
ai-reliability,65bbf83dbe0f27e1a871bf48,9,ypc_06,D,full,D,False,A,1,True,1,0,0,1.2128699231039075
ai-reliability,65bbf83dbe0f27e1a871bf48,11,car_racing_02,B,full,B,False,C,1,True,1,0,0,1.1885313962188795
ai-reliability,65bbf83dbe0f27e1a871bf48,12,car_racing_03,B,full,B,True,B,2,True,1,1,1,-0.49082695884806904
ai-reliability,65bbf83dbe0f27e1a871bf48,13,car_racing_05,C,full,C,False,A,1,True,1,0,0,0.5313911703231169
ai-reliability,65bbf83dbe0f27e1a871bf48,14,graduation_party_01,C,full,C,False,B,1,True,1,0,0,-1.5130450880192552
ai-reliability,65bbf83dbe0f27e1a871bf48,15,graduation_party_05,D,full,D,False,A,1,True,1,0,0,0.14197474016266495
ai-reliability,65bbf83dbe0f27e1a871bf48,16,graduation_party_06,B,full,B,False,D,1,True,1,0,0,-0.3691343244229278
ai-reliability,65bbf83dbe0f27e1a871bf48,17,graduation_party_07,D,full,D,False,B,1,True,1,0,0,0.7017608585183145
ai-reliability,5ba33d995196c600014853b6,6,ypc_02,D,full,D,True,D,2,True,1,1,1,-0.8072278083534364
ai-reliability,5ba33d995196c600014853b6,7,ypc_03,A,full,A,False,B,2,True,1,0,0,0.847792019828484
ai-reliability,5ba33d995196c600014853b6,8,ypc_05,D,full,D,False,A,1,True,1,0,0,0.3366829552428909
ai-reliability,5ba33d995196c600014853b6,9,ypc_06,C,full,C,False,A,3,True,1,0,0,1.2128699231039075
ai-reliability,5ba33d995196c600014853b6,10,car_racing_01,D,full,D,True,D,1,True,1,1,1,-1.7807688837545659
ai-reliability,5ba33d995196c600014853b6,11,car_racing_02,B,full,B,False,C,1,True,1,0,0,1.1885313962188795
ai-reliability,5ba33d995196c600014853b6,12,car_racing_03,B,full,B,True,B,2,True,1,1,1,-0.49082695884806904
ai-reliability,5ba33d995196c600014853b6,13,car_racing_05,A,full,A,True,A,2,True,1,1,1,0.5313911703231169
ai-reliability,5ba33d995196c600014853b6,14,graduation_party_01,B,full,B,True,B,1,True,1,1,1,-1.5130450880192552
ai-reliability,5ba33d995196c600014853b6,15,graduation_party_05,A,full,A,True,A,1,True,1,1,1,0.14197474016266495
ai-reliability,5ba33d995196c600014853b6,16,graduation_party_06,D,full,A,False,D,1,True,0,1,0,-0.3691343244229278
ai-reliability,5ba33d995196c600014853b6,17,graduation_party_07,D,full,D,False,B,1,True,1,0,0,0.7017608585183145
ai-reliability,6a00bcb801abd80f812f7c4b,6,ypc_02,D,full,D,True,D,2,True,1,1,1,-0.8072278083534364
ai-reliability,6a00bcb801abd80f812f7c4b,7,ypc_03,D,full,D,False,B,2,True,1,0,0,0.847792019828484
ai-reliability,6a00bcb801abd80f812f7c4b,8,ypc_05,A,full,A,True,A,2,True,1,1,1,0.3366829552428909
ai-reliability,6a00bcb801abd80f812f7c4b,9,ypc_06,D,full,D,False,A,1,True,1,0,0,1.2128699231039075
ai-reliability,6a00bcb801abd80f812f7c4b,10,car_racing_01,D,full,D,True,D,2,True,1,1,1,-1.7807688837545659
ai-reliability,6a00bcb801abd80f812f7c4b,11,car_racing_02,B,full,B,False,C,2,True,1,0,0,1.1885313962188795
ai-reliability,6a00bcb801abd80f812f7c4b,12,car_racing_03,D,full,D,False,B,2,True,1,0,0,-0.49082695884806904
ai-reliability,6a00bcb801abd80f812f7c4b,13,car_racing_05,B,full,D,False,A,2,True,0,0,0,0.5313911703231169
ai-reliability,6a00bcb801abd80f812f7c4b,14,graduation_party_01,B,full,B,True,B,2,True,1,1,1,-1.5130450880192552
ai-reliability,6a00bcb801abd80f812f7c4b,15,graduation_party_05,D,full,A,True,A,2,True,0,0,1,0.14197474016266495
ai-reliability,6a00bcb801abd80f812f7c4b,16,graduation_party_06,B,full,B,False,D,2,True,1,0,0,-0.3691343244229278
ai-reliability,6a00bcb801abd80f812f7c4b,17,graduation_party_07,D,full,A,False,B,2,True,0,0,0,0.7017608585183145
ai-reliability,69ee2a86be2657dd6b52f0dc,6,ypc_02,D,full,B,False,D,2,True,0,1,0,-0.8072278083534364
ai-reliability,69ee2a86be2657dd6b52f0dc,7,ypc_03,A,full,C,False,B,2,True,0,0,0,0.847792019828484
ai-reliability,69ee2a86be2657dd6b52f0dc,8,ypc_05,A,full,D,False,A,2,True,0,1,0,0.3366829552428909
ai-reliability,69ee2a86be2657dd6b52f0dc,9,ypc_06,C,full,A,True,A,2,True,0,0,1,1.2128699231039075
ai-reliability,69ee2a86be2657dd6b52f0dc,10,car_racing_01,D,full,D,True,D,2,True,1,1,1,-1.7807688837545659
ai-reliability,69ee2a86be2657dd6b52f0dc,11,car_racing_02,B,full,B,False,C,2,True,1,0,0,1.1885313962188795
ai-reliability,69ee2a86be2657dd6b52f0dc,12,car_racing_03,B,full,D,False,B,2,True,0,1,0,-0.49082695884806904
ai-reliability,69ee2a86be2657dd6b52f0dc,13,car_racing_05,D,full,A,True,A,2,True,0,0,1,0.5313911703231169
ai-reliability,69ee2a86be2657dd6b52f0dc,14,graduation_party_01,B,full,B,True,B,2,True,1,1,1,-1.5130450880192552
ai-reliability,69ee2a86be2657dd6b52f0dc,15,graduation_party_05,D,full,A,True,A,2,True,0,0,1,0.14197474016266495
ai-reliability,69ee2a86be2657dd6b52f0dc,16,graduation_party_06,D,full,B,False,D,2,True,0,1,0,-0.3691343244229278
ai-reliability,69ee2a86be2657dd6b52f0dc,17,graduation_party_07,D,full,B,True,B,2,True,0,0,1,0.7017608585183145
ai-reliability,6a0de69c307d0b81b5a95bf9,6,ypc_02,A,full,A,False,D,1,True,1,0,0,-0.8072278083534364
ai-reliability,6a0de69c307d0b81b5a95bf9,7,ypc_03,C,full,C,False,B,1,True,1,0,0,0.847792019828484
ai-reliability,6a0de69c307d0b81b5a95bf9,8,ypc_05,D,full,D,False,A,1,True,1,0,0,0.3366829552428909
ai-reliability,6a0de69c307d0b81b5a95bf9,9,ypc_06,B,full,B,False,A,1,True,1,0,0,1.2128699231039075
ai-reliability,6a0de69c307d0b81b5a95bf9,10,car_racing_01,D,full,D,True,D,1,True,1,1,1,-1.7807688837545659
ai-reliability,6a0de69c307d0b81b5a95bf9,11,car_racing_02,B,full,B,False,C,1,True,1,0,0,1.1885313962188795
ai-reliability,6a0de69c307d0b81b5a95bf9,12,car_racing_03,B,full,B,True,B,2,True,1,1,1,-0.49082695884806904
ai-reliability,6a0de69c307d0b81b5a95bf9,13,car_racing_05,D,full,D,False,A,1,True,1,0,0,0.5313911703231169
ai-reliability,6a0de69c307d0b81b5a95bf9,14,graduation_party_01,B,full,B,True,B,1,True,1,1,1,-1.5130450880192552
ai-reliability,6a0de69c307d0b81b5a95bf9,15,graduation_party_05,A,full,A,True,A,1,True,1,1,1,0.14197474016266495
ai-reliability,6a0de69c307d0b81b5a95bf9,16,graduation_party_06,D,full,D,True,D,1,True,1,1,1,-0.3691343244229278
ai-reliability,6a0de69c307d0b81b5a95bf9,17,graduation_party_07,A,full,A,False,B,1,True,1,0,0,0.7017608585183145
ai-reliability,6a2409cf2b45d40f46952ea2,6,ypc_02,D,full,D,True,D,1,True,1,1,1,-0.8072278083534364
ai-reliability,6a2409cf2b45d40f46952ea2,7,ypc_03,B,full,B,True,B,4,True,1,1,1,0.847792019828484
ai-reliability,6a2409cf2b45d40f46952ea2,8,ypc_05,D,full,D,False,A,1,True,1,0,0,0.3366829552428909
ai-reliability,6a2409cf2b45d40f46952ea2,9,ypc_06,C,full,C,False,A,1,True,1,0,0,1.2128699231039075
ai-reliability,6a2409cf2b45d40f46952ea2,10,car_racing_01,D,full,D,True,D,1,True,1,1,1,-1.7807688837545659
ai-reliability,6a2409cf2b45d40f46952ea2,11,car_racing_02,B,full,B,False,C,2,True,1,0,0,1.1885313962188795
ai-reliability,6a2409cf2b45d40f46952ea2,12,car_racing_03,B,full,B,True,B,1,True,1,1,1,-0.49082695884806904
ai-reliability,6a2409cf2b45d40f46952ea2,13,car_racing_05,C,full,C,False,A,1,True,1,0,0,0.5313911703231169
ai-reliability,6a2409cf2b45d40f46952ea2,14,graduation_party_01,B,full,B,True,B,3,True,1,1,1,-1.5130450880192552
ai-reliability,6a2409cf2b45d40f46952ea2,15,graduation_party_05,D,full,D,False,A,1,True,1,0,0,0.14197474016266495
ai-reliability,6a2409cf2b45d40f46952ea2,16,graduation_party_06,D,full,D,True,D,1,True,1,1,1,-0.3691343244229278
ai-reliability,6a2409cf2b45d40f46952ea2,17,graduation_party_07,D,full,D,False,B,1,True,1,0,0,0.7017608585183145
ai-reliability,6a2213047c98121dd4e08cfe,6,ypc_02,D,full,A,False,D,1,True,0,1,0,-0.8072278083534364
ai-reliability,6a2213047c98121dd4e08cfe,7,ypc_03,C,full,C,False,B,2,True,1,0,0,0.847792019828484
ai-reliability,6a2213047c98121dd4e08cfe,8,ypc_05,A,full,A,True,A,1,True,1,1,1,0.3366829552428909
ai-reliability,6a2213047c98121dd4e08cfe,9,ypc_06,B,full,B,False,A,1,True,1,0,0,1.2128699231039075
ai-reliability,6a2213047c98121dd4e08cfe,10,car_racing_01,D,full,D,True,D,1,True,1,1,1,-1.7807688837545659
ai-reliability,6a2213047c98121dd4e08cfe,11,car_racing_02,D,full,D,False,C,1,True,1,0,0,1.1885313962188795
ai-reliability,6a2213047c98121dd4e08cfe,12,car_racing_03,D,full,D,False,B,1,True,1,0,0,-0.49082695884806904
ai-reliability,6a2213047c98121dd4e08cfe,13,car_racing_05,D,full,D,False,A,2,True,1,0,0,0.5313911703231169
ai-reliability,6a2213047c98121dd4e08cfe,14,graduation_party_01,C,full,C,False,B,2,True,1,0,0,-1.5130450880192552
ai-reliability,6a2213047c98121dd4e08cfe,15,graduation_party_05,B,full,B,False,A,1,True,1,0,0,0.14197474016266495
ai-reliability,6a2213047c98121dd4e08cfe,16,graduation_party_06,B,full,B,False,D,1,True,1,0,0,-0.3691343244229278
ai-reliability,6a2213047c98121dd4e08cfe,17,graduation_party_07,D,full,D,False,B,1,True,1,0,0,0.7017608585183145
ai-reliability,63beebaa4c5884797ff00a98,6,ypc_02,A,full,A,False,D,2,True,1,0,0,-0.8072278083534364
ai-reliability,63beebaa4c5884797ff00a98,7,ypc_03,A,full,C,False,B,1,True,0,0,0,0.847792019828484
ai-reliability,63beebaa4c5884797ff00a98,8,ypc_05,D,full,D,False,A,1,True,1,0,0,0.3366829552428909
ai-reliability,63beebaa4c5884797ff00a98,9,ypc_06,C,full,C,False,A,1,True,1,0,0,1.2128699231039075
ai-reliability,63beebaa4c5884797ff00a98,10,car_racing_01,D,full,D,True,D,2,True,1,1,1,-1.7807688837545659
ai-reliability,63beebaa4c5884797ff00a98,11,car_racing_02,B,full,C,True,C,1,True,0,0,1,1.1885313962188795
ai-reliability,63beebaa4c5884797ff00a98,12,car_racing_03,D,full,D,False,B,1,True,1,0,0,-0.49082695884806904
ai-reliability,63beebaa4c5884797ff00a98,13,car_racing_05,C,full,A,True,A,1,True,0,0,1,0.5313911703231169
ai-reliability,63beebaa4c5884797ff00a98,15,graduation_party_05,D,full,B,False,A,1,True,0,0,0,0.14197474016266495
ai-reliability,63beebaa4c5884797ff00a98,16,graduation_party_06,D,full,D,True,D,1,True,1,1,1,-0.3691343244229278
ai-reliability,63beebaa4c5884797ff00a98,17,graduation_party_07,D,full,D,False,B,1,True,1,0,0,0.7017608585183145
ai-reliability,69fcc5eb8c8ed4f5ace0d917,10,car_racing_01,D,full,D,True,D,1,True,1,1,1,-1.7807688837545659
ai-reliability,69fcc5eb8c8ed4f5ace0d917,11,car_racing_02,C,full,C,True,C,2,True,1,1,1,1.1885313962188795
ai-reliability,69fcc5eb8c8ed4f5ace0d917,12,car_racing_03,B,full,B,True,B,1,True,1,1,1,-0.49082695884806904
ai-reliability,69fcc5eb8c8ed4f5ace0d917,13,car_racing_05,A,full,A,True,A,1,True,1,1,1,0.5313911703231169
ai-reliability,69fcc5eb8c8ed4f5ace0d917,14,graduation_party_01,B,full,B,True,B,1,True,1,1,1,-1.5130450880192552
ai-reliability,69fcc5eb8c8ed4f5ace0d917,15,graduation_party_05,A,full,A,True,A,1,True,1,1,1,0.14197474016266495
ai-reliability,69fcc5eb8c8ed4f5ace0d917,16,graduation_party_06,B,full,B,False,D,1,True,1,0,0,-0.3691343244229278
ai-reliability,69fcc5eb8c8ed4f5ace0d917,17,graduation_party_07,D,full,D,False,B,2,True,1,0,0,0.7017608585183145
ai-reliability,6a12071b383cff537e09f28b,6,ypc_02,A,full,A,False,D,1,True,1,0,0,-0.8072278083534364
ai-reliability,6a12071b383cff537e09f28b,7,ypc_03,A,full,A,False,B,3,True,1,0,0,0.847792019828484
ai-reliability,6a12071b383cff537e09f28b,8,ypc_05,D,full,D,False,A,1,True,1,0,0,0.3366829552428909
ai-reliability,6a12071b383cff537e09f28b,9,ypc_06,B,full,B,False,A,1,True,1,0,0,1.2128699231039075
ai-reliability,6a12071b383cff537e09f28b,10,car_racing_01,D,full,D,True,D,3,True,1,1,1,-1.7807688837545659
ai-reliability,6a12071b383cff537e09f28b,11,car_racing_02,C,full,C,True,C,1,True,1,1,1,1.1885313962188795
ai-reliability,6a12071b383cff537e09f28b,12,car_racing_03,B,full,B,True,B,1,True,1,1,1,-0.49082695884806904
ai-reliability,6a12071b383cff537e09f28b,13,car_racing_05,C,full,C,False,A,1,True,1,0,0,0.5313911703231169
ai-reliability,6a12071b383cff537e09f28b,14,graduation_party_01,B,full,B,True,B,4,True,1,1,1,-1.5130450880192552
ai-reliability,6a12071b383cff537e09f28b,15,graduation_party_05,A,full,A,True,A,1,True,1,1,1,0.14197474016266495
ai-reliability,6a12071b383cff537e09f28b,16,graduation_party_06,B,full,B,False,D,3,True,1,0,0,-0.3691343244229278
ai-reliability,6a12071b383cff537e09f28b,17,graduation_party_07,B,full,B,True,B,1,True,1,1,1,0.7017608585183145
ai-reliability,60d35fa71e56e17e064c2c1e,6,ypc_02,A,full,D,True,D,1,True,0,0,1,-0.8072278083534364
ai-reliability,60d35fa71e56e17e064c2c1e,7,ypc_03,A,full,D,False,B,2,True,0,0,0,0.847792019828484
ai-reliability,60d35fa71e56e17e064c2c1e,8,ypc_05,A,full,D,False,A,1,True,0,1,0,0.3366829552428909
ai-reliability,60d35fa71e56e17e064c2c1e,9,ypc_06,C,full,A,True,A,1,True,0,0,1,1.2128699231039075
ai-reliability,60d35fa71e56e17e064c2c1e,10,car_racing_01,D,full,D,True,D,1,True,1,1,1,-1.7807688837545659
ai-reliability,60d35fa71e56e17e064c2c1e,11,car_racing_02,C,full,D,False,C,1,True,0,1,0,1.1885313962188795
ai-reliability,60d35fa71e56e17e064c2c1e,12,car_racing_03,B,full,D,False,B,1,True,0,1,0,-0.49082695884806904
ai-reliability,60d35fa71e56e17e064c2c1e,13,car_racing_05,D,full,D,False,A,2,True,1,0,0,0.5313911703231169
ai-reliability,60d35fa71e56e17e064c2c1e,14,graduation_party_01,B,full,B,True,B,2,True,1,1,1,-1.5130450880192552
ai-reliability,60d35fa71e56e17e064c2c1e,15,graduation_party_05,A,full,A,True,A,1,True,1,1,1,0.14197474016266495
ai-reliability,60d35fa71e56e17e064c2c1e,16,graduation_party_06,A,full,B,False,D,1,True,0,0,0,-0.3691343244229278
ai-reliability,60d35fa71e56e17e064c2c1e,17,graduation_party_07,D,full,D,False,B,1,True,1,0,0,0.7017608585183145
ai-reliability,58ff31a1d10e2b000108579e,6,ypc_02,A,full,A,False,D,1,True,1,0,0,-0.8072278083534364
ai-reliability,58ff31a1d10e2b000108579e,7,ypc_03,B,full,A,False,B,1,True,0,1,0,0.847792019828484
ai-reliability,58ff31a1d10e2b000108579e,8,ypc_05,A,full,A,True,A,3,True,1,1,1,0.3366829552428909
ai-reliability,58ff31a1d10e2b000108579e,9,ypc_06,A,full,A,True,A,2,True,1,1,1,1.2128699231039075
ai-reliability,58ff31a1d10e2b000108579e,10,car_racing_01,D,full,A,False,D,2,True,0,1,0,-1.7807688837545659
ai-reliability,58ff31a1d10e2b000108579e,11,car_racing_02,B,full,B,False,C,1,True,1,0,0,1.1885313962188795
ai-reliability,58ff31a1d10e2b000108579e,12,car_racing_03,B,full,B,True,B,1,True,1,1,1,-0.49082695884806904
ai-reliability,58ff31a1d10e2b000108579e,13,car_racing_05,D,full,D,False,A,1,True,1,0,0,0.5313911703231169
ai-reliability,58ff31a1d10e2b000108579e,14,graduation_party_01,B,full,B,True,B,2,True,1,1,1,-1.5130450880192552
ai-reliability,58ff31a1d10e2b000108579e,15,graduation_party_05,A,full,A,True,A,1,True,1,1,1,0.14197474016266495
ai-reliability,6a15d2732cabece02074c924,6,ypc_02,A,full,A,False,D,1,True,1,0,0,-0.8072278083534364
ai-reliability,6a15d2732cabece02074c924,7,ypc_03,A,full,A,False,B,1,True,1,0,0,0.847792019828484
ai-reliability,6a15d2732cabece02074c924,8,ypc_05,D,full,D,False,A,1,True,1,0,0,0.3366829552428909
ai-reliability,6a15d2732cabece02074c924,9,ypc_06,B,full,B,False,A,1,True,1,0,0,1.2128699231039075
ai-reliability,6a15d2732cabece02074c924,10,car_racing_01,D,full,D,True,D,1,True,1,1,1,-1.7807688837545659
ai-reliability,6a15d2732cabece02074c924,11,car_racing_02,B,full,B,False,C,1,True,1,0,0,1.1885313962188795
ai-reliability,6a15d2732cabece02074c924,12,car_racing_03,D,full,D,False,B,1,True,1,0,0,-0.49082695884806904
ai-reliability,6a15d2732cabece02074c924,13,car_racing_05,D,full,D,False,A,1,True,1,0,0,0.5313911703231169
ai-reliability,6a15d2732cabece02074c924,14,graduation_party_01,B,full,B,True,B,1,True,1,1,1,-1.5130450880192552
ai-reliability,6a15d2732cabece02074c924,15,graduation_party_05,D,full,D,False,A,3,True,1,0,0,0.14197474016266495
ai-reliability,6a15d2732cabece02074c924,16,graduation_party_06,D,full,D,True,D,1,True,1,1,1,-0.3691343244229278
ai-reliability,6a15d2732cabece02074c924,17,graduation_party_07,D,full,D,False,B,1,True,1,0,0,0.7017608585183145
ai-reliability,69ea3ae0cebb94ec4126d00d,6,ypc_02,D,full,D,True,D,1,True,1,1,1,-0.8072278083534364
ai-reliability,69ea3ae0cebb94ec4126d00d,7,ypc_03,D,full,D,False,B,1,True,1,0,0,0.847792019828484
ai-reliability,69ea3ae0cebb94ec4126d00d,8,ypc_05,D,full,D,False,A,1,True,1,0,0,0.3366829552428909
ai-reliability,69ea3ae0cebb94ec4126d00d,9,ypc_06,B,full,B,False,A,1,True,1,0,0,1.2128699231039075
ai-reliability,69ea3ae0cebb94ec4126d00d,10,car_racing_01,D,full,D,True,D,1,True,1,1,1,-1.7807688837545659
ai-reliability,69ea3ae0cebb94ec4126d00d,11,car_racing_02,C,full,C,True,C,3,True,1,1,1,1.1885313962188795
ai-reliability,69ea3ae0cebb94ec4126d00d,12,car_racing_03,B,full,B,True,B,2,True,1,1,1,-0.49082695884806904
ai-reliability,69ea3ae0cebb94ec4126d00d,13,car_racing_05,D,full,D,False,A,1,True,1,0,0,0.5313911703231169
ai-reliability,69ea3ae0cebb94ec4126d00d,14,graduation_party_01,B,full,B,True,B,1,True,1,1,1,-1.5130450880192552
ai-reliability,69ea3ae0cebb94ec4126d00d,15,graduation_party_05,D,full,D,False,A,1,True,1,0,0,0.14197474016266495
ai-reliability,69ea3ae0cebb94ec4126d00d,16,graduation_party_06,D,full,D,True,D,1,True,1,1,1,-0.3691343244229278
ai-reliability,69ea3ae0cebb94ec4126d00d,17,graduation_party_07,D,full,D,False,B,1,True,1,0,0,0.7017608585183145
ai-reliability,60b3a96992ed9ff79208cd7a,6,ypc_02,D,full,B,False,D,1,True,0,1,0,-0.8072278083534364
ai-reliability,60b3a96992ed9ff79208cd7a,7,ypc_03,C,full,A,False,B,1,True,0,0,0,0.847792019828484
ai-reliability,60b3a96992ed9ff79208cd7a,8,ypc_05,C,full,B,False,A,1,True,0,0,0,0.3366829552428909
ai-reliability,60b3a96992ed9ff79208cd7a,10,car_racing_01,C,full,B,False,D,1,True,0,0,0,-1.7807688837545659
ai-reliability,60b3a96992ed9ff79208cd7a,11,car_racing_02,D,full,C,True,C,1,True,0,0,1,1.1885313962188795
ai-reliability,60b3a96992ed9ff79208cd7a,12,car_racing_03,C,full,C,False,B,1,True,1,0,0,-0.49082695884806904
ai-reliability,60b3a96992ed9ff79208cd7a,14,graduation_party_01,B,full,B,True,B,1,True,1,1,1,-1.5130450880192552
ai-reliability,60b3a96992ed9ff79208cd7a,15,graduation_party_05,D,full,D,False,A,1,True,1,0,0,0.14197474016266495
ai-reliability,69f32784fdfdfa574a4ce7a5,6,ypc_02,D,full,B,False,D,1,True,0,1,0,-0.8072278083534364
ai-reliability,69f32784fdfdfa574a4ce7a5,7,ypc_03,A,full,A,False,B,2,True,1,0,0,0.847792019828484
ai-reliability,69f32784fdfdfa574a4ce7a5,8,ypc_05,D,full,C,False,A,1,True,0,0,0,0.3366829552428909
ai-reliability,69f32784fdfdfa574a4ce7a5,9,ypc_06,A,full,A,True,A,1,True,1,1,1,1.2128699231039075
ai-reliability,69f32784fdfdfa574a4ce7a5,10,car_racing_01,D,full,D,True,D,1,True,1,1,1,-1.7807688837545659
ai-reliability,69f32784fdfdfa574a4ce7a5,11,car_racing_02,B,full,B,False,C,2,True,1,0,0,1.1885313962188795
ai-reliability,69f32784fdfdfa574a4ce7a5,12,car_racing_03,B,full,B,True,B,1,True,1,1,1,-0.49082695884806904
ai-reliability,69f32784fdfdfa574a4ce7a5,13,car_racing_05,B,full,B,False,A,1,True,1,0,0,0.5313911703231169
ai-reliability,69f32784fdfdfa574a4ce7a5,14,graduation_party_01,B,full,B,True,B,1,True,1,1,1,-1.5130450880192552
ai-reliability,69f32784fdfdfa574a4ce7a5,15,graduation_party_05,A,full,A,True,A,2,True,1,1,1,0.14197474016266495
ai-reliability,69f32784fdfdfa574a4ce7a5,16,graduation_party_06,D,full,D,True,D,1,True,1,1,1,-0.3691343244229278
ai-reliability,69f32784fdfdfa574a4ce7a5,17,graduation_party_07,D,full,D,False,B,1,True,1,0,0,0.7017608585183145
ai-reliability,697ce85c6bc7a3ecc8d3a36b,8,ypc_05,A,full,A,True,A,2,True,1,1,1,0.3366829552428909
ai-reliability,697ce85c6bc7a3ecc8d3a36b,9,ypc_06,D,full,D,False,A,2,True,1,0,0,1.2128699231039075
ai-reliability,697ce85c6bc7a3ecc8d3a36b,10,car_racing_01,D,full,D,True,D,1,True,1,1,1,-1.7807688837545659
ai-reliability,697ce85c6bc7a3ecc8d3a36b,11,car_racing_02,B,full,D,False,C,1,True,0,0,0,1.1885313962188795
ai-reliability,697ce85c6bc7a3ecc8d3a36b,14,graduation_party_01,B,full,B,True,B,2,True,1,1,1,-1.5130450880192552
ai-reliability,697ce85c6bc7a3ecc8d3a36b,15,graduation_party_05,A,full,A,True,A,2,True,1,1,1,0.14197474016266495
ai-reliability,697ce85c6bc7a3ecc8d3a36b,16,graduation_party_06,A,full,A,False,D,2,True,1,0,0,-0.3691343244229278
ai-reliability,697ce85c6bc7a3ecc8d3a36b,17,graduation_party_07,A,full,D,False,B,1,True,0,0,0,0.7017608585183145
ai-reliability,69fa1661524487df9d12bcd3,6,ypc_02,D,full,D,True,D,1,True,1,1,1,-0.8072278083534364
ai-reliability,69fa1661524487df9d12bcd3,7,ypc_03,A,full,A,False,B,1,True,1,0,0,0.847792019828484
ai-reliability,69fa1661524487df9d12bcd3,8,ypc_05,D,full,D,False,A,1,True,1,0,0,0.3366829552428909
ai-reliability,69fa1661524487df9d12bcd3,9,ypc_06,A,full,A,True,A,4,True,1,1,1,1.2128699231039075
ai-reliability,69fa1661524487df9d12bcd3,10,car_racing_01,D,full,D,True,D,3,True,1,1,1,-1.7807688837545659
ai-reliability,69fa1661524487df9d12bcd3,11,car_racing_02,D,full,D,False,C,1,True,1,0,0,1.1885313962188795
ai-reliability,69fa1661524487df9d12bcd3,12,car_racing_03,B,full,B,True,B,2,True,1,1,1,-0.49082695884806904
ai-reliability,69fa1661524487df9d12bcd3,13,car_racing_05,A,full,A,True,A,1,True,1,1,1,0.5313911703231169
ai-reliability,69fa1661524487df9d12bcd3,14,graduation_party_01,C,full,C,False,B,2,True,1,0,0,-1.5130450880192552
ai-reliability,69fa1661524487df9d12bcd3,15,graduation_party_05,A,full,A,True,A,1,True,1,1,1,0.14197474016266495
ai-reliability,69fa1661524487df9d12bcd3,16,graduation_party_06,D,full,D,True,D,1,True,1,1,1,-0.3691343244229278
ai-reliability,69fa1661524487df9d12bcd3,17,graduation_party_07,D,full,D,False,B,1,True,1,0,0,0.7017608585183145
ai-reliability,69e6ca5cda0abb6476671ca3,6,ypc_02,B,full,B,False,D,2,True,1,0,0,-0.8072278083534364
ai-reliability,69e6ca5cda0abb6476671ca3,7,ypc_03,A,full,A,False,B,2,True,1,0,0,0.847792019828484
ai-reliability,69e6ca5cda0abb6476671ca3,8,ypc_05,D,full,D,False,A,2,True,1,0,0,0.3366829552428909
ai-reliability,69e6ca5cda0abb6476671ca3,9,ypc_06,C,full,C,False,A,2,True,1,0,0,1.2128699231039075
ai-reliability,69e6ca5cda0abb6476671ca3,10,car_racing_01,D,full,D,True,D,2,True,1,1,1,-1.7807688837545659
ai-reliability,69e6ca5cda0abb6476671ca3,11,car_racing_02,B,full,B,False,C,3,True,1,0,0,1.1885313962188795
ai-reliability,69e6ca5cda0abb6476671ca3,12,car_racing_03,B,full,B,True,B,2,True,1,1,1,-0.49082695884806904
ai-reliability,69e6ca5cda0abb6476671ca3,13,car_racing_05,D,full,D,False,A,2,True,1,0,0,0.5313911703231169
ai-reliability,69e6ca5cda0abb6476671ca3,14,graduation_party_01,B,full,B,True,B,2,True,1,1,1,-1.5130450880192552
ai-reliability,69e6ca5cda0abb6476671ca3,15,graduation_party_05,D,full,D,False,A,2,True,1,0,0,0.14197474016266495
ai-reliability,69e6ca5cda0abb6476671ca3,16,graduation_party_06,D,full,D,True,D,5,True,1,1,1,-0.3691343244229278
ai-reliability,69e6ca5cda0abb6476671ca3,17,graduation_party_07,D,full,D,False,B,3,True,1,0,0,0.7017608585183145
ai-reliability,6a0377ab9f56f6356a06f3ec,6,ypc_02,C,full,C,False,D,1,True,1,0,0,-0.8072278083534364
ai-reliability,6a0377ab9f56f6356a06f3ec,7,ypc_03,A,full,A,False,B,2,True,1,0,0,0.847792019828484
ai-reliability,6a0377ab9f56f6356a06f3ec,8,ypc_05,D,full,D,False,A,1,True,1,0,0,0.3366829552428909
ai-reliability,6a0377ab9f56f6356a06f3ec,9,ypc_06,C,full,C,False,A,1,True,1,0,0,1.2128699231039075
ai-reliability,6a0377ab9f56f6356a06f3ec,10,car_racing_01,A,full,A,False,D,1,True,1,0,0,-1.7807688837545659
ai-reliability,6a0377ab9f56f6356a06f3ec,11,car_racing_02,C,full,C,True,C,1,True,1,1,1,1.1885313962188795
ai-reliability,6a0377ab9f56f6356a06f3ec,12,car_racing_03,B,full,B,True,B,1,True,1,1,1,-0.49082695884806904
ai-reliability,6a0377ab9f56f6356a06f3ec,13,car_racing_05,A,full,A,True,A,1,True,1,1,1,0.5313911703231169
ai-reliability,6a0377ab9f56f6356a06f3ec,14,graduation_party_01,C,full,C,False,B,2,True,1,0,0,-1.5130450880192552
ai-reliability,6a0377ab9f56f6356a06f3ec,15,graduation_party_05,D,full,D,False,A,1,True,1,0,0,0.14197474016266495
ai-reliability,6a0377ab9f56f6356a06f3ec,16,graduation_party_06,B,full,B,False,D,1,True,1,0,0,-0.3691343244229278
ai-reliability,6a0377ab9f56f6356a06f3ec,17,graduation_party_07,B,full,B,True,B,1,True,1,1,1,0.7017608585183145
ai-reliability,69e7635ed757a3fa3d7ecef5,6,ypc_02,A,full,A,False,D,2,True,1,0,0,-0.8072278083534364
ai-reliability,69e7635ed757a3fa3d7ecef5,7,ypc_03,C,full,C,False,B,2,True,1,0,0,0.847792019828484
ai-reliability,69e7635ed757a3fa3d7ecef5,8,ypc_05,D,full,D,False,A,2,True,1,0,0,0.3366829552428909
ai-reliability,69e7635ed757a3fa3d7ecef5,9,ypc_06,D,full,D,False,A,2,True,1,0,0,1.2128699231039075
ai-reliability,69e7635ed757a3fa3d7ecef5,10,car_racing_01,D,full,D,True,D,2,True,1,1,1,-1.7807688837545659
ai-reliability,69e7635ed757a3fa3d7ecef5,11,car_racing_02,C,full,C,True,C,2,True,1,1,1,1.1885313962188795
ai-reliability,69e7635ed757a3fa3d7ecef5,12,car_racing_03,D,full,D,False,B,4,True,1,0,0,-0.49082695884806904
ai-reliability,69e7635ed757a3fa3d7ecef5,13,car_racing_05,A,full,A,True,A,2,True,1,1,1,0.5313911703231169
ai-reliability,69e7635ed757a3fa3d7ecef5,14,graduation_party_01,B,full,B,True,B,2,True,1,1,1,-1.5130450880192552
ai-reliability,69e7635ed757a3fa3d7ecef5,15,graduation_party_05,D,full,D,False,A,2,True,1,0,0,0.14197474016266495
ai-reliability,69e7635ed757a3fa3d7ecef5,17,graduation_party_07,D,full,D,False,B,2,True,1,0,0,0.7017608585183145
ai-reliability,6a22c3eb4725e325fd168a95,6,ypc_02,A,full,A,False,D,1,True,1,0,0,-0.8072278083534364
ai-reliability,6a22c3eb4725e325fd168a95,7,ypc_03,D,full,B,True,B,1,True,0,0,1,0.847792019828484
ai-reliability,6a22c3eb4725e325fd168a95,8,ypc_05,D,full,D,False,A,1,True,1,0,0,0.3366829552428909
ai-reliability,6a22c3eb4725e325fd168a95,9,ypc_06,D,full,D,False,A,2,True,1,0,0,1.2128699231039075
ai-reliability,6a22c3eb4725e325fd168a95,10,car_racing_01,D,full,D,True,D,2,True,1,1,1,-1.7807688837545659
ai-reliability,6a22c3eb4725e325fd168a95,11,car_racing_02,B,full,B,False,C,1,True,1,0,0,1.1885313962188795
ai-reliability,6a22c3eb4725e325fd168a95,12,car_racing_03,B,full,B,True,B,2,True,1,1,1,-0.49082695884806904
ai-reliability,6a22c3eb4725e325fd168a95,13,car_racing_05,A,full,A,True,A,1,True,1,1,1,0.5313911703231169
ai-reliability,6a22c3eb4725e325fd168a95,14,graduation_party_01,B,full,B,True,B,1,True,1,1,1,-1.5130450880192552
ai-reliability,6a22c3eb4725e325fd168a95,15,graduation_party_05,A,full,A,True,A,2,True,1,1,1,0.14197474016266495
ai-reliability,6a22c3eb4725e325fd168a95,16,graduation_party_06,D,full,D,True,D,1,True,1,1,1,-0.3691343244229278
ai-reliability,6a22c3eb4725e325fd168a95,17,graduation_party_07,D,full,D,False,B,1,True,1,0,0,0.7017608585183145
ai-reliability,6a1d90acdbc882a935904998,6,ypc_02,D,full,D,True,D,1,True,1,1,1,-0.8072278083534364
ai-reliability,6a1d90acdbc882a935904998,7,ypc_03,B,full,B,True,B,1,True,1,1,1,0.847792019828484
ai-reliability,6a1d90acdbc882a935904998,8,ypc_05,A,full,A,True,A,1,True,1,1,1,0.3366829552428909
ai-reliability,6a1d90acdbc882a935904998,9,ypc_06,B,full,B,False,A,2,True,1,0,0,1.2128699231039075
ai-reliability,6a1d90acdbc882a935904998,10,car_racing_01,D,full,D,True,D,1,True,1,1,1,-1.7807688837545659
ai-reliability,6a1d90acdbc882a935904998,11,car_racing_02,B,full,B,False,C,1,True,1,0,0,1.1885313962188795
ai-reliability,6a1d90acdbc882a935904998,12,car_racing_03,C,full,C,False,B,2,True,1,0,0,-0.49082695884806904
ai-reliability,6a1d90acdbc882a935904998,13,car_racing_05,C,full,C,False,A,1,True,1,0,0,0.5313911703231169
ai-reliability,6a1d90acdbc882a935904998,14,graduation_party_01,B,full,B,True,B,1,True,1,1,1,-1.5130450880192552
ai-reliability,6a1d90acdbc882a935904998,15,graduation_party_05,C,full,D,False,A,3,True,0,0,0,0.14197474016266495
ai-reliability,6a1d90acdbc882a935904998,16,graduation_party_06,D,full,D,True,D,1,True,1,1,1,-0.3691343244229278
ai-reliability,6a1d90acdbc882a935904998,17,graduation_party_07,C,full,C,False,B,1,True,1,0,0,0.7017608585183145
ai-reliability,6a00de0fef1ab5f141829594,6,ypc_02,B,full,B,False,D,1,True,1,0,0,-0.8072278083534364
ai-reliability,6a00de0fef1ab5f141829594,7,ypc_03,A,full,A,False,B,3,True,1,0,0,0.847792019828484
ai-reliability,6a00de0fef1ab5f141829594,8,ypc_05,D,full,D,False,A,3,True,1,0,0,0.3366829552428909
ai-reliability,6a00de0fef1ab5f141829594,9,ypc_06,D,full,D,False,A,4,True,1,0,0,1.2128699231039075
ai-reliability,6a00de0fef1ab5f141829594,10,car_racing_01,D,full,D,True,D,2,True,1,1,1,-1.7807688837545659
ai-reliability,6a00de0fef1ab5f141829594,11,car_racing_02,B,full,C,True,C,4,True,0,0,1,1.1885313962188795
ai-reliability,6a00de0fef1ab5f141829594,12,car_racing_03,B,full,B,True,B,1,True,1,1,1,-0.49082695884806904
ai-reliability,6a00de0fef1ab5f141829594,13,car_racing_05,A,full,A,True,A,3,True,1,1,1,0.5313911703231169
ai-reliability,6a00de0fef1ab5f141829594,14,graduation_party_01,B,full,B,True,B,1,True,1,1,1,-1.5130450880192552
ai-reliability,6a00de0fef1ab5f141829594,15,graduation_party_05,D,full,D,False,A,1,True,1,0,0,0.14197474016266495
ai-reliability,6a00de0fef1ab5f141829594,16,graduation_party_06,B,full,B,False,D,1,True,1,0,0,-0.3691343244229278
ai-reliability,6a00de0fef1ab5f141829594,17,graduation_party_07,D,full,D,False,B,1,True,1,0,0,0.7017608585183145
ai-reliability,6a158d6cdc77d53781df91dd,6,ypc_02,D,full,D,True,D,1,True,1,1,1,-0.8072278083534364
ai-reliability,6a158d6cdc77d53781df91dd,7,ypc_03,D,full,D,False,B,5,True,1,0,0,0.847792019828484
ai-reliability,6a158d6cdc77d53781df91dd,8,ypc_05,A,full,A,True,A,2,True,1,1,1,0.3366829552428909
ai-reliability,6a158d6cdc77d53781df91dd,9,ypc_06,D,full,D,False,A,4,True,1,0,0,1.2128699231039075
ai-reliability,6a158d6cdc77d53781df91dd,10,car_racing_01,D,full,D,True,D,1,True,1,1,1,-1.7807688837545659
ai-reliability,6a158d6cdc77d53781df91dd,11,car_racing_02,B,full,B,False,C,4,True,1,0,0,1.1885313962188795
ai-reliability,6a158d6cdc77d53781df91dd,12,car_racing_03,D,full,D,False,B,1,True,1,0,0,-0.49082695884806904
ai-reliability,6a158d6cdc77d53781df91dd,13,car_racing_05,B,full,B,False,A,4,True,1,0,0,0.5313911703231169
ai-reliability,6a158d6cdc77d53781df91dd,14,graduation_party_01,C,full,C,False,B,2,True,1,0,0,-1.5130450880192552
ai-reliability,6a158d6cdc77d53781df91dd,15,graduation_party_05,D,full,D,False,A,2,True,1,0,0,0.14197474016266495
ai-reliability,6a158d6cdc77d53781df91dd,16,graduation_party_06,A,full,A,False,D,5,True,1,0,0,-0.3691343244229278
ai-reliability,6a158d6cdc77d53781df91dd,17,graduation_party_07,D,full,D,False,B,3,True,1,0,0,0.7017608585183145
ai-reliability,6a0f3f3bcf45b31c84254187,6,ypc_02,D,full,D,True,D,1,True,1,1,1,-0.8072278083534364
ai-reliability,6a0f3f3bcf45b31c84254187,7,ypc_03,C,full,C,False,B,1,True,1,0,0,0.847792019828484
ai-reliability,6a0f3f3bcf45b31c84254187,8,ypc_05,A,full,A,True,A,1,True,1,1,1,0.3366829552428909
ai-reliability,6a0f3f3bcf45b31c84254187,9,ypc_06,A,full,A,True,A,2,True,1,1,1,1.2128699231039075
ai-reliability,6a0f3f3bcf45b31c84254187,10,car_racing_01,D,full,D,True,D,1,True,1,1,1,-1.7807688837545659
ai-reliability,6a0f3f3bcf45b31c84254187,11,car_racing_02,B,full,B,False,C,2,True,1,0,0,1.1885313962188795
ai-reliability,6a0f3f3bcf45b31c84254187,12,car_racing_03,D,full,D,False,B,1,True,1,0,0,-0.49082695884806904
ai-reliability,6a0f3f3bcf45b31c84254187,13,car_racing_05,A,full,A,True,A,2,True,1,1,1,0.5313911703231169
ai-reliability,6a0f3f3bcf45b31c84254187,14,graduation_party_01,B,full,B,True,B,6,True,1,1,1,-1.5130450880192552
ai-reliability,6a0f3f3bcf45b31c84254187,15,graduation_party_05,A,full,D,False,A,1,True,0,1,0,0.14197474016266495
ai-reliability,6a0f3f3bcf45b31c84254187,16,graduation_party_06,B,full,A,False,D,1,True,0,0,0,-0.3691343244229278
ai-reliability,6a0f3f3bcf45b31c84254187,17,graduation_party_07,C,full,C,False,B,1,True,1,0,0,0.7017608585183145
ai-reliability,69fef864a0d772b10f302eab,6,ypc_02,C,full,C,False,D,1,True,1,0,0,-0.8072278083534364
ai-reliability,69fef864a0d772b10f302eab,7,ypc_03,B,full,A,False,B,1,True,0,1,0,0.847792019828484
ai-reliability,69fef864a0d772b10f302eab,8,ypc_05,A,full,C,False,A,1,True,0,1,0,0.3366829552428909
ai-reliability,69fef864a0d772b10f302eab,9,ypc_06,B,full,C,False,A,1,True,0,0,0,1.2128699231039075
ai-reliability,69fef864a0d772b10f302eab,11,car_racing_02,C,full,C,True,C,2,True,1,1,1,1.1885313962188795
ai-reliability,69fef864a0d772b10f302eab,12,car_racing_03,D,full,D,False,B,1,True,1,0,0,-0.49082695884806904
ai-reliability,69fef864a0d772b10f302eab,14,graduation_party_01,B,full,B,True,B,1,True,1,1,1,-1.5130450880192552
ai-reliability,69fef864a0d772b10f302eab,15,graduation_party_05,D,full,B,False,A,1,True,0,0,0,0.14197474016266495
ai-reliability,69fef864a0d772b10f302eab,16,graduation_party_06,D,full,D,True,D,1,True,1,1,1,-0.3691343244229278
ai-reliability,69fef864a0d772b10f302eab,17,graduation_party_07,D,full,D,False,B,1,True,1,0,0,0.7017608585183145
ai-reliability,6a05df9dcade14a5baa8434a,6,ypc_02,D,full,D,True,D,1,True,1,1,1,-0.8072278083534364
ai-reliability,6a05df9dcade14a5baa8434a,7,ypc_03,D,full,D,False,B,3,True,1,0,0,0.847792019828484
ai-reliability,6a05df9dcade14a5baa8434a,8,ypc_05,D,full,D,False,A,1,True,1,0,0,0.3366829552428909
ai-reliability,6a05df9dcade14a5baa8434a,9,ypc_06,D,full,D,False,A,4,True,1,0,0,1.2128699231039075
ai-reliability,6a05df9dcade14a5baa8434a,10,car_racing_01,D,full,D,True,D,2,True,1,1,1,-1.7807688837545659
ai-reliability,6a05df9dcade14a5baa8434a,11,car_racing_02,C,full,C,True,C,3,True,1,1,1,1.1885313962188795
ai-reliability,6a05df9dcade14a5baa8434a,12,car_racing_03,B,full,B,True,B,3,True,1,1,1,-0.49082695884806904
ai-reliability,6a05df9dcade14a5baa8434a,13,car_racing_05,D,full,D,False,A,3,True,1,0,0,0.5313911703231169
ai-reliability,6a05df9dcade14a5baa8434a,14,graduation_party_01,B,full,B,True,B,1,True,1,1,1,-1.5130450880192552
ai-reliability,6a05df9dcade14a5baa8434a,15,graduation_party_05,A,full,A,True,A,1,True,1,1,1,0.14197474016266495
ai-reliability,6a05df9dcade14a5baa8434a,16,graduation_party_06,D,full,D,True,D,1,True,1,1,1,-0.3691343244229278
ai-reliability,677678dc7428fa4f36a7795c,6,ypc_02,B,full,B,False,D,1,True,1,0,0,-0.8072278083534364
ai-reliability,677678dc7428fa4f36a7795c,7,ypc_03,B,full,B,True,B,1,True,1,1,1,0.847792019828484
ai-reliability,677678dc7428fa4f36a7795c,8,ypc_05,B,full,B,False,A,1,True,1,0,0,0.3366829552428909
ai-reliability,677678dc7428fa4f36a7795c,9,ypc_06,A,full,A,True,A,1,True,1,1,1,1.2128699231039075
ai-reliability,677678dc7428fa4f36a7795c,10,car_racing_01,D,full,D,True,D,1,True,1,1,1,-1.7807688837545659
ai-reliability,677678dc7428fa4f36a7795c,11,car_racing_02,B,full,B,False,C,1,True,1,0,0,1.1885313962188795
ai-reliability,677678dc7428fa4f36a7795c,12,car_racing_03,B,full,B,True,B,1,True,1,1,1,-0.49082695884806904
ai-reliability,677678dc7428fa4f36a7795c,13,car_racing_05,A,full,A,True,A,1,True,1,1,1,0.5313911703231169
ai-reliability,677678dc7428fa4f36a7795c,14,graduation_party_01,B,full,B,True,B,1,True,1,1,1,-1.5130450880192552
ai-reliability,677678dc7428fa4f36a7795c,15,graduation_party_05,D,full,D,False,A,1,True,1,0,0,0.14197474016266495
ai-reliability,677678dc7428fa4f36a7795c,16,graduation_party_06,D,full,D,True,D,1,True,1,1,1,-0.3691343244229278
ai-reliability,677678dc7428fa4f36a7795c,17,graduation_party_07,D,full,D,False,B,1,True,1,0,0,0.7017608585183145
ai-reliability,696d0dc6c9d44fdb4020b215,6,ypc_02,D,full,D,True,D,2,True,1,1,1,-0.8072278083534364
ai-reliability,696d0dc6c9d44fdb4020b215,7,ypc_03,C,full,C,False,B,3,True,1,0,0,0.847792019828484
ai-reliability,696d0dc6c9d44fdb4020b215,8,ypc_05,D,full,D,False,A,2,True,1,0,0,0.3366829552428909
ai-reliability,696d0dc6c9d44fdb4020b215,9,ypc_06,D,full,D,False,A,2,True,1,0,0,1.2128699231039075
ai-reliability,696d0dc6c9d44fdb4020b215,10,car_racing_01,D,full,D,True,D,2,True,1,1,1,-1.7807688837545659
ai-reliability,696d0dc6c9d44fdb4020b215,11,car_racing_02,C,full,C,True,C,2,True,1,1,1,1.1885313962188795
ai-reliability,696d0dc6c9d44fdb4020b215,12,car_racing_03,B,full,B,True,B,2,True,1,1,1,-0.49082695884806904
ai-reliability,696d0dc6c9d44fdb4020b215,13,car_racing_05,C,full,C,False,A,2,True,1,0,0,0.5313911703231169
ai-reliability,696d0dc6c9d44fdb4020b215,14,graduation_party_01,B,full,B,True,B,2,True,1,1,1,-1.5130450880192552
ai-reliability,696d0dc6c9d44fdb4020b215,15,graduation_party_05,D,full,D,False,A,2,True,1,0,0,0.14197474016266495
ai-reliability,696d0dc6c9d44fdb4020b215,16,graduation_party_06,A,full,A,False,D,2,True,1,0,0,-0.3691343244229278
ai-reliability,696d0dc6c9d44fdb4020b215,17,graduation_party_07,D,full,D,False,B,2,True,1,0,0,0.7017608585183145
ai-reliability,63d3f928e97451dbc1c745da,6,ypc_02,D,full,D,True,D,1,True,1,1,1,-0.8072278083534364
ai-reliability,63d3f928e97451dbc1c745da,7,ypc_03,A,full,A,False,B,1,True,1,0,0,0.847792019828484
ai-reliability,63d3f928e97451dbc1c745da,8,ypc_05,D,full,D,False,A,1,True,1,0,0,0.3366829552428909
ai-reliability,63d3f928e97451dbc1c745da,9,ypc_06,B,full,B,False,A,1,True,1,0,0,1.2128699231039075
ai-reliability,63d3f928e97451dbc1c745da,10,car_racing_01,D,full,D,True,D,2,True,1,1,1,-1.7807688837545659
ai-reliability,63d3f928e97451dbc1c745da,11,car_racing_02,C,full,C,True,C,1,True,1,1,1,1.1885313962188795
ai-reliability,63d3f928e97451dbc1c745da,12,car_racing_03,D,full,D,False,B,1,True,1,0,0,-0.49082695884806904
ai-reliability,63d3f928e97451dbc1c745da,13,car_racing_05,A,full,A,True,A,1,True,1,1,1,0.5313911703231169
ai-reliability,63d3f928e97451dbc1c745da,14,graduation_party_01,B,full,B,True,B,1,True,1,1,1,-1.5130450880192552
ai-reliability,63d3f928e97451dbc1c745da,15,graduation_party_05,D,full,D,False,A,1,True,1,0,0,0.14197474016266495
ai-reliability,63d3f928e97451dbc1c745da,16,graduation_party_06,D,full,D,True,D,1,True,1,1,1,-0.3691343244229278
ai-reliability,63d3f928e97451dbc1c745da,17,graduation_party_07,B,full,B,True,B,1,True,1,1,1,0.7017608585183145
ai-reliability,5b8fe19ae3a406000131f1a6,6,ypc_02,D,full,D,True,D,2,True,1,1,1,-0.8072278083534364
ai-reliability,5b8fe19ae3a406000131f1a6,7,ypc_03,D,full,D,False,B,2,True,1,0,0,0.847792019828484
ai-reliability,5b8fe19ae3a406000131f1a6,8,ypc_05,D,full,D,False,A,2,True,1,0,0,0.3366829552428909
ai-reliability,5b8fe19ae3a406000131f1a6,9,ypc_06,B,full,B,False,A,2,True,1,0,0,1.2128699231039075
ai-reliability,5b8fe19ae3a406000131f1a6,10,car_racing_01,D,full,D,True,D,2,True,1,1,1,-1.7807688837545659
ai-reliability,5b8fe19ae3a406000131f1a6,11,car_racing_02,B,full,B,False,C,2,True,1,0,0,1.1885313962188795
ai-reliability,5b8fe19ae3a406000131f1a6,12,car_racing_03,B,full,B,True,B,2,True,1,1,1,-0.49082695884806904
ai-reliability,5b8fe19ae3a406000131f1a6,13,car_racing_05,D,full,D,False,A,3,True,1,0,0,0.5313911703231169
ai-reliability,5b8fe19ae3a406000131f1a6,14,graduation_party_01,B,full,B,True,B,2,True,1,1,1,-1.5130450880192552
ai-reliability,5b8fe19ae3a406000131f1a6,15,graduation_party_05,D,full,D,False,A,2,True,1,0,0,0.14197474016266495
ai-reliability,5b8fe19ae3a406000131f1a6,16,graduation_party_06,D,full,D,True,D,2,True,1,1,1,-0.3691343244229278
ai-reliability,5b8fe19ae3a406000131f1a6,17,graduation_party_07,D,full,D,False,B,2,True,1,0,0,0.7017608585183145
ai-reliability,6a1ef512fd22c5aeb0f054b9,6,ypc_02,D,full,D,True,D,1,True,1,1,1,-0.8072278083534364
ai-reliability,6a1ef512fd22c5aeb0f054b9,7,ypc_03,C,full,B,True,B,2,True,0,0,1,0.847792019828484
ai-reliability,6a1ef512fd22c5aeb0f054b9,8,ypc_05,A,full,A,True,A,1,True,1,1,1,0.3366829552428909
ai-reliability,6a1ef512fd22c5aeb0f054b9,9,ypc_06,B,full,B,False,A,4,True,1,0,0,1.2128699231039075
ai-reliability,6a1ef512fd22c5aeb0f054b9,10,car_racing_01,D,full,D,True,D,1,True,1,1,1,-1.7807688837545659
ai-reliability,6a1ef512fd22c5aeb0f054b9,11,car_racing_02,D,full,D,False,C,1,True,1,0,0,1.1885313962188795
ai-reliability,6a1ef512fd22c5aeb0f054b9,12,car_racing_03,D,full,D,False,B,1,True,1,0,0,-0.49082695884806904
ai-reliability,6a1ef512fd22c5aeb0f054b9,13,car_racing_05,B,full,B,False,A,2,True,1,0,0,0.5313911703231169
ai-reliability,6a1ef512fd22c5aeb0f054b9,14,graduation_party_01,D,full,D,False,B,3,True,1,0,0,-1.5130450880192552
ai-reliability,6a1ef512fd22c5aeb0f054b9,15,graduation_party_05,D,full,D,False,A,2,True,1,0,0,0.14197474016266495
ai-reliability,6a1ef512fd22c5aeb0f054b9,16,graduation_party_06,D,full,D,True,D,3,True,1,1,1,-0.3691343244229278
ai-reliability,6a1ef512fd22c5aeb0f054b9,17,graduation_party_07,D,combined,D,False,B,2,True,1,0,0,0.7017608585183145
ai-reliability,6048c1da4fb34916883f2e7d,6,ypc_02,D,full,D,True,D,1,True,1,1,1,-0.8072278083534364
ai-reliability,6048c1da4fb34916883f2e7d,7,ypc_03,D,full,D,False,B,1,True,1,0,0,0.847792019828484
ai-reliability,6048c1da4fb34916883f2e7d,8,ypc_05,D,full,D,False,A,3,True,1,0,0,0.3366829552428909
ai-reliability,6048c1da4fb34916883f2e7d,9,ypc_06,C,full,C,False,A,1,True,1,0,0,1.2128699231039075
ai-reliability,6048c1da4fb34916883f2e7d,10,car_racing_01,D,full,D,True,D,1,True,1,1,1,-1.7807688837545659
ai-reliability,6048c1da4fb34916883f2e7d,11,car_racing_02,B,full,B,False,C,1,True,1,0,0,1.1885313962188795
ai-reliability,6048c1da4fb34916883f2e7d,12,car_racing_03,B,full,B,True,B,1,True,1,1,1,-0.49082695884806904
ai-reliability,6048c1da4fb34916883f2e7d,13,car_racing_05,D,full,D,False,A,2,True,1,0,0,0.5313911703231169
ai-reliability,6048c1da4fb34916883f2e7d,16,graduation_party_06,D,full,A,False,D,1,True,0,1,0,-0.3691343244229278
ai-reliability,6048c1da4fb34916883f2e7d,17,graduation_party_07,C,full,C,False,B,2,True,1,0,0,0.7017608585183145
ai-reliability,69f0bd15dacaf72b392f5c90,9,ypc_06,B,full,D,False,A,4,True,0,0,0,1.2128699231039075
ai-reliability,69f0bd15dacaf72b392f5c90,13,car_racing_05,D,combined,D,False,A,3,True,1,0,0,0.5313911703231169
ai-reliability,5cd59823d88b4400207b467c,6,ypc_02,A,full,A,False,D,1,True,1,0,0,-0.8072278083534364
ai-reliability,5cd59823d88b4400207b467c,7,ypc_03,A,full,A,False,B,2,True,1,0,0,0.847792019828484
ai-reliability,5cd59823d88b4400207b467c,8,ypc_05,B,full,B,False,A,2,True,1,0,0,0.3366829552428909
ai-reliability,5cd59823d88b4400207b467c,9,ypc_06,B,full,B,False,A,1,True,1,0,0,1.2128699231039075
ai-reliability,5cd59823d88b4400207b467c,10,car_racing_01,D,full,D,True,D,1,True,1,1,1,-1.7807688837545659
ai-reliability,5cd59823d88b4400207b467c,11,car_racing_02,B,full,B,False,C,1,True,1,0,0,1.1885313962188795
ai-reliability,5cd59823d88b4400207b467c,12,car_racing_03,D,full,D,False,B,3,True,1,0,0,-0.49082695884806904
ai-reliability,5cd59823d88b4400207b467c,13,car_racing_05,A,full,A,True,A,2,True,1,1,1,0.5313911703231169
ai-reliability,5cd59823d88b4400207b467c,14,graduation_party_01,A,full,A,False,B,1,True,1,0,0,-1.5130450880192552
ai-reliability,5cd59823d88b4400207b467c,15,graduation_party_05,D,full,D,False,A,2,True,1,0,0,0.14197474016266495
ai-reliability,5cd59823d88b4400207b467c,16,graduation_party_06,D,full,D,True,D,1,True,1,1,1,-0.3691343244229278
ai-reliability,5cd59823d88b4400207b467c,17,graduation_party_07,A,full,A,False,B,2,True,1,0,0,0.7017608585183145
ai-reliability,6a259d5aa0f34da2cfbf5004,6,ypc_02,D,full,D,True,D,1,True,1,1,1,-0.8072278083534364
ai-reliability,6a259d5aa0f34da2cfbf5004,7,ypc_03,C,full,C,False,B,1,True,1,0,0,0.847792019828484
ai-reliability,6a259d5aa0f34da2cfbf5004,8,ypc_05,D,full,D,False,A,1,True,1,0,0,0.3366829552428909
ai-reliability,6a259d5aa0f34da2cfbf5004,9,ypc_06,B,full,B,False,A,1,True,1,0,0,1.2128699231039075
ai-reliability,6a259d5aa0f34da2cfbf5004,10,car_racing_01,D,full,D,True,D,1,True,1,1,1,-1.7807688837545659
ai-reliability,6a259d5aa0f34da2cfbf5004,11,car_racing_02,C,full,C,True,C,2,True,1,1,1,1.1885313962188795
ai-reliability,6a259d5aa0f34da2cfbf5004,12,car_racing_03,D,full,D,False,B,1,True,1,0,0,-0.49082695884806904
ai-reliability,6a259d5aa0f34da2cfbf5004,13,car_racing_05,D,full,D,False,A,1,True,1,0,0,0.5313911703231169
ai-reliability,6a259d5aa0f34da2cfbf5004,14,graduation_party_01,C,full,C,False,B,1,True,1,0,0,-1.5130450880192552
ai-reliability,6a259d5aa0f34da2cfbf5004,15,graduation_party_05,D,full,D,False,A,1,True,1,0,0,0.14197474016266495
ai-reliability,6a259d5aa0f34da2cfbf5004,16,graduation_party_06,A,full,A,False,D,1,True,1,0,0,-0.3691343244229278
ai-reliability,6a259d5aa0f34da2cfbf5004,17,graduation_party_07,B,full,B,True,B,1,True,1,1,1,0.7017608585183145
ai-reliability,596e000bfb7959000162f52f,6,ypc_02,D,full,D,True,D,1,True,1,1,1,-0.8072278083534364
ai-reliability,596e000bfb7959000162f52f,7,ypc_03,D,full,D,False,B,2,True,1,0,0,0.847792019828484
ai-reliability,596e000bfb7959000162f52f,8,ypc_05,D,full,D,False,A,2,True,1,0,0,0.3366829552428909
ai-reliability,596e000bfb7959000162f52f,9,ypc_06,D,full,D,False,A,1,True,1,0,0,1.2128699231039075
ai-reliability,596e000bfb7959000162f52f,10,car_racing_01,D,full,D,True,D,1,True,1,1,1,-1.7807688837545659
ai-reliability,596e000bfb7959000162f52f,11,car_racing_02,B,full,B,False,C,1,True,1,0,0,1.1885313962188795
ai-reliability,596e000bfb7959000162f52f,12,car_racing_03,B,full,B,True,B,2,True,1,1,1,-0.49082695884806904
ai-reliability,596e000bfb7959000162f52f,13,car_racing_05,A,full,A,True,A,1,True,1,1,1,0.5313911703231169
ai-reliability,596e000bfb7959000162f52f,14,graduation_party_01,C,full,C,False,B,1,True,1,0,0,-1.5130450880192552
ai-reliability,596e000bfb7959000162f52f,15,graduation_party_05,D,full,D,False,A,2,True,1,0,0,0.14197474016266495
ai-reliability,596e000bfb7959000162f52f,16,graduation_party_06,D,full,D,True,D,1,True,1,1,1,-0.3691343244229278
ai-reliability,596e000bfb7959000162f52f,17,graduation_party_07,A,full,A,False,B,1,True,1,0,0,0.7017608585183145
ai-reliability,665efdf173820edd2b8d4d23,6,ypc_02,D,full,D,True,D,1,True,1,1,1,-0.8072278083534364
ai-reliability,665efdf173820edd2b8d4d23,7,ypc_03,D,full,A,False,B,1,True,0,0,0,0.847792019828484
ai-reliability,665efdf173820edd2b8d4d23,8,ypc_05,D,full,D,False,A,3,True,1,0,0,0.3366829552428909
ai-reliability,665efdf173820edd2b8d4d23,9,ypc_06,B,full,B,False,A,5,True,1,0,0,1.2128699231039075
ai-reliability,665efdf173820edd2b8d4d23,11,car_racing_02,B,full,B,False,C,2,True,1,0,0,1.1885313962188795
ai-reliability,665efdf173820edd2b8d4d23,12,car_racing_03,B,full,B,True,B,1,True,1,1,1,-0.49082695884806904
ai-reliability,665efdf173820edd2b8d4d23,13,car_racing_05,D,full,D,False,A,1,True,1,0,0,0.5313911703231169
ai-reliability,665efdf173820edd2b8d4d23,14,graduation_party_01,C,full,C,False,B,3,True,1,0,0,-1.5130450880192552
ai-reliability,665efdf173820edd2b8d4d23,15,graduation_party_05,D,full,D,False,A,1,True,1,0,0,0.14197474016266495
ai-reliability,665efdf173820edd2b8d4d23,16,graduation_party_06,D,full,D,True,D,1,True,1,1,1,-0.3691343244229278
ai-reliability,665efdf173820edd2b8d4d23,17,graduation_party_07,C,full,C,False,B,1,True,1,0,0,0.7017608585183145
ai-reliability,5dfc28644b49a19583f7cc7a,6,ypc_02,A,full,A,False,D,1,True,1,0,0,-0.8072278083534364
ai-reliability,5dfc28644b49a19583f7cc7a,7,ypc_03,A,full,A,False,B,1,True,1,0,0,0.847792019828484
ai-reliability,5dfc28644b49a19583f7cc7a,8,ypc_05,D,full,D,False,A,1,True,1,0,0,0.3366829552428909
ai-reliability,5dfc28644b49a19583f7cc7a,9,ypc_06,A,full,A,True,A,2,True,1,1,1,1.2128699231039075
ai-reliability,5dfc28644b49a19583f7cc7a,10,car_racing_01,D,full,D,True,D,1,True,1,1,1,-1.7807688837545659
ai-reliability,5dfc28644b49a19583f7cc7a,11,car_racing_02,C,full,C,True,C,1,True,1,1,1,1.1885313962188795
ai-reliability,5dfc28644b49a19583f7cc7a,12,car_racing_03,B,full,B,True,B,3,True,1,1,1,-0.49082695884806904
ai-reliability,5dfc28644b49a19583f7cc7a,13,car_racing_05,A,full,A,True,A,1,True,1,1,1,0.5313911703231169
ai-reliability,5dfc28644b49a19583f7cc7a,14,graduation_party_01,B,full,B,True,B,1,True,1,1,1,-1.5130450880192552
ai-reliability,5dfc28644b49a19583f7cc7a,15,graduation_party_05,A,full,A,True,A,1,True,1,1,1,0.14197474016266495
ai-reliability,5dfc28644b49a19583f7cc7a,16,graduation_party_06,D,full,D,True,D,3,True,1,1,1,-0.3691343244229278
ai-reliability,5dfc28644b49a19583f7cc7a,17,graduation_party_07,B,full,B,True,B,1,True,1,1,1,0.7017608585183145
ai-reliability,6a215752a155484c322dae18,6,ypc_02,A,full,A,False,D,1,True,1,0,0,-0.8072278083534364
ai-reliability,6a215752a155484c322dae18,7,ypc_03,A,full,C,False,B,1,True,0,0,0,0.847792019828484
ai-reliability,6a215752a155484c322dae18,8,ypc_05,D,full,B,False,A,1,True,0,0,0,0.3366829552428909
ai-reliability,6a215752a155484c322dae18,9,ypc_06,B,full,B,False,A,1,True,1,0,0,1.2128699231039075
ai-reliability,6a215752a155484c322dae18,10,car_racing_01,D,full,D,True,D,1,True,1,1,1,-1.7807688837545659
ai-reliability,6a215752a155484c322dae18,11,car_racing_02,C,full,C,True,C,2,True,1,1,1,1.1885313962188795
ai-reliability,6a215752a155484c322dae18,12,car_racing_03,B,full,B,True,B,2,True,1,1,1,-0.49082695884806904
ai-reliability,6a215752a155484c322dae18,14,graduation_party_01,B,full,B,True,B,1,True,1,1,1,-1.5130450880192552
ai-reliability,6a215752a155484c322dae18,15,graduation_party_05,D,full,D,False,A,1,True,1,0,0,0.14197474016266495
ai-reliability,6a215752a155484c322dae18,16,graduation_party_06,D,full,D,True,D,1,True,1,1,1,-0.3691343244229278
ai-reliability,6a215752a155484c322dae18,17,graduation_party_07,A,full,A,False,B,1,True,1,0,0,0.7017608585183145
ai-reliability,6a1e8e544ddce8244cfc707f,7,ypc_03,B,full,B,True,B,7,True,1,1,1,0.847792019828484
ai-reliability,6a1e8e544ddce8244cfc707f,8,ypc_05,D,full,D,False,A,4,True,1,0,0,0.3366829552428909
ai-reliability,6a1e8e544ddce8244cfc707f,9,ypc_06,B,full,B,False,A,3,True,1,0,0,1.2128699231039075
ai-reliability,6a1e8e544ddce8244cfc707f,10,car_racing_01,D,full,D,True,D,3,True,1,1,1,-1.7807688837545659
ai-reliability,6a1e8e544ddce8244cfc707f,11,car_racing_02,B,full,B,False,C,5,True,1,0,0,1.1885313962188795
ai-reliability,6a1e8e544ddce8244cfc707f,12,car_racing_03,B,full,B,True,B,6,True,1,1,1,-0.49082695884806904
ai-reliability,6a1e8e544ddce8244cfc707f,13,car_racing_05,D,full,D,False,A,3,True,1,0,0,0.5313911703231169
ai-reliability,6a1e8e544ddce8244cfc707f,16,graduation_party_06,B,full,B,False,D,4,True,1,0,0,-0.3691343244229278
ai-reliability,6a1e8e544ddce8244cfc707f,17,graduation_party_07,B,full,B,True,B,2,True,1,1,1,0.7017608585183145
ai-reliability,5b88022114e8c600010485b9,6,ypc_02,A,full,A,False,D,1,True,1,0,0,-0.8072278083534364
ai-reliability,5b88022114e8c600010485b9,7,ypc_03,D,full,D,False,B,2,True,1,0,0,0.847792019828484
ai-reliability,5b88022114e8c600010485b9,8,ypc_05,D,full,D,False,A,2,True,1,0,0,0.3366829552428909
ai-reliability,5b88022114e8c600010485b9,9,ypc_06,B,full,B,False,A,2,True,1,0,0,1.2128699231039075
ai-reliability,5b88022114e8c600010485b9,10,car_racing_01,D,full,D,True,D,1,True,1,1,1,-1.7807688837545659
ai-reliability,5b88022114e8c600010485b9,11,car_racing_02,B,full,B,False,C,3,True,1,0,0,1.1885313962188795
ai-reliability,5b88022114e8c600010485b9,12,car_racing_03,B,full,B,True,B,2,True,1,1,1,-0.49082695884806904
ai-reliability,5b88022114e8c600010485b9,13,car_racing_05,D,full,D,False,A,2,True,1,0,0,0.5313911703231169
ai-reliability,5b88022114e8c600010485b9,14,graduation_party_01,B,full,B,True,B,1,True,1,1,1,-1.5130450880192552
ai-reliability,5b88022114e8c600010485b9,15,graduation_party_05,D,full,D,False,A,2,True,1,0,0,0.14197474016266495
ai-reliability,5b88022114e8c600010485b9,16,graduation_party_06,A,full,A,False,D,1,True,1,0,0,-0.3691343244229278
ai-reliability,5b88022114e8c600010485b9,17,graduation_party_07,B,full,B,True,B,2,True,1,1,1,0.7017608585183145
ai-reliability,6a1e93a3a409de92d38f9059,6,ypc_02,A,full,A,False,D,2,True,1,0,0,-0.8072278083534364
ai-reliability,6a1e93a3a409de92d38f9059,7,ypc_03,A,full,A,False,B,2,True,1,0,0,0.847792019828484
ai-reliability,6a1e93a3a409de92d38f9059,8,ypc_05,D,full,D,False,A,2,True,1,0,0,0.3366829552428909
ai-reliability,6a1e93a3a409de92d38f9059,9,ypc_06,B,full,B,False,A,2,True,1,0,0,1.2128699231039075
ai-reliability,6a1e93a3a409de92d38f9059,10,car_racing_01,D,full,D,True,D,2,True,1,1,1,-1.7807688837545659
ai-reliability,6a1e93a3a409de92d38f9059,11,car_racing_02,B,full,B,False,C,2,True,1,0,0,1.1885313962188795
ai-reliability,6a1e93a3a409de92d38f9059,12,car_racing_03,B,full,B,True,B,2,True,1,1,1,-0.49082695884806904
ai-reliability,6a1e93a3a409de92d38f9059,13,car_racing_05,D,full,D,False,A,2,True,1,0,0,0.5313911703231169
ai-reliability,6a1e93a3a409de92d38f9059,14,graduation_party_01,B,full,B,True,B,2,True,1,1,1,-1.5130450880192552
ai-reliability,6a1e93a3a409de92d38f9059,15,graduation_party_05,A,full,A,True,A,2,True,1,1,1,0.14197474016266495
ai-reliability,6a1e93a3a409de92d38f9059,16,graduation_party_06,D,full,D,True,D,2,True,1,1,1,-0.3691343244229278
ai-reliability,6a1e93a3a409de92d38f9059,17,graduation_party_07,D,full,D,False,B,2,True,1,0,0,0.7017608585183145
ai-reliability,69fcda1943761c2a0204373e,6,ypc_02,D,full,D,True,D,2,True,1,1,1,-0.8072278083534364
ai-reliability,69fcda1943761c2a0204373e,7,ypc_03,C,full,C,False,B,1,True,1,0,0,0.847792019828484
ai-reliability,69fcda1943761c2a0204373e,8,ypc_05,D,full,D,False,A,1,True,1,0,0,0.3366829552428909
ai-reliability,69fcda1943761c2a0204373e,9,ypc_06,D,full,B,False,A,1,True,0,0,0,1.2128699231039075
ai-reliability,69fcda1943761c2a0204373e,10,car_racing_01,D,full,D,True,D,1,True,1,1,1,-1.7807688837545659
ai-reliability,69fcda1943761c2a0204373e,11,car_racing_02,D,full,D,False,C,2,True,1,0,0,1.1885313962188795
ai-reliability,69fcda1943761c2a0204373e,12,car_racing_03,B,full,B,True,B,1,True,1,1,1,-0.49082695884806904
ai-reliability,69fcda1943761c2a0204373e,13,car_racing_05,D,full,D,False,A,1,True,1,0,0,0.5313911703231169
ai-reliability,69fcda1943761c2a0204373e,14,graduation_party_01,B,full,B,True,B,1,True,1,1,1,-1.5130450880192552
ai-reliability,69fcda1943761c2a0204373e,15,graduation_party_05,A,full,A,True,A,1,True,1,1,1,0.14197474016266495
ai-reliability,69fcda1943761c2a0204373e,16,graduation_party_06,B,full,B,False,D,1,True,1,0,0,-0.3691343244229278
ai-reliability,69fcda1943761c2a0204373e,17,graduation_party_07,C,full,C,False,B,1,True,1,0,0,0.7017608585183145
ai-reliability,676ae3e650a28a06d8486941,6,ypc_02,D,full,D,True,D,1,True,1,1,1,-0.8072278083534364
ai-reliability,676ae3e650a28a06d8486941,7,ypc_03,C,full,C,False,B,1,True,1,0,0,0.847792019828484
ai-reliability,676ae3e650a28a06d8486941,8,ypc_05,A,full,A,True,A,2,True,1,1,1,0.3366829552428909
ai-reliability,676ae3e650a28a06d8486941,9,ypc_06,C,full,C,False,A,1,True,1,0,0,1.2128699231039075
ai-reliability,676ae3e650a28a06d8486941,10,car_racing_01,D,full,D,True,D,3,True,1,1,1,-1.7807688837545659
ai-reliability,676ae3e650a28a06d8486941,11,car_racing_02,D,full,D,False,C,1,True,1,0,0,1.1885313962188795
ai-reliability,676ae3e650a28a06d8486941,12,car_racing_03,B,full,B,True,B,1,True,1,1,1,-0.49082695884806904
ai-reliability,676ae3e650a28a06d8486941,13,car_racing_05,C,full,C,False,A,1,True,1,0,0,0.5313911703231169
ai-reliability,676ae3e650a28a06d8486941,14,graduation_party_01,B,full,B,True,B,1,True,1,1,1,-1.5130450880192552
ai-reliability,676ae3e650a28a06d8486941,15,graduation_party_05,D,full,D,False,A,1,True,1,0,0,0.14197474016266495
ai-reliability,676ae3e650a28a06d8486941,16,graduation_party_06,D,full,D,True,D,1,True,1,1,1,-0.3691343244229278
ai-reliability,676ae3e650a28a06d8486941,17,graduation_party_07,C,full,C,False,B,2,True,1,0,0,0.7017608585183145
ai-reliability,6a0633e7c1fd84e5fadfe80e,6,ypc_02,A,full,A,False,D,3,True,1,0,0,-0.8072278083534364
ai-reliability,6a0633e7c1fd84e5fadfe80e,7,ypc_03,D,full,D,False,B,2,True,1,0,0,0.847792019828484
ai-reliability,6a0633e7c1fd84e5fadfe80e,8,ypc_05,D,full,D,False,A,4,True,1,0,0,0.3366829552428909
ai-reliability,6a0633e7c1fd84e5fadfe80e,9,ypc_06,B,full,B,False,A,1,True,1,0,0,1.2128699231039075
ai-reliability,6a0633e7c1fd84e5fadfe80e,10,car_racing_01,D,full,D,True,D,2,True,1,1,1,-1.7807688837545659
ai-reliability,6a0633e7c1fd84e5fadfe80e,11,car_racing_02,B,full,B,False,C,1,True,1,0,0,1.1885313962188795
ai-reliability,6a0633e7c1fd84e5fadfe80e,12,car_racing_03,D,full,D,False,B,1,True,1,0,0,-0.49082695884806904
ai-reliability,6a0633e7c1fd84e5fadfe80e,13,car_racing_05,C,full,A,True,A,1,True,0,0,1,0.5313911703231169
ai-reliability,6a0633e7c1fd84e5fadfe80e,14,graduation_party_01,B,full,B,True,B,4,True,1,1,1,-1.5130450880192552
ai-reliability,6a0633e7c1fd84e5fadfe80e,15,graduation_party_05,D,full,C,False,A,2,True,0,0,0,0.14197474016266495
ai-reliability,6a0633e7c1fd84e5fadfe80e,16,graduation_party_06,D,full,D,True,D,1,True,1,1,1,-0.3691343244229278
ai-reliability,6a0633e7c1fd84e5fadfe80e,17,graduation_party_07,D,full,D,False,B,1,True,1,0,0,0.7017608585183145
ai-reliability,69f3b206e69dd82798c52778,8,ypc_05,D,combined,A,True,A,5,True,0,0,1,0.3366829552428909
ai-reliability,69f3b206e69dd82798c52778,10,car_racing_01,D,full,D,True,D,1,True,1,1,1,-1.7807688837545659
ai-reliability,69f3b206e69dd82798c52778,11,car_racing_02,B,full,B,False,C,1,True,1,0,0,1.1885313962188795
ai-reliability,69f3b206e69dd82798c52778,13,car_racing_05,A,full,A,True,A,1,True,1,1,1,0.5313911703231169
ai-reliability,69f3b206e69dd82798c52778,14,graduation_party_01,B,full,B,True,B,1,True,1,1,1,-1.5130450880192552
ai-reliability,69f3b206e69dd82798c52778,16,graduation_party_06,D,full,D,True,D,1,True,1,1,1,-0.3691343244229278
ai-reliability,69f3b206e69dd82798c52778,17,graduation_party_07,B,full,B,True,B,1,True,1,1,1,0.7017608585183145
ai-reliability,62a999b8ed876efe5ffe9599,6,ypc_02,D,full,D,True,D,1,True,1,1,1,-0.8072278083534364
ai-reliability,62a999b8ed876efe5ffe9599,7,ypc_03,D,full,D,False,B,2,True,1,0,0,0.847792019828484
ai-reliability,62a999b8ed876efe5ffe9599,8,ypc_05,C,full,D,False,A,1,True,0,0,0,0.3366829552428909
ai-reliability,62a999b8ed876efe5ffe9599,9,ypc_06,A,full,C,False,A,1,True,0,1,0,1.2128699231039075
ai-reliability,62a999b8ed876efe5ffe9599,10,car_racing_01,D,full,D,True,D,2,True,1,1,1,-1.7807688837545659
ai-reliability,62a999b8ed876efe5ffe9599,11,car_racing_02,B,full,B,False,C,2,True,1,0,0,1.1885313962188795
ai-reliability,62a999b8ed876efe5ffe9599,12,car_racing_03,B,full,B,True,B,2,True,1,1,1,-0.49082695884806904
ai-reliability,62a999b8ed876efe5ffe9599,13,car_racing_05,C,full,C,False,A,2,True,1,0,0,0.5313911703231169
ai-reliability,62a999b8ed876efe5ffe9599,15,graduation_party_05,D,full,D,False,A,2,True,1,0,0,0.14197474016266495
ai-reliability,6a1b22b2400fd8fa375bf6d2,6,ypc_02,D,full,D,True,D,2,True,1,1,1,-0.8072278083534364
ai-reliability,6a1b22b2400fd8fa375bf6d2,7,ypc_03,A,full,B,True,B,1,True,0,0,1,0.847792019828484
ai-reliability,6a1b22b2400fd8fa375bf6d2,8,ypc_05,D,full,D,False,A,1,True,1,0,0,0.3366829552428909
ai-reliability,6a1b22b2400fd8fa375bf6d2,9,ypc_06,B,full,B,False,A,1,True,1,0,0,1.2128699231039075
ai-reliability,6a1b22b2400fd8fa375bf6d2,10,car_racing_01,D,full,D,True,D,1,True,1,1,1,-1.7807688837545659
ai-reliability,6a1b22b2400fd8fa375bf6d2,11,car_racing_02,B,full,B,False,C,1,True,1,0,0,1.1885313962188795
ai-reliability,6a1b22b2400fd8fa375bf6d2,12,car_racing_03,B,full,B,True,B,1,True,1,1,1,-0.49082695884806904
ai-reliability,6a1b22b2400fd8fa375bf6d2,13,car_racing_05,D,full,D,False,A,1,True,1,0,0,0.5313911703231169
ai-reliability,6a1b22b2400fd8fa375bf6d2,14,graduation_party_01,B,full,B,True,B,2,True,1,1,1,-1.5130450880192552
ai-reliability,6a1b22b2400fd8fa375bf6d2,15,graduation_party_05,D,full,D,False,A,1,True,1,0,0,0.14197474016266495
ai-reliability,6a1b22b2400fd8fa375bf6d2,16,graduation_party_06,B,full,B,False,D,1,True,1,0,0,-0.3691343244229278
ai-reliability,6a1b22b2400fd8fa375bf6d2,17,graduation_party_07,B,full,B,True,B,1,True,1,1,1,0.7017608585183145
ai-reliability,66019f5e10adbe524f2a844a,6,ypc_02,D,full,D,True,D,2,True,1,1,1,-0.8072278083534364
ai-reliability,66019f5e10adbe524f2a844a,7,ypc_03,D,full,D,False,B,1,True,1,0,0,0.847792019828484
ai-reliability,66019f5e10adbe524f2a844a,8,ypc_05,D,full,D,False,A,1,True,1,0,0,0.3366829552428909
ai-reliability,66019f5e10adbe524f2a844a,9,ypc_06,B,full,B,False,A,5,True,1,0,0,1.2128699231039075
ai-reliability,66019f5e10adbe524f2a844a,11,car_racing_02,B,full,B,False,C,4,True,1,0,0,1.1885313962188795
ai-reliability,66019f5e10adbe524f2a844a,12,car_racing_03,D,full,D,False,B,3,True,1,0,0,-0.49082695884806904
ai-reliability,66019f5e10adbe524f2a844a,13,car_racing_05,D,full,D,False,A,3,True,1,0,0,0.5313911703231169
ai-reliability,66019f5e10adbe524f2a844a,14,graduation_party_01,B,full,B,True,B,1,True,1,1,1,-1.5130450880192552
ai-reliability,66019f5e10adbe524f2a844a,15,graduation_party_05,A,full,A,True,A,1,True,1,1,1,0.14197474016266495
ai-reliability,66019f5e10adbe524f2a844a,16,graduation_party_06,B,full,B,False,D,1,True,1,0,0,-0.3691343244229278
ai-reliability,66019f5e10adbe524f2a844a,17,graduation_party_07,D,full,D,False,B,3,True,1,0,0,0.7017608585183145
ai-reliability,6a025bd21792d1c049fa132b,6,ypc_02,A,full,D,True,D,4,True,0,0,1,-0.8072278083534364
ai-reliability,6a025bd21792d1c049fa132b,7,ypc_03,C,full,C,False,B,3,True,1,0,0,0.847792019828484
ai-reliability,6a025bd21792d1c049fa132b,8,ypc_05,D,full,D,False,A,2,True,1,0,0,0.3366829552428909
ai-reliability,6a025bd21792d1c049fa132b,9,ypc_06,B,full,B,False,A,6,True,1,0,0,1.2128699231039075
ai-reliability,6a025bd21792d1c049fa132b,10,car_racing_01,D,full,D,True,D,1,True,1,1,1,-1.7807688837545659
ai-reliability,6a025bd21792d1c049fa132b,11,car_racing_02,C,full,C,True,C,9,True,1,1,1,1.1885313962188795
ai-reliability,6a025bd21792d1c049fa132b,12,car_racing_03,B,full,B,True,B,1,True,1,1,1,-0.49082695884806904
ai-reliability,6a025bd21792d1c049fa132b,14,graduation_party_01,B,full,B,True,B,3,True,1,1,1,-1.5130450880192552
ai-reliability,6a025bd21792d1c049fa132b,15,graduation_party_05,D,full,D,False,A,1,True,1,0,0,0.14197474016266495
ai-reliability,6a025bd21792d1c049fa132b,16,graduation_party_06,A,full,A,False,D,1,True,1,0,0,-0.3691343244229278
ai-reliability,6a025bd21792d1c049fa132b,17,graduation_party_07,A,full,A,False,B,1,True,1,0,0,0.7017608585183145
ai-reliability,56b78f11e77ebe000cbefe79,6,ypc_02,A,full,A,False,D,4,True,1,0,0,-0.8072278083534364
ai-reliability,56b78f11e77ebe000cbefe79,7,ypc_03,C,full,C,False,B,1,True,1,0,0,0.847792019828484
ai-reliability,56b78f11e77ebe000cbefe79,8,ypc_05,A,full,A,True,A,10,True,1,1,1,0.3366829552428909
ai-reliability,56b78f11e77ebe000cbefe79,9,ypc_06,B,full,B,False,A,3,True,1,0,0,1.2128699231039075
ai-reliability,56b78f11e77ebe000cbefe79,10,car_racing_01,D,full,D,True,D,3,True,1,1,1,-1.7807688837545659
ai-reliability,56b78f11e77ebe000cbefe79,11,car_racing_02,B,full,B,False,C,4,True,1,0,0,1.1885313962188795
ai-reliability,56b78f11e77ebe000cbefe79,12,car_racing_03,B,full,B,True,B,2,True,1,1,1,-0.49082695884806904
ai-reliability,56b78f11e77ebe000cbefe79,13,car_racing_05,D,full,D,False,A,3,True,1,0,0,0.5313911703231169
ai-reliability,56b78f11e77ebe000cbefe79,14,graduation_party_01,B,combined,B,True,B,2,True,1,1,1,-1.5130450880192552
ai-reliability,56b78f11e77ebe000cbefe79,15,graduation_party_05,A,full,A,True,A,8,True,1,1,1,0.14197474016266495
ai-reliability,56b78f11e77ebe000cbefe79,16,graduation_party_06,A,full,A,False,D,1,True,1,0,0,-0.3691343244229278
ai-reliability,56b78f11e77ebe000cbefe79,17,graduation_party_07,D,full,D,False,B,2,True,1,0,0,0.7017608585183145
ai-reliability,6a1ebce36344944543760e59,6,ypc_02,D,full,D,True,D,1,True,1,1,1,-0.8072278083534364
ai-reliability,6a1ebce36344944543760e59,7,ypc_03,C,full,C,False,B,1,True,1,0,0,0.847792019828484
ai-reliability,6a1ebce36344944543760e59,8,ypc_05,D,full,D,False,A,3,True,1,0,0,0.3366829552428909
ai-reliability,6a1ebce36344944543760e59,9,ypc_06,B,full,B,False,A,2,True,1,0,0,1.2128699231039075
ai-reliability,6a1ebce36344944543760e59,10,car_racing_01,D,full,D,True,D,2,True,1,1,1,-1.7807688837545659
ai-reliability,6a1ebce36344944543760e59,11,car_racing_02,B,full,B,False,C,1,True,1,0,0,1.1885313962188795
ai-reliability,6a1ebce36344944543760e59,12,car_racing_03,D,full,D,False,B,1,True,1,0,0,-0.49082695884806904
ai-reliability,6a1ebce36344944543760e59,13,car_racing_05,C,combined,B,False,A,5,True,0,0,0,0.5313911703231169
ai-reliability,6a1ebce36344944543760e59,14,graduation_party_01,B,combined,B,True,B,3,True,1,1,1,-1.5130450880192552
ai-reliability,6a1ebce36344944543760e59,15,graduation_party_05,A,full,A,True,A,4,True,1,1,1,0.14197474016266495
ai-reliability,6a1ebce36344944543760e59,16,graduation_party_06,B,combined,D,True,D,5,True,0,0,1,-0.3691343244229278
ai-reliability,6a1ebce36344944543760e59,17,graduation_party_07,D,full,D,False,B,1,True,1,0,0,0.7017608585183145
ai-reliability,6a2005ef97f72a2148a5f52b,6,ypc_02,D,full,D,True,D,4,True,1,1,1,-0.8072278083534364
ai-reliability,6a2005ef97f72a2148a5f52b,7,ypc_03,B,full,B,True,B,1,True,1,1,1,0.847792019828484
ai-reliability,6a2005ef97f72a2148a5f52b,8,ypc_05,D,full,D,False,A,2,True,1,0,0,0.3366829552428909
ai-reliability,6a2005ef97f72a2148a5f52b,9,ypc_06,D,full,D,False,A,3,True,1,0,0,1.2128699231039075
ai-reliability,6a2005ef97f72a2148a5f52b,10,car_racing_01,D,full,D,True,D,5,True,1,1,1,-1.7807688837545659
ai-reliability,6a2005ef97f72a2148a5f52b,11,car_racing_02,B,full,B,False,C,4,True,1,0,0,1.1885313962188795
ai-reliability,6a2005ef97f72a2148a5f52b,12,car_racing_03,B,full,B,True,B,3,True,1,1,1,-0.49082695884806904
ai-reliability,6a2005ef97f72a2148a5f52b,13,car_racing_05,D,full,D,False,A,3,True,1,0,0,0.5313911703231169
ai-reliability,6a2005ef97f72a2148a5f52b,14,graduation_party_01,B,full,B,True,B,1,True,1,1,1,-1.5130450880192552
ai-reliability,6a2005ef97f72a2148a5f52b,15,graduation_party_05,D,full,D,False,A,2,True,1,0,0,0.14197474016266495
ai-reliability,6a2005ef97f72a2148a5f52b,16,graduation_party_06,D,full,D,True,D,2,True,1,1,1,-0.3691343244229278
ai-reliability,6a2005ef97f72a2148a5f52b,17,graduation_party_07,D,full,D,False,B,4,True,1,0,0,0.7017608585183145
ai-reliability,67e8289e4c317bd8072e7c96,14,graduation_party_01,D,full,B,True,B,10,True,0,0,1,-1.5130450880192552
ai-reliability,6a1d8a523e6779817d014374,6,ypc_02,D,full,D,True,D,2,True,1,1,1,-0.8072278083534364
ai-reliability,6a1d8a523e6779817d014374,7,ypc_03,B,full,B,True,B,3,True,1,1,1,0.847792019828484
ai-reliability,6a1d8a523e6779817d014374,8,ypc_05,D,full,D,False,A,2,True,1,0,0,0.3366829552428909
ai-reliability,6a1d8a523e6779817d014374,9,ypc_06,B,full,B,False,A,3,True,1,0,0,1.2128699231039075
ai-reliability,6a1d8a523e6779817d014374,10,car_racing_01,D,full,D,True,D,2,True,1,1,1,-1.7807688837545659
ai-reliability,6a1d8a523e6779817d014374,11,car_racing_02,B,full,B,False,C,2,True,1,0,0,1.1885313962188795
ai-reliability,6a1d8a523e6779817d014374,12,car_racing_03,D,full,D,False,B,2,True,1,0,0,-0.49082695884806904
ai-reliability,6a1d8a523e6779817d014374,13,car_racing_05,C,full,C,False,A,2,True,1,0,0,0.5313911703231169
ai-reliability,6a1d8a523e6779817d014374,14,graduation_party_01,B,full,B,True,B,4,True,1,1,1,-1.5130450880192552
ai-reliability,6a1d8a523e6779817d014374,15,graduation_party_05,A,full,A,True,A,2,True,1,1,1,0.14197474016266495
ai-reliability,6a1d8a523e6779817d014374,16,graduation_party_06,D,full,D,True,D,1,True,1,1,1,-0.3691343244229278
ai-reliability,6a1d8a523e6779817d014374,17,graduation_party_07,B,full,B,True,B,3,True,1,1,1,0.7017608585183145
ai-reliability,69f4765b9bfd320086f11f14,6,ypc_02,D,full,D,True,D,2,True,1,1,1,-0.8072278083534364
ai-reliability,69f4765b9bfd320086f11f14,7,ypc_03,D,full,D,False,B,1,True,1,0,0,0.847792019828484
ai-reliability,69f4765b9bfd320086f11f14,8,ypc_05,D,combined,D,False,A,3,True,1,0,0,0.3366829552428909
ai-reliability,69f4765b9bfd320086f11f14,9,ypc_06,D,full,C,False,A,1,True,0,0,0,1.2128699231039075
ai-reliability,69f4765b9bfd320086f11f14,10,car_racing_01,D,full,D,True,D,1,True,1,1,1,-1.7807688837545659
ai-reliability,69f4765b9bfd320086f11f14,11,car_racing_02,B,full,B,False,C,2,True,1,0,0,1.1885313962188795
ai-reliability,69f4765b9bfd320086f11f14,12,car_racing_03,D,full,D,False,B,1,True,1,0,0,-0.49082695884806904
ai-reliability,69f4765b9bfd320086f11f14,13,car_racing_05,D,full,D,False,A,1,True,1,0,0,0.5313911703231169
ai-reliability,69f4765b9bfd320086f11f14,14,graduation_party_01,B,full,B,True,B,1,True,1,1,1,-1.5130450880192552
ai-reliability,69f4765b9bfd320086f11f14,16,graduation_party_06,D,full,D,True,D,1,True,1,1,1,-0.3691343244229278
ai-reliability,69f4765b9bfd320086f11f14,17,graduation_party_07,B,full,B,True,B,2,True,1,1,1,0.7017608585183145
ai-reliability,69fd88994d71fdbe41dc06cb,6,ypc_02,D,full,D,True,D,4,True,1,1,1,-0.8072278083534364
ai-reliability,69fd88994d71fdbe41dc06cb,7,ypc_03,C,combined,A,False,B,4,True,0,0,0,0.847792019828484
ai-reliability,69fd88994d71fdbe41dc06cb,8,ypc_05,A,combined,A,True,A,2,True,1,1,1,0.3366829552428909
ai-reliability,69fd88994d71fdbe41dc06cb,9,ypc_06,C,full,C,False,A,1,True,1,0,0,1.2128699231039075
ai-reliability,6a04366fb4a4aa679e7dc1ba,6,ypc_02,D,full,D,True,D,2,True,1,1,1,-0.8072278083534364
ai-reliability,6a04366fb4a4aa679e7dc1ba,7,ypc_03,D,full,D,False,B,1,True,1,0,0,0.847792019828484
ai-reliability,6a04366fb4a4aa679e7dc1ba,8,ypc_05,D,full,D,False,A,1,True,1,0,0,0.3366829552428909
ai-reliability,6a04366fb4a4aa679e7dc1ba,9,ypc_06,A,full,D,False,A,1,True,0,1,0,1.2128699231039075
ai-reliability,6a04366fb4a4aa679e7dc1ba,10,car_racing_01,D,full,D,True,D,1,True,1,1,1,-1.7807688837545659
ai-reliability,6a04366fb4a4aa679e7dc1ba,11,car_racing_02,D,full,B,False,C,1,True,0,0,0,1.1885313962188795
ai-reliability,6a04366fb4a4aa679e7dc1ba,12,car_racing_03,D,full,B,True,B,2,True,0,0,1,-0.49082695884806904
ai-reliability,6a04366fb4a4aa679e7dc1ba,13,car_racing_05,B,full,A,True,A,1,True,0,0,1,0.5313911703231169
ai-reliability,6a04366fb4a4aa679e7dc1ba,14,graduation_party_01,B,full,B,True,B,1,True,1,1,1,-1.5130450880192552
ai-reliability,6a04366fb4a4aa679e7dc1ba,15,graduation_party_05,D,full,D,False,A,4,True,1,0,0,0.14197474016266495
ai-reliability,6a04366fb4a4aa679e7dc1ba,16,graduation_party_06,D,full,D,True,D,1,True,1,1,1,-0.3691343244229278
ai-reliability,6a04366fb4a4aa679e7dc1ba,17,graduation_party_07,A,full,B,True,B,1,True,0,0,1,0.7017608585183145
ai-reliability,6a0f23984ca40187cbf977c3,6,ypc_02,D,full,D,True,D,1,True,1,1,1,-0.8072278083534364
ai-reliability,6a0f23984ca40187cbf977c3,7,ypc_03,B,combined,D,False,B,3,True,0,1,0,0.847792019828484
ai-reliability,6a0f23984ca40187cbf977c3,8,ypc_05,A,full,C,False,A,1,True,0,1,0,0.3366829552428909
ai-reliability,6a0f23984ca40187cbf977c3,9,ypc_06,B,full,B,False,A,1,True,1,0,0,1.2128699231039075
ai-reliability,6a0f23984ca40187cbf977c3,10,car_racing_01,D,full,D,True,D,2,True,1,1,1,-1.7807688837545659
ai-reliability,6a0f23984ca40187cbf977c3,11,car_racing_02,B,full,B,False,C,1,True,1,0,0,1.1885313962188795
ai-reliability,6a0f23984ca40187cbf977c3,12,car_racing_03,D,full,D,False,B,2,True,1,0,0,-0.49082695884806904
ai-reliability,6a0f23984ca40187cbf977c3,13,car_racing_05,D,full,D,False,A,1,True,1,0,0,0.5313911703231169
ai-reliability,6a0f23984ca40187cbf977c3,14,graduation_party_01,C,full,C,False,B,1,True,1,0,0,-1.5130450880192552
ai-reliability,6a0f23984ca40187cbf977c3,15,graduation_party_05,A,full,A,True,A,1,True,1,1,1,0.14197474016266495
ai-reliability,6a0f23984ca40187cbf977c3,16,graduation_party_06,A,full,A,False,D,1,True,1,0,0,-0.3691343244229278
ai-reliability,6a0f23984ca40187cbf977c3,17,graduation_party_07,D,full,D,False,B,1,True,1,0,0,0.7017608585183145
ai-reliability,69fd091c3ac967918648e10c,6,ypc_02,A,full,A,False,D,1,True,1,0,0,-0.8072278083534364
ai-reliability,69fd091c3ac967918648e10c,7,ypc_03,A,full,A,False,B,1,True,1,0,0,0.847792019828484
ai-reliability,69fd091c3ac967918648e10c,8,ypc_05,A,full,A,True,A,1,True,1,1,1,0.3366829552428909
ai-reliability,69fd091c3ac967918648e10c,9,ypc_06,B,full,B,False,A,1,True,1,0,0,1.2128699231039075
ai-reliability,69fd091c3ac967918648e10c,10,car_racing_01,A,full,A,False,D,1,True,1,0,0,-1.7807688837545659
ai-reliability,69fd091c3ac967918648e10c,11,car_racing_02,B,full,B,False,C,1,True,1,0,0,1.1885313962188795
ai-reliability,69fd091c3ac967918648e10c,12,car_racing_03,D,full,D,False,B,1,True,1,0,0,-0.49082695884806904
ai-reliability,69fd091c3ac967918648e10c,13,car_racing_05,C,full,C,False,A,1,True,1,0,0,0.5313911703231169
ai-reliability,69fd091c3ac967918648e10c,14,graduation_party_01,B,full,B,True,B,1,True,1,1,1,-1.5130450880192552
ai-reliability,69fd091c3ac967918648e10c,15,graduation_party_05,D,full,D,False,A,1,True,1,0,0,0.14197474016266495
ai-reliability,69fd091c3ac967918648e10c,16,graduation_party_06,D,full,D,True,D,1,True,1,1,1,-0.3691343244229278
ai-reliability,69fd091c3ac967918648e10c,17,graduation_party_07,B,full,B,True,B,1,True,1,1,1,0.7017608585183145
ai-reliability,59a3b1a35fd74b0001abf9c1,6,ypc_02,D,full,D,True,D,4,True,1,1,1,-0.8072278083534364
ai-reliability,59a3b1a35fd74b0001abf9c1,7,ypc_03,A,full,A,False,B,1,True,1,0,0,0.847792019828484
ai-reliability,59a3b1a35fd74b0001abf9c1,8,ypc_05,D,full,D,False,A,1,True,1,0,0,0.3366829552428909
ai-reliability,59a3b1a35fd74b0001abf9c1,9,ypc_06,C,full,C,False,A,1,True,1,0,0,1.2128699231039075
ai-reliability,59a3b1a35fd74b0001abf9c1,10,car_racing_01,D,full,D,True,D,2,True,1,1,1,-1.7807688837545659
ai-reliability,59a3b1a35fd74b0001abf9c1,11,car_racing_02,B,full,B,False,C,2,True,1,0,0,1.1885313962188795
ai-reliability,59a3b1a35fd74b0001abf9c1,12,car_racing_03,D,full,D,False,B,1,True,1,0,0,-0.49082695884806904
ai-reliability,59a3b1a35fd74b0001abf9c1,13,car_racing_05,D,full,D,False,A,2,True,1,0,0,0.5313911703231169
ai-reliability,59a3b1a35fd74b0001abf9c1,14,graduation_party_01,B,full,B,True,B,1,True,1,1,1,-1.5130450880192552
ai-reliability,59a3b1a35fd74b0001abf9c1,15,graduation_party_05,D,full,D,False,A,2,True,1,0,0,0.14197474016266495
ai-reliability,59a3b1a35fd74b0001abf9c1,16,graduation_party_06,B,full,B,False,D,4,True,1,0,0,-0.3691343244229278
ai-reliability,59a3b1a35fd74b0001abf9c1,17,graduation_party_07,D,full,D,False,B,1,True,1,0,0,0.7017608585183145
ai-reliability,6a00c8a7e99da785c9fe6493,6,ypc_02,C,full,C,False,D,1,True,1,0,0,-0.8072278083534364
ai-reliability,6a00c8a7e99da785c9fe6493,7,ypc_03,C,full,D,False,B,1,True,0,0,0,0.847792019828484
ai-reliability,6a00c8a7e99da785c9fe6493,8,ypc_05,A,full,A,True,A,1,True,1,1,1,0.3366829552428909
ai-reliability,6a00c8a7e99da785c9fe6493,9,ypc_06,B,full,B,False,A,1,True,1,0,0,1.2128699231039075
ai-reliability,6a00c8a7e99da785c9fe6493,10,car_racing_01,D,full,D,True,D,2,True,1,1,1,-1.7807688837545659
ai-reliability,6a00c8a7e99da785c9fe6493,11,car_racing_02,C,full,A,False,C,1,True,0,1,0,1.1885313962188795
ai-reliability,6a00c8a7e99da785c9fe6493,12,car_racing_03,C,full,D,False,B,1,True,0,0,0,-0.49082695884806904
ai-reliability,6a00c8a7e99da785c9fe6493,13,car_racing_05,C,full,D,False,A,1,True,0,0,0,0.5313911703231169
ai-reliability,6a00c8a7e99da785c9fe6493,14,graduation_party_01,B,full,B,True,B,3,True,1,1,1,-1.5130450880192552
ai-reliability,6a00c8a7e99da785c9fe6493,15,graduation_party_05,A,full,A,True,A,2,True,1,1,1,0.14197474016266495
ai-reliability,6a00c8a7e99da785c9fe6493,16,graduation_party_06,D,full,D,True,D,2,True,1,1,1,-0.3691343244229278
ai-reliability,6a00c8a7e99da785c9fe6493,17,graduation_party_07,B,full,B,True,B,2,True,1,1,1,0.7017608585183145
ai-reliability,6a0b4fa8c69b7f8c74ef1238,6,ypc_02,D,full,D,True,D,1,True,1,1,1,-0.8072278083534364
ai-reliability,6a0b4fa8c69b7f8c74ef1238,7,ypc_03,C,combined,D,False,B,4,True,0,0,0,0.847792019828484
ai-reliability,6a0b4fa8c69b7f8c74ef1238,8,ypc_05,D,full,D,False,A,1,True,1,0,0,0.3366829552428909
ai-reliability,6a0b4fa8c69b7f8c74ef1238,9,ypc_06,D,full,B,False,A,2,True,0,0,0,1.2128699231039075
ai-reliability,6a0b4fa8c69b7f8c74ef1238,10,car_racing_01,D,full,D,True,D,2,True,1,1,1,-1.7807688837545659
ai-reliability,6a0b4fa8c69b7f8c74ef1238,11,car_racing_02,B,full,B,False,C,2,True,1,0,0,1.1885313962188795
ai-reliability,6a0b4fa8c69b7f8c74ef1238,12,car_racing_03,D,full,D,False,B,1,True,1,0,0,-0.49082695884806904
ai-reliability,6a0b4fa8c69b7f8c74ef1238,13,car_racing_05,C,full,D,False,A,2,True,0,0,0,0.5313911703231169
ai-reliability,6a0b4fa8c69b7f8c74ef1238,14,graduation_party_01,B,full,A,False,B,3,True,0,1,0,-1.5130450880192552
ai-reliability,6a0b4fa8c69b7f8c74ef1238,15,graduation_party_05,A,full,D,False,A,1,True,0,1,0,0.14197474016266495
ai-reliability,6a0b4fa8c69b7f8c74ef1238,16,graduation_party_06,D,full,D,True,D,1,True,1,1,1,-0.3691343244229278
ai-reliability,6a0b4fa8c69b7f8c74ef1238,17,graduation_party_07,B,full,B,True,B,1,True,1,1,1,0.7017608585183145
ai-reliability,6a0b003f6fd78e5df58d4c69,6,ypc_02,A,full,A,False,D,1,True,1,0,0,-0.8072278083534364
ai-reliability,6a0b003f6fd78e5df58d4c69,7,ypc_03,D,full,D,False,B,5,True,1,0,0,0.847792019828484
ai-reliability,6a0b003f6fd78e5df58d4c69,8,ypc_05,A,full,A,True,A,1,True,1,1,1,0.3366829552428909
ai-reliability,6a0b003f6fd78e5df58d4c69,9,ypc_06,D,full,D,False,A,1,True,1,0,0,1.2128699231039075
ai-reliability,6a0b003f6fd78e5df58d4c69,10,car_racing_01,D,full,D,True,D,1,True,1,1,1,-1.7807688837545659
ai-reliability,6a0b003f6fd78e5df58d4c69,11,car_racing_02,B,full,C,True,C,1,True,0,0,1,1.1885313962188795
ai-reliability,6a0b003f6fd78e5df58d4c69,12,car_racing_03,B,full,B,True,B,1,True,1,1,1,-0.49082695884806904
ai-reliability,6a0b003f6fd78e5df58d4c69,13,car_racing_05,D,full,A,True,A,5,True,0,0,1,0.5313911703231169
ai-reliability,6a0b003f6fd78e5df58d4c69,14,graduation_party_01,B,full,B,True,B,1,True,1,1,1,-1.5130450880192552
ai-reliability,6a0b003f6fd78e5df58d4c69,15,graduation_party_05,A,full,A,True,A,3,True,1,1,1,0.14197474016266495
ai-reliability,6a0b003f6fd78e5df58d4c69,16,graduation_party_06,D,full,D,True,D,1,True,1,1,1,-0.3691343244229278
ai-reliability,6a0b003f6fd78e5df58d4c69,17,graduation_party_07,C,full,C,False,B,1,True,1,0,0,0.7017608585183145
ai-reliability,668d16ae27f1ad4461650742,6,ypc_02,D,full,B,False,D,1,True,0,1,0,-0.8072278083534364
ai-reliability,668d16ae27f1ad4461650742,7,ypc_03,D,full,B,True,B,1,True,0,0,1,0.847792019828484
ai-reliability,668d16ae27f1ad4461650742,8,ypc_05,D,full,A,True,A,1,True,0,0,1,0.3366829552428909
ai-reliability,668d16ae27f1ad4461650742,9,ypc_06,B,full,A,True,A,1,True,0,0,1,1.2128699231039075
ai-reliability,668d16ae27f1ad4461650742,10,car_racing_01,D,full,D,True,D,1,True,1,1,1,-1.7807688837545659
ai-reliability,668d16ae27f1ad4461650742,12,car_racing_03,D,full,D,False,B,1,True,1,0,0,-0.49082695884806904
ai-reliability,668d16ae27f1ad4461650742,13,car_racing_05,C,full,C,False,A,1,True,1,0,0,0.5313911703231169
ai-reliability,668d16ae27f1ad4461650742,14,graduation_party_01,B,full,A,False,B,2,True,0,1,0,-1.5130450880192552
ai-reliability,668d16ae27f1ad4461650742,15,graduation_party_05,D,full,D,False,A,1,True,1,0,0,0.14197474016266495
ai-reliability,668d16ae27f1ad4461650742,16,graduation_party_06,B,full,B,False,D,1,True,1,0,0,-0.3691343244229278
ai-reliability,668d16ae27f1ad4461650742,17,graduation_party_07,D,full,B,True,B,1,True,0,0,1,0.7017608585183145
alternatives,612a1e54112f947dc881398a,6,ypc_02,D,agree,D,True,D,2,True,1,1,1,-0.8072278083534364
alternatives,612a1e54112f947dc881398a,7,ypc_03,A,agree,A,False,B,2,True,1,0,0,0.847792019828484
alternatives,612a1e54112f947dc881398a,8,ypc_05,D,agree,D,False,A,2,True,1,0,0,0.3366829552428909
alternatives,612a1e54112f947dc881398a,9,ypc_06,D,agree,D,False,A,2,True,1,0,0,1.2128699231039075
alternatives,612a1e54112f947dc881398a,10,car_racing_01,D,agree,D,True,D,2,True,1,1,1,-1.7807688837545659
alternatives,612a1e54112f947dc881398a,14,graduation_party_01,B,agree,B,True,B,2,True,1,1,1,-1.5130450880192552
alternatives,612a1e54112f947dc881398a,15,graduation_party_05,D,agree,D,False,A,2,True,1,0,0,0.14197474016266495
alternatives,612a1e54112f947dc881398a,16,graduation_party_06,B,agree,B,False,D,2,True,1,0,0,-0.3691343244229278
alternatives,612a1e54112f947dc881398a,17,graduation_party_07,D,agree,D,False,B,2,True,1,0,0,0.7017608585183145
alternatives,6a023f4680391bcad5d12a8e,6,ypc_02,D,agree,D,True,D,2,True,1,1,1,-0.8072278083534364
alternatives,6a023f4680391bcad5d12a8e,10,car_racing_01,D,agree,D,True,D,2,True,1,1,1,-1.7807688837545659
alternatives,6a023f4680391bcad5d12a8e,11,car_racing_02,B,agree,B,False,C,2,True,1,0,0,1.1885313962188795
alternatives,6a023f4680391bcad5d12a8e,12,car_racing_03,B,agree,B,True,B,2,True,1,1,1,-0.49082695884806904
alternatives,6a023f4680391bcad5d12a8e,15,graduation_party_05,A,agree,A,True,A,2,True,1,1,1,0.14197474016266495
alternatives,5b0f27321e55760001b9a8a5,6,ypc_02,D,agree,D,True,D,6,True,1,1,1,-0.8072278083534364
alternatives,5b0f27321e55760001b9a8a5,10,car_racing_01,D,agree,D,True,D,2,True,1,1,1,-1.7807688837545659
alternatives,5b0f27321e55760001b9a8a5,14,graduation_party_01,B,agree,B,True,B,2,True,1,1,1,-1.5130450880192552
alternatives,6a05af046f4fff8e7c4bf65f,6,ypc_02,D,agree,D,True,D,4,True,1,1,1,-0.8072278083534364
alternatives,6a05af046f4fff8e7c4bf65f,14,graduation_party_01,B,agree,B,True,B,2,True,1,1,1,-1.5130450880192552
alternatives,6a05af046f4fff8e7c4bf65f,15,graduation_party_05,D,agree,D,False,A,4,True,1,0,0,0.14197474016266495
alternatives,5c0f6121a166d700013881ec,6,ypc_02,D,agree,D,True,D,2,True,1,1,1,-0.8072278083534364
alternatives,5c0f6121a166d700013881ec,8,ypc_05,A,agree,A,True,A,4,True,1,1,1,0.3366829552428909
alternatives,5c0f6121a166d700013881ec,10,car_racing_01,D,agree,D,True,D,4,True,1,1,1,-1.7807688837545659
alternatives,5c0f6121a166d700013881ec,11,car_racing_02,B,agree,B,False,C,2,True,1,0,0,1.1885313962188795
alternatives,5c0f6121a166d700013881ec,12,car_racing_03,B,agree,B,True,B,4,True,1,1,1,-0.49082695884806904
alternatives,5c0f6121a166d700013881ec,13,car_racing_05,D,agree,D,False,A,4,True,1,0,0,0.5313911703231169
alternatives,5c0f6121a166d700013881ec,14,graduation_party_01,B,agree,B,True,B,2,True,1,1,1,-1.5130450880192552
alternatives,5c0f6121a166d700013881ec,15,graduation_party_05,D,agree,D,False,A,2,True,1,0,0,0.14197474016266495
alternatives,5c0f6121a166d700013881ec,16,graduation_party_06,D,agree,D,True,D,4,True,1,1,1,-0.3691343244229278
alternatives,5c0f6121a166d700013881ec,17,graduation_party_07,B,agree,B,True,B,4,True,1,1,1,0.7017608585183145
alternatives,6a14f818ca7d49f469ab3163,6,ypc_02,D,agree,D,True,D,2,True,1,1,1,-0.8072278083534364
alternatives,6a14f818ca7d49f469ab3163,7,ypc_03,C,agree,C,False,B,6,True,1,0,0,0.847792019828484
alternatives,6a14f818ca7d49f469ab3163,9,ypc_06,C,agree,C,False,A,2,True,1,0,0,1.2128699231039075
alternatives,6a14f818ca7d49f469ab3163,11,car_racing_02,B,agree,B,False,C,2,True,1,0,0,1.1885313962188795
alternatives,6a14f818ca7d49f469ab3163,12,car_racing_03,D,agree,D,False,B,2,True,1,0,0,-0.49082695884806904
alternatives,6a14f818ca7d49f469ab3163,14,graduation_party_01,B,agree,B,True,B,2,True,1,1,1,-1.5130450880192552
alternatives,6a14f818ca7d49f469ab3163,16,graduation_party_06,B,agree,B,False,D,2,True,1,0,0,-0.3691343244229278
alternatives,69f1386d8f8e9af4ec5759a7,7,ypc_03,D,agree,D,False,B,2,True,1,0,0,0.847792019828484
alternatives,69f1386d8f8e9af4ec5759a7,14,graduation_party_01,B,agree,B,True,B,8,True,1,1,1,-1.5130450880192552
alternatives,61472242d56808cc5a4c94d9,8,ypc_05,D,agree,D,False,A,2,True,1,0,0,0.3366829552428909
alternatives,61472242d56808cc5a4c94d9,14,graduation_party_01,B,agree,B,True,B,2,True,1,1,1,-1.5130450880192552
alternatives,61472242d56808cc5a4c94d9,15,graduation_party_05,A,agree,A,True,A,3,True,1,1,1,0.14197474016266495
alternatives,61472242d56808cc5a4c94d9,17,graduation_party_07,D,agree,D,False,B,2,True,1,0,0,0.7017608585183145
alternatives,6a06ee4535f3599505bc54f6,8,ypc_05,D,agree,C,False,A,2,True,0,0,0,0.3366829552428909
alternatives,6a06ee4535f3599505bc54f6,9,ypc_06,B,agree,C,False,A,8,True,0,0,0,1.2128699231039075
alternatives,6a06ee4535f3599505bc54f6,10,car_racing_01,D,agree,A,False,D,2,True,0,1,0,-1.7807688837545659
alternatives,6a06ee4535f3599505bc54f6,13,car_racing_05,A,agree,A,True,A,2,True,1,1,1,0.5313911703231169
alternatives,6a06ee4535f3599505bc54f6,14,graduation_party_01,B,agree,A,False,B,4,True,0,1,0,-1.5130450880192552
alternatives,6a06ee4535f3599505bc54f6,15,graduation_party_05,D,agree,B,False,A,2,True,0,0,0,0.14197474016266495
alternatives,6a06ee4535f3599505bc54f6,17,graduation_party_07,D,agree,A,False,B,4,True,0,0,0,0.7017608585183145
alternatives,6a01ff6376140a39df37af06,6,ypc_02,D,agree,D,True,D,4,True,1,1,1,-0.8072278083534364
alternatives,6a01ff6376140a39df37af06,9,ypc_06,C,agree,C,False,A,6,True,1,0,0,1.2128699231039075
alternatives,6a01ff6376140a39df37af06,10,car_racing_01,D,agree,D,True,D,2,True,1,1,1,-1.7807688837545659
alternatives,6a01ff6376140a39df37af06,11,car_racing_02,B,agree,B,False,C,12,True,1,0,0,1.1885313962188795
alternatives,6a01ff6376140a39df37af06,12,car_racing_03,B,agree,B,True,B,6,True,1,1,1,-0.49082695884806904
alternatives,6a01ff6376140a39df37af06,13,car_racing_05,D,agree,D,False,A,6,True,1,0,0,0.5313911703231169
alternatives,6a01ff6376140a39df37af06,15,graduation_party_05,A,agree,A,True,A,10,True,1,1,1,0.14197474016266495
alternatives,6a01ff6376140a39df37af06,16,graduation_party_06,B,agree,B,False,D,6,True,1,0,0,-0.3691343244229278
alternatives,6a01ff6376140a39df37af06,17,graduation_party_07,D,agree,D,False,B,6,True,1,0,0,0.7017608585183145
alternatives,69ee224d4896c8720f0ed466,6,ypc_02,D,agree,D,True,D,6,True,1,1,1,-0.8072278083534364
alternatives,69ee224d4896c8720f0ed466,7,ypc_03,D,agree,D,False,B,6,True,1,0,0,0.847792019828484
alternatives,69ee224d4896c8720f0ed466,10,car_racing_01,D,agree,D,True,D,4,True,1,1,1,-1.7807688837545659
alternatives,69ee224d4896c8720f0ed466,11,car_racing_02,B,agree,B,False,C,4,True,1,0,0,1.1885313962188795
alternatives,69ee224d4896c8720f0ed466,12,car_racing_03,B,agree,B,True,B,8,True,1,1,1,-0.49082695884806904
alternatives,69ee224d4896c8720f0ed466,13,car_racing_05,A,agree,A,True,A,6,True,1,1,1,0.5313911703231169
alternatives,69ee224d4896c8720f0ed466,14,graduation_party_01,B,agree,B,True,B,4,True,1,1,1,-1.5130450880192552
alternatives,69ee224d4896c8720f0ed466,15,graduation_party_05,D,agree,D,False,A,4,True,1,0,0,0.14197474016266495
alternatives,69ee224d4896c8720f0ed466,16,graduation_party_06,D,agree,D,True,D,4,True,1,1,1,-0.3691343244229278
alternatives,69ee224d4896c8720f0ed466,17,graduation_party_07,A,agree,A,False,B,6,True,1,0,0,0.7017608585183145
alternatives,6a0b2039dd72f88d56961a7c,6,ypc_02,D,agree,D,True,D,14,True,1,1,1,-0.8072278083534364
alternatives,6a0b2039dd72f88d56961a7c,8,ypc_05,A,agree,A,True,A,4,True,1,1,1,0.3366829552428909
alternatives,6a0b2039dd72f88d56961a7c,10,car_racing_01,D,agree,D,True,D,6,True,1,1,1,-1.7807688837545659
alternatives,6a0b2039dd72f88d56961a7c,11,car_racing_02,B,agree,B,False,C,8,True,1,0,0,1.1885313962188795
alternatives,6a0b2039dd72f88d56961a7c,13,car_racing_05,D,agree,B,False,A,12,True,0,0,0,0.5313911703231169
alternatives,6a0b2039dd72f88d56961a7c,14,graduation_party_01,B,agree,B,True,B,8,True,1,1,1,-1.5130450880192552
alternatives,6a0b2039dd72f88d56961a7c,15,graduation_party_05,D,agree,D,False,A,13,True,1,0,0,0.14197474016266495
alternatives,6a0b2039dd72f88d56961a7c,17,graduation_party_07,D,agree,D,False,B,6,True,1,0,0,0.7017608585183145
alternatives,603ceb8f82d6b0a88e6cb99a,12,car_racing_03,B,agree,B,True,B,4,True,1,1,1,-0.49082695884806904
alternatives,603ceb8f82d6b0a88e6cb99a,13,car_racing_05,D,agree,D,False,A,4,True,1,0,0,0.5313911703231169
alternatives,603ceb8f82d6b0a88e6cb99a,14,graduation_party_01,B,agree,B,True,B,4,True,1,1,1,-1.5130450880192552
alternatives,603ceb8f82d6b0a88e6cb99a,16,graduation_party_06,B,agree,B,False,D,4,True,1,0,0,-0.3691343244229278
alternatives,6a04a03cd33b0d59049eb5fa,7,ypc_03,B,agree,B,True,B,2,True,1,1,1,0.847792019828484
alternatives,6a04a03cd33b0d59049eb5fa,16,graduation_party_06,B,agree,B,False,D,2,True,1,0,0,-0.3691343244229278
alternatives,69fedf9f76ae1cce5911453a,6,ypc_02,D,agree,D,True,D,4,True,1,1,1,-0.8072278083534364
alternatives,69fedf9f76ae1cce5911453a,10,car_racing_01,D,agree,D,True,D,2,True,1,1,1,-1.7807688837545659
alternatives,69fedf9f76ae1cce5911453a,14,graduation_party_01,B,agree,B,True,B,4,True,1,1,1,-1.5130450880192552
alternatives,69fedf9f76ae1cce5911453a,17,graduation_party_07,B,agree,B,True,B,4,True,1,1,1,0.7017608585183145
alternatives,6a08d7ebd6444314bbbf1112,6,ypc_02,D,agree,D,True,D,2,True,1,1,1,-0.8072278083534364
alternatives,6a08d7ebd6444314bbbf1112,7,ypc_03,A,agree,A,False,B,2,True,1,0,0,0.847792019828484
alternatives,6a08d7ebd6444314bbbf1112,8,ypc_05,A,agree,A,True,A,2,True,1,1,1,0.3366829552428909
alternatives,6a08d7ebd6444314bbbf1112,9,ypc_06,D,agree,D,False,A,2,True,1,0,0,1.2128699231039075
alternatives,6a08d7ebd6444314bbbf1112,10,car_racing_01,D,agree,B,False,D,2,True,0,1,0,-1.7807688837545659
alternatives,6a08d7ebd6444314bbbf1112,12,car_racing_03,D,agree,D,False,B,2,True,1,0,0,-0.49082695884806904
alternatives,6a08d7ebd6444314bbbf1112,13,car_racing_05,D,agree,D,False,A,6,True,1,0,0,0.5313911703231169
alternatives,6a08d7ebd6444314bbbf1112,14,graduation_party_01,B,agree,B,True,B,4,True,1,1,1,-1.5130450880192552
alternatives,6a08d7ebd6444314bbbf1112,15,graduation_party_05,A,agree,A,True,A,4,True,1,1,1,0.14197474016266495
alternatives,6a08d7ebd6444314bbbf1112,16,graduation_party_06,D,agree,D,True,D,2,True,1,1,1,-0.3691343244229278
alternatives,6a08d7ebd6444314bbbf1112,17,graduation_party_07,A,agree,A,False,B,4,True,1,0,0,0.7017608585183145
alternatives,6601a00c30582f248a36232c,6,ypc_02,D,agree,D,True,D,2,True,1,1,1,-0.8072278083534364
alternatives,6601a00c30582f248a36232c,8,ypc_05,D,agree,D,False,A,2,True,1,0,0,0.3366829552428909
alternatives,6601a00c30582f248a36232c,11,car_racing_02,B,agree,B,False,C,4,True,1,0,0,1.1885313962188795
alternatives,6601a00c30582f248a36232c,15,graduation_party_05,D,agree,D,False,A,2,True,1,0,0,0.14197474016266495
alternatives,5cacc30ef7db0100175998e7,8,ypc_05,D,agree,D,False,A,4,True,1,0,0,0.3366829552428909
alternatives,5cacc30ef7db0100175998e7,9,ypc_06,D,agree,D,False,A,2,True,1,0,0,1.2128699231039075
alternatives,5cacc30ef7db0100175998e7,12,car_racing_03,D,agree,D,False,B,2,True,1,0,0,-0.49082695884806904
alternatives,69ed80361ac67e060ad6e85e,10,car_racing_01,D,agree,D,True,D,4,True,1,1,1,-1.7807688837545659
alternatives,69ed80361ac67e060ad6e85e,15,graduation_party_05,D,agree,D,False,A,4,True,1,0,0,0.14197474016266495
alternatives,69ed80361ac67e060ad6e85e,16,graduation_party_06,D,agree,D,True,D,6,True,1,1,1,-0.3691343244229278
alternatives,66ef7a5b05edfd0f5bed68a6,8,ypc_05,D,agree,D,False,A,4,True,1,0,0,0.3366829552428909
alternatives,66ef7a5b05edfd0f5bed68a6,11,car_racing_02,B,agree,B,False,C,4,True,1,0,0,1.1885313962188795
alternatives,66ef7a5b05edfd0f5bed68a6,12,car_racing_03,D,agree,D,False,B,2,True,1,0,0,-0.49082695884806904
alternatives,66ef7a5b05edfd0f5bed68a6,14,graduation_party_01,B,agree,B,True,B,4,True,1,1,1,-1.5130450880192552
alternatives,66ef7a5b05edfd0f5bed68a6,16,graduation_party_06,D,agree,D,True,D,2,True,1,1,1,-0.3691343244229278
alternatives,66ef7a5b05edfd0f5bed68a6,17,graduation_party_07,D,agree,D,False,B,2,True,1,0,0,0.7017608585183145
alternatives,68123a73ba06c472ccd5edb8,6,ypc_02,D,agree,D,True,D,4,True,1,1,1,-0.8072278083534364
alternatives,68123a73ba06c472ccd5edb8,8,ypc_05,A,agree,A,True,A,4,True,1,1,1,0.3366829552428909
alternatives,68123a73ba06c472ccd5edb8,9,ypc_06,B,agree,B,False,A,2,True,1,0,0,1.2128699231039075
alternatives,68123a73ba06c472ccd5edb8,10,car_racing_01,A,agree,A,False,D,2,True,1,0,0,-1.7807688837545659
alternatives,68123a73ba06c472ccd5edb8,11,car_racing_02,B,agree,B,False,C,2,True,1,0,0,1.1885313962188795
alternatives,68123a73ba06c472ccd5edb8,13,car_racing_05,A,agree,A,True,A,4,True,1,1,1,0.5313911703231169
alternatives,68123a73ba06c472ccd5edb8,15,graduation_party_05,A,agree,A,True,A,2,True,1,1,1,0.14197474016266495
alternatives,68123a73ba06c472ccd5edb8,16,graduation_party_06,B,agree,B,False,D,2,True,1,0,0,-0.3691343244229278
alternatives,68123a73ba06c472ccd5edb8,17,graduation_party_07,B,agree,B,True,B,2,True,1,1,1,0.7017608585183145
alternatives,5fb281433a31c686f0ec3ecb,6,ypc_02,D,agree,D,True,D,4,True,1,1,1,-0.8072278083534364
alternatives,5fb281433a31c686f0ec3ecb,7,ypc_03,B,agree,A,False,B,2,True,0,1,0,0.847792019828484
alternatives,5fb281433a31c686f0ec3ecb,8,ypc_05,A,agree,A,True,A,2,True,1,1,1,0.3366829552428909
alternatives,5fb281433a31c686f0ec3ecb,11,car_racing_02,B,agree,B,False,C,2,True,1,0,0,1.1885313962188795
alternatives,5fb281433a31c686f0ec3ecb,12,car_racing_03,B,agree,B,True,B,6,True,1,1,1,-0.49082695884806904
alternatives,66e1961788c0c89fa75ecb42,6,ypc_02,D,agree,D,True,D,2,True,1,1,1,-0.8072278083534364
alternatives,66e1961788c0c89fa75ecb42,7,ypc_03,A,agree,A,False,B,2,True,1,0,0,0.847792019828484
alternatives,66e1961788c0c89fa75ecb42,12,car_racing_03,D,agree,D,False,B,2,True,1,0,0,-0.49082695884806904
alternatives,66e1961788c0c89fa75ecb42,14,graduation_party_01,B,agree,B,True,B,2,True,1,1,1,-1.5130450880192552
alternatives,66e1961788c0c89fa75ecb42,15,graduation_party_05,A,agree,A,True,A,2,True,1,1,1,0.14197474016266495
alternatives,6a05ee899cecc3b8b6d7f6a9,6,ypc_02,B,agree,B,False,D,6,True,1,0,0,-0.8072278083534364
alternatives,6a05ee899cecc3b8b6d7f6a9,7,ypc_03,B,agree,B,True,B,14,True,1,1,1,0.847792019828484
alternatives,6a05ee899cecc3b8b6d7f6a9,8,ypc_05,D,agree,D,False,A,14,True,1,0,0,0.3366829552428909
alternatives,6a05ee899cecc3b8b6d7f6a9,9,ypc_06,D,agree,D,False,A,6,True,1,0,0,1.2128699231039075
alternatives,6a05ee899cecc3b8b6d7f6a9,10,car_racing_01,D,agree,D,True,D,2,True,1,1,1,-1.7807688837545659
alternatives,6a05ee899cecc3b8b6d7f6a9,11,car_racing_02,C,agree,C,True,C,16,True,1,1,1,1.1885313962188795
alternatives,6a05ee899cecc3b8b6d7f6a9,12,car_racing_03,B,agree,B,True,B,10,True,1,1,1,-0.49082695884806904
alternatives,6a05ee899cecc3b8b6d7f6a9,13,car_racing_05,D,agree,D,False,A,6,True,1,0,0,0.5313911703231169
alternatives,6a05ee899cecc3b8b6d7f6a9,14,graduation_party_01,B,agree,B,True,B,12,True,1,1,1,-1.5130450880192552
alternatives,6a05ee899cecc3b8b6d7f6a9,15,graduation_party_05,A,agree,A,True,A,6,True,1,1,1,0.14197474016266495
alternatives,6a05ee899cecc3b8b6d7f6a9,16,graduation_party_06,B,agree,B,False,D,5,True,1,0,0,-0.3691343244229278
alternatives,6a05ee899cecc3b8b6d7f6a9,17,graduation_party_07,D,agree,D,False,B,9,True,1,0,0,0.7017608585183145
alternatives,6a491aa7aaf10918bfb6954d,9,ypc_06,B,agree,B,False,A,2,True,1,0,0,1.2128699231039075
alternatives,6a491aa7aaf10918bfb6954d,10,car_racing_01,D,agree,D,True,D,2,True,1,1,1,-1.7807688837545659
alternatives,6a491aa7aaf10918bfb6954d,11,car_racing_02,B,agree,B,False,C,2,True,1,0,0,1.1885313962188795
alternatives,6a491aa7aaf10918bfb6954d,14,graduation_party_01,B,agree,B,True,B,2,True,1,1,1,-1.5130450880192552
alternatives,6a491aa7aaf10918bfb6954d,15,graduation_party_05,A,agree,A,True,A,2,True,1,1,1,0.14197474016266495
alternatives,6a491aa7aaf10918bfb6954d,16,graduation_party_06,B,agree,B,False,D,2,True,1,0,0,-0.3691343244229278
alternatives,6a2be100ca70eb388aa5dee3,10,car_racing_01,D,agree,D,True,D,2,True,1,1,1,-1.7807688837545659
alternatives,6a2be100ca70eb388aa5dee3,12,car_racing_03,B,agree,B,True,B,2,True,1,1,1,-0.49082695884806904
alternatives,6a2be100ca70eb388aa5dee3,13,car_racing_05,A,agree,A,True,A,2,True,1,1,1,0.5313911703231169
alternatives,5f84e472052cf81ae5752252,6,ypc_02,D,agree,D,True,D,2,True,1,1,1,-0.8072278083534364
alternatives,5f84e472052cf81ae5752252,10,car_racing_01,D,agree,D,True,D,2,True,1,1,1,-1.7807688837545659
alternatives,5f84e472052cf81ae5752252,11,car_racing_02,B,agree,B,False,C,4,True,1,0,0,1.1885313962188795
alternatives,5f84e472052cf81ae5752252,12,car_racing_03,D,agree,D,False,B,2,True,1,0,0,-0.49082695884806904
alternatives,5f84e472052cf81ae5752252,16,graduation_party_06,B,agree,B,False,D,2,True,1,0,0,-0.3691343244229278
alternatives,5fb3eee93064870009d4ed30,8,ypc_05,D,agree,D,False,A,6,True,1,0,0,0.3366829552428909
alternatives,5fb3eee93064870009d4ed30,9,ypc_06,B,agree,B,False,A,2,True,1,0,0,1.2128699231039075
alternatives,5fb3eee93064870009d4ed30,13,car_racing_05,A,agree,A,True,A,8,True,1,1,1,0.5313911703231169
alternatives,5fb3eee93064870009d4ed30,16,graduation_party_06,D,agree,D,True,D,2,True,1,1,1,-0.3691343244229278
alternatives,629dd4199343d7710fcdb39c,6,ypc_02,A,agree,A,False,D,2,True,1,0,0,-0.8072278083534364
alternatives,629dd4199343d7710fcdb39c,10,car_racing_01,D,agree,D,True,D,2,True,1,1,1,-1.7807688837545659
alternatives,629dd4199343d7710fcdb39c,14,graduation_party_01,B,agree,B,True,B,2,True,1,1,1,-1.5130450880192552
alternatives,629dd4199343d7710fcdb39c,15,graduation_party_05,A,agree,A,True,A,4,True,1,1,1,0.14197474016266495
alternatives,629dd4199343d7710fcdb39c,17,graduation_party_07,D,agree,D,False,B,2,True,1,0,0,0.7017608585183145
alternatives,5c5ff87f8c0552000109d7de,9,ypc_06,B,agree,B,False,A,2,True,1,0,0,1.2128699231039075
alternatives,5c5ff87f8c0552000109d7de,11,car_racing_02,B,agree,B,False,C,2,True,1,0,0,1.1885313962188795
alternatives,5c5ff87f8c0552000109d7de,13,car_racing_05,A,agree,A,True,A,2,True,1,1,1,0.5313911703231169
alternatives,5c5ff87f8c0552000109d7de,14,graduation_party_01,B,agree,B,True,B,6,True,1,1,1,-1.5130450880192552
alternatives,5c5ff87f8c0552000109d7de,15,graduation_party_05,D,agree,D,False,A,10,True,1,0,0,0.14197474016266495
alternatives,5c5ff87f8c0552000109d7de,17,graduation_party_07,D,agree,D,False,B,2,True,1,0,0,0.7017608585183145
alternatives,6a25b8b3be3afd2e1c895f96,6,ypc_02,D,agree,D,True,D,4,True,1,1,1,-0.8072278083534364
alternatives,6a25b8b3be3afd2e1c895f96,10,car_racing_01,D,agree,D,True,D,2,True,1,1,1,-1.7807688837545659
alternatives,6a25b8b3be3afd2e1c895f96,11,car_racing_02,B,agree,B,False,C,2,True,1,0,0,1.1885313962188795
alternatives,6a25b8b3be3afd2e1c895f96,12,car_racing_03,D,agree,D,False,B,2,True,1,0,0,-0.49082695884806904
alternatives,6a25b8b3be3afd2e1c895f96,14,graduation_party_01,B,agree,B,True,B,8,True,1,1,1,-1.5130450880192552
alternatives,5f1f36c5321e4e10385f1ad8,12,car_racing_03,D,agree,D,False,B,2,True,1,0,0,-0.49082695884806904
alternatives,5f1f36c5321e4e10385f1ad8,16,graduation_party_06,A,agree,A,False,D,2,True,1,0,0,-0.3691343244229278
alternatives,5f1f36c5321e4e10385f1ad8,17,graduation_party_07,B,agree,B,True,B,2,True,1,1,1,0.7017608585183145
alternatives,6a207b2c1a84a11c40e28dd0,7,ypc_03,A,agree,A,False,B,2,True,1,0,0,0.847792019828484
alternatives,6a207b2c1a84a11c40e28dd0,8,ypc_05,D,agree,D,False,A,4,True,1,0,0,0.3366829552428909
alternatives,6a207b2c1a84a11c40e28dd0,9,ypc_06,B,agree,B,False,A,2,True,1,0,0,1.2128699231039075
alternatives,6a207b2c1a84a11c40e28dd0,10,car_racing_01,D,agree,D,True,D,2,True,1,1,1,-1.7807688837545659
alternatives,6a207b2c1a84a11c40e28dd0,11,car_racing_02,B,agree,B,False,C,4,True,1,0,0,1.1885313962188795
alternatives,6a207b2c1a84a11c40e28dd0,17,graduation_party_07,D,agree,D,False,B,2,True,1,0,0,0.7017608585183145
alternatives,6551469abe377d3646c6cd6e,6,ypc_02,D,agree,D,True,D,2,True,1,1,1,-0.8072278083534364
alternatives,6551469abe377d3646c6cd6e,9,ypc_06,D,agree,D,False,A,2,True,1,0,0,1.2128699231039075
alternatives,6551469abe377d3646c6cd6e,10,car_racing_01,D,agree,D,True,D,4,True,1,1,1,-1.7807688837545659
alternatives,6551469abe377d3646c6cd6e,11,car_racing_02,B,agree,B,False,C,2,True,1,0,0,1.1885313962188795
alternatives,6551469abe377d3646c6cd6e,12,car_racing_03,D,agree,D,False,B,2,True,1,0,0,-0.49082695884806904
alternatives,6551469abe377d3646c6cd6e,13,car_racing_05,A,agree,A,True,A,2,True,1,1,1,0.5313911703231169
alternatives,6551469abe377d3646c6cd6e,14,graduation_party_01,B,agree,B,True,B,2,True,1,1,1,-1.5130450880192552
alternatives,63e5412532b6ef655b596338,6,ypc_02,A,agree,A,False,D,4,True,1,0,0,-0.8072278083534364
alternatives,63e5412532b6ef655b596338,8,ypc_05,D,agree,D,False,A,2,True,1,0,0,0.3366829552428909
alternatives,63e5412532b6ef655b596338,11,car_racing_02,C,agree,C,True,C,2,True,1,1,1,1.1885313962188795
alternatives,63e5412532b6ef655b596338,14,graduation_party_01,B,agree,B,True,B,2,True,1,1,1,-1.5130450880192552
alternatives,63e5412532b6ef655b596338,15,graduation_party_05,C,agree,C,False,A,4,True,1,0,0,0.14197474016266495
alternatives,63e5412532b6ef655b596338,17,graduation_party_07,A,agree,A,False,B,2,True,1,0,0,0.7017608585183145
alternatives,6a01c1a9359a62df3c7e44cb,6,ypc_02,D,agree,D,True,D,4,True,1,1,1,-0.8072278083534364
alternatives,6a01c1a9359a62df3c7e44cb,7,ypc_03,A,agree,A,False,B,6,True,1,0,0,0.847792019828484
alternatives,6a01c1a9359a62df3c7e44cb,8,ypc_05,D,agree,D,False,A,4,True,1,0,0,0.3366829552428909
alternatives,6a01c1a9359a62df3c7e44cb,9,ypc_06,A,agree,A,True,A,4,True,1,1,1,1.2128699231039075
alternatives,6a01c1a9359a62df3c7e44cb,10,car_racing_01,D,agree,D,True,D,4,True,1,1,1,-1.7807688837545659
alternatives,6a01c1a9359a62df3c7e44cb,11,car_racing_02,D,agree,D,False,C,4,True,1,0,0,1.1885313962188795
alternatives,6a01c1a9359a62df3c7e44cb,12,car_racing_03,D,agree,D,False,B,8,True,1,0,0,-0.49082695884806904
alternatives,6a01c1a9359a62df3c7e44cb,13,car_racing_05,A,agree,A,True,A,4,True,1,1,1,0.5313911703231169
alternatives,6a01c1a9359a62df3c7e44cb,14,graduation_party_01,B,agree,B,True,B,4,True,1,1,1,-1.5130450880192552
alternatives,6a01c1a9359a62df3c7e44cb,15,graduation_party_05,A,agree,A,True,A,4,True,1,1,1,0.14197474016266495
alternatives,6a01c1a9359a62df3c7e44cb,16,graduation_party_06,B,agree,B,False,D,6,True,1,0,0,-0.3691343244229278
alternatives,6a01c1a9359a62df3c7e44cb,17,graduation_party_07,D,agree,D,False,B,10,True,1,0,0,0.7017608585183145
alternatives,6a105589ebb19a9c0de90949,7,ypc_03,D,agree,D,False,B,6,True,1,0,0,0.847792019828484
alternatives,6a105589ebb19a9c0de90949,9,ypc_06,D,agree,D,False,A,14,True,1,0,0,1.2128699231039075
alternatives,6a105589ebb19a9c0de90949,10,car_racing_01,D,agree,D,True,D,6,True,1,1,1,-1.7807688837545659
alternatives,6a105589ebb19a9c0de90949,11,car_racing_02,B,agree,B,False,C,8,True,1,0,0,1.1885313962188795
alternatives,6a105589ebb19a9c0de90949,12,car_racing_03,B,agree,B,True,B,8,True,1,1,1,-0.49082695884806904
alternatives,6a105589ebb19a9c0de90949,13,car_racing_05,D,agree,C,False,A,8,True,0,0,0,0.5313911703231169
alternatives,6a105589ebb19a9c0de90949,14,graduation_party_01,B,agree,B,True,B,6,True,1,1,1,-1.5130450880192552
alternatives,6a105589ebb19a9c0de90949,15,graduation_party_05,D,agree,D,False,A,6,True,1,0,0,0.14197474016266495
alternatives,6a105589ebb19a9c0de90949,16,graduation_party_06,B,agree,B,False,D,6,True,1,0,0,-0.3691343244229278
alternatives,6a105589ebb19a9c0de90949,17,graduation_party_07,D,agree,D,False,B,8,True,1,0,0,0.7017608585183145
alternatives,5aafe2a9fb22320001babb3a,8,ypc_05,D,agree,D,False,A,2,True,1,0,0,0.3366829552428909
alternatives,5aafe2a9fb22320001babb3a,10,car_racing_01,D,agree,D,True,D,4,True,1,1,1,-1.7807688837545659
alternatives,5aafe2a9fb22320001babb3a,12,car_racing_03,B,agree,B,True,B,4,True,1,1,1,-0.49082695884806904
alternatives,5aafe2a9fb22320001babb3a,14,graduation_party_01,B,agree,B,True,B,2,True,1,1,1,-1.5130450880192552
alternatives,6a15d35d97c9ae5e06f572af,8,ypc_05,D,agree,D,False,A,4,True,1,0,0,0.3366829552428909
alternatives,6a15d35d97c9ae5e06f572af,9,ypc_06,D,agree,D,False,A,8,True,1,0,0,1.2128699231039075
alternatives,6a15d35d97c9ae5e06f572af,10,car_racing_01,D,agree,D,True,D,4,True,1,1,1,-1.7807688837545659
alternatives,6a15d35d97c9ae5e06f572af,13,car_racing_05,D,agree,D,False,A,4,True,1,0,0,0.5313911703231169
alternatives,6a15d35d97c9ae5e06f572af,14,graduation_party_01,B,agree,B,True,B,4,True,1,1,1,-1.5130450880192552
alternatives,6a15d35d97c9ae5e06f572af,15,graduation_party_05,D,agree,D,False,A,4,True,1,0,0,0.14197474016266495
alternatives,69f10174456b2d60465d8350,8,ypc_05,A,agree,A,True,A,6,True,1,1,1,0.3366829552428909
alternatives,69f10174456b2d60465d8350,10,car_racing_01,D,agree,D,True,D,2,True,1,1,1,-1.7807688837545659
alternatives,69f10174456b2d60465d8350,13,car_racing_05,A,agree,A,True,A,4,True,1,1,1,0.5313911703231169
alternatives,69f10174456b2d60465d8350,14,graduation_party_01,B,agree,B,True,B,2,True,1,1,1,-1.5130450880192552
alternatives,69f10174456b2d60465d8350,15,graduation_party_05,D,agree,D,False,A,4,True,1,0,0,0.14197474016266495
alternatives,69f10174456b2d60465d8350,17,graduation_party_07,D,agree,D,False,B,4,True,1,0,0,0.7017608585183145
alternatives,6a58b015795466b0e827a675,6,ypc_02,D,agree,D,True,D,4,True,1,1,1,-0.8072278083534364
alternatives,6a58b015795466b0e827a675,7,ypc_03,A,agree,A,False,B,4,True,1,0,0,0.847792019828484
alternatives,6a58b015795466b0e827a675,10,car_racing_01,D,agree,D,True,D,4,True,1,1,1,-1.7807688837545659
alternatives,6a58b015795466b0e827a675,12,car_racing_03,B,agree,B,True,B,2,True,1,1,1,-0.49082695884806904
alternatives,6a58b015795466b0e827a675,14,graduation_party_01,B,agree,B,True,B,4,True,1,1,1,-1.5130450880192552
alternatives,6a58b015795466b0e827a675,15,graduation_party_05,D,agree,D,False,A,4,True,1,0,0,0.14197474016266495
alternatives,6a58b015795466b0e827a675,17,graduation_party_07,D,agree,D,False,B,4,True,1,0,0,0.7017608585183145
alternatives,5f392fae9168cc472f0468f6,6,ypc_02,D,agree,D,True,D,4,True,1,1,1,-0.8072278083534364
alternatives,5f392fae9168cc472f0468f6,8,ypc_05,A,agree,A,True,A,4,True,1,1,1,0.3366829552428909
alternatives,5f392fae9168cc472f0468f6,9,ypc_06,B,agree,B,False,A,2,True,1,0,0,1.2128699231039075
alternatives,5f392fae9168cc472f0468f6,10,car_racing_01,D,agree,D,True,D,4,True,1,1,1,-1.7807688837545659
alternatives,5f392fae9168cc472f0468f6,14,graduation_party_01,B,agree,B,True,B,4,True,1,1,1,-1.5130450880192552
alternatives,5f392fae9168cc472f0468f6,15,graduation_party_05,D,agree,D,False,A,6,True,1,0,0,0.14197474016266495
alternatives,5f392fae9168cc472f0468f6,16,graduation_party_06,D,agree,D,True,D,4,True,1,1,1,-0.3691343244229278
alternatives,5f392fae9168cc472f0468f6,17,graduation_party_07,D,agree,D,False,B,4,True,1,0,0,0.7017608585183145
alternatives,6676d41ded1cb587040780e3,6,ypc_02,D,agree,C,False,D,2,True,0,1,0,-0.8072278083534364
alternatives,6676d41ded1cb587040780e3,10,car_racing_01,D,agree,D,True,D,2,True,1,1,1,-1.7807688837545659
alternatives,6676d41ded1cb587040780e3,14,graduation_party_01,B,agree,B,True,B,4,True,1,1,1,-1.5130450880192552
alternatives,6676d41ded1cb587040780e3,15,graduation_party_05,A,agree,A,True,A,2,True,1,1,1,0.14197474016266495
alternatives,6676d41ded1cb587040780e3,16,graduation_party_06,D,agree,D,True,D,2,True,1,1,1,-0.3691343244229278
alternatives,69162d60bbb2b3e0981e6521,6,ypc_02,A,agree,A,False,D,2,True,1,0,0,-0.8072278083534364
alternatives,69162d60bbb2b3e0981e6521,7,ypc_03,A,agree,A,False,B,4,True,1,0,0,0.847792019828484
alternatives,69162d60bbb2b3e0981e6521,9,ypc_06,B,agree,B,False,A,2,True,1,0,0,1.2128699231039075
alternatives,69162d60bbb2b3e0981e6521,10,car_racing_01,B,agree,B,False,D,2,True,1,0,0,-1.7807688837545659
alternatives,69162d60bbb2b3e0981e6521,14,graduation_party_01,B,agree,A,False,B,2,True,0,1,0,-1.5130450880192552
alternatives,69162d60bbb2b3e0981e6521,15,graduation_party_05,D,agree,D,False,A,2,True,1,0,0,0.14197474016266495
alternatives,69162d60bbb2b3e0981e6521,16,graduation_party_06,D,agree,D,True,D,4,True,1,1,1,-0.3691343244229278
alternatives,6a07fdc3d6f0cebc8d73922e,6,ypc_02,A,agree,A,False,D,2,True,1,0,0,-0.8072278083534364
alternatives,6a07fdc3d6f0cebc8d73922e,10,car_racing_01,D,agree,D,True,D,2,True,1,1,1,-1.7807688837545659
alternatives,6a07fdc3d6f0cebc8d73922e,13,car_racing_05,D,agree,D,False,A,2,True,1,0,0,0.5313911703231169
alternatives,6a07fdc3d6f0cebc8d73922e,14,graduation_party_01,B,agree,B,True,B,2,True,1,1,1,-1.5130450880192552
alternatives,6a07fdc3d6f0cebc8d73922e,15,graduation_party_05,D,agree,D,False,A,2,True,1,0,0,0.14197474016266495
alternatives,6a07fdc3d6f0cebc8d73922e,17,graduation_party_07,D,agree,D,False,B,2,True,1,0,0,0.7017608585183145
alternatives,55d51a6b8ce09000127d4821,6,ypc_02,D,agree,D,True,D,2,True,1,1,1,-0.8072278083534364
alternatives,55d51a6b8ce09000127d4821,7,ypc_03,D,agree,D,False,B,2,True,1,0,0,0.847792019828484
alternatives,55d51a6b8ce09000127d4821,9,ypc_06,D,agree,D,False,A,2,True,1,0,0,1.2128699231039075
alternatives,55d51a6b8ce09000127d4821,10,car_racing_01,D,agree,D,True,D,4,True,1,1,1,-1.7807688837545659
alternatives,55d51a6b8ce09000127d4821,11,car_racing_02,B,agree,B,False,C,2,True,1,0,0,1.1885313962188795
alternatives,55d51a6b8ce09000127d4821,12,car_racing_03,D,agree,D,False,B,4,True,1,0,0,-0.49082695884806904
alternatives,55d51a6b8ce09000127d4821,13,car_racing_05,D,agree,D,False,A,8,True,1,0,0,0.5313911703231169
alternatives,55d51a6b8ce09000127d4821,15,graduation_party_05,D,agree,D,False,A,6,True,1,0,0,0.14197474016266495
alternatives,55d51a6b8ce09000127d4821,16,graduation_party_06,B,agree,B,False,D,4,True,1,0,0,-0.3691343244229278
alternatives,55d51a6b8ce09000127d4821,17,graduation_party_07,D,agree,D,False,B,6,True,1,0,0,0.7017608585183145
alternatives,69fd21146ec1cd3f5cf58aa2,6,ypc_02,D,agree,D,True,D,2,True,1,1,1,-0.8072278083534364
alternatives,69fd21146ec1cd3f5cf58aa2,10,car_racing_01,D,agree,D,True,D,2,True,1,1,1,-1.7807688837545659
alternatives,69fd21146ec1cd3f5cf58aa2,11,car_racing_02,B,agree,B,False,C,2,True,1,0,0,1.1885313962188795
alternatives,69fd21146ec1cd3f5cf58aa2,15,graduation_party_05,D,agree,D,False,A,2,True,1,0,0,0.14197474016266495
alternatives,69fd21146ec1cd3f5cf58aa2,17,graduation_party_07,D,agree,D,False,B,2,True,1,0,0,0.7017608585183145
alternatives,6a1c84e1bb1c82a05c2deead,6,ypc_02,D,agree,D,True,D,4,True,1,1,1,-0.8072278083534364
alternatives,6a1c84e1bb1c82a05c2deead,10,car_racing_01,D,agree,D,True,D,2,True,1,1,1,-1.7807688837545659
alternatives,6a1c84e1bb1c82a05c2deead,11,car_racing_02,B,agree,B,False,C,4,True,1,0,0,1.1885313962188795
alternatives,6a1c84e1bb1c82a05c2deead,14,graduation_party_01,B,agree,B,True,B,4,True,1,1,1,-1.5130450880192552
alternatives,6a1c84e1bb1c82a05c2deead,16,graduation_party_06,D,agree,C,False,D,2,True,0,1,0,-0.3691343244229278
alternatives,69fc8055319a58b14e700432,6,ypc_02,D,agree,D,True,D,10,True,1,1,1,-0.8072278083534364
alternatives,69fc8055319a58b14e700432,10,car_racing_01,D,agree,D,True,D,2,True,1,1,1,-1.7807688837545659
alternatives,69fc8055319a58b14e700432,11,car_racing_02,B,agree,B,False,C,6,True,1,0,0,1.1885313962188795
alternatives,69fc8055319a58b14e700432,12,car_racing_03,B,agree,B,True,B,2,True,1,1,1,-0.49082695884806904
alternatives,69fc8055319a58b14e700432,14,graduation_party_01,B,agree,B,True,B,2,True,1,1,1,-1.5130450880192552
alternatives,69fc8055319a58b14e700432,15,graduation_party_05,D,agree,D,False,A,2,True,1,0,0,0.14197474016266495
alternatives,69fc8055319a58b14e700432,16,graduation_party_06,D,agree,D,True,D,14,True,1,1,1,-0.3691343244229278
alternatives,6a21c6513a6c4fe6762d46bd,6,ypc_02,D,agree,D,True,D,4,True,1,1,1,-0.8072278083534364
alternatives,6a21c6513a6c4fe6762d46bd,7,ypc_03,A,agree,A,False,B,4,True,1,0,0,0.847792019828484
alternatives,6a21c6513a6c4fe6762d46bd,8,ypc_05,A,agree,A,True,A,2,True,1,1,1,0.3366829552428909
alternatives,6a21c6513a6c4fe6762d46bd,9,ypc_06,B,agree,B,False,A,2,True,1,0,0,1.2128699231039075
alternatives,6a21c6513a6c4fe6762d46bd,10,car_racing_01,D,agree,D,True,D,2,True,1,1,1,-1.7807688837545659
alternatives,6a21c6513a6c4fe6762d46bd,11,car_racing_02,B,agree,B,False,C,4,True,1,0,0,1.1885313962188795
alternatives,6a21c6513a6c4fe6762d46bd,12,car_racing_03,B,agree,B,True,B,2,True,1,1,1,-0.49082695884806904
alternatives,6a21c6513a6c4fe6762d46bd,13,car_racing_05,B,agree,B,False,A,6,True,1,0,0,0.5313911703231169
alternatives,6a21c6513a6c4fe6762d46bd,14,graduation_party_01,B,agree,B,True,B,2,True,1,1,1,-1.5130450880192552
alternatives,6a21c6513a6c4fe6762d46bd,15,graduation_party_05,D,agree,D,False,A,4,True,1,0,0,0.14197474016266495
alternatives,6a21c6513a6c4fe6762d46bd,16,graduation_party_06,B,agree,B,False,D,2,True,1,0,0,-0.3691343244229278
alternatives,6a21c6513a6c4fe6762d46bd,17,graduation_party_07,D,agree,D,False,B,4,True,1,0,0,0.7017608585183145
alternatives,6023f94d1951e70ae21770ec,10,car_racing_01,D,agree,D,True,D,2,True,1,1,1,-1.7807688837545659
alternatives,6023f94d1951e70ae21770ec,11,car_racing_02,B,agree,B,False,C,2,True,1,0,0,1.1885313962188795
alternatives,6023f94d1951e70ae21770ec,15,graduation_party_05,D,agree,D,False,A,2,True,1,0,0,0.14197474016266495
alternatives,6023f94d1951e70ae21770ec,16,graduation_party_06,B,agree,B,False,D,2,True,1,0,0,-0.3691343244229278
alternatives,6694751cee786dace40d4112,7,ypc_03,C,agree,C,False,B,4,True,1,0,0,0.847792019828484
alternatives,6694751cee786dace40d4112,8,ypc_05,D,agree,D,False,A,2,True,1,0,0,0.3366829552428909
alternatives,6694751cee786dace40d4112,14,graduation_party_01,C,agree,C,False,B,4,True,1,0,0,-1.5130450880192552
alternatives,6694751cee786dace40d4112,15,graduation_party_05,D,agree,D,False,A,2,True,1,0,0,0.14197474016266495
alternatives,60c39b2c50f631d28eb09b60,8,ypc_05,D,agree,D,False,A,2,True,1,0,0,0.3366829552428909
alternatives,69ece68ef03e274276ba73c8,6,ypc_02,D,agree,D,True,D,4,True,1,1,1,-0.8072278083534364
alternatives,69ece68ef03e274276ba73c8,9,ypc_06,B,agree,B,False,A,4,True,1,0,0,1.2128699231039075
alternatives,69ece68ef03e274276ba73c8,10,car_racing_01,D,agree,D,True,D,4,True,1,1,1,-1.7807688837545659
alternatives,69ece68ef03e274276ba73c8,11,car_racing_02,B,agree,B,False,C,4,True,1,0,0,1.1885313962188795
alternatives,69ece68ef03e274276ba73c8,12,car_racing_03,D,agree,D,False,B,4,True,1,0,0,-0.49082695884806904
alternatives,69ece68ef03e274276ba73c8,13,car_racing_05,A,agree,A,True,A,4,True,1,1,1,0.5313911703231169
alternatives,69ece68ef03e274276ba73c8,14,graduation_party_01,B,agree,B,True,B,4,True,1,1,1,-1.5130450880192552
alternatives,69ece68ef03e274276ba73c8,15,graduation_party_05,D,agree,D,False,A,4,True,1,0,0,0.14197474016266495
alternatives,598f22af33481c000164d359,6,ypc_02,D,agree,D,True,D,6,True,1,1,1,-0.8072278083534364
alternatives,598f22af33481c000164d359,8,ypc_05,D,agree,D,False,A,10,True,1,0,0,0.3366829552428909
alternatives,598f22af33481c000164d359,10,car_racing_01,D,agree,D,True,D,6,True,1,1,1,-1.7807688837545659
alternatives,598f22af33481c000164d359,11,car_racing_02,B,agree,B,False,C,10,True,1,0,0,1.1885313962188795
alternatives,598f22af33481c000164d359,13,car_racing_05,C,agree,C,False,A,4,True,1,0,0,0.5313911703231169
alternatives,598f22af33481c000164d359,14,graduation_party_01,B,agree,B,True,B,6,True,1,1,1,-1.5130450880192552
alternatives,598f22af33481c000164d359,15,graduation_party_05,D,agree,D,False,A,10,True,1,0,0,0.14197474016266495
alternatives,598f22af33481c000164d359,16,graduation_party_06,B,agree,B,False,D,6,True,1,0,0,-0.3691343244229278
alternatives,598f22af33481c000164d359,17,graduation_party_07,D,agree,D,False,B,8,True,1,0,0,0.7017608585183145
alternatives,6a101293fd6e7c493e3b4ff7,6,ypc_02,A,agree,A,False,D,2,True,1,0,0,-0.8072278083534364
alternatives,6a101293fd6e7c493e3b4ff7,8,ypc_05,A,agree,A,True,A,2,True,1,1,1,0.3366829552428909
alternatives,6a101293fd6e7c493e3b4ff7,9,ypc_06,A,agree,A,True,A,2,True,1,1,1,1.2128699231039075
alternatives,6a101293fd6e7c493e3b4ff7,10,car_racing_01,D,agree,D,True,D,2,True,1,1,1,-1.7807688837545659
alternatives,6a101293fd6e7c493e3b4ff7,11,car_racing_02,D,agree,D,False,C,2,True,1,0,0,1.1885313962188795
alternatives,6a101293fd6e7c493e3b4ff7,15,graduation_party_05,D,agree,D,False,A,6,True,1,0,0,0.14197474016266495
alternatives,6a14c4f28aee84ae414353a5,6,ypc_02,D,agree,D,True,D,2,True,1,1,1,-0.8072278083534364
alternatives,6a14c4f28aee84ae414353a5,10,car_racing_01,D,agree,D,True,D,2,True,1,1,1,-1.7807688837545659
alternatives,6a14c4f28aee84ae414353a5,11,car_racing_02,B,agree,B,False,C,2,True,1,0,0,1.1885313962188795
alternatives,6a14c4f28aee84ae414353a5,12,car_racing_03,D,agree,D,False,B,4,True,1,0,0,-0.49082695884806904
alternatives,6a14c4f28aee84ae414353a5,13,car_racing_05,D,agree,D,False,A,2,True,1,0,0,0.5313911703231169
alternatives,6a14c4f28aee84ae414353a5,14,graduation_party_01,B,agree,B,True,B,4,True,1,1,1,-1.5130450880192552
alternatives,6a14c4f28aee84ae414353a5,15,graduation_party_05,D,agree,D,False,A,4,True,1,0,0,0.14197474016266495
alternatives,6a14c4f28aee84ae414353a5,16,graduation_party_06,B,agree,B,False,D,4,True,1,0,0,-0.3691343244229278
alternatives,6a14c4f28aee84ae414353a5,17,graduation_party_07,B,agree,B,True,B,2,True,1,1,1,0.7017608585183145
alternatives,60154af277ec314fd8fe1449,6,ypc_02,D,agree,D,True,D,2,True,1,1,1,-0.8072278083534364
alternatives,60154af277ec314fd8fe1449,7,ypc_03,D,agree,D,False,B,2,True,1,0,0,0.847792019828484
alternatives,60154af277ec314fd8fe1449,8,ypc_05,D,agree,D,False,A,8,True,1,0,0,0.3366829552428909
alternatives,60154af277ec314fd8fe1449,9,ypc_06,A,agree,A,True,A,6,True,1,1,1,1.2128699231039075
alternatives,60154af277ec314fd8fe1449,12,car_racing_03,B,agree,B,True,B,2,True,1,1,1,-0.49082695884806904
alternatives,60154af277ec314fd8fe1449,14,graduation_party_01,B,agree,B,True,B,2,True,1,1,1,-1.5130450880192552
alternatives,60154af277ec314fd8fe1449,15,graduation_party_05,A,agree,A,True,A,2,True,1,1,1,0.14197474016266495
alternatives,60154af277ec314fd8fe1449,16,graduation_party_06,D,agree,D,True,D,2,True,1,1,1,-0.3691343244229278
alternatives,6a01fb37db575dd348af07d1,10,car_racing_01,D,agree,D,True,D,2,True,1,1,1,-1.7807688837545659
alternatives,6a01fb37db575dd348af07d1,11,car_racing_02,B,agree,B,False,C,2,True,1,0,0,1.1885313962188795
alternatives,6a01fb37db575dd348af07d1,13,car_racing_05,D,agree,D,False,A,2,True,1,0,0,0.5313911703231169
alternatives,6a01fb37db575dd348af07d1,14,graduation_party_01,B,agree,B,True,B,2,True,1,1,1,-1.5130450880192552
alternatives,6a01fb37db575dd348af07d1,15,graduation_party_05,A,agree,A,True,A,4,True,1,1,1,0.14197474016266495
alternatives,676db977f398d4be462fca83,7,ypc_03,C,agree,A,False,B,8,True,0,0,0,0.847792019828484
alternatives,676db977f398d4be462fca83,8,ypc_05,D,agree,D,False,A,4,True,1,0,0,0.3366829552428909
alternatives,676db977f398d4be462fca83,10,car_racing_01,D,agree,D,True,D,2,True,1,1,1,-1.7807688837545659
alternatives,676db977f398d4be462fca83,12,car_racing_03,B,agree,B,True,B,4,True,1,1,1,-0.49082695884806904
alternatives,676db977f398d4be462fca83,14,graduation_party_01,B,agree,B,True,B,4,True,1,1,1,-1.5130450880192552
alternatives,676db977f398d4be462fca83,16,graduation_party_06,D,agree,D,True,D,6,True,1,1,1,-0.3691343244229278
alternatives,676db977f398d4be462fca83,17,graduation_party_07,D,agree,D,False,B,2,True,1,0,0,0.7017608585183145
alternatives,69f48669f09bb26f32069f27,6,ypc_02,D,agree,D,True,D,2,True,1,1,1,-0.8072278083534364
alternatives,69f48669f09bb26f32069f27,10,car_racing_01,D,agree,D,True,D,2,True,1,1,1,-1.7807688837545659
alternatives,69f48669f09bb26f32069f27,11,car_racing_02,B,agree,B,False,C,2,True,1,0,0,1.1885313962188795
alternatives,69f48669f09bb26f32069f27,14,graduation_party_01,B,agree,B,True,B,2,True,1,1,1,-1.5130450880192552
alternatives,69f48669f09bb26f32069f27,15,graduation_party_05,A,agree,A,True,A,2,True,1,1,1,0.14197474016266495
alternatives,69f48669f09bb26f32069f27,16,graduation_party_06,B,agree,B,False,D,2,True,1,0,0,-0.3691343244229278
alternatives,60745654775360c343322bd9,8,ypc_05,A,agree,A,True,A,4,True,1,1,1,0.3366829552428909
alternatives,60745654775360c343322bd9,11,car_racing_02,B,agree,B,False,C,4,True,1,0,0,1.1885313962188795
alternatives,60745654775360c343322bd9,12,car_racing_03,B,agree,B,True,B,6,True,1,1,1,-0.49082695884806904
alternatives,60745654775360c343322bd9,14,graduation_party_01,B,agree,B,True,B,2,True,1,1,1,-1.5130450880192552
alternatives,60745654775360c343322bd9,15,graduation_party_05,D,agree,D,False,A,6,True,1,0,0,0.14197474016266495
alternatives,60745654775360c343322bd9,16,graduation_party_06,D,agree,D,True,D,4,True,1,1,1,-0.3691343244229278
alternatives,56b6e2fcf2fc70000c32f9d5,6,ypc_02,D,agree,D,True,D,6,True,1,1,1,-0.8072278083534364
alternatives,56b6e2fcf2fc70000c32f9d5,7,ypc_03,A,agree,A,False,B,6,True,1,0,0,0.847792019828484
alternatives,56b6e2fcf2fc70000c32f9d5,8,ypc_05,D,agree,D,False,A,8,True,1,0,0,0.3366829552428909
alternatives,56b6e2fcf2fc70000c32f9d5,10,car_racing_01,D,agree,D,True,D,10,True,1,1,1,-1.7807688837545659
alternatives,56b6e2fcf2fc70000c32f9d5,11,car_racing_02,B,agree,B,False,C,2,True,1,0,0,1.1885313962188795
alternatives,56b6e2fcf2fc70000c32f9d5,12,car_racing_03,D,agree,D,False,B,2,True,1,0,0,-0.49082695884806904
alternatives,56b6e2fcf2fc70000c32f9d5,13,car_racing_05,D,agree,D,False,A,2,True,1,0,0,0.5313911703231169
alternatives,56b6e2fcf2fc70000c32f9d5,14,graduation_party_01,B,agree,B,True,B,6,True,1,1,1,-1.5130450880192552
alternatives,56b6e2fcf2fc70000c32f9d5,15,graduation_party_05,D,agree,D,False,A,2,True,1,0,0,0.14197474016266495
alternatives,56b6e2fcf2fc70000c32f9d5,16,graduation_party_06,B,agree,B,False,D,2,True,1,0,0,-0.3691343244229278
alternatives,56b6e2fcf2fc70000c32f9d5,17,graduation_party_07,D,agree,D,False,B,6,True,1,0,0,0.7017608585183145
alternatives,69e7da37fa7a6441a477386f,10,car_racing_01,D,agree,D,True,D,4,True,1,1,1,-1.7807688837545659
alternatives,69e7da37fa7a6441a477386f,11,car_racing_02,B,agree,B,False,C,4,True,1,0,0,1.1885313962188795
alternatives,69e7da37fa7a6441a477386f,12,car_racing_03,D,agree,D,False,B,4,True,1,0,0,-0.49082695884806904
alternatives,69e7da37fa7a6441a477386f,14,graduation_party_01,C,agree,C,False,B,4,True,1,0,0,-1.5130450880192552
alternatives,69e7da37fa7a6441a477386f,15,graduation_party_05,D,agree,D,False,A,4,True,1,0,0,0.14197474016266495
alternatives,65c242831388550b0a42bd25,6,ypc_02,A,agree,A,False,D,2,True,1,0,0,-0.8072278083534364
alternatives,65c242831388550b0a42bd25,7,ypc_03,A,agree,A,False,B,2,True,1,0,0,0.847792019828484
alternatives,65c242831388550b0a42bd25,9,ypc_06,A,agree,A,True,A,4,True,1,1,1,1.2128699231039075
alternatives,65c242831388550b0a42bd25,11,car_racing_02,B,agree,B,False,C,6,True,1,0,0,1.1885313962188795
alternatives,65c242831388550b0a42bd25,14,graduation_party_01,B,agree,B,True,B,4,True,1,1,1,-1.5130450880192552
alternatives,65c242831388550b0a42bd25,17,graduation_party_07,D,agree,D,False,B,8,True,1,0,0,0.7017608585183145
alternatives,6a07658dda0017a86f04f995,6,ypc_02,D,agree,D,True,D,8,True,1,1,1,-0.8072278083534364
alternatives,6a07658dda0017a86f04f995,7,ypc_03,C,agree,C,False,B,14,True,1,0,0,0.847792019828484
alternatives,6a07658dda0017a86f04f995,8,ypc_05,A,agree,A,True,A,12,True,1,1,1,0.3366829552428909
alternatives,6a07658dda0017a86f04f995,9,ypc_06,A,agree,A,True,A,18,True,1,1,1,1.2128699231039075
alternatives,6a07658dda0017a86f04f995,10,car_racing_01,D,agree,D,True,D,6,True,1,1,1,-1.7807688837545659
alternatives,6a07658dda0017a86f04f995,11,car_racing_02,B,agree,B,False,C,6,True,1,0,0,1.1885313962188795
alternatives,6a07658dda0017a86f04f995,12,car_racing_03,B,agree,B,True,B,10,True,1,1,1,-0.49082695884806904
alternatives,6a07658dda0017a86f04f995,13,car_racing_05,D,agree,D,False,A,26,True,1,0,0,0.5313911703231169
alternatives,6a07658dda0017a86f04f995,14,graduation_party_01,B,agree,B,True,B,6,True,1,1,1,-1.5130450880192552
alternatives,6a07658dda0017a86f04f995,15,graduation_party_05,D,agree,D,False,A,8,True,1,0,0,0.14197474016266495
alternatives,6a07658dda0017a86f04f995,16,graduation_party_06,D,agree,D,True,D,2,True,1,1,1,-0.3691343244229278
alternatives,6a07658dda0017a86f04f995,17,graduation_party_07,B,agree,B,True,B,10,True,1,1,1,0.7017608585183145
alternatives,6761e75cf22f2b17fc157335,6,ypc_02,D,agree,D,True,D,4,True,1,1,1,-0.8072278083534364
alternatives,6761e75cf22f2b17fc157335,9,ypc_06,D,agree,D,False,A,4,True,1,0,0,1.2128699231039075
alternatives,6761e75cf22f2b17fc157335,11,car_racing_02,B,agree,B,False,C,2,True,1,0,0,1.1885313962188795
alternatives,6761e75cf22f2b17fc157335,13,car_racing_05,A,agree,A,True,A,2,True,1,1,1,0.5313911703231169
alternatives,6761e75cf22f2b17fc157335,15,graduation_party_05,D,agree,D,False,A,2,True,1,0,0,0.14197474016266495
alternatives,6761e75cf22f2b17fc157335,16,graduation_party_06,D,agree,D,True,D,4,True,1,1,1,-0.3691343244229278
alternatives,6a257563faa98b484c52eb69,6,ypc_02,D,agree,D,True,D,4,True,1,1,1,-0.8072278083534364
alternatives,6a257563faa98b484c52eb69,8,ypc_05,A,agree,A,True,A,2,True,1,1,1,0.3366829552428909
alternatives,6a257563faa98b484c52eb69,11,car_racing_02,D,agree,D,False,C,2,True,1,0,0,1.1885313962188795
alternatives,6a257563faa98b484c52eb69,12,car_racing_03,D,agree,A,False,B,4,True,0,0,0,-0.49082695884806904
alternatives,6a257563faa98b484c52eb69,13,car_racing_05,A,agree,A,True,A,2,True,1,1,1,0.5313911703231169
alternatives,6a257563faa98b484c52eb69,14,graduation_party_01,B,agree,B,True,B,2,True,1,1,1,-1.5130450880192552
alternatives,6a257563faa98b484c52eb69,16,graduation_party_06,A,agree,A,False,D,6,True,1,0,0,-0.3691343244229278
alternatives,5c3e562ebff5620001e34dd5,7,ypc_03,B,agree,B,True,B,2,True,1,1,1,0.847792019828484
alternatives,5c3e562ebff5620001e34dd5,11,car_racing_02,B,agree,A,False,C,2,True,0,0,0,1.1885313962188795
alternatives,5c3e562ebff5620001e34dd5,15,graduation_party_05,A,agree,A,True,A,2,True,1,1,1,0.14197474016266495
alternatives,5c3e562ebff5620001e34dd5,16,graduation_party_06,B,agree,B,False,D,2,True,1,0,0,-0.3691343244229278
alternatives,5951a92fcea3470001827a18,8,ypc_05,D,agree,D,False,A,4,True,1,0,0,0.3366829552428909
alternatives,5951a92fcea3470001827a18,10,car_racing_01,D,agree,D,True,D,2,True,1,1,1,-1.7807688837545659
alternatives,5951a92fcea3470001827a18,11,car_racing_02,D,agree,A,False,C,2,True,0,0,0,1.1885313962188795
alternatives,5fb3c41de0ad7503ae17b2e9,6,ypc_02,A,agree,A,False,D,2,True,1,0,0,-0.8072278083534364
alternatives,5fb3c41de0ad7503ae17b2e9,10,car_racing_01,A,agree,A,False,D,4,True,1,0,0,-1.7807688837545659
alternatives,5fb3c41de0ad7503ae17b2e9,13,car_racing_05,A,agree,A,True,A,2,True,1,1,1,0.5313911703231169
alternatives,5fb3c41de0ad7503ae17b2e9,15,graduation_party_05,D,agree,D,False,A,2,True,1,0,0,0.14197474016266495
alternatives,5b39fe0206f9f90001fb91c8,10,car_racing_01,D,agree,D,True,D,2,True,1,1,1,-1.7807688837545659
alternatives,5b39fe0206f9f90001fb91c8,12,car_racing_03,B,agree,B,True,B,2,True,1,1,1,-0.49082695884806904
alternatives,5b39fe0206f9f90001fb91c8,13,car_racing_05,A,agree,A,True,A,2,True,1,1,1,0.5313911703231169
alternatives,5b39fe0206f9f90001fb91c8,15,graduation_party_05,A,agree,A,True,A,2,True,1,1,1,0.14197474016266495
alternatives,5b39fe0206f9f90001fb91c8,16,graduation_party_06,B,agree,B,False,D,2,True,1,0,0,-0.3691343244229278
alternatives,5999aedebbe8480001796677,6,ypc_02,D,agree,D,True,D,4,True,1,1,1,-0.8072278083534364
alternatives,5999aedebbe8480001796677,10,car_racing_01,D,agree,D,True,D,2,True,1,1,1,-1.7807688837545659
alternatives,5999aedebbe8480001796677,11,car_racing_02,B,agree,A,False,C,4,True,0,0,0,1.1885313962188795
alternatives,5999aedebbe8480001796677,13,car_racing_05,D,agree,D,False,A,2,True,1,0,0,0.5313911703231169
alternatives,5999aedebbe8480001796677,14,graduation_party_01,B,agree,A,False,B,2,True,0,1,0,-1.5130450880192552
alternatives,5999aedebbe8480001796677,16,graduation_party_06,D,agree,D,True,D,2,True,1,1,1,-0.3691343244229278
alternatives,5999aedebbe8480001796677,17,graduation_party_07,D,agree,D,False,B,2,True,1,0,0,0.7017608585183145
alternatives,60c5165878a82f763c29536a,8,ypc_05,D,agree,D,False,A,2,True,1,0,0,0.3366829552428909
alternatives,60c5165878a82f763c29536a,10,car_racing_01,D,agree,D,True,D,2,True,1,1,1,-1.7807688837545659
alternatives,60c5165878a82f763c29536a,12,car_racing_03,D,agree,D,False,B,2,True,1,0,0,-0.49082695884806904
alternatives,60c5165878a82f763c29536a,14,graduation_party_01,B,agree,B,True,B,2,True,1,1,1,-1.5130450880192552
alternatives,60c5165878a82f763c29536a,15,graduation_party_05,A,agree,A,True,A,6,True,1,1,1,0.14197474016266495
alternatives,60c5165878a82f763c29536a,16,graduation_party_06,D,agree,D,True,D,2,True,1,1,1,-0.3691343244229278
alternatives,6a072733481f9ae0a474664e,6,ypc_02,D,agree,D,True,D,4,True,1,1,1,-0.8072278083534364
alternatives,6a072733481f9ae0a474664e,8,ypc_05,D,agree,D,False,A,4,True,1,0,0,0.3366829552428909
alternatives,6a072733481f9ae0a474664e,10,car_racing_01,D,agree,D,True,D,4,True,1,1,1,-1.7807688837545659
alternatives,6a072733481f9ae0a474664e,12,car_racing_03,B,agree,B,True,B,4,True,1,1,1,-0.49082695884806904
alternatives,6a072733481f9ae0a474664e,15,graduation_party_05,D,agree,D,False,A,4,True,1,0,0,0.14197474016266495
alternatives,6a072733481f9ae0a474664e,17,graduation_party_07,D,agree,D,False,B,4,True,1,0,0,0.7017608585183145
alternatives,58bfee7de5869400018f5e9e,7,ypc_03,A,agree,A,False,B,2,True,1,0,0,0.847792019828484
alternatives,58bfee7de5869400018f5e9e,8,ypc_05,A,agree,A,True,A,6,True,1,1,1,0.3366829552428909
alternatives,58bfee7de5869400018f5e9e,10,car_racing_01,D,agree,D,True,D,2,True,1,1,1,-1.7807688837545659
alternatives,58bfee7de5869400018f5e9e,11,car_racing_02,B,agree,B,False,C,2,True,1,0,0,1.1885313962188795
alternatives,58bfee7de5869400018f5e9e,17,graduation_party_07,B,agree,B,True,B,2,True,1,1,1,0.7017608585183145
alternatives,542bdb6dfdf99b324ea37c3a,8,ypc_05,C,agree,C,False,A,4,True,1,0,0,0.3366829552428909
alternatives,542bdb6dfdf99b324ea37c3a,10,car_racing_01,D,agree,D,True,D,2,True,1,1,1,-1.7807688837545659
alternatives,542bdb6dfdf99b324ea37c3a,12,car_racing_03,B,agree,B,True,B,2,True,1,1,1,-0.49082695884806904
alternatives,542bdb6dfdf99b324ea37c3a,13,car_racing_05,A,agree,A,True,A,2,True,1,1,1,0.5313911703231169
alternatives,542bdb6dfdf99b324ea37c3a,17,graduation_party_07,A,agree,A,False,B,2,True,1,0,0,0.7017608585183145
alternatives,631758454de096e38f669093,7,ypc_03,D,agree,D,False,B,2,True,1,0,0,0.847792019828484
alternatives,631758454de096e38f669093,9,ypc_06,B,agree,B,False,A,2,True,1,0,0,1.2128699231039075
alternatives,631758454de096e38f669093,10,car_racing_01,D,agree,C,False,D,2,True,0,1,0,-1.7807688837545659
alternatives,631758454de096e38f669093,12,car_racing_03,B,agree,B,True,B,2,True,1,1,1,-0.49082695884806904
alternatives,677c00e0f6d8cdcff534ecb7,6,ypc_02,D,agree,D,True,D,2,True,1,1,1,-0.8072278083534364
alternatives,677c00e0f6d8cdcff534ecb7,8,ypc_05,D,agree,D,False,A,4,True,1,0,0,0.3366829552428909
alternatives,677c00e0f6d8cdcff534ecb7,10,car_racing_01,D,agree,D,True,D,6,True,1,1,1,-1.7807688837545659
alternatives,677c00e0f6d8cdcff534ecb7,11,car_racing_02,B,agree,B,False,C,2,True,1,0,0,1.1885313962188795
alternatives,677c00e0f6d8cdcff534ecb7,12,car_racing_03,B,agree,B,True,B,2,True,1,1,1,-0.49082695884806904
alternatives,677c00e0f6d8cdcff534ecb7,14,graduation_party_01,B,agree,B,True,B,2,True,1,1,1,-1.5130450880192552
alternatives,644a9152838d4d270af3b94f,7,ypc_03,D,agree,D,False,B,2,True,1,0,0,0.847792019828484
alternatives,644a9152838d4d270af3b94f,8,ypc_05,D,agree,D,False,A,4,True,1,0,0,0.3366829552428909
alternatives,644a9152838d4d270af3b94f,9,ypc_06,D,agree,D,False,A,2,True,1,0,0,1.2128699231039075
alternatives,644a9152838d4d270af3b94f,10,car_racing_01,D,agree,D,True,D,6,True,1,1,1,-1.7807688837545659
alternatives,644a9152838d4d270af3b94f,11,car_racing_02,B,agree,B,False,C,4,True,1,0,0,1.1885313962188795
alternatives,644a9152838d4d270af3b94f,14,graduation_party_01,B,agree,B,True,B,4,True,1,1,1,-1.5130450880192552
alternatives,644a9152838d4d270af3b94f,15,graduation_party_05,D,agree,D,False,A,10,True,1,0,0,0.14197474016266495
alternatives,644a9152838d4d270af3b94f,16,graduation_party_06,B,agree,B,False,D,8,True,1,0,0,-0.3691343244229278
alternatives,644a9152838d4d270af3b94f,17,graduation_party_07,B,agree,B,True,B,2,True,1,1,1,0.7017608585183145
alternatives,5dcdbf658d32d102ba69e839,6,ypc_02,D,agree,C,False,D,2,True,0,1,0,-0.8072278083534364
alternatives,5dcdbf658d32d102ba69e839,7,ypc_03,D,agree,D,False,B,2,True,1,0,0,0.847792019828484
alternatives,5dcdbf658d32d102ba69e839,14,graduation_party_01,B,agree,B,True,B,2,True,1,1,1,-1.5130450880192552
alternatives,69ea564f2751bfb18c2c7c79,10,car_racing_01,D,agree,D,True,D,6,True,1,1,1,-1.7807688837545659
alternatives,69ea564f2751bfb18c2c7c79,11,car_racing_02,B,agree,B,False,C,4,True,1,0,0,1.1885313962188795
alternatives,69ea564f2751bfb18c2c7c79,17,graduation_party_07,B,agree,B,True,B,4,True,1,1,1,0.7017608585183145
alternatives,671ac509e93a57b5220b3d4e,8,ypc_05,C,agree,C,False,A,2,True,1,0,0,0.3366829552428909
alternatives,671ac509e93a57b5220b3d4e,9,ypc_06,C,agree,C,False,A,2,True,1,0,0,1.2128699231039075
alternatives,671ac509e93a57b5220b3d4e,13,car_racing_05,C,agree,C,False,A,2,True,1,0,0,0.5313911703231169
alternatives,60e02be4699a3f5cbe314e99,6,ypc_02,D,agree,D,True,D,6,True,1,1,1,-0.8072278083534364
alternatives,60e02be4699a3f5cbe314e99,10,car_racing_01,D,agree,D,True,D,4,True,1,1,1,-1.7807688837545659
alternatives,60e02be4699a3f5cbe314e99,15,graduation_party_05,A,agree,A,True,A,2,True,1,1,1,0.14197474016266495
alternatives,60e02be4699a3f5cbe314e99,17,graduation_party_07,D,agree,D,False,B,2,True,1,0,0,0.7017608585183145
alternatives,59961863004c4f0001cc864a,6,ypc_02,D,agree,D,True,D,4,True,1,1,1,-0.8072278083534364
alternatives,59961863004c4f0001cc864a,7,ypc_03,B,agree,B,True,B,6,True,1,1,1,0.847792019828484
alternatives,59961863004c4f0001cc864a,8,ypc_05,A,agree,A,True,A,2,True,1,1,1,0.3366829552428909
alternatives,59961863004c4f0001cc864a,9,ypc_06,A,agree,A,True,A,4,True,1,1,1,1.2128699231039075
alternatives,59961863004c4f0001cc864a,10,car_racing_01,D,agree,D,True,D,4,True,1,1,1,-1.7807688837545659
alternatives,59961863004c4f0001cc864a,11,car_racing_02,B,agree,B,False,C,6,True,1,0,0,1.1885313962188795
alternatives,59961863004c4f0001cc864a,12,car_racing_03,D,agree,D,False,B,8,True,1,0,0,-0.49082695884806904
alternatives,59961863004c4f0001cc864a,13,car_racing_05,C,agree,C,False,A,4,True,1,0,0,0.5313911703231169
alternatives,59961863004c4f0001cc864a,14,graduation_party_01,B,agree,B,True,B,6,True,1,1,1,-1.5130450880192552
alternatives,59961863004c4f0001cc864a,15,graduation_party_05,A,agree,A,True,A,2,True,1,1,1,0.14197474016266495
alternatives,59961863004c4f0001cc864a,16,graduation_party_06,B,agree,B,False,D,8,True,1,0,0,-0.3691343244229278
alternatives,59961863004c4f0001cc864a,17,graduation_party_07,D,agree,D,False,B,2,True,1,0,0,0.7017608585183145
alternatives,6a1d92c4c92c72064143d2b0,10,car_racing_01,D,agree,D,True,D,8,True,1,1,1,-1.7807688837545659
alternatives,6a1d92c4c92c72064143d2b0,11,car_racing_02,D,agree,D,False,C,2,True,1,0,0,1.1885313962188795
alternatives,6a1d92c4c92c72064143d2b0,12,car_racing_03,B,agree,B,True,B,2,True,1,1,1,-0.49082695884806904
alternatives,69fb5b3f4a9a2b584b72f80f,6,ypc_02,D,agree,C,False,D,2,True,0,1,0,-0.8072278083534364
alternatives,69fb5b3f4a9a2b584b72f80f,9,ypc_06,A,agree,A,True,A,4,True,1,1,1,1.2128699231039075
alternatives,69fb5b3f4a9a2b584b72f80f,10,car_racing_01,D,agree,D,True,D,2,True,1,1,1,-1.7807688837545659
alternatives,69fb5b3f4a9a2b584b72f80f,11,car_racing_02,B,agree,B,False,C,2,True,1,0,0,1.1885313962188795
alternatives,69fb5b3f4a9a2b584b72f80f,12,car_racing_03,D,agree,D,False,B,6,True,1,0,0,-0.49082695884806904
alternatives,69fb5b3f4a9a2b584b72f80f,13,car_racing_05,A,agree,A,True,A,2,True,1,1,1,0.5313911703231169
alternatives,69fb5b3f4a9a2b584b72f80f,14,graduation_party_01,B,agree,B,True,B,2,True,1,1,1,-1.5130450880192552
alternatives,69fb5b3f4a9a2b584b72f80f,15,graduation_party_05,A,agree,A,True,A,2,True,1,1,1,0.14197474016266495
alternatives,69fb5b3f4a9a2b584b72f80f,16,graduation_party_06,D,agree,D,True,D,2,True,1,1,1,-0.3691343244229278
alternatives,6752efd86136ec83b4e576bc,6,ypc_02,D,agree,D,True,D,2,True,1,1,1,-0.8072278083534364
alternatives,6752efd86136ec83b4e576bc,10,car_racing_01,D,agree,D,True,D,2,True,1,1,1,-1.7807688837545659
alternatives,6752efd86136ec83b4e576bc,16,graduation_party_06,D,agree,D,True,D,2,True,1,1,1,-0.3691343244229278
alternatives,57b6dfafe2d5a60001099543,6,ypc_02,D,agree,D,True,D,2,True,1,1,1,-0.8072278083534364
alternatives,57b6dfafe2d5a60001099543,7,ypc_03,D,agree,D,False,B,2,True,1,0,0,0.847792019828484
alternatives,57b6dfafe2d5a60001099543,8,ypc_05,D,agree,D,False,A,4,True,1,0,0,0.3366829552428909
alternatives,57b6dfafe2d5a60001099543,9,ypc_06,D,agree,D,False,A,2,True,1,0,0,1.2128699231039075
alternatives,57b6dfafe2d5a60001099543,10,car_racing_01,D,agree,D,True,D,2,True,1,1,1,-1.7807688837545659
alternatives,57b6dfafe2d5a60001099543,14,graduation_party_01,B,agree,B,True,B,2,True,1,1,1,-1.5130450880192552
alternatives,57b6dfafe2d5a60001099543,16,graduation_party_06,D,agree,D,True,D,2,True,1,1,1,-0.3691343244229278
alternatives,6768758c4deabe73a9da9a5e,6,ypc_02,A,agree,A,False,D,2,True,1,0,0,-0.8072278083534364
alternatives,6768758c4deabe73a9da9a5e,7,ypc_03,A,agree,A,False,B,10,True,1,0,0,0.847792019828484
alternatives,6768758c4deabe73a9da9a5e,11,car_racing_02,B,agree,B,False,C,2,True,1,0,0,1.1885313962188795
alternatives,6768758c4deabe73a9da9a5e,12,car_racing_03,D,agree,D,False,B,2,True,1,0,0,-0.49082695884806904
alternatives,6768758c4deabe73a9da9a5e,14,graduation_party_01,B,agree,B,True,B,2,True,1,1,1,-1.5130450880192552
alternatives,6768758c4deabe73a9da9a5e,15,graduation_party_05,D,agree,D,False,A,6,True,1,0,0,0.14197474016266495
alternatives,6a034d39ee8639d4c7a0cdd8,6,ypc_02,D,agree,D,True,D,2,True,1,1,1,-0.8072278083534364
alternatives,6a034d39ee8639d4c7a0cdd8,7,ypc_03,A,agree,A,False,B,2,True,1,0,0,0.847792019828484
alternatives,6a034d39ee8639d4c7a0cdd8,8,ypc_05,D,agree,D,False,A,2,True,1,0,0,0.3366829552428909
alternatives,6a034d39ee8639d4c7a0cdd8,10,car_racing_01,D,agree,D,True,D,2,True,1,1,1,-1.7807688837545659
alternatives,6a034d39ee8639d4c7a0cdd8,12,car_racing_03,B,agree,B,True,B,2,True,1,1,1,-0.49082695884806904
alternatives,6a034d39ee8639d4c7a0cdd8,15,graduation_party_05,A,agree,A,True,A,2,True,1,1,1,0.14197474016266495
alternatives,6a034d39ee8639d4c7a0cdd8,16,graduation_party_06,D,agree,D,True,D,2,True,1,1,1,-0.3691343244229278
alternatives,6a034d39ee8639d4c7a0cdd8,17,graduation_party_07,D,agree,D,False,B,2,True,1,0,0,0.7017608585183145
alternatives,69ff14a9f746a9d2108f74d0,6,ypc_02,D,agree,D,True,D,2,True,1,1,1,-0.8072278083534364
alternatives,69ff14a9f746a9d2108f74d0,7,ypc_03,A,agree,A,False,B,2,True,1,0,0,0.847792019828484
alternatives,69ff14a9f746a9d2108f74d0,8,ypc_05,D,agree,D,False,A,2,True,1,0,0,0.3366829552428909
alternatives,69ff14a9f746a9d2108f74d0,10,car_racing_01,D,agree,D,True,D,2,True,1,1,1,-1.7807688837545659
alternatives,69ff14a9f746a9d2108f74d0,11,car_racing_02,B,agree,B,False,C,2,True,1,0,0,1.1885313962188795
alternatives,69ff14a9f746a9d2108f74d0,14,graduation_party_01,B,agree,B,True,B,2,True,1,1,1,-1.5130450880192552
alternatives,69ff14a9f746a9d2108f74d0,16,graduation_party_06,D,agree,D,True,D,2,True,1,1,1,-0.3691343244229278
alternatives,69ff14a9f746a9d2108f74d0,17,graduation_party_07,D,agree,D,False,B,2,True,1,0,0,0.7017608585183145
alternatives,6a1d9d56cfece324378b6731,6,ypc_02,D,agree,D,True,D,2,True,1,1,1,-0.8072278083534364
alternatives,6a1d9d56cfece324378b6731,7,ypc_03,D,agree,D,False,B,2,True,1,0,0,0.847792019828484
alternatives,6a1d9d56cfece324378b6731,8,ypc_05,D,agree,D,False,A,2,True,1,0,0,0.3366829552428909
alternatives,6a1d9d56cfece324378b6731,10,car_racing_01,D,agree,D,True,D,2,True,1,1,1,-1.7807688837545659
alternatives,6a1d9d56cfece324378b6731,16,graduation_party_06,A,agree,A,False,D,2,True,1,0,0,-0.3691343244229278
alternatives,6a009fb698bfd622eca974a9,6,ypc_02,D,agree,D,True,D,10,True,1,1,1,-0.8072278083534364
alternatives,6a009fb698bfd622eca974a9,8,ypc_05,D,agree,D,False,A,4,True,1,0,0,0.3366829552428909
alternatives,6a009fb698bfd622eca974a9,9,ypc_06,D,agree,D,False,A,6,True,1,0,0,1.2128699231039075
alternatives,6a009fb698bfd622eca974a9,10,car_racing_01,D,agree,D,True,D,2,True,1,1,1,-1.7807688837545659
alternatives,6a009fb698bfd622eca974a9,11,car_racing_02,D,agree,D,False,C,6,True,1,0,0,1.1885313962188795
alternatives,6a009fb698bfd622eca974a9,12,car_racing_03,D,agree,D,False,B,4,True,1,0,0,-0.49082695884806904
alternatives,6a009fb698bfd622eca974a9,14,graduation_party_01,B,agree,B,True,B,2,True,1,1,1,-1.5130450880192552
alternatives,6a009fb698bfd622eca974a9,15,graduation_party_05,D,agree,D,False,A,4,True,1,0,0,0.14197474016266495
alternatives,6a009fb698bfd622eca974a9,16,graduation_party_06,D,agree,D,True,D,6,True,1,1,1,-0.3691343244229278
alternatives,6a009fb698bfd622eca974a9,17,graduation_party_07,D,agree,D,False,B,2,True,1,0,0,0.7017608585183145
alternatives,6a1f21e58f39c832ba2d163a,6,ypc_02,C,agree,D,True,D,2,True,0,0,1,-0.8072278083534364
alternatives,6a1f21e58f39c832ba2d163a,7,ypc_03,C,agree,C,False,B,2,True,1,0,0,0.847792019828484
alternatives,6a1f21e58f39c832ba2d163a,8,ypc_05,C,agree,C,False,A,2,True,1,0,0,0.3366829552428909
alternatives,6a1f21e58f39c832ba2d163a,14,graduation_party_01,C,agree,C,False,B,2,True,1,0,0,-1.5130450880192552
alternatives,6a1f21e58f39c832ba2d163a,15,graduation_party_05,C,agree,C,False,A,2,True,1,0,0,0.14197474016266495
alternatives,6a1f21e58f39c832ba2d163a,17,graduation_party_07,C,agree,C,False,B,2,True,1,0,0,0.7017608585183145
alternatives,69fa52e3a42b2256bfe76c97,6,ypc_02,D,agree,D,True,D,10,True,1,1,1,-0.8072278083534364
alternatives,69fa52e3a42b2256bfe76c97,7,ypc_03,D,agree,D,False,B,2,True,1,0,0,0.847792019828484
alternatives,69fa52e3a42b2256bfe76c97,8,ypc_05,A,agree,A,True,A,2,True,1,1,1,0.3366829552428909
alternatives,69fa52e3a42b2256bfe76c97,10,car_racing_01,D,agree,D,True,D,2,True,1,1,1,-1.7807688837545659
alternatives,69fa52e3a42b2256bfe76c97,14,graduation_party_01,B,agree,B,True,B,6,True,1,1,1,-1.5130450880192552
alternatives,69fa52e3a42b2256bfe76c97,16,graduation_party_06,D,agree,D,True,D,2,True,1,1,1,-0.3691343244229278
alternatives,69fa52e3a42b2256bfe76c97,17,graduation_party_07,B,agree,B,True,B,2,True,1,1,1,0.7017608585183145
alternatives,6604764cc6719060ae2f667c,6,ypc_02,D,agree,D,True,D,8,True,1,1,1,-0.8072278083534364
alternatives,6604764cc6719060ae2f667c,8,ypc_05,A,agree,A,True,A,8,True,1,1,1,0.3366829552428909
alternatives,6604764cc6719060ae2f667c,10,car_racing_01,D,agree,D,True,D,4,True,1,1,1,-1.7807688837545659
alternatives,6604764cc6719060ae2f667c,11,car_racing_02,B,agree,B,False,C,4,True,1,0,0,1.1885313962188795
alternatives,6604764cc6719060ae2f667c,14,graduation_party_01,B,agree,B,True,B,4,True,1,1,1,-1.5130450880192552
alternatives,6604764cc6719060ae2f667c,15,graduation_party_05,A,agree,A,True,A,4,True,1,1,1,0.14197474016266495
alternatives,6604764cc6719060ae2f667c,17,graduation_party_07,D,agree,D,False,B,4,True,1,0,0,0.7017608585183145
alternatives,67d01671bd666a9fb9c603fb,6,ypc_02,D,agree,D,True,D,2,True,1,1,1,-0.8072278083534364
alternatives,67d01671bd666a9fb9c603fb,8,ypc_05,D,agree,D,False,A,4,True,1,0,0,0.3366829552428909
alternatives,67d01671bd666a9fb9c603fb,9,ypc_06,D,agree,D,False,A,2,True,1,0,0,1.2128699231039075
alternatives,67d01671bd666a9fb9c603fb,11,car_racing_02,C,agree,C,True,C,8,True,1,1,1,1.1885313962188795
alternatives,67d01671bd666a9fb9c603fb,13,car_racing_05,C,agree,C,False,A,2,True,1,0,0,0.5313911703231169
alternatives,67d01671bd666a9fb9c603fb,14,graduation_party_01,B,agree,A,False,B,4,True,0,1,0,-1.5130450880192552
alternatives,67d01671bd666a9fb9c603fb,15,graduation_party_05,D,agree,D,False,A,4,True,1,0,0,0.14197474016266495
alternatives,67d01671bd666a9fb9c603fb,16,graduation_party_06,D,agree,D,True,D,4,True,1,1,1,-0.3691343244229278
alternatives,67d01671bd666a9fb9c603fb,17,graduation_party_07,D,agree,D,False,B,2,True,1,0,0,0.7017608585183145
alternatives,6a038221e63d68a1f45e2060,6,ypc_02,A,agree,A,False,D,6,True,1,0,0,-0.8072278083534364
alternatives,6a038221e63d68a1f45e2060,9,ypc_06,B,agree,B,False,A,4,True,1,0,0,1.2128699231039075
alternatives,6a038221e63d68a1f45e2060,12,car_racing_03,B,agree,B,True,B,4,True,1,1,1,-0.49082695884806904
alternatives,6a038221e63d68a1f45e2060,17,graduation_party_07,D,agree,B,True,B,4,True,0,0,1,0.7017608585183145
alternatives,5eaae0b28ba2df0570296c3a,8,ypc_05,A,agree,A,True,A,2,True,1,1,1,0.3366829552428909
alternatives,5eaae0b28ba2df0570296c3a,10,car_racing_01,D,agree,D,True,D,2,True,1,1,1,-1.7807688837545659
alternatives,5eaae0b28ba2df0570296c3a,11,car_racing_02,D,agree,D,False,C,2,True,1,0,0,1.1885313962188795
alternatives,5eaae0b28ba2df0570296c3a,13,car_racing_05,A,agree,A,True,A,2,True,1,1,1,0.5313911703231169
alternatives,5eaae0b28ba2df0570296c3a,14,graduation_party_01,B,agree,B,True,B,2,True,1,1,1,-1.5130450880192552
alternatives,5eaae0b28ba2df0570296c3a,15,graduation_party_05,A,agree,A,True,A,2,True,1,1,1,0.14197474016266495
alternatives,5eaae0b28ba2df0570296c3a,16,graduation_party_06,D,agree,D,True,D,2,True,1,1,1,-0.3691343244229278
alternatives,66cdcee5b3f3d7136c690de0,8,ypc_05,D,agree,D,False,A,2,True,1,0,0,0.3366829552428909
alternatives,66cdcee5b3f3d7136c690de0,10,car_racing_01,D,agree,D,True,D,2,True,1,1,1,-1.7807688837545659
alternatives,66cdcee5b3f3d7136c690de0,11,car_racing_02,B,agree,B,False,C,8,True,1,0,0,1.1885313962188795
alternatives,66cdcee5b3f3d7136c690de0,15,graduation_party_05,D,agree,D,False,A,2,True,1,0,0,0.14197474016266495
alternatives,66cdcee5b3f3d7136c690de0,16,graduation_party_06,D,agree,D,True,D,2,True,1,1,1,-0.3691343244229278
alternatives,6446839f023ba8de55365437,6,ypc_02,D,agree,D,True,D,2,True,1,1,1,-0.8072278083534364
alternatives,6446839f023ba8de55365437,7,ypc_03,A,agree,A,False,B,8,True,1,0,0,0.847792019828484
alternatives,6446839f023ba8de55365437,8,ypc_05,D,agree,D,False,A,6,True,1,0,0,0.3366829552428909
alternatives,6446839f023ba8de55365437,9,ypc_06,B,agree,B,False,A,2,True,1,0,0,1.2128699231039075
alternatives,6446839f023ba8de55365437,10,car_racing_01,D,agree,D,True,D,2,True,1,1,1,-1.7807688837545659
alternatives,6446839f023ba8de55365437,11,car_racing_02,B,agree,B,False,C,6,True,1,0,0,1.1885313962188795
alternatives,6446839f023ba8de55365437,12,car_racing_03,D,agree,D,False,B,2,True,1,0,0,-0.49082695884806904
alternatives,6446839f023ba8de55365437,13,car_racing_05,A,agree,A,True,A,4,True,1,1,1,0.5313911703231169
alternatives,6446839f023ba8de55365437,14,graduation_party_01,B,agree,B,True,B,4,True,1,1,1,-1.5130450880192552
alternatives,6658b1d67df7606690e4d6da,6,ypc_02,D,agree,D,True,D,2,True,1,1,1,-0.8072278083534364
alternatives,6658b1d67df7606690e4d6da,10,car_racing_01,D,agree,D,True,D,2,True,1,1,1,-1.7807688837545659
alternatives,6658b1d67df7606690e4d6da,12,car_racing_03,D,agree,D,False,B,4,True,1,0,0,-0.49082695884806904
alternatives,6658b1d67df7606690e4d6da,14,graduation_party_01,B,agree,B,True,B,4,True,1,1,1,-1.5130450880192552
alternatives,6658b1d67df7606690e4d6da,15,graduation_party_05,D,agree,D,False,A,2,True,1,0,0,0.14197474016266495
alternatives,6658b1d67df7606690e4d6da,17,graduation_party_07,D,agree,D,False,B,2,True,1,0,0,0.7017608585183145
alternatives,6676b999f1116e55d774817f,7,ypc_03,B,agree,B,True,B,2,True,1,1,1,0.847792019828484
alternatives,6676b999f1116e55d774817f,10,car_racing_01,D,agree,D,True,D,2,True,1,1,1,-1.7807688837545659
alternatives,6676b999f1116e55d774817f,12,car_racing_03,B,agree,B,True,B,2,True,1,1,1,-0.49082695884806904
alternatives,6676b999f1116e55d774817f,14,graduation_party_01,C,agree,C,False,B,2,True,1,0,0,-1.5130450880192552
alternatives,6676b999f1116e55d774817f,17,graduation_party_07,D,agree,D,False,B,2,True,1,0,0,0.7017608585183145
alternatives,6043a1dc4c33ef37c64f0812,6,ypc_02,B,agree,D,True,D,6,True,0,0,1,-0.8072278083534364
alternatives,6043a1dc4c33ef37c64f0812,12,car_racing_03,B,agree,B,True,B,4,True,1,1,1,-0.49082695884806904
alternatives,6043a1dc4c33ef37c64f0812,13,car_racing_05,A,agree,A,True,A,2,True,1,1,1,0.5313911703231169
alternatives,6043a1dc4c33ef37c64f0812,15,graduation_party_05,D,agree,D,False,A,4,True,1,0,0,0.14197474016266495
alternatives,6126c376b030f1ef149929fb,6,ypc_02,A,agree,A,False,D,6,True,1,0,0,-0.8072278083534364
alternatives,6126c376b030f1ef149929fb,8,ypc_05,D,agree,D,False,A,8,True,1,0,0,0.3366829552428909
alternatives,6126c376b030f1ef149929fb,9,ypc_06,D,agree,D,False,A,6,True,1,0,0,1.2128699231039075
alternatives,6126c376b030f1ef149929fb,12,car_racing_03,B,agree,B,True,B,2,True,1,1,1,-0.49082695884806904
alternatives,6126c376b030f1ef149929fb,14,graduation_party_01,B,agree,B,True,B,4,True,1,1,1,-1.5130450880192552
alternatives,6126c376b030f1ef149929fb,15,graduation_party_05,D,agree,D,False,A,8,True,1,0,0,0.14197474016266495
alternatives,6126c376b030f1ef149929fb,16,graduation_party_06,B,agree,B,False,D,4,True,1,0,0,-0.3691343244229278
alternatives,6126c376b030f1ef149929fb,17,graduation_party_07,D,agree,D,False,B,6,True,1,0,0,0.7017608585183145
alternatives,69f1565fdf85268879a918d9,7,ypc_03,A,agree,A,False,B,2,True,1,0,0,0.847792019828484
alternatives,69f1565fdf85268879a918d9,8,ypc_05,D,agree,D,False,A,2,True,1,0,0,0.3366829552428909
alternatives,69f1565fdf85268879a918d9,9,ypc_06,D,agree,D,False,A,6,True,1,0,0,1.2128699231039075
alternatives,69f1565fdf85268879a918d9,10,car_racing_01,A,agree,A,False,D,2,True,1,0,0,-1.7807688837545659
alternatives,69f1565fdf85268879a918d9,11,car_racing_02,B,agree,B,False,C,4,True,1,0,0,1.1885313962188795
alternatives,69f1565fdf85268879a918d9,12,car_racing_03,D,agree,D,False,B,2,True,1,0,0,-0.49082695884806904
alternatives,69f1565fdf85268879a918d9,14,graduation_party_01,B,agree,B,True,B,4,True,1,1,1,-1.5130450880192552
alternatives,69f1565fdf85268879a918d9,15,graduation_party_05,A,agree,A,True,A,2,True,1,1,1,0.14197474016266495
alternatives,5c61d9cd6f57a000014a8fc4,6,ypc_02,D,agree,D,True,D,2,True,1,1,1,-0.8072278083534364
alternatives,5c61d9cd6f57a000014a8fc4,8,ypc_05,D,agree,D,False,A,4,True,1,0,0,0.3366829552428909
alternatives,5c61d9cd6f57a000014a8fc4,10,car_racing_01,D,agree,D,True,D,2,True,1,1,1,-1.7807688837545659
alternatives,5c61d9cd6f57a000014a8fc4,11,car_racing_02,B,agree,B,False,C,2,True,1,0,0,1.1885313962188795
alternatives,5c61d9cd6f57a000014a8fc4,12,car_racing_03,D,agree,D,False,B,4,True,1,0,0,-0.49082695884806904
alternatives,5c61d9cd6f57a000014a8fc4,13,car_racing_05,B,agree,B,False,A,6,True,1,0,0,0.5313911703231169
alternatives,5c61d9cd6f57a000014a8fc4,14,graduation_party_01,B,agree,B,True,B,4,True,1,1,1,-1.5130450880192552
alternatives,5c61d9cd6f57a000014a8fc4,16,graduation_party_06,B,agree,B,False,D,2,True,1,0,0,-0.3691343244229278
alternatives,5c61d9cd6f57a000014a8fc4,17,graduation_party_07,B,agree,B,True,B,2,True,1,1,1,0.7017608585183145
alternatives,69fe38e9e844d3c492e41d0a,8,ypc_05,A,agree,A,True,A,2,True,1,1,1,0.3366829552428909
alternatives,69fe38e9e844d3c492e41d0a,10,car_racing_01,D,agree,D,True,D,2,True,1,1,1,-1.7807688837545659
alternatives,69fe38e9e844d3c492e41d0a,11,car_racing_02,B,agree,B,False,C,2,True,1,0,0,1.1885313962188795
alternatives,69fe38e9e844d3c492e41d0a,13,car_racing_05,C,agree,C,False,A,2,True,1,0,0,0.5313911703231169
alternatives,69fe38e9e844d3c492e41d0a,15,graduation_party_05,A,agree,A,True,A,2,True,1,1,1,0.14197474016266495
alternatives,69fe38e9e844d3c492e41d0a,16,graduation_party_06,B,agree,B,False,D,2,True,1,0,0,-0.3691343244229278
alternatives,66c0382392286c820e1d3623,6,ypc_02,D,agree,D,True,D,4,True,1,1,1,-0.8072278083534364
alternatives,66c0382392286c820e1d3623,8,ypc_05,D,agree,D,False,A,4,True,1,0,0,0.3366829552428909
alternatives,66c0382392286c820e1d3623,9,ypc_06,B,agree,B,False,A,4,True,1,0,0,1.2128699231039075
alternatives,66c0382392286c820e1d3623,12,car_racing_03,B,agree,D,False,B,2,True,0,1,0,-0.49082695884806904
alternatives,66c0382392286c820e1d3623,14,graduation_party_01,B,agree,B,True,B,2,True,1,1,1,-1.5130450880192552
alternatives,66c0382392286c820e1d3623,16,graduation_party_06,D,agree,D,True,D,4,True,1,1,1,-0.3691343244229278
alternatives,6a08dbc70f88fa516082241a,6,ypc_02,D,agree,D,True,D,2,True,1,1,1,-0.8072278083534364
alternatives,6a08dbc70f88fa516082241a,8,ypc_05,D,agree,D,False,A,2,True,1,0,0,0.3366829552428909
alternatives,6a08dbc70f88fa516082241a,11,car_racing_02,B,agree,B,False,C,2,True,1,0,0,1.1885313962188795
alternatives,6a08dbc70f88fa516082241a,12,car_racing_03,B,agree,B,True,B,2,True,1,1,1,-0.49082695884806904
alternatives,6a08dbc70f88fa516082241a,15,graduation_party_05,A,agree,A,True,A,2,True,1,1,1,0.14197474016266495
alternatives,6a08dbc70f88fa516082241a,16,graduation_party_06,D,agree,D,True,D,4,True,1,1,1,-0.3691343244229278
alternatives,6a16ec054f5cdd315b2611c6,8,ypc_05,D,agree,D,False,A,2,True,1,0,0,0.3366829552428909
alternatives,6a16ec054f5cdd315b2611c6,9,ypc_06,B,agree,B,False,A,2,True,1,0,0,1.2128699231039075
alternatives,6a16ec054f5cdd315b2611c6,11,car_racing_02,B,agree,B,False,C,2,True,1,0,0,1.1885313962188795
alternatives,6a16ec054f5cdd315b2611c6,14,graduation_party_01,B,agree,B,True,B,2,True,1,1,1,-1.5130450880192552
alternatives,6a16ec054f5cdd315b2611c6,15,graduation_party_05,A,agree,A,True,A,2,True,1,1,1,0.14197474016266495
alternatives,6a00570a56fddee15037bdd3,6,ypc_02,D,agree,D,True,D,2,True,1,1,1,-0.8072278083534364
alternatives,6a00570a56fddee15037bdd3,8,ypc_05,D,agree,D,False,A,2,True,1,0,0,0.3366829552428909
alternatives,6a00570a56fddee15037bdd3,10,car_racing_01,D,agree,D,True,D,2,True,1,1,1,-1.7807688837545659
alternatives,6a00570a56fddee15037bdd3,11,car_racing_02,B,agree,B,False,C,2,True,1,0,0,1.1885313962188795
alternatives,6a00570a56fddee15037bdd3,12,car_racing_03,D,agree,D,False,B,2,True,1,0,0,-0.49082695884806904
alternatives,6a00570a56fddee15037bdd3,14,graduation_party_01,C,agree,C,False,B,2,True,1,0,0,-1.5130450880192552
alternatives,6a00570a56fddee15037bdd3,15,graduation_party_05,D,agree,D,False,A,2,True,1,0,0,0.14197474016266495
alternatives,6a00570a56fddee15037bdd3,16,graduation_party_06,D,agree,D,True,D,2,True,1,1,1,-0.3691343244229278
alternatives,6a00570a56fddee15037bdd3,17,graduation_party_07,A,agree,A,False,B,2,True,1,0,0,0.7017608585183145
alternatives,6a00d06c4d9e56ae1a375643,6,ypc_02,D,agree,D,True,D,2,True,1,1,1,-0.8072278083534364
alternatives,6a00d06c4d9e56ae1a375643,10,car_racing_01,D,agree,D,True,D,2,True,1,1,1,-1.7807688837545659
alternatives,6a00d06c4d9e56ae1a375643,13,car_racing_05,D,agree,D,False,A,6,True,1,0,0,0.5313911703231169
alternatives,6a00d06c4d9e56ae1a375643,14,graduation_party_01,B,agree,B,True,B,4,True,1,1,1,-1.5130450880192552
alternatives,5c3fa8f562ada90001275f5e,9,ypc_06,B,agree,B,False,A,2,True,1,0,0,1.2128699231039075
alternatives,5c3fa8f562ada90001275f5e,10,car_racing_01,D,agree,D,True,D,2,True,1,1,1,-1.7807688837545659
alternatives,5c3fa8f562ada90001275f5e,11,car_racing_02,C,agree,C,True,C,2,True,1,1,1,1.1885313962188795
alternatives,5c3fa8f562ada90001275f5e,13,car_racing_05,C,agree,C,False,A,2,True,1,0,0,0.5313911703231169
alternatives,6a0b2e634890878fbf46baad,6,ypc_02,D,agree,D,True,D,4,True,1,1,1,-0.8072278083534364
alternatives,6a0b2e634890878fbf46baad,10,car_racing_01,D,agree,D,True,D,6,True,1,1,1,-1.7807688837545659
alternatives,6a0b2e634890878fbf46baad,12,car_racing_03,B,agree,B,True,B,2,True,1,1,1,-0.49082695884806904
alternatives,6a0b2e634890878fbf46baad,16,graduation_party_06,D,agree,D,True,D,2,True,1,1,1,-0.3691343244229278
alternatives,6a1b23ab6edd3063c9739989,6,ypc_02,D,agree,D,True,D,2,True,1,1,1,-0.8072278083534364
alternatives,6a1b23ab6edd3063c9739989,8,ypc_05,D,agree,D,False,A,2,True,1,0,0,0.3366829552428909
alternatives,6a1b23ab6edd3063c9739989,12,car_racing_03,D,agree,D,False,B,2,True,1,0,0,-0.49082695884806904
alternatives,6a1b23ab6edd3063c9739989,14,graduation_party_01,B,agree,B,True,B,2,True,1,1,1,-1.5130450880192552
alternatives,6a1b23ab6edd3063c9739989,15,graduation_party_05,D,agree,D,False,A,2,True,1,0,0,0.14197474016266495
alternatives,6a1b23ab6edd3063c9739989,17,graduation_party_07,D,agree,D,False,B,2,True,1,0,0,0.7017608585183145
alternatives,6a1f447463e5c07aabec8187,6,ypc_02,D,agree,D,True,D,8,True,1,1,1,-0.8072278083534364
alternatives,6a1f447463e5c07aabec8187,7,ypc_03,B,agree,A,False,B,26,True,0,1,0,0.847792019828484
alternatives,6a1f447463e5c07aabec8187,8,ypc_05,D,agree,D,False,A,8,True,1,0,0,0.3366829552428909
alternatives,6a1f447463e5c07aabec8187,9,ypc_06,B,agree,A,True,A,2,True,0,0,1,1.2128699231039075
alternatives,6a1f447463e5c07aabec8187,10,car_racing_01,D,agree,D,True,D,2,True,1,1,1,-1.7807688837545659
alternatives,6a1f447463e5c07aabec8187,11,car_racing_02,B,agree,B,False,C,6,True,1,0,0,1.1885313962188795
alternatives,6a1f447463e5c07aabec8187,12,car_racing_03,B,agree,B,True,B,4,True,1,1,1,-0.49082695884806904
alternatives,6a1f447463e5c07aabec8187,13,car_racing_05,D,agree,D,False,A,12,True,1,0,0,0.5313911703231169
alternatives,6a1f447463e5c07aabec8187,16,graduation_party_06,D,agree,D,True,D,4,True,1,1,1,-0.3691343244229278
alternatives,6a1f447463e5c07aabec8187,17,graduation_party_07,D,agree,D,False,B,2,True,1,0,0,0.7017608585183145
alternatives,6a22567ab2a834da2f8e9057,6,ypc_02,D,agree,D,True,D,2,True,1,1,1,-0.8072278083534364
alternatives,6a22567ab2a834da2f8e9057,8,ypc_05,D,agree,D,False,A,4,True,1,0,0,0.3366829552428909
alternatives,6a22567ab2a834da2f8e9057,9,ypc_06,B,agree,B,False,A,2,True,1,0,0,1.2128699231039075
alternatives,6a22567ab2a834da2f8e9057,10,car_racing_01,D,agree,D,True,D,6,True,1,1,1,-1.7807688837545659
alternatives,6a22567ab2a834da2f8e9057,14,graduation_party_01,B,agree,B,True,B,4,True,1,1,1,-1.5130450880192552
alternatives,6a22567ab2a834da2f8e9057,15,graduation_party_05,A,agree,A,True,A,4,True,1,1,1,0.14197474016266495
alternatives,660c14cb05dd9faa6eda805a,6,ypc_02,D,agree,D,True,D,2,True,1,1,1,-0.8072278083534364
alternatives,660c14cb05dd9faa6eda805a,8,ypc_05,A,agree,A,True,A,4,True,1,1,1,0.3366829552428909
alternatives,660c14cb05dd9faa6eda805a,9,ypc_06,C,agree,C,False,A,2,True,1,0,0,1.2128699231039075
alternatives,660c14cb05dd9faa6eda805a,10,car_racing_01,D,agree,D,True,D,2,True,1,1,1,-1.7807688837545659
alternatives,660c14cb05dd9faa6eda805a,11,car_racing_02,B,agree,A,False,C,4,True,0,0,0,1.1885313962188795
alternatives,660c14cb05dd9faa6eda805a,14,graduation_party_01,B,agree,A,False,B,2,True,0,1,0,-1.5130450880192552
alternatives,660c14cb05dd9faa6eda805a,16,graduation_party_06,D,agree,D,True,D,2,True,1,1,1,-0.3691343244229278
alternatives,660c14cb05dd9faa6eda805a,17,graduation_party_07,D,agree,C,False,B,4,True,0,0,0,0.7017608585183145
alternatives,69848da89da918a45ff78e1d,8,ypc_05,D,agree,D,False,A,2,True,1,0,0,0.3366829552428909
alternatives,69848da89da918a45ff78e1d,10,car_racing_01,D,agree,D,True,D,2,True,1,1,1,-1.7807688837545659
alternatives,69848da89da918a45ff78e1d,14,graduation_party_01,B,agree,B,True,B,2,True,1,1,1,-1.5130450880192552
alternatives,69848da89da918a45ff78e1d,15,graduation_party_05,D,agree,D,False,A,2,True,1,0,0,0.14197474016266495
alternatives,69848da89da918a45ff78e1d,16,graduation_party_06,D,agree,D,True,D,2,True,1,1,1,-0.3691343244229278
alternatives,6a05a78f5dceb1b1abe2dc52,11,car_racing_02,D,agree,D,False,C,6,True,1,0,0,1.1885313962188795
alternatives,6a05a78f5dceb1b1abe2dc52,14,graduation_party_01,B,agree,B,True,B,2,True,1,1,1,-1.5130450880192552
alternatives,6a05a78f5dceb1b1abe2dc52,15,graduation_party_05,A,agree,A,True,A,2,True,1,1,1,0.14197474016266495
alternatives,6a05a78f5dceb1b1abe2dc52,17,graduation_party_07,A,agree,A,False,B,6,True,1,0,0,0.7017608585183145
alternatives,6a158d28cf874d1b7eab9575,6,ypc_02,D,agree,D,True,D,2,True,1,1,1,-0.8072278083534364
alternatives,6a158d28cf874d1b7eab9575,7,ypc_03,A,agree,A,False,B,2,True,1,0,0,0.847792019828484
alternatives,6a158d28cf874d1b7eab9575,8,ypc_05,D,agree,D,False,A,2,True,1,0,0,0.3366829552428909
alternatives,6a158d28cf874d1b7eab9575,11,car_racing_02,B,agree,B,False,C,2,True,1,0,0,1.1885313962188795
alternatives,6a158d28cf874d1b7eab9575,12,car_racing_03,B,agree,B,True,B,2,True,1,1,1,-0.49082695884806904
alternatives,6a158d28cf874d1b7eab9575,15,graduation_party_05,A,agree,A,True,A,2,True,1,1,1,0.14197474016266495
alternatives,6a158d28cf874d1b7eab9575,16,graduation_party_06,B,agree,B,False,D,4,True,1,0,0,-0.3691343244229278
alternatives,6a158d28cf874d1b7eab9575,17,graduation_party_07,A,agree,A,False,B,2,True,1,0,0,0.7017608585183145
alternatives,6a05c37ffa65471def84e817,6,ypc_02,D,agree,D,True,D,2,True,1,1,1,-0.8072278083534364
alternatives,6a05c37ffa65471def84e817,7,ypc_03,D,agree,D,False,B,2,True,1,0,0,0.847792019828484
alternatives,6a05c37ffa65471def84e817,9,ypc_06,D,agree,D,False,A,2,True,1,0,0,1.2128699231039075
alternatives,6a05c37ffa65471def84e817,10,car_racing_01,D,agree,D,True,D,2,True,1,1,1,-1.7807688837545659
alternatives,6a05c37ffa65471def84e817,11,car_racing_02,C,agree,C,True,C,3,True,1,1,1,1.1885313962188795
alternatives,6a05c37ffa65471def84e817,13,car_racing_05,A,agree,A,True,A,2,True,1,1,1,0.5313911703231169
alternatives,6a05c37ffa65471def84e817,14,graduation_party_01,B,agree,B,True,B,2,True,1,1,1,-1.5130450880192552
alternatives,6a05c37ffa65471def84e817,15,graduation_party_05,D,agree,D,False,A,2,True,1,0,0,0.14197474016266495
alternatives,6a05c37ffa65471def84e817,17,graduation_party_07,D,agree,D,False,B,2,True,1,0,0,0.7017608585183145
alternatives,69fa27f897bf4caf2d505098,8,ypc_05,D,agree,D,False,A,4,True,1,0,0,0.3366829552428909
alternatives,69fa27f897bf4caf2d505098,10,car_racing_01,A,agree,A,False,D,2,True,1,0,0,-1.7807688837545659
alternatives,69fa27f897bf4caf2d505098,11,car_racing_02,B,agree,B,False,C,2,True,1,0,0,1.1885313962188795
alternatives,69fa27f897bf4caf2d505098,13,car_racing_05,D,agree,D,False,A,2,True,1,0,0,0.5313911703231169
alternatives,69fa27f897bf4caf2d505098,14,graduation_party_01,B,agree,B,True,B,2,True,1,1,1,-1.5130450880192552
alternatives,69fa27f897bf4caf2d505098,17,graduation_party_07,B,agree,B,True,B,6,True,1,1,1,0.7017608585183145
alternatives,60dfa6a5a12413b99195c3de,9,ypc_06,B,agree,B,False,A,2,True,1,0,0,1.2128699231039075
alternatives,60dfa6a5a12413b99195c3de,10,car_racing_01,D,agree,D,True,D,2,True,1,1,1,-1.7807688837545659
alternatives,60dfa6a5a12413b99195c3de,12,car_racing_03,D,agree,D,False,B,4,True,1,0,0,-0.49082695884806904
alternatives,60dfa6a5a12413b99195c3de,13,car_racing_05,D,agree,D,False,A,4,True,1,0,0,0.5313911703231169
alternatives,697e00ccb24e2ade3421a2d3,6,ypc_02,D,agree,D,True,D,2,True,1,1,1,-0.8072278083534364
alternatives,697e00ccb24e2ade3421a2d3,7,ypc_03,A,agree,A,False,B,2,True,1,0,0,0.847792019828484
alternatives,697e00ccb24e2ade3421a2d3,8,ypc_05,A,agree,A,True,A,2,True,1,1,1,0.3366829552428909
alternatives,697e00ccb24e2ade3421a2d3,9,ypc_06,B,agree,B,False,A,2,True,1,0,0,1.2128699231039075
alternatives,697e00ccb24e2ade3421a2d3,11,car_racing_02,B,agree,B,False,C,2,True,1,0,0,1.1885313962188795
alternatives,697e00ccb24e2ade3421a2d3,13,car_racing_05,A,agree,A,True,A,2,True,1,1,1,0.5313911703231169
alternatives,697e00ccb24e2ade3421a2d3,14,graduation_party_01,B,agree,B,True,B,2,True,1,1,1,-1.5130450880192552
alternatives,697e00ccb24e2ade3421a2d3,15,graduation_party_05,A,agree,A,True,A,2,True,1,1,1,0.14197474016266495
alternatives,697e00ccb24e2ade3421a2d3,17,graduation_party_07,B,agree,C,False,B,2,True,0,1,0,0.7017608585183145
alternatives,53a18b8ffdf99b79ca51df6e,6,ypc_02,D,agree,D,True,D,2,True,1,1,1,-0.8072278083534364
alternatives,53a18b8ffdf99b79ca51df6e,10,car_racing_01,D,agree,D,True,D,2,True,1,1,1,-1.7807688837545659
alternatives,53a18b8ffdf99b79ca51df6e,14,graduation_party_01,B,agree,B,True,B,2,True,1,1,1,-1.5130450880192552
alternatives,53a18b8ffdf99b79ca51df6e,17,graduation_party_07,D,agree,D,False,B,2,True,1,0,0,0.7017608585183145
alternatives,667130c07398403120cb2bc4,8,ypc_05,D,agree,D,False,A,4,True,1,0,0,0.3366829552428909
alternatives,667130c07398403120cb2bc4,11,car_racing_02,B,agree,B,False,C,4,True,1,0,0,1.1885313962188795
alternatives,667130c07398403120cb2bc4,13,car_racing_05,D,agree,D,False,A,6,True,1,0,0,0.5313911703231169
alternatives,667130c07398403120cb2bc4,14,graduation_party_01,B,agree,B,True,B,2,True,1,1,1,-1.5130450880192552
alternatives,667130c07398403120cb2bc4,16,graduation_party_06,B,agree,B,False,D,2,True,1,0,0,-0.3691343244229278
alternatives,667130c07398403120cb2bc4,17,graduation_party_07,D,agree,D,False,B,2,True,1,0,0,0.7017608585183145
alternatives,672b24390a9c197eb61f2f72,10,car_racing_01,D,agree,D,True,D,2,True,1,1,1,-1.7807688837545659
alternatives,672b24390a9c197eb61f2f72,12,car_racing_03,D,agree,D,False,B,2,True,1,0,0,-0.49082695884806904
alternatives,672b24390a9c197eb61f2f72,14,graduation_party_01,B,agree,B,True,B,4,True,1,1,1,-1.5130450880192552
alternatives,672b24390a9c197eb61f2f72,16,graduation_party_06,D,agree,D,True,D,2,True,1,1,1,-0.3691343244229278
alternatives,672b24390a9c197eb61f2f72,17,graduation_party_07,D,agree,D,False,B,2,True,1,0,0,0.7017608585183145
alternatives,671cdd2146a2a9d3d0535132,10,car_racing_01,D,agree,D,True,D,4,True,1,1,1,-1.7807688837545659
alternatives,671cdd2146a2a9d3d0535132,11,car_racing_02,B,agree,B,False,C,2,True,1,0,0,1.1885313962188795
alternatives,671cdd2146a2a9d3d0535132,14,graduation_party_01,B,agree,B,True,B,2,True,1,1,1,-1.5130450880192552
alternatives,671cdd2146a2a9d3d0535132,15,graduation_party_05,D,agree,D,False,A,4,True,1,0,0,0.14197474016266495
alternatives,6a1edc2c42116f4499c0e8c8,6,ypc_02,A,agree,A,False,D,2,True,1,0,0,-0.8072278083534364
alternatives,6a1edc2c42116f4499c0e8c8,7,ypc_03,D,agree,D,False,B,2,True,1,0,0,0.847792019828484
alternatives,6a1edc2c42116f4499c0e8c8,8,ypc_05,D,agree,D,False,A,3,True,1,0,0,0.3366829552428909
alternatives,6a1edc2c42116f4499c0e8c8,9,ypc_06,A,agree,A,True,A,3,True,1,1,1,1.2128699231039075
alternatives,6a1edc2c42116f4499c0e8c8,13,car_racing_05,D,agree,D,False,A,2,True,1,0,0,0.5313911703231169
alternatives,6a1edc2c42116f4499c0e8c8,14,graduation_party_01,C,agree,C,False,B,2,True,1,0,0,-1.5130450880192552
alternatives,6a18b22fae75cabad16d1c34,6,ypc_02,D,agree,D,True,D,4,True,1,1,1,-0.8072278083534364
alternatives,6a18b22fae75cabad16d1c34,11,car_racing_02,D,agree,D,False,C,4,True,1,0,0,1.1885313962188795
alternatives,6a18b22fae75cabad16d1c34,12,car_racing_03,B,agree,B,True,B,4,True,1,1,1,-0.49082695884806904
alternatives,6a18b22fae75cabad16d1c34,14,graduation_party_01,B,agree,B,True,B,2,True,1,1,1,-1.5130450880192552
alternatives,6a18b22fae75cabad16d1c34,15,graduation_party_05,D,agree,D,False,A,4,True,1,0,0,0.14197474016266495
alternatives,6a0465dbc4519ab0aa7db764,6,ypc_02,D,agree,D,True,D,4,True,1,1,1,-0.8072278083534364
alternatives,6a0465dbc4519ab0aa7db764,8,ypc_05,D,agree,D,False,A,2,True,1,0,0,0.3366829552428909
alternatives,6a0465dbc4519ab0aa7db764,9,ypc_06,D,agree,D,False,A,2,True,1,0,0,1.2128699231039075
alternatives,6a0465dbc4519ab0aa7db764,13,car_racing_05,D,agree,D,False,A,4,True,1,0,0,0.5313911703231169
alternatives,6a2199e15b03d651347b9916,16,graduation_party_06,D,agree,D,True,D,6,True,1,1,1,-0.3691343244229278
alternatives,6a2199e15b03d651347b9916,17,graduation_party_07,D,agree,D,False,B,6,True,1,0,0,0.7017608585183145
alternatives,6a0f047a86b88ad53907a7ca,8,ypc_05,D,agree,A,True,A,6,True,0,0,1,0.3366829552428909
alternatives,6a0f047a86b88ad53907a7ca,10,car_racing_01,D,agree,D,True,D,4,True,1,1,1,-1.7807688837545659
alternatives,6a0f047a86b88ad53907a7ca,11,car_racing_02,B,agree,B,False,C,4,True,1,0,0,1.1885313962188795
alternatives,6a0f047a86b88ad53907a7ca,14,graduation_party_01,B,agree,B,True,B,6,True,1,1,1,-1.5130450880192552
alternatives,6a0f047a86b88ad53907a7ca,15,graduation_party_05,A,agree,A,True,A,4,True,1,1,1,0.14197474016266495
alternatives,6471e0a407b30a4f171dbd35,6,ypc_02,D,agree,D,True,D,2,True,1,1,1,-0.8072278083534364
alternatives,6471e0a407b30a4f171dbd35,9,ypc_06,A,agree,C,False,A,10,True,0,1,0,1.2128699231039075
alternatives,6471e0a407b30a4f171dbd35,10,car_racing_01,D,agree,D,True,D,2,True,1,1,1,-1.7807688837545659
alternatives,6471e0a407b30a4f171dbd35,13,car_racing_05,D,agree,D,False,A,2,True,1,0,0,0.5313911703231169
alternatives,6471e0a407b30a4f171dbd35,14,graduation_party_01,B,agree,B,True,B,2,True,1,1,1,-1.5130450880192552
alternatives,6471e0a407b30a4f171dbd35,15,graduation_party_05,A,agree,A,True,A,2,True,1,1,1,0.14197474016266495
alternatives,6471e0a407b30a4f171dbd35,16,graduation_party_06,B,agree,B,False,D,2,True,1,0,0,-0.3691343244229278
alternatives,6471e0a407b30a4f171dbd35,17,graduation_party_07,B,agree,B,True,B,2,True,1,1,1,0.7017608585183145
alternatives,698b045589588a7dea2bef84,6,ypc_02,D,agree,D,True,D,2,True,1,1,1,-0.8072278083534364
alternatives,698b045589588a7dea2bef84,10,car_racing_01,D,agree,D,True,D,2,True,1,1,1,-1.7807688837545659
alternatives,698b045589588a7dea2bef84,13,car_racing_05,D,agree,D,False,A,6,True,1,0,0,0.5313911703231169
alternatives,698b045589588a7dea2bef84,14,graduation_party_01,B,agree,B,True,B,4,True,1,1,1,-1.5130450880192552
alternatives,698b045589588a7dea2bef84,15,graduation_party_05,A,agree,A,True,A,2,True,1,1,1,0.14197474016266495
alternatives,6a0cd3ed8bba7edfec81cbc8,6,ypc_02,D,agree,D,True,D,2,True,1,1,1,-0.8072278083534364
alternatives,6a0cd3ed8bba7edfec81cbc8,9,ypc_06,D,agree,A,True,A,2,True,0,0,1,1.2128699231039075
alternatives,6a0cd3ed8bba7edfec81cbc8,10,car_racing_01,D,agree,D,True,D,2,True,1,1,1,-1.7807688837545659
alternatives,6a0cd3ed8bba7edfec81cbc8,15,graduation_party_05,D,agree,A,True,A,2,True,0,0,1,0.14197474016266495
alternatives,6a05bed431af49069330ecf5,10,car_racing_01,D,agree,D,True,D,2,True,1,1,1,-1.7807688837545659
alternatives,6a05bed431af49069330ecf5,11,car_racing_02,B,agree,B,False,C,4,True,1,0,0,1.1885313962188795
alternatives,6a05bed431af49069330ecf5,14,graduation_party_01,B,agree,B,True,B,2,True,1,1,1,-1.5130450880192552
alternatives,6a05bed431af49069330ecf5,15,graduation_party_05,A,agree,A,True,A,2,True,1,1,1,0.14197474016266495
alternatives,69f1f9fe2aeb480ab8168d0f,6,ypc_02,D,agree,D,True,D,4,True,1,1,1,-0.8072278083534364
alternatives,69f1f9fe2aeb480ab8168d0f,7,ypc_03,B,agree,B,True,B,2,True,1,1,1,0.847792019828484
alternatives,69f1f9fe2aeb480ab8168d0f,10,car_racing_01,D,agree,D,True,D,4,True,1,1,1,-1.7807688837545659
alternatives,69f1f9fe2aeb480ab8168d0f,12,car_racing_03,D,agree,A,False,B,2,True,0,0,0,-0.49082695884806904
alternatives,69f1f9fe2aeb480ab8168d0f,14,graduation_party_01,B,agree,B,True,B,2,True,1,1,1,-1.5130450880192552
alternatives,69f1f9fe2aeb480ab8168d0f,15,graduation_party_05,D,agree,D,False,A,2,True,1,0,0,0.14197474016266495
alternatives,69f1f9fe2aeb480ab8168d0f,17,graduation_party_07,D,agree,D,False,B,2,True,1,0,0,0.7017608585183145
alternatives,6a06f5c82ef7206c2ae0a838,6,ypc_02,D,agree,D,True,D,2,True,1,1,1,-0.8072278083534364
alternatives,6a06f5c82ef7206c2ae0a838,8,ypc_05,D,agree,D,False,A,2,True,1,0,0,0.3366829552428909
alternatives,6a06f5c82ef7206c2ae0a838,11,car_racing_02,B,agree,B,False,C,2,True,1,0,0,1.1885313962188795
alternatives,6a06f5c82ef7206c2ae0a838,13,car_racing_05,C,agree,C,False,A,2,True,1,0,0,0.5313911703231169
alternatives,6a06f5c82ef7206c2ae0a838,14,graduation_party_01,B,agree,B,True,B,2,True,1,1,1,-1.5130450880192552
alternatives,6a06f5c82ef7206c2ae0a838,16,graduation_party_06,D,agree,D,True,D,2,True,1,1,1,-0.3691343244229278
alternatives,66a208fff5715f2926f70289,6,ypc_02,D,agree,D,True,D,6,True,1,1,1,-0.8072278083534364
alternatives,66a208fff5715f2926f70289,7,ypc_03,C,agree,C,False,B,4,True,1,0,0,0.847792019828484
alternatives,66a208fff5715f2926f70289,8,ypc_05,D,agree,D,False,A,6,True,1,0,0,0.3366829552428909
alternatives,66a208fff5715f2926f70289,9,ypc_06,D,agree,D,False,A,2,True,1,0,0,1.2128699231039075
alternatives,66a208fff5715f2926f70289,10,car_racing_01,D,agree,D,True,D,2,True,1,1,1,-1.7807688837545659
alternatives,66a208fff5715f2926f70289,11,car_racing_02,B,agree,B,False,C,2,True,1,0,0,1.1885313962188795
alternatives,66a208fff5715f2926f70289,12,car_racing_03,D,agree,D,False,B,2,True,1,0,0,-0.49082695884806904
alternatives,66a208fff5715f2926f70289,14,graduation_party_01,B,agree,B,True,B,2,True,1,1,1,-1.5130450880192552
alternatives,66a208fff5715f2926f70289,15,graduation_party_05,D,agree,D,False,A,2,True,1,0,0,0.14197474016266495
alternatives,66a208fff5715f2926f70289,16,graduation_party_06,B,agree,B,False,D,4,True,1,0,0,-0.3691343244229278
alternatives,66a208fff5715f2926f70289,17,graduation_party_07,D,agree,D,False,B,4,True,1,0,0,0.7017608585183145
alternatives,6647553d43a5c4dd9a129193,8,ypc_05,D,agree,D,False,A,2,True,1,0,0,0.3366829552428909
alternatives,6647553d43a5c4dd9a129193,9,ypc_06,A,agree,A,True,A,4,True,1,1,1,1.2128699231039075
alternatives,6647553d43a5c4dd9a129193,10,car_racing_01,A,agree,D,True,D,2,True,0,0,1,-1.7807688837545659
alternatives,6647553d43a5c4dd9a129193,12,car_racing_03,C,agree,B,True,B,2,True,0,0,1,-0.49082695884806904
alternatives,6647553d43a5c4dd9a129193,15,graduation_party_05,D,agree,D,False,A,2,True,1,0,0,0.14197474016266495
alternatives,6647553d43a5c4dd9a129193,16,graduation_party_06,D,agree,D,True,D,4,True,1,1,1,-0.3691343244229278
alternatives,69fe15dbdae228494b7e163c,8,ypc_05,D,agree,D,False,A,2,True,1,0,0,0.3366829552428909
alternatives,69fe15dbdae228494b7e163c,10,car_racing_01,D,agree,D,True,D,2,True,1,1,1,-1.7807688837545659
alternatives,69fe15dbdae228494b7e163c,12,car_racing_03,B,agree,B,True,B,2,True,1,1,1,-0.49082695884806904
alternatives,69fe15dbdae228494b7e163c,14,graduation_party_01,B,agree,B,True,B,4,True,1,1,1,-1.5130450880192552
alternatives,69fe15dbdae228494b7e163c,17,graduation_party_07,D,agree,D,False,B,2,True,1,0,0,0.7017608585183145
alternatives,5a9012adf053610001718912,9,ypc_06,D,agree,D,False,A,4,True,1,0,0,1.2128699231039075
alternatives,5a9012adf053610001718912,10,car_racing_01,D,agree,D,True,D,6,True,1,1,1,-1.7807688837545659
alternatives,5a9012adf053610001718912,14,graduation_party_01,B,agree,B,True,B,2,True,1,1,1,-1.5130450880192552
alternatives,5a9012adf053610001718912,15,graduation_party_05,B,agree,B,False,A,2,True,1,0,0,0.14197474016266495
alternatives,6a019609213326e427f7e358,6,ypc_02,D,agree,D,True,D,4,True,1,1,1,-0.8072278083534364
alternatives,6a019609213326e427f7e358,8,ypc_05,A,agree,A,True,A,2,True,1,1,1,0.3366829552428909
alternatives,6a019609213326e427f7e358,10,car_racing_01,D,agree,D,True,D,2,True,1,1,1,-1.7807688837545659
alternatives,6a019609213326e427f7e358,12,car_racing_03,D,agree,D,False,B,2,True,1,0,0,-0.49082695884806904
alternatives,6a019609213326e427f7e358,14,graduation_party_01,B,agree,B,True,B,2,True,1,1,1,-1.5130450880192552
alternatives,6a019609213326e427f7e358,15,graduation_party_05,D,agree,D,False,A,2,True,1,0,0,0.14197474016266495
alternatives,54f5a98cfdf99b2e7ccaeb91,7,ypc_03,A,agree,A,False,B,4,True,1,0,0,0.847792019828484
alternatives,54f5a98cfdf99b2e7ccaeb91,8,ypc_05,A,agree,A,True,A,4,True,1,1,1,0.3366829552428909
alternatives,54f5a98cfdf99b2e7ccaeb91,9,ypc_06,D,agree,D,False,A,8,True,1,0,0,1.2128699231039075
alternatives,54f5a98cfdf99b2e7ccaeb91,10,car_racing_01,D,agree,D,True,D,2,True,1,1,1,-1.7807688837545659
alternatives,54f5a98cfdf99b2e7ccaeb91,11,car_racing_02,B,agree,B,False,C,6,True,1,0,0,1.1885313962188795
alternatives,54f5a98cfdf99b2e7ccaeb91,13,car_racing_05,A,agree,A,True,A,2,True,1,1,1,0.5313911703231169
alternatives,54f5a98cfdf99b2e7ccaeb91,14,graduation_party_01,B,agree,B,True,B,2,True,1,1,1,-1.5130450880192552
alternatives,54f5a98cfdf99b2e7ccaeb91,17,graduation_party_07,D,agree,D,False,B,2,True,1,0,0,0.7017608585183145
alternatives,6a194d2c84c40cb2a1a0e06a,6,ypc_02,A,agree,A,False,D,6,True,1,0,0,-0.8072278083534364
alternatives,6a194d2c84c40cb2a1a0e06a,7,ypc_03,A,agree,A,False,B,4,True,1,0,0,0.847792019828484
alternatives,6a194d2c84c40cb2a1a0e06a,8,ypc_05,D,agree,D,False,A,4,True,1,0,0,0.3366829552428909
alternatives,6a194d2c84c40cb2a1a0e06a,9,ypc_06,D,agree,D,False,A,12,True,1,0,0,1.2128699231039075
alternatives,6a194d2c84c40cb2a1a0e06a,10,car_racing_01,D,agree,D,True,D,4,True,1,1,1,-1.7807688837545659
alternatives,6a194d2c84c40cb2a1a0e06a,11,car_racing_02,D,agree,D,False,C,6,True,1,0,0,1.1885313962188795
alternatives,6a194d2c84c40cb2a1a0e06a,13,car_racing_05,A,agree,A,True,A,4,True,1,1,1,0.5313911703231169
alternatives,6a194d2c84c40cb2a1a0e06a,14,graduation_party_01,B,agree,B,True,B,6,True,1,1,1,-1.5130450880192552
alternatives,6a194d2c84c40cb2a1a0e06a,15,graduation_party_05,A,agree,A,True,A,6,True,1,1,1,0.14197474016266495
alternatives,6a194d2c84c40cb2a1a0e06a,16,graduation_party_06,D,agree,D,True,D,6,True,1,1,1,-0.3691343244229278
alternatives,6a194d2c84c40cb2a1a0e06a,17,graduation_party_07,D,agree,D,False,B,6,True,1,0,0,0.7017608585183145
alternatives,63d141f040c855b7fb494d13,7,ypc_03,A,agree,A,False,B,4,True,1,0,0,0.847792019828484
alternatives,63d141f040c855b7fb494d13,8,ypc_05,D,agree,D,False,A,6,True,1,0,0,0.3366829552428909
alternatives,63d141f040c855b7fb494d13,10,car_racing_01,D,agree,D,True,D,4,True,1,1,1,-1.7807688837545659
alternatives,63d141f040c855b7fb494d13,11,car_racing_02,B,agree,A,False,C,4,True,0,0,0,1.1885313962188795
alternatives,63d141f040c855b7fb494d13,13,car_racing_05,D,agree,D,False,A,6,True,1,0,0,0.5313911703231169
alternatives,63d141f040c855b7fb494d13,15,graduation_party_05,A,agree,A,True,A,4,True,1,1,1,0.14197474016266495
alternatives,63d141f040c855b7fb494d13,16,graduation_party_06,D,agree,D,True,D,6,True,1,1,1,-0.3691343244229278
alternatives,63d141f040c855b7fb494d13,17,graduation_party_07,B,agree,B,True,B,2,True,1,1,1,0.7017608585183145
alternatives,675ab3f6c12c9e3fd27046b3,6,ypc_02,D,agree,D,True,D,2,True,1,1,1,-0.8072278083534364
alternatives,675ab3f6c12c9e3fd27046b3,7,ypc_03,A,agree,A,False,B,2,True,1,0,0,0.847792019828484
alternatives,675ab3f6c12c9e3fd27046b3,8,ypc_05,D,agree,D,False,A,4,True,1,0,0,0.3366829552428909
alternatives,675ab3f6c12c9e3fd27046b3,9,ypc_06,B,agree,B,False,A,2,True,1,0,0,1.2128699231039075
alternatives,675ab3f6c12c9e3fd27046b3,14,graduation_party_01,B,agree,B,True,B,2,True,1,1,1,-1.5130450880192552
alternatives,675ab3f6c12c9e3fd27046b3,15,graduation_party_05,D,agree,D,False,A,4,True,1,0,0,0.14197474016266495
alternatives,675ab3f6c12c9e3fd27046b3,16,graduation_party_06,D,agree,D,True,D,2,True,1,1,1,-0.3691343244229278
alternatives,675ab3f6c12c9e3fd27046b3,17,graduation_party_07,D,agree,D,False,B,2,True,1,0,0,0.7017608585183145
alternatives,6a21be8a98a32ca1859a6003,6,ypc_02,D,agree,D,True,D,2,True,1,1,1,-0.8072278083534364
alternatives,6a21be8a98a32ca1859a6003,9,ypc_06,A,agree,A,True,A,2,True,1,1,1,1.2128699231039075
alternatives,6a21be8a98a32ca1859a6003,14,graduation_party_01,B,agree,B,True,B,2,True,1,1,1,-1.5130450880192552
alternatives,6a21be8a98a32ca1859a6003,16,graduation_party_06,D,agree,D,True,D,2,True,1,1,1,-0.3691343244229278
alternatives,697a53e8b315729705307e4b,6,ypc_02,D,agree,D,True,D,2,True,1,1,1,-0.8072278083534364
alternatives,697a53e8b315729705307e4b,9,ypc_06,B,agree,B,False,A,2,True,1,0,0,1.2128699231039075
alternatives,697a53e8b315729705307e4b,10,car_racing_01,D,agree,D,True,D,2,True,1,1,1,-1.7807688837545659
alternatives,697a53e8b315729705307e4b,11,car_racing_02,B,agree,B,False,C,2,True,1,0,0,1.1885313962188795
alternatives,697a53e8b315729705307e4b,12,car_racing_03,B,agree,B,True,B,2,True,1,1,1,-0.49082695884806904
alternatives,697a53e8b315729705307e4b,14,graduation_party_01,C,agree,C,False,B,2,True,1,0,0,-1.5130450880192552
alternatives,697a53e8b315729705307e4b,16,graduation_party_06,A,agree,A,False,D,2,True,1,0,0,-0.3691343244229278
alternatives,6a0493b0ba30180995ebd884,6,ypc_02,D,agree,D,True,D,2,True,1,1,1,-0.8072278083534364
alternatives,6a0493b0ba30180995ebd884,8,ypc_05,A,agree,A,True,A,2,True,1,1,1,0.3366829552428909
alternatives,6a0493b0ba30180995ebd884,11,car_racing_02,B,agree,B,False,C,4,True,1,0,0,1.1885313962188795
alternatives,6a0493b0ba30180995ebd884,15,graduation_party_05,D,agree,D,False,A,2,True,1,0,0,0.14197474016266495
alternatives,6a0493b0ba30180995ebd884,16,graduation_party_06,B,agree,B,False,D,2,True,1,0,0,-0.3691343244229278
alternatives,5e3ddcf95556b204cb143eab,6,ypc_02,D,agree,D,True,D,2,True,1,1,1,-0.8072278083534364
alternatives,5e3ddcf95556b204cb143eab,10,car_racing_01,D,agree,D,True,D,6,True,1,1,1,-1.7807688837545659
alternatives,5e3ddcf95556b204cb143eab,12,car_racing_03,B,agree,B,True,B,6,True,1,1,1,-0.49082695884806904
alternatives,66b90adf88e86b0a5e479b30,8,ypc_05,D,agree,D,False,A,4,True,1,0,0,0.3366829552428909
alternatives,66b90adf88e86b0a5e479b30,10,car_racing_01,D,agree,D,True,D,2,True,1,1,1,-1.7807688837545659
alternatives,66b90adf88e86b0a5e479b30,11,car_racing_02,B,agree,B,False,C,4,True,1,0,0,1.1885313962188795
alternatives,66b90adf88e86b0a5e479b30,12,car_racing_03,B,agree,B,True,B,2,True,1,1,1,-0.49082695884806904
alternatives,66b90adf88e86b0a5e479b30,16,graduation_party_06,B,agree,B,False,D,4,True,1,0,0,-0.3691343244229278
alternatives,66b90adf88e86b0a5e479b30,17,graduation_party_07,D,agree,D,False,B,4,True,1,0,0,0.7017608585183145
alternatives,59d3ef2c078dbe000195117f,6,ypc_02,D,agree,D,True,D,6,True,1,1,1,-0.8072278083534364
alternatives,59d3ef2c078dbe000195117f,9,ypc_06,D,agree,D,False,A,10,True,1,0,0,1.2128699231039075
alternatives,59d3ef2c078dbe000195117f,10,car_racing_01,D,agree,D,True,D,12,True,1,1,1,-1.7807688837545659
alternatives,59d3ef2c078dbe000195117f,11,car_racing_02,C,agree,C,True,C,10,True,1,1,1,1.1885313962188795
alternatives,59d3ef2c078dbe000195117f,14,graduation_party_01,B,agree,B,True,B,6,True,1,1,1,-1.5130450880192552
alternatives,59d3ef2c078dbe000195117f,16,graduation_party_06,D,agree,D,True,D,4,True,1,1,1,-0.3691343244229278
alternatives,6a082966a088c3426743f4bf,6,ypc_02,D,agree,D,True,D,10,True,1,1,1,-0.8072278083534364
alternatives,6a082966a088c3426743f4bf,8,ypc_05,D,agree,D,False,A,2,True,1,0,0,0.3366829552428909
alternatives,6a082966a088c3426743f4bf,10,car_racing_01,D,agree,D,True,D,2,True,1,1,1,-1.7807688837545659
alternatives,6a082966a088c3426743f4bf,12,car_racing_03,B,agree,B,True,B,10,True,1,1,1,-0.49082695884806904
alternatives,6a082966a088c3426743f4bf,13,car_racing_05,A,agree,A,True,A,2,True,1,1,1,0.5313911703231169
alternatives,6a082966a088c3426743f4bf,14,graduation_party_01,B,agree,B,True,B,6,True,1,1,1,-1.5130450880192552
alternatives,6a082966a088c3426743f4bf,16,graduation_party_06,D,agree,D,True,D,2,True,1,1,1,-0.3691343244229278
alternatives,601ecf037d641438c0840330,6,ypc_02,D,agree,D,True,D,2,True,1,1,1,-0.8072278083534364
alternatives,601ecf037d641438c0840330,10,car_racing_01,D,agree,D,True,D,6,True,1,1,1,-1.7807688837545659
alternatives,601ecf037d641438c0840330,11,car_racing_02,B,agree,B,False,C,14,True,1,0,0,1.1885313962188795
alternatives,601ecf037d641438c0840330,12,car_racing_03,B,agree,B,True,B,12,True,1,1,1,-0.49082695884806904
alternatives,6a08ca5af96ffba2293ddd28,6,ypc_02,D,agree,D,True,D,2,True,1,1,1,-0.8072278083534364
alternatives,6a08ca5af96ffba2293ddd28,8,ypc_05,D,agree,D,False,A,2,True,1,0,0,0.3366829552428909
alternatives,6a08ca5af96ffba2293ddd28,10,car_racing_01,D,agree,D,True,D,2,True,1,1,1,-1.7807688837545659
alternatives,6a08ca5af96ffba2293ddd28,14,graduation_party_01,B,agree,B,True,B,2,True,1,1,1,-1.5130450880192552
alternatives,6a08ca5af96ffba2293ddd28,15,graduation_party_05,D,agree,D,False,A,2,True,1,0,0,0.14197474016266495
alternatives,6a02fc7306ae51f3107c53d0,6,ypc_02,D,agree,D,True,D,2,True,1,1,1,-0.8072278083534364
alternatives,6a02fc7306ae51f3107c53d0,13,car_racing_05,A,agree,A,True,A,2,True,1,1,1,0.5313911703231169
alternatives,6a02fc7306ae51f3107c53d0,14,graduation_party_01,B,agree,B,True,B,2,True,1,1,1,-1.5130450880192552
alternatives,6a02fc7306ae51f3107c53d0,16,graduation_party_06,D,agree,D,True,D,2,True,1,1,1,-0.3691343244229278
alternatives,6a02fc7306ae51f3107c53d0,17,graduation_party_07,D,agree,D,False,B,2,True,1,0,0,0.7017608585183145
alternatives,6978c4474a942ca6d266d49b,6,ypc_02,D,agree,D,True,D,2,True,1,1,1,-0.8072278083534364
alternatives,6978c4474a942ca6d266d49b,7,ypc_03,B,agree,B,True,B,4,True,1,1,1,0.847792019828484
alternatives,6978c4474a942ca6d266d49b,10,car_racing_01,D,agree,D,True,D,2,True,1,1,1,-1.7807688837545659
alternatives,6978c4474a942ca6d266d49b,11,car_racing_02,B,agree,B,False,C,2,True,1,0,0,1.1885313962188795
alternatives,6978c4474a942ca6d266d49b,14,graduation_party_01,B,agree,B,True,B,4,True,1,1,1,-1.5130450880192552
alternatives,6978c4474a942ca6d266d49b,15,graduation_party_05,A,agree,A,True,A,2,True,1,1,1,0.14197474016266495
alternatives,6978c4474a942ca6d266d49b,16,graduation_party_06,B,agree,B,False,D,6,True,1,0,0,-0.3691343244229278
alternatives,6978c4474a942ca6d266d49b,17,graduation_party_07,D,agree,D,False,B,2,True,1,0,0,0.7017608585183145
alternatives,60ff109e2a8d5d4b4a835630,10,car_racing_01,D,agree,D,True,D,2,True,1,1,1,-1.7807688837545659
alternatives,60ff109e2a8d5d4b4a835630,11,car_racing_02,B,agree,B,False,C,4,True,1,0,0,1.1885313962188795
alternatives,60ff109e2a8d5d4b4a835630,12,car_racing_03,D,agree,D,False,B,2,True,1,0,0,-0.49082695884806904
alternatives,60ff109e2a8d5d4b4a835630,15,graduation_party_05,A,agree,A,True,A,2,True,1,1,1,0.14197474016266495
alternatives,60ff109e2a8d5d4b4a835630,16,graduation_party_06,D,agree,D,True,D,2,True,1,1,1,-0.3691343244229278
alternatives,60ff109e2a8d5d4b4a835630,17,graduation_party_07,D,agree,D,False,B,4,True,1,0,0,0.7017608585183145
alternatives,5c99d104490924000111bfcc,6,ypc_02,D,agree,D,True,D,4,True,1,1,1,-0.8072278083534364
alternatives,5c99d104490924000111bfcc,7,ypc_03,A,agree,A,False,B,2,True,1,0,0,0.847792019828484
alternatives,5c99d104490924000111bfcc,9,ypc_06,D,agree,B,False,A,6,True,0,0,0,1.2128699231039075
alternatives,5c99d104490924000111bfcc,10,car_racing_01,D,agree,D,True,D,6,True,1,1,1,-1.7807688837545659
alternatives,5c99d104490924000111bfcc,11,car_racing_02,B,agree,B,False,C,2,True,1,0,0,1.1885313962188795
alternatives,5c99d104490924000111bfcc,12,car_racing_03,B,agree,B,True,B,4,True,1,1,1,-0.49082695884806904
alternatives,5c99d104490924000111bfcc,13,car_racing_05,B,agree,B,False,A,4,True,1,0,0,0.5313911703231169
alternatives,5c99d104490924000111bfcc,14,graduation_party_01,B,agree,B,True,B,4,True,1,1,1,-1.5130450880192552
alternatives,5c99d104490924000111bfcc,16,graduation_party_06,B,agree,B,False,D,2,True,1,0,0,-0.3691343244229278
alternatives,5c99d104490924000111bfcc,17,graduation_party_07,B,agree,B,True,B,4,True,1,1,1,0.7017608585183145
alternatives,69f4bd1e41af27997a51769e,14,graduation_party_01,B,agree,B,True,B,4,True,1,1,1,-1.5130450880192552
alternatives,6a22345db1c9fc990edae263,6,ypc_02,D,agree,D,True,D,2,True,1,1,1,-0.8072278083534364
alternatives,6a22345db1c9fc990edae263,7,ypc_03,A,agree,A,False,B,6,True,1,0,0,0.847792019828484
alternatives,6a22345db1c9fc990edae263,10,car_racing_01,D,agree,D,True,D,2,True,1,1,1,-1.7807688837545659
alternatives,6a22345db1c9fc990edae263,16,graduation_party_06,D,agree,D,True,D,2,True,1,1,1,-0.3691343244229278
alternatives,6a22345db1c9fc990edae263,17,graduation_party_07,D,agree,D,False,B,2,True,1,0,0,0.7017608585183145
alternatives,6a1ef1f4184a5f8238904bf4,9,ypc_06,B,agree,B,False,A,2,True,1,0,0,1.2128699231039075
alternatives,6a1ef1f4184a5f8238904bf4,10,car_racing_01,D,agree,D,True,D,2,True,1,1,1,-1.7807688837545659
alternatives,6a1ef1f4184a5f8238904bf4,11,car_racing_02,B,agree,B,False,C,2,True,1,0,0,1.1885313962188795
alternatives,6a1ef1f4184a5f8238904bf4,14,graduation_party_01,B,agree,B,True,B,2,True,1,1,1,-1.5130450880192552
alternatives,6a1ef1f4184a5f8238904bf4,15,graduation_party_05,D,agree,D,False,A,4,True,1,0,0,0.14197474016266495
alternatives,697cbad7849402bb0a689ecc,6,ypc_02,D,agree,D,True,D,2,True,1,1,1,-0.8072278083534364
alternatives,697cbad7849402bb0a689ecc,7,ypc_03,D,agree,D,False,B,2,True,1,0,0,0.847792019828484
alternatives,697cbad7849402bb0a689ecc,8,ypc_05,D,agree,D,False,A,4,True,1,0,0,0.3366829552428909
alternatives,697cbad7849402bb0a689ecc,10,car_racing_01,D,agree,D,True,D,2,True,1,1,1,-1.7807688837545659
alternatives,697cbad7849402bb0a689ecc,11,car_racing_02,B,agree,B,False,C,2,True,1,0,0,1.1885313962188795
alternatives,697cbad7849402bb0a689ecc,13,car_racing_05,D,agree,D,False,A,4,True,1,0,0,0.5313911703231169
alternatives,697cbad7849402bb0a689ecc,14,graduation_party_01,B,agree,B,True,B,2,True,1,1,1,-1.5130450880192552
alternatives,697cbad7849402bb0a689ecc,16,graduation_party_06,D,agree,D,True,D,4,True,1,1,1,-0.3691343244229278
alternatives,697cbad7849402bb0a689ecc,17,graduation_party_07,D,agree,D,False,B,2,True,1,0,0,0.7017608585183145
alternatives,6a04aecf042ae05708c21c53,6,ypc_02,D,agree,D,True,D,4,True,1,1,1,-0.8072278083534364
alternatives,6a04aecf042ae05708c21c53,8,ypc_05,A,agree,A,True,A,2,True,1,1,1,0.3366829552428909
alternatives,6a04aecf042ae05708c21c53,9,ypc_06,D,agree,D,False,A,2,True,1,0,0,1.2128699231039075
alternatives,6a04aecf042ae05708c21c53,10,car_racing_01,D,agree,D,True,D,2,True,1,1,1,-1.7807688837545659
alternatives,6a04aecf042ae05708c21c53,13,car_racing_05,A,agree,A,True,A,2,True,1,1,1,0.5313911703231169
alternatives,6a04aecf042ae05708c21c53,14,graduation_party_01,B,agree,B,True,B,6,True,1,1,1,-1.5130450880192552
alternatives,6a04aecf042ae05708c21c53,17,graduation_party_07,B,agree,B,True,B,4,True,1,1,1,0.7017608585183145
alternatives,5f666a0ad2f324242a45da71,6,ypc_02,D,agree,D,True,D,2,True,1,1,1,-0.8072278083534364
alternatives,5f666a0ad2f324242a45da71,8,ypc_05,D,agree,D,False,A,8,True,1,0,0,0.3366829552428909
alternatives,5f666a0ad2f324242a45da71,9,ypc_06,B,agree,B,False,A,4,True,1,0,0,1.2128699231039075
alternatives,5f666a0ad2f324242a45da71,10,car_racing_01,D,agree,D,True,D,6,True,1,1,1,-1.7807688837545659
alternatives,5f666a0ad2f324242a45da71,12,car_racing_03,B,agree,B,True,B,4,True,1,1,1,-0.49082695884806904
alternatives,5f666a0ad2f324242a45da71,13,car_racing_05,A,agree,A,True,A,4,True,1,1,1,0.5313911703231169
alternatives,5f666a0ad2f324242a45da71,14,graduation_party_01,B,agree,B,True,B,2,True,1,1,1,-1.5130450880192552
alternatives,5f666a0ad2f324242a45da71,15,graduation_party_05,A,agree,A,True,A,2,True,1,1,1,0.14197474016266495
alternatives,5f666a0ad2f324242a45da71,16,graduation_party_06,D,agree,D,True,D,4,True,1,1,1,-0.3691343244229278
alternatives,5f666a0ad2f324242a45da71,17,graduation_party_07,A,agree,A,False,B,2,True,1,0,0,0.7017608585183145
alternatives,6a1b7343b85414aa422d78b9,10,car_racing_01,D,agree,D,True,D,2,True,1,1,1,-1.7807688837545659
alternatives,6a1b7343b85414aa422d78b9,11,car_racing_02,B,agree,A,False,C,2,True,0,0,0,1.1885313962188795
alternatives,6a1b7343b85414aa422d78b9,14,graduation_party_01,B,agree,B,True,B,2,True,1,1,1,-1.5130450880192552
alternatives,6a1b7343b85414aa422d78b9,15,graduation_party_05,D,agree,D,False,A,2,True,1,0,0,0.14197474016266495
alternatives,69e76b18f44ae52b6f83185f,6,ypc_02,D,agree,D,True,D,6,True,1,1,1,-0.8072278083534364
alternatives,69e76b18f44ae52b6f83185f,7,ypc_03,A,agree,A,False,B,4,True,1,0,0,0.847792019828484
alternatives,69e76b18f44ae52b6f83185f,8,ypc_05,A,agree,A,True,A,2,True,1,1,1,0.3366829552428909
alternatives,69e76b18f44ae52b6f83185f,10,car_racing_01,D,agree,D,True,D,4,True,1,1,1,-1.7807688837545659
alternatives,69e76b18f44ae52b6f83185f,11,car_racing_02,B,agree,B,False,C,4,True,1,0,0,1.1885313962188795
alternatives,69e76b18f44ae52b6f83185f,12,car_racing_03,D,agree,D,False,B,4,True,1,0,0,-0.49082695884806904
alternatives,69e76b18f44ae52b6f83185f,13,car_racing_05,A,agree,A,True,A,2,True,1,1,1,0.5313911703231169
alternatives,69e76b18f44ae52b6f83185f,14,graduation_party_01,B,agree,B,True,B,4,True,1,1,1,-1.5130450880192552
alternatives,69e76b18f44ae52b6f83185f,15,graduation_party_05,D,agree,D,False,A,2,True,1,0,0,0.14197474016266495
alternatives,69e76b18f44ae52b6f83185f,16,graduation_party_06,D,agree,D,True,D,2,True,1,1,1,-0.3691343244229278
alternatives,69e76b18f44ae52b6f83185f,17,graduation_party_07,C,agree,C,False,B,6,True,1,0,0,0.7017608585183145
alternatives,6a04b80e14874cdbefac323f,7,ypc_03,D,agree,D,False,B,2,True,1,0,0,0.847792019828484
alternatives,6a04b80e14874cdbefac323f,10,car_racing_01,D,agree,D,True,D,2,True,1,1,1,-1.7807688837545659
alternatives,6a04b80e14874cdbefac323f,17,graduation_party_07,A,agree,A,False,B,2,True,1,0,0,0.7017608585183145
alternatives,5a0c4184fe645f0001e9f5dd,8,ypc_05,D,agree,D,False,A,4,True,1,0,0,0.3366829552428909
alternatives,5a0c4184fe645f0001e9f5dd,10,car_racing_01,D,agree,D,True,D,4,True,1,1,1,-1.7807688837545659
alternatives,5a0c4184fe645f0001e9f5dd,11,car_racing_02,B,agree,B,False,C,6,True,1,0,0,1.1885313962188795
alternatives,5a0c4184fe645f0001e9f5dd,12,car_racing_03,D,agree,D,False,B,6,True,1,0,0,-0.49082695884806904
alternatives,5a0c4184fe645f0001e9f5dd,13,car_racing_05,D,agree,D,False,A,12,True,1,0,0,0.5313911703231169
alternatives,5a0c4184fe645f0001e9f5dd,14,graduation_party_01,B,agree,B,True,B,14,True,1,1,1,-1.5130450880192552
alternatives,5a0c4184fe645f0001e9f5dd,15,graduation_party_05,D,agree,D,False,A,8,True,1,0,0,0.14197474016266495
alternatives,5a0c4184fe645f0001e9f5dd,17,graduation_party_07,D,agree,D,False,B,4,True,1,0,0,0.7017608585183145
alternatives,6a44271bdfffd689f0762d81,6,ypc_02,D,agree,D,True,D,2,True,1,1,1,-0.8072278083534364
alternatives,6a44271bdfffd689f0762d81,7,ypc_03,D,agree,D,False,B,4,True,1,0,0,0.847792019828484
alternatives,6a44271bdfffd689f0762d81,8,ypc_05,D,agree,D,False,A,2,True,1,0,0,0.3366829552428909
alternatives,6a44271bdfffd689f0762d81,9,ypc_06,D,agree,D,False,A,2,True,1,0,0,1.2128699231039075
alternatives,6a44271bdfffd689f0762d81,10,car_racing_01,D,agree,D,True,D,2,True,1,1,1,-1.7807688837545659
alternatives,6a44271bdfffd689f0762d81,12,car_racing_03,D,agree,D,False,B,4,True,1,0,0,-0.49082695884806904
alternatives,6a44271bdfffd689f0762d81,14,graduation_party_01,B,agree,B,True,B,2,True,1,1,1,-1.5130450880192552
alternatives,6a44271bdfffd689f0762d81,15,graduation_party_05,A,agree,A,True,A,2,True,1,1,1,0.14197474016266495
alternatives,6a44271bdfffd689f0762d81,16,graduation_party_06,D,agree,D,True,D,4,True,1,1,1,-0.3691343244229278
alternatives,6a44271bdfffd689f0762d81,17,graduation_party_07,D,agree,D,False,B,2,True,1,0,0,0.7017608585183145
alternatives,69f4a61347ac4d6e32a619d1,6,ypc_02,D,agree,D,True,D,14,True,1,1,1,-0.8072278083534364
alternatives,69f4a61347ac4d6e32a619d1,8,ypc_05,D,agree,D,False,A,4,True,1,0,0,0.3366829552428909
alternatives,69f4a61347ac4d6e32a619d1,10,car_racing_01,D,agree,D,True,D,2,True,1,1,1,-1.7807688837545659
alternatives,69f4a61347ac4d6e32a619d1,13,car_racing_05,D,agree,D,False,A,2,True,1,0,0,0.5313911703231169
alternatives,69f4a61347ac4d6e32a619d1,14,graduation_party_01,B,agree,B,True,B,2,True,1,1,1,-1.5130450880192552
alternatives,69f4a61347ac4d6e32a619d1,15,graduation_party_05,D,agree,D,False,A,6,True,1,0,0,0.14197474016266495
alternatives,69f4a61347ac4d6e32a619d1,16,graduation_party_06,D,agree,D,True,D,2,True,1,1,1,-0.3691343244229278
alternatives,69f4a61347ac4d6e32a619d1,17,graduation_party_07,D,agree,D,False,B,8,True,1,0,0,0.7017608585183145
alternatives,6a0480ac461e8896e84534e2,7,ypc_03,C,agree,C,False,B,6,True,1,0,0,0.847792019828484
alternatives,6a0480ac461e8896e84534e2,15,graduation_party_05,D,agree,D,False,A,6,True,1,0,0,0.14197474016266495
alternatives,6a0480ac461e8896e84534e2,17,graduation_party_07,A,agree,A,False,B,4,True,1,0,0,0.7017608585183145
pause-points,6a1fd86b35130b24ecb78cbb,7,ypc_03,D,combined,D,False,B,3,True,1,0,0,0.847792019828484
pause-points,6a1fd86b35130b24ecb78cbb,9,ypc_06,D,full,D,False,A,3,True,1,0,0,1.2128699231039075
pause-points,6a099929b303063f931ed8c6,10,car_racing_01,D,full,D,True,D,4,True,1,1,1,-1.7807688837545659
pause-points,6a099929b303063f931ed8c6,11,car_racing_02,C,full,C,True,C,5,True,1,1,1,1.1885313962188795
pause-points,6a099929b303063f931ed8c6,12,car_racing_03,B,combined,B,True,B,4,True,1,1,1,-0.49082695884806904
pause-points,6a099929b303063f931ed8c6,13,car_racing_05,A,full,A,True,A,5,True,1,1,1,0.5313911703231169
pause-points,6a099929b303063f931ed8c6,15,graduation_party_05,A,full,A,True,A,5,True,1,1,1,0.14197474016266495
pause-points,6a099929b303063f931ed8c6,16,graduation_party_06,D,full,D,True,D,4,True,1,1,1,-0.3691343244229278
pause-points,6a099929b303063f931ed8c6,17,graduation_party_07,D,full,D,False,B,5,True,1,0,0,0.7017608585183145
pause-points,6112937a54e78094098725fe,7,ypc_03,A,full,A,False,B,3,True,1,0,0,0.847792019828484
pause-points,6112937a54e78094098725fe,8,ypc_05,C,full,C,False,A,2,True,1,0,0,0.3366829552428909
pause-points,6112937a54e78094098725fe,11,car_racing_02,D,combined,C,True,C,3,True,0,0,1,1.1885313962188795
pause-points,59e721e0ac0af70001b36a13,6,ypc_02,D,full,D,True,D,1,True,1,1,1,-0.8072278083534364
pause-points,59e721e0ac0af70001b36a13,9,ypc_06,D,full,D,False,A,1,True,1,0,0,1.2128699231039075
pause-points,69efbf25ced2d080cad5a7ca,6,ypc_02,A,full,A,False,D,1,True,1,0,0,-0.8072278083534364
pause-points,6a7a1385268c61376472e418,6,ypc_02,A,combined,A,False,D,2,True,1,0,0,-0.8072278083534364
pause-points,6a7a1385268c61376472e418,7,ypc_03,D,combined,D,False,B,2,True,1,0,0,0.847792019828484
pause-points,6a7a1385268c61376472e418,16,graduation_party_06,D,full,D,True,D,7,True,1,1,1,-0.3691343244229278
pause-points,5bf54dd783653500016776ec,6,ypc_02,D,full,D,True,D,6,True,1,1,1,-0.8072278083534364
pause-points,5bf54dd783653500016776ec,7,ypc_03,D,full,D,False,B,4,True,1,0,0,0.847792019828484
pause-points,5bf54dd783653500016776ec,8,ypc_05,D,full,D,False,A,4,True,1,0,0,0.3366829552428909
pause-points,5bf54dd783653500016776ec,9,ypc_06,D,full,D,False,A,4,True,1,0,0,1.2128699231039075
pause-points,5bf54dd783653500016776ec,10,car_racing_01,D,full,D,True,D,3,True,1,1,1,-1.7807688837545659
pause-points,5bf54dd783653500016776ec,12,car_racing_03,B,full,B,True,B,3,True,1,1,1,-0.49082695884806904
pause-points,5bf54dd783653500016776ec,13,car_racing_05,D,full,D,False,A,7,True,1,0,0,0.5313911703231169
pause-points,5bf54dd783653500016776ec,14,graduation_party_01,B,full,B,True,B,5,True,1,1,1,-1.5130450880192552
pause-points,5bf54dd783653500016776ec,15,graduation_party_05,D,full,D,False,A,3,True,1,0,0,0.14197474016266495
pause-points,5bf54dd783653500016776ec,16,graduation_party_06,B,full,B,False,D,4,True,1,0,0,-0.3691343244229278
pause-points,5bf54dd783653500016776ec,17,graduation_party_07,B,full,B,True,B,6,True,1,1,1,0.7017608585183145
pause-points,66b5172c8f0bd3b23ce66c22,6,ypc_02,B,full,D,True,D,7,True,0,0,1,-0.8072278083534364
pause-points,66b5172c8f0bd3b23ce66c22,7,ypc_03,D,full,D,False,B,12,True,1,0,0,0.847792019828484
pause-points,66b5172c8f0bd3b23ce66c22,8,ypc_05,B,full,B,False,A,8,True,1,0,0,0.3366829552428909
pause-points,66b5172c8f0bd3b23ce66c22,9,ypc_06,B,full,B,False,A,8,True,1,0,0,1.2128699231039075
pause-points,66b5172c8f0bd3b23ce66c22,10,car_racing_01,D,full,D,True,D,4,True,1,1,1,-1.7807688837545659
pause-points,66b5172c8f0bd3b23ce66c22,12,car_racing_03,D,full,D,False,B,7,True,1,0,0,-0.49082695884806904
pause-points,66b5172c8f0bd3b23ce66c22,13,car_racing_05,B,full,B,False,A,7,True,1,0,0,0.5313911703231169
pause-points,66b5172c8f0bd3b23ce66c22,14,graduation_party_01,B,full,B,True,B,18,True,1,1,1,-1.5130450880192552
pause-points,66b5172c8f0bd3b23ce66c22,15,graduation_party_05,A,full,A,True,A,5,True,1,1,1,0.14197474016266495
pause-points,66b5172c8f0bd3b23ce66c22,16,graduation_party_06,D,full,D,True,D,12,True,1,1,1,-0.3691343244229278
pause-points,66b5172c8f0bd3b23ce66c22,17,graduation_party_07,D,full,D,False,B,6,True,1,0,0,0.7017608585183145
pause-points,5a5a6ed7f6c517000195029e,6,ypc_02,D,combined,D,True,D,2,True,1,1,1,-0.8072278083534364
pause-points,5a5a6ed7f6c517000195029e,8,ypc_05,D,combined,D,False,A,2,True,1,0,0,0.3366829552428909
pause-points,6a078e18e9921951cb664c9b,13,car_racing_05,B,full,C,False,A,2,True,0,0,0,0.5313911703231169
pause-points,6a00dbf1a704d2b901583edb,6,ypc_02,D,combined,D,True,D,2,True,1,1,1,-0.8072278083534364
pause-points,6a00dbf1a704d2b901583edb,8,ypc_05,A,combined,A,True,A,5,True,1,1,1,0.3366829552428909
pause-points,6a00dbf1a704d2b901583edb,9,ypc_06,B,combined,B,False,A,4,True,1,0,0,1.2128699231039075
pause-points,6a00dbf1a704d2b901583edb,10,car_racing_01,D,combined,D,True,D,2,True,1,1,1,-1.7807688837545659
pause-points,6a00dbf1a704d2b901583edb,11,car_racing_02,D,combined,D,False,C,2,True,1,0,0,1.1885313962188795
pause-points,6a00dbf1a704d2b901583edb,12,car_racing_03,B,combined,B,True,B,4,True,1,1,1,-0.49082695884806904
pause-points,6a00dbf1a704d2b901583edb,13,car_racing_05,D,combined,D,False,A,2,True,1,0,0,0.5313911703231169
pause-points,69fd24e9380cef436aa891df,6,ypc_02,D,combined,D,True,D,3,True,1,1,1,-0.8072278083534364
pause-points,69fd24e9380cef436aa891df,7,ypc_03,D,combined,D,False,B,2,True,1,0,0,0.847792019828484
pause-points,69fd24e9380cef436aa891df,8,ypc_05,D,combined,D,False,A,3,True,1,0,0,0.3366829552428909
pause-points,69fd24e9380cef436aa891df,9,ypc_06,D,combined,D,False,A,4,True,1,0,0,1.2128699231039075
pause-points,69fd24e9380cef436aa891df,10,car_racing_01,A,combined,A,False,D,2,True,1,0,0,-1.7807688837545659
pause-points,69fd24e9380cef436aa891df,11,car_racing_02,B,combined,A,False,C,2,True,0,0,0,1.1885313962188795
pause-points,69fd24e9380cef436aa891df,13,car_racing_05,D,combined,D,False,A,4,True,1,0,0,0.5313911703231169
pause-points,63f54db123b350a3b5836638,6,ypc_02,D,full,D,True,D,5,True,1,1,1,-0.8072278083534364
pause-points,63f54db123b350a3b5836638,7,ypc_03,A,full,A,False,B,8,True,1,0,0,0.847792019828484
pause-points,63f54db123b350a3b5836638,8,ypc_05,D,full,D,False,A,7,True,1,0,0,0.3366829552428909
pause-points,63f54db123b350a3b5836638,11,car_racing_02,A,full,A,False,C,6,True,1,0,0,1.1885313962188795
pause-points,63f54db123b350a3b5836638,12,car_racing_03,A,full,A,False,B,7,True,1,0,0,-0.49082695884806904
pause-points,63f54db123b350a3b5836638,13,car_racing_05,A,full,A,True,A,13,True,1,1,1,0.5313911703231169
pause-points,63f54db123b350a3b5836638,14,graduation_party_01,C,full,C,False,B,6,True,1,0,0,-1.5130450880192552
pause-points,63f54db123b350a3b5836638,15,graduation_party_05,A,full,A,True,A,8,True,1,1,1,0.14197474016266495
pause-points,63f54db123b350a3b5836638,16,graduation_party_06,D,full,D,True,D,6,True,1,1,1,-0.3691343244229278
pause-points,63f54db123b350a3b5836638,17,graduation_party_07,D,full,D,False,B,10,True,1,0,0,0.7017608585183145
pause-points,59ae8d282a78fd00010b80e7,8,ypc_05,D,combined,D,False,A,2,True,1,0,0,0.3366829552428909
pause-points,59ae8d282a78fd00010b80e7,9,ypc_06,D,combined,C,False,A,4,True,0,0,0,1.2128699231039075
pause-points,59ae8d282a78fd00010b80e7,15,graduation_party_05,A,full,A,True,A,3,True,1,1,1,0.14197474016266495
pause-points,6a0302ce582dfd822c6b6db8,8,ypc_05,D,combined,D,False,A,5,True,1,0,0,0.3366829552428909
pause-points,6a0302ce582dfd822c6b6db8,15,graduation_party_05,B,full,B,False,A,2,True,1,0,0,0.14197474016266495
pause-points,6a0302ce582dfd822c6b6db8,16,graduation_party_06,B,full,B,False,D,2,True,1,0,0,-0.3691343244229278
pause-points,6a0302ce582dfd822c6b6db8,17,graduation_party_07,D,full,D,False,B,1,True,1,0,0,0.7017608585183145
pause-points,69f8d38303babfe52ae1e992,6,ypc_02,B,full,C,False,D,2,True,0,0,0,-0.8072278083534364
pause-points,5e80b109ca1800791e1ca40c,6,ypc_02,D,combined,D,True,D,2,True,1,1,1,-0.8072278083534364
pause-points,5c5844d8dd470300014ee3f1,6,ypc_02,C,full,C,False,D,5,True,1,0,0,-0.8072278083534364
pause-points,5c5844d8dd470300014ee3f1,7,ypc_03,C,full,C,False,B,5,True,1,0,0,0.847792019828484
pause-points,5c5844d8dd470300014ee3f1,8,ypc_05,D,full,D,False,A,5,True,1,0,0,0.3366829552428909
pause-points,5c5844d8dd470300014ee3f1,9,ypc_06,B,full,B,False,A,6,True,1,0,0,1.2128699231039075
pause-points,5c5844d8dd470300014ee3f1,13,car_racing_05,A,full,A,True,A,3,True,1,1,1,0.5313911703231169
pause-points,5c5844d8dd470300014ee3f1,14,graduation_party_01,C,full,C,False,B,6,True,1,0,0,-1.5130450880192552
pause-points,5c5844d8dd470300014ee3f1,15,graduation_party_05,A,full,A,True,A,3,True,1,1,1,0.14197474016266495
pause-points,5c5844d8dd470300014ee3f1,16,graduation_party_06,D,full,D,True,D,6,True,1,1,1,-0.3691343244229278
pause-points,5c5844d8dd470300014ee3f1,17,graduation_party_07,A,full,A,False,B,6,True,1,0,0,0.7017608585183145
pause-points,6a0f6db3e15513eddac1a67a,10,car_racing_01,D,full,D,True,D,2,True,1,1,1,-1.7807688837545659
pause-points,6a0f6db3e15513eddac1a67a,11,car_racing_02,A,full,C,True,C,2,True,0,0,1,1.1885313962188795
pause-points,68729361bee62f6a3fb232ec,6,ypc_02,A,combined,A,False,D,2,True,1,0,0,-0.8072278083534364
pause-points,68729361bee62f6a3fb232ec,7,ypc_03,A,combined,A,False,B,2,True,1,0,0,0.847792019828484
pause-points,68729361bee62f6a3fb232ec,12,car_racing_03,D,full,D,False,B,4,True,1,0,0,-0.49082695884806904
pause-points,68729361bee62f6a3fb232ec,14,graduation_party_01,B,combined,B,True,B,2,True,1,1,1,-1.5130450880192552
pause-points,68729361bee62f6a3fb232ec,15,graduation_party_05,D,combined,D,False,A,3,True,1,0,0,0.14197474016266495
pause-points,5db061b0f876e1001620e2ee,6,ypc_02,D,combined,D,True,D,3,True,1,1,1,-0.8072278083534364
pause-points,5db061b0f876e1001620e2ee,7,ypc_03,B,combined,B,True,B,2,True,1,1,1,0.847792019828484
pause-points,5db061b0f876e1001620e2ee,9,ypc_06,A,combined,A,True,A,3,True,1,1,1,1.2128699231039075
pause-points,5db061b0f876e1001620e2ee,10,car_racing_01,D,combined,D,True,D,2,True,1,1,1,-1.7807688837545659
pause-points,5db061b0f876e1001620e2ee,11,car_racing_02,B,combined,B,False,C,3,True,1,0,0,1.1885313962188795
pause-points,5db061b0f876e1001620e2ee,12,car_racing_03,D,combined,A,False,B,3,True,0,0,0,-0.49082695884806904
pause-points,5db061b0f876e1001620e2ee,17,graduation_party_07,D,combined,D,False,B,2,True,1,0,0,0.7017608585183145
pause-points,60d4558116de644bde568dde,6,ypc_02,D,full,D,True,D,4,True,1,1,1,-0.8072278083534364
pause-points,60d4558116de644bde568dde,7,ypc_03,D,full,D,False,B,7,True,1,0,0,0.847792019828484
pause-points,60d4558116de644bde568dde,8,ypc_05,D,full,D,False,A,7,True,1,0,0,0.3366829552428909
pause-points,60d4558116de644bde568dde,9,ypc_06,D,full,D,False,A,4,True,1,0,0,1.2128699231039075
pause-points,60d4558116de644bde568dde,10,car_racing_01,D,full,D,True,D,5,True,1,1,1,-1.7807688837545659
pause-points,60d4558116de644bde568dde,11,car_racing_02,D,full,D,False,C,5,True,1,0,0,1.1885313962188795
pause-points,60d4558116de644bde568dde,12,car_racing_03,D,full,D,False,B,5,True,1,0,0,-0.49082695884806904
pause-points,60d4558116de644bde568dde,13,car_racing_05,D,full,D,False,A,6,True,1,0,0,0.5313911703231169
pause-points,60d4558116de644bde568dde,15,graduation_party_05,D,full,D,False,A,8,True,1,0,0,0.14197474016266495
pause-points,6a0643def96c580502e0624d,7,ypc_03,D,combined,D,False,B,2,True,1,0,0,0.847792019828484
pause-points,6a0643def96c580502e0624d,10,car_racing_01,D,combined,D,True,D,2,True,1,1,1,-1.7807688837545659
pause-points,6a0643def96c580502e0624d,11,car_racing_02,B,combined,B,False,C,3,True,1,0,0,1.1885313962188795
pause-points,6a0643def96c580502e0624d,12,car_racing_03,D,combined,D,False,B,2,True,1,0,0,-0.49082695884806904
pause-points,6a0643def96c580502e0624d,14,graduation_party_01,B,combined,B,True,B,2,True,1,1,1,-1.5130450880192552
pause-points,6a0643def96c580502e0624d,15,graduation_party_05,D,combined,D,False,A,3,True,1,0,0,0.14197474016266495
pause-points,6a0643def96c580502e0624d,17,graduation_party_07,D,combined,D,False,B,2,True,1,0,0,0.7017608585183145
pause-points,5fff11332f30d263176fa57f,6,ypc_02,D,full,C,False,D,6,True,0,1,0,-0.8072278083534364
pause-points,5fff11332f30d263176fa57f,7,ypc_03,B,full,B,True,B,8,True,1,1,1,0.847792019828484
pause-points,5fff11332f30d263176fa57f,8,ypc_05,A,full,A,True,A,4,True,1,1,1,0.3366829552428909
pause-points,5fff11332f30d263176fa57f,9,ypc_06,B,full,B,False,A,5,True,1,0,0,1.2128699231039075
pause-points,5fff11332f30d263176fa57f,12,car_racing_03,B,full,B,True,B,3,True,1,1,1,-0.49082695884806904
pause-points,5fff11332f30d263176fa57f,13,car_racing_05,A,full,A,True,A,5,True,1,1,1,0.5313911703231169
pause-points,5fff11332f30d263176fa57f,16,graduation_party_06,D,full,D,True,D,5,True,1,1,1,-0.3691343244229278
pause-points,5fff11332f30d263176fa57f,17,graduation_party_07,D,full,D,False,B,9,True,1,0,0,0.7017608585183145
pause-points,6a1c4f16c27edf7429e6259e,6,ypc_02,D,full,D,True,D,3,True,1,1,1,-0.8072278083534364
pause-points,6a1c4f16c27edf7429e6259e,7,ypc_03,A,full,A,False,B,2,True,1,0,0,0.847792019828484
pause-points,6a1c4f16c27edf7429e6259e,8,ypc_05,D,full,D,False,A,5,True,1,0,0,0.3366829552428909
pause-points,6a1c4f16c27edf7429e6259e,9,ypc_06,D,full,D,False,A,5,True,1,0,0,1.2128699231039075
pause-points,6a1c4f16c27edf7429e6259e,10,car_racing_01,D,full,D,True,D,3,True,1,1,1,-1.7807688837545659
pause-points,6a1c4f16c27edf7429e6259e,11,car_racing_02,B,full,B,False,C,3,True,1,0,0,1.1885313962188795
pause-points,6a1c4f16c27edf7429e6259e,12,car_racing_03,D,full,D,False,B,6,True,1,0,0,-0.49082695884806904
pause-points,6a1c4f16c27edf7429e6259e,13,car_racing_05,D,full,D,False,A,4,True,1,0,0,0.5313911703231169
pause-points,6a1c4f16c27edf7429e6259e,14,graduation_party_01,C,full,C,False,B,4,True,1,0,0,-1.5130450880192552
pause-points,6a1c4f16c27edf7429e6259e,15,graduation_party_05,A,full,A,True,A,3,True,1,1,1,0.14197474016266495
pause-points,6a1c4f16c27edf7429e6259e,16,graduation_party_06,D,full,B,False,D,2,True,0,1,0,-0.3691343244229278
pause-points,5ea950e4befef302772be716,6,ypc_02,C,combined,C,False,D,2,True,1,0,0,-0.8072278083534364
pause-points,5ea950e4befef302772be716,9,ypc_06,C,full,C,False,A,2,True,1,0,0,1.2128699231039075
pause-points,5d864cfdb6dced0019221047,6,ypc_02,D,combined,D,True,D,2,True,1,1,1,-0.8072278083534364
pause-points,5d864cfdb6dced0019221047,8,ypc_05,A,combined,A,True,A,3,True,1,1,1,0.3366829552428909
pause-points,5d864cfdb6dced0019221047,10,car_racing_01,D,combined,D,True,D,2,True,1,1,1,-1.7807688837545659
pause-points,5d864cfdb6dced0019221047,11,car_racing_02,D,combined,D,False,C,3,True,1,0,0,1.1885313962188795
pause-points,5d864cfdb6dced0019221047,13,car_racing_05,D,combined,D,False,A,3,True,1,0,0,0.5313911703231169
pause-points,5d864cfdb6dced0019221047,15,graduation_party_05,D,combined,D,False,A,2,True,1,0,0,0.14197474016266495
pause-points,60dd27004a74c325f5b22e17,11,car_racing_02,C,full,C,True,C,5,True,1,1,1,1.1885313962188795
pause-points,69f9f0668bf5734f80f13a7c,6,ypc_02,D,full,D,True,D,7,True,1,1,1,-0.8072278083534364
pause-points,69f9f0668bf5734f80f13a7c,7,ypc_03,D,full,D,False,B,4,True,1,0,0,0.847792019828484
pause-points,69f9f0668bf5734f80f13a7c,8,ypc_05,D,full,D,False,A,5,True,1,0,0,0.3366829552428909
pause-points,69f9f0668bf5734f80f13a7c,9,ypc_06,C,full,C,False,A,3,True,1,0,0,1.2128699231039075
pause-points,69f9f0668bf5734f80f13a7c,10,car_racing_01,A,full,A,False,D,3,True,1,0,0,-1.7807688837545659
pause-points,69f9f0668bf5734f80f13a7c,11,car_racing_02,D,full,D,False,C,4,True,1,0,0,1.1885313962188795
pause-points,69f9f0668bf5734f80f13a7c,12,car_racing_03,C,full,C,False,B,5,True,1,0,0,-0.49082695884806904
pause-points,69f9f0668bf5734f80f13a7c,13,car_racing_05,B,full,B,False,A,5,True,1,0,0,0.5313911703231169
pause-points,69f9f0668bf5734f80f13a7c,14,graduation_party_01,C,full,C,False,B,6,True,1,0,0,-1.5130450880192552
pause-points,69f9f0668bf5734f80f13a7c,15,graduation_party_05,D,full,D,False,A,5,True,1,0,0,0.14197474016266495
pause-points,69f9f0668bf5734f80f13a7c,17,graduation_party_07,D,full,D,False,B,7,True,1,0,0,0.7017608585183145
pause-points,60001f74b9d8d70009041d15,6,ypc_02,D,combined,D,True,D,2,True,1,1,1,-0.8072278083534364
pause-points,60001f74b9d8d70009041d15,7,ypc_03,A,combined,A,False,B,2,True,1,0,0,0.847792019828484
pause-points,60001f74b9d8d70009041d15,9,ypc_06,C,combined,C,False,A,4,True,1,0,0,1.2128699231039075
pause-points,6a0b21b822bfd4c9686d1752,6,ypc_02,A,combined,A,False,D,3,True,1,0,0,-0.8072278083534364
pause-points,6a0b21b822bfd4c9686d1752,7,ypc_03,A,combined,A,False,B,2,True,1,0,0,0.847792019828484
pause-points,6a0b21b822bfd4c9686d1752,8,ypc_05,C,combined,B,False,A,3,True,0,0,0,0.3366829552428909
pause-points,6a0b21b822bfd4c9686d1752,10,car_racing_01,D,combined,D,True,D,2,True,1,1,1,-1.7807688837545659
pause-points,6a0b21b822bfd4c9686d1752,11,car_racing_02,D,combined,A,False,C,7,True,0,0,0,1.1885313962188795
pause-points,6a0b21b822bfd4c9686d1752,12,car_racing_03,D,combined,D,False,B,4,True,1,0,0,-0.49082695884806904
pause-points,6a0b21b822bfd4c9686d1752,13,car_racing_05,D,combined,A,True,A,4,True,0,0,1,0.5313911703231169
pause-points,6a0b21b822bfd4c9686d1752,14,graduation_party_01,B,combined,B,True,B,4,True,1,1,1,-1.5130450880192552
pause-points,6a0b21b822bfd4c9686d1752,15,graduation_party_05,A,full,A,True,A,3,True,1,1,1,0.14197474016266495
pause-points,6a0b21b822bfd4c9686d1752,16,graduation_party_06,D,combined,C,False,D,7,True,0,1,0,-0.3691343244229278
pause-points,6a0b21b822bfd4c9686d1752,17,graduation_party_07,B,full,B,True,B,3,True,1,1,1,0.7017608585183145
pause-points,6575c7da000442e5a54f5e24,10,car_racing_01,D,full,D,True,D,3,True,1,1,1,-1.7807688837545659
pause-points,6575c7da000442e5a54f5e24,13,car_racing_05,D,combined,A,True,A,5,True,0,0,1,0.5313911703231169
pause-points,6575c7da000442e5a54f5e24,14,graduation_party_01,B,combined,B,True,B,2,True,1,1,1,-1.5130450880192552
pause-points,6575c7da000442e5a54f5e24,15,graduation_party_05,A,combined,A,True,A,7,True,1,1,1,0.14197474016266495
pause-points,6575c7da000442e5a54f5e24,17,graduation_party_07,D,combined,B,True,B,13,True,0,0,1,0.7017608585183145
pause-points,55b765befdf99b0416ce5382,6,ypc_02,D,full,D,True,D,12,True,1,1,1,-0.8072278083534364
pause-points,55b765befdf99b0416ce5382,7,ypc_03,A,full,A,False,B,11,True,1,0,0,0.847792019828484
pause-points,55b765befdf99b0416ce5382,8,ypc_05,D,full,D,False,A,19,True,1,0,0,0.3366829552428909
pause-points,55b765befdf99b0416ce5382,9,ypc_06,B,full,B,False,A,9,True,1,0,0,1.2128699231039075
pause-points,55b765befdf99b0416ce5382,10,car_racing_01,D,full,D,True,D,6,True,1,1,1,-1.7807688837545659
pause-points,55b765befdf99b0416ce5382,12,car_racing_03,B,full,B,True,B,11,True,1,1,1,-0.49082695884806904
pause-points,55b765befdf99b0416ce5382,13,car_racing_05,C,full,C,False,A,7,True,1,0,0,0.5313911703231169
pause-points,55b765befdf99b0416ce5382,14,graduation_party_01,B,full,B,True,B,6,True,1,1,1,-1.5130450880192552
pause-points,55b765befdf99b0416ce5382,15,graduation_party_05,A,full,A,True,A,7,True,1,1,1,0.14197474016266495
pause-points,55b765befdf99b0416ce5382,16,graduation_party_06,D,full,D,True,D,10,True,1,1,1,-0.3691343244229278
pause-points,55b765befdf99b0416ce5382,17,graduation_party_07,A,full,A,False,B,14,True,1,0,0,0.7017608585183145
pause-points,666344916bdba2e2c980dcd0,6,ypc_02,C,full,C,False,D,5,True,1,0,0,-0.8072278083534364
pause-points,666344916bdba2e2c980dcd0,7,ypc_03,B,full,B,True,B,5,True,1,1,1,0.847792019828484
pause-points,666344916bdba2e2c980dcd0,9,ypc_06,D,full,D,False,A,5,True,1,0,0,1.2128699231039075
pause-points,666344916bdba2e2c980dcd0,14,graduation_party_01,B,full,B,True,B,4,True,1,1,1,-1.5130450880192552
pause-points,666344916bdba2e2c980dcd0,15,graduation_party_05,D,full,D,False,A,5,True,1,0,0,0.14197474016266495
pause-points,666344916bdba2e2c980dcd0,16,graduation_party_06,C,full,C,False,D,5,True,1,0,0,-0.3691343244229278
pause-points,666344916bdba2e2c980dcd0,17,graduation_party_07,D,full,D,False,B,6,True,1,0,0,0.7017608585183145
pause-points,5996d2256b939900012d9f22,8,ypc_05,D,combined,C,False,A,2,True,0,0,0,0.3366829552428909
pause-points,5996d2256b939900012d9f22,10,car_racing_01,D,combined,C,False,D,3,True,0,1,0,-1.7807688837545659
pause-points,5996d2256b939900012d9f22,11,car_racing_02,D,combined,C,True,C,2,True,0,0,1,1.1885313962188795
pause-points,69f478835e7f45a7c46f4def,7,ypc_03,B,full,B,True,B,1,True,1,1,1,0.847792019828484
pause-points,69f478835e7f45a7c46f4def,8,ypc_05,D,full,C,False,A,2,True,0,0,0,0.3366829552428909
pause-points,69f478835e7f45a7c46f4def,9,ypc_06,D,full,C,False,A,2,True,0,0,0,1.2128699231039075
pause-points,69f478835e7f45a7c46f4def,12,car_racing_03,D,full,B,True,B,2,True,0,0,1,-0.49082695884806904
pause-points,69f478835e7f45a7c46f4def,13,car_racing_05,B,full,D,False,A,1,True,0,0,0,0.5313911703231169
pause-points,69f478835e7f45a7c46f4def,14,graduation_party_01,D,full,B,True,B,1,True,0,0,1,-1.5130450880192552
pause-points,69f478835e7f45a7c46f4def,16,graduation_party_06,D,full,B,False,D,1,True,0,1,0,-0.3691343244229278
pause-points,6645ead2d999bda561f525ea,8,ypc_05,D,combined,D,False,A,4,True,1,0,0,0.3366829552428909
pause-points,6645ead2d999bda561f525ea,10,car_racing_01,D,full,D,True,D,6,True,1,1,1,-1.7807688837545659
pause-points,5978f6f009bdcf000153f43d,6,ypc_02,D,full,D,True,D,3,True,1,1,1,-0.8072278083534364
pause-points,5978f6f009bdcf000153f43d,7,ypc_03,A,full,A,False,B,6,True,1,0,0,0.847792019828484
pause-points,5978f6f009bdcf000153f43d,10,car_racing_01,A,full,A,False,D,1,True,1,0,0,-1.7807688837545659
pause-points,5978f6f009bdcf000153f43d,11,car_racing_02,A,full,A,False,C,1,True,1,0,0,1.1885313962188795
pause-points,5978f6f009bdcf000153f43d,13,car_racing_05,A,full,A,True,A,4,True,1,1,1,0.5313911703231169
pause-points,5cbb1374517cd00001310c43,6,ypc_02,D,combined,D,True,D,6,True,1,1,1,-0.8072278083534364
pause-points,5cbb1374517cd00001310c43,7,ypc_03,C,full,C,False,B,4,True,1,0,0,0.847792019828484
pause-points,5cbb1374517cd00001310c43,8,ypc_05,D,full,D,False,A,5,True,1,0,0,0.3366829552428909
pause-points,5cbb1374517cd00001310c43,10,car_racing_01,D,full,D,True,D,8,True,1,1,1,-1.7807688837545659
pause-points,5cbb1374517cd00001310c43,11,car_racing_02,C,combined,C,True,C,2,True,1,1,1,1.1885313962188795
pause-points,5cbb1374517cd00001310c43,12,car_racing_03,D,combined,D,False,B,2,True,1,0,0,-0.49082695884806904
pause-points,5cbb1374517cd00001310c43,13,car_racing_05,D,combined,D,False,A,2,True,1,0,0,0.5313911703231169
pause-points,5cbb1374517cd00001310c43,14,graduation_party_01,B,full,B,True,B,5,True,1,1,1,-1.5130450880192552
pause-points,5cbb1374517cd00001310c43,15,graduation_party_05,D,full,D,False,A,8,True,1,0,0,0.14197474016266495
pause-points,5cbb1374517cd00001310c43,17,graduation_party_07,D,full,D,False,B,8,True,1,0,0,0.7017608585183145
pause-points,5a86e1a4eea3d300016e7981,6,ypc_02,A,full,A,False,D,7,True,1,0,0,-0.8072278083534364
pause-points,5a86e1a4eea3d300016e7981,7,ypc_03,A,full,A,False,B,5,True,1,0,0,0.847792019828484
pause-points,5a86e1a4eea3d300016e7981,8,ypc_05,D,full,D,False,A,4,True,1,0,0,0.3366829552428909
pause-points,5a86e1a4eea3d300016e7981,9,ypc_06,D,full,D,False,A,5,True,1,0,0,1.2128699231039075
pause-points,5a86e1a4eea3d300016e7981,10,car_racing_01,D,full,D,True,D,4,True,1,1,1,-1.7807688837545659
pause-points,5a86e1a4eea3d300016e7981,11,car_racing_02,B,full,B,False,C,5,True,1,0,0,1.1885313962188795
pause-points,5a86e1a4eea3d300016e7981,12,car_racing_03,D,full,D,False,B,6,True,1,0,0,-0.49082695884806904
pause-points,5a86e1a4eea3d300016e7981,13,car_racing_05,D,full,D,False,A,7,True,1,0,0,0.5313911703231169
pause-points,5a86e1a4eea3d300016e7981,14,graduation_party_01,B,full,B,True,B,9,True,1,1,1,-1.5130450880192552
pause-points,5a86e1a4eea3d300016e7981,15,graduation_party_05,A,full,A,True,A,8,True,1,1,1,0.14197474016266495
pause-points,5a86e1a4eea3d300016e7981,16,graduation_party_06,C,full,C,False,D,4,True,1,0,0,-0.3691343244229278
pause-points,5a86e1a4eea3d300016e7981,17,graduation_party_07,A,full,A,False,B,7,True,1,0,0,0.7017608585183145
pause-points,6a74c3b4c83fe41d76c99bdc,6,ypc_02,D,full,D,True,D,14,True,1,1,1,-0.8072278083534364
pause-points,6a74c3b4c83fe41d76c99bdc,7,ypc_03,A,full,A,False,B,8,True,1,0,0,0.847792019828484
pause-points,6a74c3b4c83fe41d76c99bdc,8,ypc_05,D,full,D,False,A,4,True,1,0,0,0.3366829552428909
pause-points,6a74c3b4c83fe41d76c99bdc,9,ypc_06,D,full,D,False,A,6,True,1,0,0,1.2128699231039075
pause-points,6a74c3b4c83fe41d76c99bdc,10,car_racing_01,C,full,C,False,D,3,True,1,0,0,-1.7807688837545659
pause-points,6a74c3b4c83fe41d76c99bdc,11,car_racing_02,D,full,D,False,C,5,True,1,0,0,1.1885313962188795
pause-points,6a74c3b4c83fe41d76c99bdc,12,car_racing_03,D,full,D,False,B,3,True,1,0,0,-0.49082695884806904
pause-points,6a74c3b4c83fe41d76c99bdc,13,car_racing_05,D,full,D,False,A,6,True,1,0,0,0.5313911703231169
pause-points,6a74c3b4c83fe41d76c99bdc,15,graduation_party_05,D,full,D,False,A,8,True,1,0,0,0.14197474016266495
pause-points,6a74c3b4c83fe41d76c99bdc,16,graduation_party_06,B,full,B,False,D,10,True,1,0,0,-0.3691343244229278
pause-points,5b68c9eb87af310001584803,11,car_racing_02,B,full,B,False,C,4,True,1,0,0,1.1885313962188795
pause-points,5b68c9eb87af310001584803,13,car_racing_05,D,combined,D,False,A,3,True,1,0,0,0.5313911703231169
pause-points,69989e39e6be042257d81204,10,car_racing_01,B,full,A,False,D,3,True,0,0,0,-1.7807688837545659
pause-points,69989e39e6be042257d81204,12,car_racing_03,D,full,B,True,B,1,True,0,0,1,-0.49082695884806904
pause-points,69e7dede938d7a2dfc8c7d90,11,car_racing_02,D,full,D,False,C,1,True,1,0,0,1.1885313962188795
pause-points,60101181d3a08f26a98a23e2,9,ypc_06,C,full,C,False,A,1,True,1,0,0,1.2128699231039075
pause-points,60101181d3a08f26a98a23e2,11,car_racing_02,D,full,D,False,C,1,True,1,0,0,1.1885313962188795
pause-points,60101181d3a08f26a98a23e2,17,graduation_party_07,D,full,D,False,B,6,True,1,0,0,0.7017608585183145
pause-points,69ecb1819cd77515892fa2e3,6,ypc_02,B,full,B,False,D,9,True,1,0,0,-0.8072278083534364
pause-points,69ecb1819cd77515892fa2e3,7,ypc_03,D,full,D,False,B,10,True,1,0,0,0.847792019828484
pause-points,69ecb1819cd77515892fa2e3,8,ypc_05,D,full,D,False,A,8,True,1,0,0,0.3366829552428909
pause-points,69ecb1819cd77515892fa2e3,9,ypc_06,B,full,B,False,A,5,True,1,0,0,1.2128699231039075
pause-points,69ecb1819cd77515892fa2e3,10,car_racing_01,A,full,A,False,D,4,True,1,0,0,-1.7807688837545659
pause-points,69ecb1819cd77515892fa2e3,11,car_racing_02,D,full,D,False,C,4,True,1,0,0,1.1885313962188795
pause-points,69ecb1819cd77515892fa2e3,12,car_racing_03,D,full,D,False,B,9,True,1,0,0,-0.49082695884806904
pause-points,69ecb1819cd77515892fa2e3,13,car_racing_05,D,full,D,False,A,14,True,1,0,0,0.5313911703231169
pause-points,69ecb1819cd77515892fa2e3,14,graduation_party_01,C,full,C,False,B,6,True,1,0,0,-1.5130450880192552
pause-points,69ecb1819cd77515892fa2e3,15,graduation_party_05,D,full,D,False,A,6,True,1,0,0,0.14197474016266495
pause-points,69ecb1819cd77515892fa2e3,16,graduation_party_06,D,full,D,True,D,8,True,1,1,1,-0.3691343244229278
pause-points,69ecb1819cd77515892fa2e3,17,graduation_party_07,B,full,B,True,B,8,True,1,1,1,0.7017608585183145
pause-points,69f8b18fb41597c2c0ad0428,6,ypc_02,D,combined,C,False,D,4,True,0,1,0,-0.8072278083534364
pause-points,69f8b18fb41597c2c0ad0428,8,ypc_05,C,combined,C,False,A,4,True,1,0,0,0.3366829552428909
pause-points,69f8b18fb41597c2c0ad0428,9,ypc_06,C,combined,C,False,A,3,True,1,0,0,1.2128699231039075
pause-points,69f8b18fb41597c2c0ad0428,10,car_racing_01,C,full,C,False,D,4,True,1,0,0,-1.7807688837545659
pause-points,69f8b18fb41597c2c0ad0428,11,car_racing_02,D,combined,D,False,C,6,True,1,0,0,1.1885313962188795
pause-points,69f8b18fb41597c2c0ad0428,12,car_racing_03,B,combined,B,True,B,9,True,1,1,1,-0.49082695884806904
pause-points,69f8b18fb41597c2c0ad0428,13,car_racing_05,A,combined,A,True,A,3,True,1,1,1,0.5313911703231169
pause-points,6a16282936d3887f0d5fee83,6,ypc_02,D,full,D,True,D,2,True,1,1,1,-0.8072278083534364
pause-points,6a16282936d3887f0d5fee83,7,ypc_03,D,full,D,False,B,4,True,1,0,0,0.847792019828484
pause-points,6a16282936d3887f0d5fee83,8,ypc_05,B,full,A,True,A,10,True,0,0,1,0.3366829552428909
pause-points,6a16282936d3887f0d5fee83,9,ypc_06,B,full,A,True,A,4,True,0,0,1,1.2128699231039075
pause-points,6a16282936d3887f0d5fee83,10,car_racing_01,D,full,D,True,D,5,True,1,1,1,-1.7807688837545659
pause-points,6a16282936d3887f0d5fee83,11,car_racing_02,B,full,D,False,C,1,True,0,0,0,1.1885313962188795
pause-points,6a16282936d3887f0d5fee83,14,graduation_party_01,B,full,A,False,B,5,True,0,1,0,-1.5130450880192552
pause-points,6a16282936d3887f0d5fee83,15,graduation_party_05,A,full,A,True,A,2,True,1,1,1,0.14197474016266495
pause-points,6a16282936d3887f0d5fee83,16,graduation_party_06,D,full,D,True,D,5,True,1,1,1,-0.3691343244229278
pause-points,6a16282936d3887f0d5fee83,17,graduation_party_07,D,full,D,False,B,5,True,1,0,0,0.7017608585183145
pause-points,5ec1b6036575405f2f634581,7,ypc_03,D,full,D,False,B,1,True,1,0,0,0.847792019828484
pause-points,5ec1b6036575405f2f634581,9,ypc_06,D,full,D,False,A,1,True,1,0,0,1.2128699231039075
pause-points,5ec1b6036575405f2f634581,14,graduation_party_01,D,full,D,False,B,2,True,1,0,0,-1.5130450880192552
pause-points,5ec1b6036575405f2f634581,15,graduation_party_05,C,full,C,False,A,1,True,1,0,0,0.14197474016266495
pause-points,6a4395a81fed13bab18d322c,10,car_racing_01,D,combined,D,True,D,3,True,1,1,1,-1.7807688837545659
pause-points,5f4d4f3a2059689f1a2c33db,10,car_racing_01,D,combined,D,True,D,2,True,1,1,1,-1.7807688837545659
pause-points,5f4d4f3a2059689f1a2c33db,11,car_racing_02,C,combined,C,True,C,2,True,1,1,1,1.1885313962188795
pause-points,5f4d4f3a2059689f1a2c33db,14,graduation_party_01,B,combined,B,True,B,3,True,1,1,1,-1.5130450880192552
pause-points,5f4d4f3a2059689f1a2c33db,15,graduation_party_05,D,combined,D,False,A,2,True,1,0,0,0.14197474016266495
pause-points,638070625c26e262f2163254,6,ypc_02,A,combined,A,False,D,2,True,1,0,0,-0.8072278083534364
pause-points,638070625c26e262f2163254,7,ypc_03,A,combined,A,False,B,2,True,1,0,0,0.847792019828484
pause-points,638070625c26e262f2163254,8,ypc_05,B,combined,B,False,A,2,True,1,0,0,0.3366829552428909
pause-points,66b0fee11fefcf5586763c55,6,ypc_02,A,combined,A,False,D,21,True,1,0,0,-0.8072278083534364
pause-points,66b0fee11fefcf5586763c55,8,ypc_05,A,full,A,True,A,14,True,1,1,1,0.3366829552428909
pause-points,66b0fee11fefcf5586763c55,9,ypc_06,B,full,B,False,A,9,True,1,0,0,1.2128699231039075
pause-points,66b0fee11fefcf5586763c55,10,car_racing_01,D,full,D,True,D,4,True,1,1,1,-1.7807688837545659
pause-points,66b0fee11fefcf5586763c55,11,car_racing_02,D,full,D,False,C,6,True,1,0,0,1.1885313962188795
pause-points,66b0fee11fefcf5586763c55,12,car_racing_03,D,full,D,False,B,4,True,1,0,0,-0.49082695884806904
pause-points,66b0fee11fefcf5586763c55,13,car_racing_05,B,full,B,False,A,6,True,1,0,0,0.5313911703231169
pause-points,66b0fee11fefcf5586763c55,14,graduation_party_01,C,full,C,False,B,7,True,1,0,0,-1.5130450880192552
pause-points,66b0fee11fefcf5586763c55,15,graduation_party_05,D,full,D,False,A,5,True,1,0,0,0.14197474016266495
pause-points,66b0fee11fefcf5586763c55,16,graduation_party_06,D,full,D,True,D,10,True,1,1,1,-0.3691343244229278
pause-points,66b0fee11fefcf5586763c55,17,graduation_party_07,A,combined,A,False,B,7,True,1,0,0,0.7017608585183145
pause-points,6a1c1fb42b5e1f493022bd67,7,ypc_03,D,full,A,False,B,2,True,0,0,0,0.847792019828484
pause-points,6a1c1fb42b5e1f493022bd67,9,ypc_06,D,full,D,False,A,2,True,1,0,0,1.2128699231039075
pause-points,6a1c1fb42b5e1f493022bd67,10,car_racing_01,D,full,B,False,D,2,True,0,1,0,-1.7807688837545659
pause-points,6a1c1fb42b5e1f493022bd67,16,graduation_party_06,D,full,D,True,D,2,True,1,1,1,-0.3691343244229278
pause-points,69ff44271a9ace738ae8b113,9,ypc_06,D,full,B,False,A,2,True,0,0,0,1.2128699231039075
pause-points,69ff44271a9ace738ae8b113,11,car_racing_02,D,full,D,False,C,2,True,1,0,0,1.1885313962188795
pause-points,69ff44271a9ace738ae8b113,12,car_racing_03,D,full,A,False,B,2,True,0,0,0,-0.49082695884806904
pause-points,69f29515d1fe3f9e5661426b,6,ypc_02,A,full,D,True,D,2,True,0,0,1,-0.8072278083534364
pause-points,69f29515d1fe3f9e5661426b,8,ypc_05,A,combined,A,True,A,2,True,1,1,1,0.3366829552428909
pause-points,69f29515d1fe3f9e5661426b,9,ypc_06,A,full,A,True,A,2,True,1,1,1,1.2128699231039075
pause-points,69f29515d1fe3f9e5661426b,11,car_racing_02,B,full,C,True,C,6,True,0,0,1,1.1885313962188795
pause-points,69f29515d1fe3f9e5661426b,12,car_racing_03,D,full,C,False,B,2,True,0,0,0,-0.49082695884806904
pause-points,69f29515d1fe3f9e5661426b,13,car_racing_05,D,full,C,False,A,1,True,0,0,0,0.5313911703231169
pause-points,69f29515d1fe3f9e5661426b,14,graduation_party_01,A,full,B,True,B,2,True,0,0,1,-1.5130450880192552
pause-points,69f29515d1fe3f9e5661426b,15,graduation_party_05,B,full,A,True,A,3,True,0,0,1,0.14197474016266495
pause-points,69f29515d1fe3f9e5661426b,16,graduation_party_06,A,full,D,True,D,6,True,0,0,1,-0.3691343244229278
pause-points,6a09ed98e46b23c32ad77c35,6,ypc_02,D,combined,D,True,D,3,True,1,1,1,-0.8072278083534364
pause-points,6a09ed98e46b23c32ad77c35,7,ypc_03,D,combined,D,False,B,2,True,1,0,0,0.847792019828484
pause-points,6a09ed98e46b23c32ad77c35,10,car_racing_01,A,combined,A,False,D,2,True,1,0,0,-1.7807688837545659
pause-points,6a09ed98e46b23c32ad77c35,11,car_racing_02,D,combined,D,False,C,2,True,1,0,0,1.1885313962188795
pause-points,6a09ed98e46b23c32ad77c35,12,car_racing_03,B,combined,B,True,B,2,True,1,1,1,-0.49082695884806904
pause-points,6a09ed98e46b23c32ad77c35,13,car_racing_05,D,combined,D,False,A,3,True,1,0,0,0.5313911703231169
pause-points,6a09ed98e46b23c32ad77c35,14,graduation_party_01,C,combined,C,False,B,2,True,1,0,0,-1.5130450880192552
pause-points,6a09ed98e46b23c32ad77c35,15,graduation_party_05,D,combined,D,False,A,2,True,1,0,0,0.14197474016266495
pause-points,6a09ed98e46b23c32ad77c35,16,graduation_party_06,D,combined,D,True,D,3,True,1,1,1,-0.3691343244229278
pause-points,63af557b3d4f219c3226b7d6,6,ypc_02,D,combined,A,False,D,2,True,0,1,0,-0.8072278083534364
pause-points,63af557b3d4f219c3226b7d6,10,car_racing_01,D,combined,D,True,D,3,True,1,1,1,-1.7807688837545659
pause-points,63af557b3d4f219c3226b7d6,11,car_racing_02,B,combined,B,False,C,3,True,1,0,0,1.1885313962188795
pause-points,63af557b3d4f219c3226b7d6,12,car_racing_03,D,combined,D,False,B,2,True,1,0,0,-0.49082695884806904
pause-points,63af557b3d4f219c3226b7d6,13,car_racing_05,D,combined,D,False,A,4,True,1,0,0,0.5313911703231169
pause-points,63af557b3d4f219c3226b7d6,15,graduation_party_05,A,combined,A,True,A,3,True,1,1,1,0.14197474016266495
pause-points,6a1c7f17c07216b846c7acd4,6,ypc_02,D,full,D,True,D,9,True,1,1,1,-0.8072278083534364
pause-points,6a1c7f17c07216b846c7acd4,7,ypc_03,D,full,D,False,B,10,True,1,0,0,0.847792019828484
pause-points,6a1c7f17c07216b846c7acd4,8,ypc_05,D,full,D,False,A,5,True,1,0,0,0.3366829552428909
pause-points,6a1c7f17c07216b846c7acd4,9,ypc_06,D,full,D,False,A,9,True,1,0,0,1.2128699231039075
pause-points,6a1c7f17c07216b846c7acd4,11,car_racing_02,B,full,B,False,C,5,True,1,0,0,1.1885313962188795
pause-points,6a1c7f17c07216b846c7acd4,12,car_racing_03,B,full,B,True,B,6,True,1,1,1,-0.49082695884806904
pause-points,6a1c7f17c07216b846c7acd4,13,car_racing_05,D,full,D,False,A,5,True,1,0,0,0.5313911703231169
pause-points,6a1c7f17c07216b846c7acd4,14,graduation_party_01,B,full,B,True,B,11,True,1,1,1,-1.5130450880192552
pause-points,6a1c7f17c07216b846c7acd4,15,graduation_party_05,D,full,D,False,A,11,True,1,0,0,0.14197474016266495
pause-points,6a1c7f17c07216b846c7acd4,16,graduation_party_06,D,full,D,True,D,10,True,1,1,1,-0.3691343244229278
pause-points,6a1c7f17c07216b846c7acd4,17,graduation_party_07,C,full,C,False,B,8,True,1,0,0,0.7017608585183145
pause-points,69ff5f187b4fbf6b369fbe4d,8,ypc_05,A,combined,C,False,A,5,True,0,1,0,0.3366829552428909
pause-points,69ff5f187b4fbf6b369fbe4d,13,car_racing_05,D,combined,D,False,A,4,True,1,0,0,0.5313911703231169
pause-points,69ff5f187b4fbf6b369fbe4d,15,graduation_party_05,A,full,A,True,A,4,True,1,1,1,0.14197474016266495
pause-points,69ff5f187b4fbf6b369fbe4d,16,graduation_party_06,D,combined,A,False,D,4,True,0,1,0,-0.3691343244229278
pause-points,5bb5d4c9ac45e6000130a58f,6,ypc_02,D,full,D,True,D,5,True,1,1,1,-0.8072278083534364
pause-points,5bb5d4c9ac45e6000130a58f,7,ypc_03,B,full,B,True,B,5,True,1,1,1,0.847792019828484
pause-points,5bb5d4c9ac45e6000130a58f,8,ypc_05,A,full,A,True,A,5,True,1,1,1,0.3366829552428909
pause-points,5bb5d4c9ac45e6000130a58f,9,ypc_06,C,full,C,False,A,4,True,1,0,0,1.2128699231039075
pause-points,5bb5d4c9ac45e6000130a58f,10,car_racing_01,D,full,D,True,D,3,True,1,1,1,-1.7807688837545659
pause-points,5bb5d4c9ac45e6000130a58f,11,car_racing_02,B,full,B,False,C,4,True,1,0,0,1.1885313962188795
pause-points,5bb5d4c9ac45e6000130a58f,13,car_racing_05,D,full,D,False,A,9,True,1,0,0,0.5313911703231169
pause-points,5bb5d4c9ac45e6000130a58f,14,graduation_party_01,C,full,C,False,B,4,True,1,0,0,-1.5130450880192552
pause-points,5bb5d4c9ac45e6000130a58f,15,graduation_party_05,A,full,A,True,A,3,True,1,1,1,0.14197474016266495
pause-points,5bb5d4c9ac45e6000130a58f,16,graduation_party_06,D,full,D,True,D,6,True,1,1,1,-0.3691343244229278
pause-points,5bb5d4c9ac45e6000130a58f,17,graduation_party_07,A,full,A,False,B,4,True,1,0,0,0.7017608585183145
pause-points,6a20af2717f5d870ff6f4bd8,10,car_racing_01,D,full,D,True,D,4,True,1,1,1,-1.7807688837545659
pause-points,6a20af2717f5d870ff6f4bd8,11,car_racing_02,B,full,B,False,C,3,True,1,0,0,1.1885313962188795
pause-points,6a20af2717f5d870ff6f4bd8,12,car_racing_03,B,full,B,True,B,4,True,1,1,1,-0.49082695884806904
pause-points,6a20af2717f5d870ff6f4bd8,13,car_racing_05,D,full,D,False,A,5,True,1,0,0,0.5313911703231169
pause-points,6a20af2717f5d870ff6f4bd8,16,graduation_party_06,B,full,B,False,D,7,True,1,0,0,-0.3691343244229278
pause-points,6a02df6af4b0aa04e01b293d,10,car_racing_01,D,full,D,True,D,5,True,1,1,1,-1.7807688837545659
pause-points,5f74a934c78e6208615393b7,6,ypc_02,D,full,B,False,D,2,True,0,1,0,-0.8072278083534364
pause-points,5f74a934c78e6208615393b7,8,ypc_05,C,full,B,False,A,1,True,0,0,0,0.3366829552428909
pause-points,5f74a934c78e6208615393b7,11,car_racing_02,D,full,C,True,C,1,True,0,0,1,1.1885313962188795
pause-points,5f74a934c78e6208615393b7,15,graduation_party_05,B,full,B,False,A,1,True,1,0,0,0.14197474016266495
pause-points,5f74a934c78e6208615393b7,16,graduation_party_06,C,full,B,False,D,1,True,0,0,0,-0.3691343244229278
pause-points,6a039e71511f493fa36e35cf,6,ypc_02,A,full,A,False,D,5,True,1,0,0,-0.8072278083534364
pause-points,6a039e71511f493fa36e35cf,12,car_racing_03,D,full,D,False,B,4,True,1,0,0,-0.49082695884806904
pause-points,69eb527785170b639380861c,13,car_racing_05,D,full,D,False,A,4,True,1,0,0,0.5313911703231169
pause-points,65c8d70512b2fc050e53d0d1,6,ypc_02,B,full,C,False,D,6,True,0,0,0,-0.8072278083534364
pause-points,65c8d70512b2fc050e53d0d1,7,ypc_03,B,full,B,True,B,9,True,1,1,1,0.847792019828484
pause-points,65c8d70512b2fc050e53d0d1,8,ypc_05,C,full,C,False,A,4,True,1,0,0,0.3366829552428909
pause-points,65c8d70512b2fc050e53d0d1,9,ypc_06,C,full,C,False,A,5,True,1,0,0,1.2128699231039075
pause-points,65c8d70512b2fc050e53d0d1,10,car_racing_01,D,full,D,True,D,8,True,1,1,1,-1.7807688837545659
pause-points,65c8d70512b2fc050e53d0d1,13,car_racing_05,A,full,A,True,A,5,True,1,1,1,0.5313911703231169
pause-points,65c8d70512b2fc050e53d0d1,14,graduation_party_01,B,full,C,False,B,5,True,0,1,0,-1.5130450880192552
pause-points,65c8d70512b2fc050e53d0d1,15,graduation_party_05,D,full,D,False,A,5,True,1,0,0,0.14197474016266495
pause-points,65c8d70512b2fc050e53d0d1,16,graduation_party_06,B,full,B,False,D,4,True,1,0,0,-0.3691343244229278
pause-points,65c8d70512b2fc050e53d0d1,17,graduation_party_07,D,full,D,False,B,4,True,1,0,0,0.7017608585183145
pause-points,6748d5757f25aa6f759b0fdd,13,car_racing_05,D,combined,D,False,A,2,True,1,0,0,0.5313911703231169
pause-points,6748d5757f25aa6f759b0fdd,14,graduation_party_01,B,combined,A,False,B,2,True,0,1,0,-1.5130450880192552
pause-points,6a039eb0472ddda8704646aa,7,ypc_03,D,full,B,True,B,8,True,0,0,1,0.847792019828484
pause-points,6a05e8e197b8f213e1c10548,6,ypc_02,D,combined,D,True,D,2,True,1,1,1,-0.8072278083534364
pause-points,6a05e8e197b8f213e1c10548,7,ypc_03,C,combined,C,False,B,2,True,1,0,0,0.847792019828484
pause-points,6a05e8e197b8f213e1c10548,8,ypc_05,A,combined,A,True,A,2,True,1,1,1,0.3366829552428909
pause-points,6a05e8e197b8f213e1c10548,9,ypc_06,D,combined,D,False,A,2,True,1,0,0,1.2128699231039075
pause-points,6a05e8e197b8f213e1c10548,11,car_racing_02,D,full,D,False,C,5,True,1,0,0,1.1885313962188795
pause-points,6a05e8e197b8f213e1c10548,15,graduation_party_05,D,combined,D,False,A,2,True,1,0,0,0.14197474016266495
pause-points,6a05e8e197b8f213e1c10548,16,graduation_party_06,B,combined,B,False,D,2,True,1,0,0,-0.3691343244229278
pause-points,6a05e8e197b8f213e1c10548,17,graduation_party_07,D,combined,D,False,B,2,True,1,0,0,0.7017608585183145
pause-points,6a147acd1b66ae1bb4057f80,7,ypc_03,A,full,A,False,B,8,True,1,0,0,0.847792019828484
pause-points,6a147acd1b66ae1bb4057f80,8,ypc_05,A,full,A,True,A,6,True,1,1,1,0.3366829552428909
pause-points,6a147acd1b66ae1bb4057f80,9,ypc_06,B,full,B,False,A,6,True,1,0,0,1.2128699231039075
pause-points,6a147acd1b66ae1bb4057f80,10,car_racing_01,A,full,A,False,D,5,True,1,0,0,-1.7807688837545659
pause-points,6a147acd1b66ae1bb4057f80,11,car_racing_02,D,full,D,False,C,7,True,1,0,0,1.1885313962188795
pause-points,6a147acd1b66ae1bb4057f80,13,car_racing_05,D,full,D,False,A,7,True,1,0,0,0.5313911703231169
pause-points,6a147acd1b66ae1bb4057f80,14,graduation_party_01,B,combined,B,True,B,6,True,1,1,1,-1.5130450880192552
pause-points,6a147acd1b66ae1bb4057f80,16,graduation_party_06,B,full,B,False,D,10,True,1,0,0,-0.3691343244229278
pause-points,6a147acd1b66ae1bb4057f80,17,graduation_party_07,D,full,D,False,B,10,True,1,0,0,0.7017608585183145
pause-points,65e729bda61d35956dfd5316,6,ypc_02,A,combined,D,True,D,3,True,0,0,1,-0.8072278083534364
pause-points,65e729bda61d35956dfd5316,7,ypc_03,D,combined,D,False,B,2,True,1,0,0,0.847792019828484
pause-points,65e729bda61d35956dfd5316,14,graduation_party_01,C,combined,C,False,B,2,True,1,0,0,-1.5130450880192552
pause-points,65e729bda61d35956dfd5316,15,graduation_party_05,D,combined,D,False,A,3,True,1,0,0,0.14197474016266495
pause-points,675230603ce35dd4658c4dd0,14,graduation_party_01,C,full,C,False,B,7,True,1,0,0,-1.5130450880192552
pause-points,6a1e0745ad50e296a4ffec34,6,ypc_02,B,full,B,False,D,1,True,1,0,0,-0.8072278083534364
pause-points,6a1e0745ad50e296a4ffec34,11,car_racing_02,A,full,A,False,C,1,True,1,0,0,1.1885313962188795
pause-points,6a1e0745ad50e296a4ffec34,12,car_racing_03,A,full,A,False,B,1,True,1,0,0,-0.49082695884806904
pause-points,6a1e0745ad50e296a4ffec34,14,graduation_party_01,B,full,B,True,B,2,True,1,1,1,-1.5130450880192552
pause-points,6a1e0745ad50e296a4ffec34,15,graduation_party_05,B,full,B,False,A,2,True,1,0,0,0.14197474016266495
pause-points,6a1e0745ad50e296a4ffec34,16,graduation_party_06,B,full,B,False,D,2,True,1,0,0,-0.3691343244229278
pause-points,6a7374f530220c02fc990c8b,6,ypc_02,D,full,D,True,D,9,True,1,1,1,-0.8072278083534364
pause-points,6a7374f530220c02fc990c8b,7,ypc_03,B,full,B,True,B,16,True,1,1,1,0.847792019828484
pause-points,6a7374f530220c02fc990c8b,8,ypc_05,B,full,B,False,A,9,True,1,0,0,0.3366829552428909
pause-points,6a7374f530220c02fc990c8b,9,ypc_06,B,full,B,False,A,6,True,1,0,0,1.2128699231039075
pause-points,6a7374f530220c02fc990c8b,10,car_racing_01,D,full,D,True,D,5,True,1,1,1,-1.7807688837545659
pause-points,6a7374f530220c02fc990c8b,11,car_racing_02,B,full,B,False,C,4,True,1,0,0,1.1885313962188795
pause-points,6a7374f530220c02fc990c8b,12,car_racing_03,B,full,B,True,B,7,True,1,1,1,-0.49082695884806904
pause-points,6a7374f530220c02fc990c8b,13,car_racing_05,A,full,A,True,A,9,True,1,1,1,0.5313911703231169
pause-points,6a7374f530220c02fc990c8b,14,graduation_party_01,C,full,C,False,B,6,True,1,0,0,-1.5130450880192552
pause-points,6a7374f530220c02fc990c8b,15,graduation_party_05,D,full,D,False,A,4,True,1,0,0,0.14197474016266495
pause-points,6a7374f530220c02fc990c8b,16,graduation_party_06,D,full,D,True,D,8,True,1,1,1,-0.3691343244229278
pause-points,6a7374f530220c02fc990c8b,17,graduation_party_07,D,full,D,False,B,7,True,1,0,0,0.7017608585183145
pause-points,568aab53316b10000d50d76b,8,ypc_05,A,combined,A,True,A,3,True,1,1,1,0.3366829552428909
pause-points,568aab53316b10000d50d76b,9,ypc_06,B,combined,B,False,A,3,True,1,0,0,1.2128699231039075
pause-points,568aab53316b10000d50d76b,10,car_racing_01,A,combined,A,False,D,3,True,1,0,0,-1.7807688837545659
pause-points,568aab53316b10000d50d76b,11,car_racing_02,C,combined,C,True,C,3,True,1,1,1,1.1885313962188795
pause-points,568aab53316b10000d50d76b,12,car_racing_03,D,combined,D,False,B,3,True,1,0,0,-0.49082695884806904
pause-points,568aab53316b10000d50d76b,13,car_racing_05,D,combined,D,False,A,3,True,1,0,0,0.5313911703231169
pause-points,568aab53316b10000d50d76b,15,graduation_party_05,D,combined,D,False,A,3,True,1,0,0,0.14197474016266495
pause-points,568aab53316b10000d50d76b,17,graduation_party_07,D,combined,D,False,B,3,True,1,0,0,0.7017608585183145
pause-points,69e8df670508d24eaee76b66,10,car_racing_01,D,combined,D,True,D,5,True,1,1,1,-1.7807688837545659
pause-points,69e8df670508d24eaee76b66,11,car_racing_02,D,full,D,False,C,4,True,1,0,0,1.1885313962188795
pause-points,69e8df670508d24eaee76b66,12,car_racing_03,D,full,C,False,B,1,True,0,0,0,-0.49082695884806904
pause-points,5df6c8bd77f8654c718ee1d9,6,ypc_02,A,full,A,False,D,1,True,1,0,0,-0.8072278083534364
pause-points,5df6c8bd77f8654c718ee1d9,11,car_racing_02,D,combined,D,False,C,2,True,1,0,0,1.1885313962188795
pause-points,5df6c8bd77f8654c718ee1d9,13,car_racing_05,D,combined,D,False,A,2,True,1,0,0,0.5313911703231169
pause-points,5df6c8bd77f8654c718ee1d9,15,graduation_party_05,A,combined,A,True,A,2,True,1,1,1,0.14197474016266495
pause-points,5df6c8bd77f8654c718ee1d9,17,graduation_party_07,A,combined,A,False,B,2,True,1,0,0,0.7017608585183145
pause-points,6a02ed5bd6acf52c07ab46fa,7,ypc_03,A,combined,C,False,B,13,True,0,0,0,0.847792019828484
pause-points,6a02ed5bd6acf52c07ab46fa,8,ypc_05,D,combined,D,False,A,2,True,1,0,0,0.3366829552428909
pause-points,6a02ed5bd6acf52c07ab46fa,9,ypc_06,C,combined,C,False,A,6,True,1,0,0,1.2128699231039075
pause-points,6a02ed5bd6acf52c07ab46fa,11,car_racing_02,D,combined,D,False,C,2,True,1,0,0,1.1885313962188795
pause-points,6a02ed5bd6acf52c07ab46fa,12,car_racing_03,D,combined,D,False,B,2,True,1,0,0,-0.49082695884806904
pause-points,6a02ed5bd6acf52c07ab46fa,13,car_racing_05,D,combined,D,False,A,2,True,1,0,0,0.5313911703231169
pause-points,6a02ed5bd6acf52c07ab46fa,14,graduation_party_01,C,combined,C,False,B,2,True,1,0,0,-1.5130450880192552
pause-points,6a02ed5bd6acf52c07ab46fa,15,graduation_party_05,D,combined,D,False,A,2,True,1,0,0,0.14197474016266495
pause-points,6a02ed5bd6acf52c07ab46fa,16,graduation_party_06,D,combined,D,True,D,4,True,1,1,1,-0.3691343244229278
pause-points,6a02ed5bd6acf52c07ab46fa,17,graduation_party_07,D,combined,D,False,B,3,True,1,0,0,0.7017608585183145
pause-points,6a0a875862e9e69af20e91bb,6,ypc_02,D,full,D,True,D,4,True,1,1,1,-0.8072278083534364
pause-points,6a0a875862e9e69af20e91bb,7,ypc_03,B,full,B,True,B,4,True,1,1,1,0.847792019828484
pause-points,6a0a875862e9e69af20e91bb,8,ypc_05,D,full,D,False,A,6,True,1,0,0,0.3366829552428909
pause-points,6a0a875862e9e69af20e91bb,9,ypc_06,D,full,A,True,A,4,True,0,0,1,1.2128699231039075
pause-points,6a0a875862e9e69af20e91bb,11,car_racing_02,C,full,C,True,C,13,True,1,1,1,1.1885313962188795
pause-points,6a0a875862e9e69af20e91bb,12,car_racing_03,B,full,D,False,B,5,True,0,1,0,-0.49082695884806904
pause-points,6a0a875862e9e69af20e91bb,13,car_racing_05,D,full,D,False,A,9,True,1,0,0,0.5313911703231169
pause-points,6a0a875862e9e69af20e91bb,14,graduation_party_01,B,full,B,True,B,6,True,1,1,1,-1.5130450880192552
pause-points,6a0a875862e9e69af20e91bb,15,graduation_party_05,C,full,C,False,A,13,True,1,0,0,0.14197474016266495
pause-points,6a0a875862e9e69af20e91bb,16,graduation_party_06,D,full,D,True,D,5,True,1,1,1,-0.3691343244229278
pause-points,6a0a875862e9e69af20e91bb,17,graduation_party_07,C,full,C,False,B,6,True,1,0,0,0.7017608585183145
pause-points,6a05cf98c2fd3c0371091d73,7,ypc_03,D,full,B,True,B,1,True,0,0,1,0.847792019828484
pause-points,6a05cf98c2fd3c0371091d73,9,ypc_06,D,full,C,False,A,1,True,0,0,0,1.2128699231039075
pause-points,6a1c1871c37def832f8aec12,6,ypc_02,D,full,D,True,D,5,True,1,1,1,-0.8072278083534364
pause-points,6a1c1871c37def832f8aec12,7,ypc_03,D,full,D,False,B,3,True,1,0,0,0.847792019828484
pause-points,6a1c1871c37def832f8aec12,8,ypc_05,D,full,D,False,A,3,True,1,0,0,0.3366829552428909
pause-points,6a1c1871c37def832f8aec12,9,ypc_06,D,full,D,False,A,6,True,1,0,0,1.2128699231039075
pause-points,6a1c1871c37def832f8aec12,10,car_racing_01,D,full,D,True,D,3,True,1,1,1,-1.7807688837545659
pause-points,6a1c1871c37def832f8aec12,11,car_racing_02,D,full,D,False,C,3,True,1,0,0,1.1885313962188795
pause-points,6a1c1871c37def832f8aec12,12,car_racing_03,B,full,B,True,B,6,True,1,1,1,-0.49082695884806904
pause-points,6a1c1871c37def832f8aec12,13,car_racing_05,B,full,B,False,A,4,True,1,0,0,0.5313911703231169
pause-points,6a1c1871c37def832f8aec12,15,graduation_party_05,A,full,A,True,A,4,True,1,1,1,0.14197474016266495
pause-points,6a1c1871c37def832f8aec12,16,graduation_party_06,D,full,D,True,D,8,True,1,1,1,-0.3691343244229278
pause-points,6a1c1871c37def832f8aec12,17,graduation_party_07,D,full,D,False,B,6,True,1,0,0,0.7017608585183145
pause-points,67658ce91a0ea2195ae7e09d,6,ypc_02,D,full,D,True,D,4,True,1,1,1,-0.8072278083534364
pause-points,67658ce91a0ea2195ae7e09d,8,ypc_05,C,full,C,False,A,4,True,1,0,0,0.3366829552428909
pause-points,67658ce91a0ea2195ae7e09d,10,car_racing_01,D,full,D,True,D,6,True,1,1,1,-1.7807688837545659
pause-points,67658ce91a0ea2195ae7e09d,11,car_racing_02,A,full,A,False,C,5,True,1,0,0,1.1885313962188795
pause-points,67658ce91a0ea2195ae7e09d,12,car_racing_03,D,full,D,False,B,6,True,1,0,0,-0.49082695884806904
pause-points,67658ce91a0ea2195ae7e09d,13,car_racing_05,A,full,A,True,A,4,True,1,1,1,0.5313911703231169
pause-points,67658ce91a0ea2195ae7e09d,14,graduation_party_01,C,full,C,False,B,6,True,1,0,0,-1.5130450880192552
pause-points,67658ce91a0ea2195ae7e09d,16,graduation_party_06,D,full,D,True,D,6,True,1,1,1,-0.3691343244229278
pause-points,67658ce91a0ea2195ae7e09d,17,graduation_party_07,D,full,D,False,B,10,True,1,0,0,0.7017608585183145
pause-points,6658b1491e88ec15902d5301,6,ypc_02,D,full,D,True,D,4,True,1,1,1,-0.8072278083534364
pause-points,6658b1491e88ec15902d5301,8,ypc_05,D,full,D,False,A,4,True,1,0,0,0.3366829552428909
pause-points,6658b1491e88ec15902d5301,9,ypc_06,D,full,D,False,A,6,True,1,0,0,1.2128699231039075
pause-points,6658b1491e88ec15902d5301,13,car_racing_05,A,full,A,True,A,4,True,1,1,1,0.5313911703231169
pause-points,6658b1491e88ec15902d5301,14,graduation_party_01,B,combined,B,True,B,2,True,1,1,1,-1.5130450880192552
pause-points,5ed2ad10a45ef20a9b1412eb,9,ypc_06,D,full,D,False,A,1,True,1,0,0,1.2128699231039075
pause-points,5ed2ad10a45ef20a9b1412eb,14,graduation_party_01,D,full,B,True,B,5,True,0,0,1,-1.5130450880192552
pause-points,6a019bcbebf84c25dadd6759,6,ypc_02,D,combined,D,True,D,8,True,1,1,1,-0.8072278083534364
pause-points,6a019bcbebf84c25dadd6759,7,ypc_03,C,combined,C,False,B,9,True,1,0,0,0.847792019828484
pause-points,6a019bcbebf84c25dadd6759,8,ypc_05,A,combined,A,True,A,9,True,1,1,1,0.3366829552428909
pause-points,6a019bcbebf84c25dadd6759,9,ypc_06,C,combined,C,False,A,6,True,1,0,0,1.2128699231039075
pause-points,6a019bcbebf84c25dadd6759,10,car_racing_01,D,full,D,True,D,3,True,1,1,1,-1.7807688837545659
pause-points,6a019bcbebf84c25dadd6759,11,car_racing_02,D,full,D,False,C,3,True,1,0,0,1.1885313962188795
pause-points,6a019bcbebf84c25dadd6759,13,car_racing_05,D,full,D,False,A,1,True,1,0,0,0.5313911703231169
pause-points,6a019bcbebf84c25dadd6759,14,graduation_party_01,B,full,B,True,B,7,True,1,1,1,-1.5130450880192552
pause-points,6a019bcbebf84c25dadd6759,15,graduation_party_05,A,full,A,True,A,4,True,1,1,1,0.14197474016266495
pause-points,6a019bcbebf84c25dadd6759,16,graduation_party_06,D,full,D,True,D,5,True,1,1,1,-0.3691343244229278
pause-points,6a019bcbebf84c25dadd6759,17,graduation_party_07,D,full,D,False,B,12,True,1,0,0,0.7017608585183145
pause-points,6a1c834ae50cf1d3c6a7b706,6,ypc_02,D,combined,D,True,D,2,True,1,1,1,-0.8072278083534364
pause-points,6a1c834ae50cf1d3c6a7b706,10,car_racing_01,D,combined,D,True,D,2,True,1,1,1,-1.7807688837545659
pause-points,6a1c834ae50cf1d3c6a7b706,11,car_racing_02,B,combined,B,False,C,2,True,1,0,0,1.1885313962188795
pause-points,6a1c834ae50cf1d3c6a7b706,12,car_racing_03,B,combined,B,True,B,3,True,1,1,1,-0.49082695884806904
pause-points,6a1c834ae50cf1d3c6a7b706,13,car_racing_05,D,combined,D,False,A,2,True,1,0,0,0.5313911703231169
pause-points,6a1c834ae50cf1d3c6a7b706,14,graduation_party_01,C,combined,C,False,B,3,True,1,0,0,-1.5130450880192552
pause-points,6a1c834ae50cf1d3c6a7b706,16,graduation_party_06,D,combined,D,True,D,3,True,1,1,1,-0.3691343244229278
pause-points,6a1c834ae50cf1d3c6a7b706,17,graduation_party_07,D,combined,D,False,B,2,True,1,0,0,0.7017608585183145
pause-points,6a1016e879dc2139b05a30a2,13,car_racing_05,C,full,C,False,A,3,True,1,0,0,0.5313911703231169
pause-points,6a19a092d1e2eb2e4b072554,6,ypc_02,D,full,D,True,D,4,True,1,1,1,-0.8072278083534364
pause-points,6a19a092d1e2eb2e4b072554,7,ypc_03,A,full,A,False,B,3,True,1,0,0,0.847792019828484
pause-points,6a19a092d1e2eb2e4b072554,8,ypc_05,A,combined,A,True,A,5,True,1,1,1,0.3366829552428909
pause-points,6a19a092d1e2eb2e4b072554,9,ypc_06,B,full,B,False,A,5,True,1,0,0,1.2128699231039075
pause-points,6a19a092d1e2eb2e4b072554,11,car_racing_02,D,full,D,False,C,3,True,1,0,0,1.1885313962188795
pause-points,6a19a092d1e2eb2e4b072554,13,car_racing_05,D,combined,D,False,A,7,True,1,0,0,0.5313911703231169
pause-points,6a19a092d1e2eb2e4b072554,15,graduation_party_05,D,full,D,False,A,3,True,1,0,0,0.14197474016266495
pause-points,6a19a092d1e2eb2e4b072554,16,graduation_party_06,D,full,D,True,D,5,True,1,1,1,-0.3691343244229278
pause-points,6a19a092d1e2eb2e4b072554,17,graduation_party_07,D,full,D,False,B,5,True,1,0,0,0.7017608585183145
pause-points,69c872281653bf01d32068cd,8,ypc_05,A,full,A,True,A,1,True,1,1,1,0.3366829552428909
pause-points,69c872281653bf01d32068cd,14,graduation_party_01,C,full,C,False,B,4,True,1,0,0,-1.5130450880192552
pause-points,69c872281653bf01d32068cd,15,graduation_party_05,D,full,D,False,A,5,True,1,0,0,0.14197474016266495
pause-points,69c872281653bf01d32068cd,16,graduation_party_06,D,full,D,True,D,3,True,1,1,1,-0.3691343244229278
pause-points,69fdbb16148df1e63c3a38b1,6,ypc_02,D,combined,A,False,D,2,True,0,1,0,-0.8072278083534364
pause-points,69fdbb16148df1e63c3a38b1,7,ypc_03,A,combined,A,False,B,2,True,1,0,0,0.847792019828484
pause-points,69fdbb16148df1e63c3a38b1,8,ypc_05,D,combined,D,False,A,4,True,1,0,0,0.3366829552428909
pause-points,69fdbb16148df1e63c3a38b1,11,car_racing_02,D,combined,B,False,C,3,True,0,0,0,1.1885313962188795
pause-points,69fdbb16148df1e63c3a38b1,12,car_racing_03,D,combined,D,False,B,2,True,1,0,0,-0.49082695884806904
pause-points,69fdbb16148df1e63c3a38b1,13,car_racing_05,D,combined,D,False,A,2,True,1,0,0,0.5313911703231169
pause-points,676ab826096d376d750459e4,10,car_racing_01,D,combined,D,True,D,3,True,1,1,1,-1.7807688837545659
pause-points,676ab826096d376d750459e4,16,graduation_party_06,D,combined,D,True,D,6,True,1,1,1,-0.3691343244229278
pause-points,5eeb4ad567a40221fd8a1a04,11,car_racing_02,D,full,D,False,C,5,True,1,0,0,1.1885313962188795
pause-points,5eeb4ad567a40221fd8a1a04,12,car_racing_03,A,full,A,False,B,6,True,1,0,0,-0.49082695884806904
pause-points,5eeb4ad567a40221fd8a1a04,13,car_racing_05,D,full,D,False,A,4,True,1,0,0,0.5313911703231169
pause-points,691711e3fae4be5b1a8022ed,12,car_racing_03,C,full,C,False,B,2,True,1,0,0,-0.49082695884806904
pause-points,6a0c2b8a6827ece3df5b621a,6,ypc_02,D,full,D,True,D,15,True,1,1,1,-0.8072278083534364
pause-points,6a0c2b8a6827ece3df5b621a,7,ypc_03,C,full,C,False,B,7,True,1,0,0,0.847792019828484
pause-points,6a0c2b8a6827ece3df5b621a,8,ypc_05,C,full,C,False,A,8,True,1,0,0,0.3366829552428909
pause-points,6a0c2b8a6827ece3df5b621a,9,ypc_06,B,full,B,False,A,8,True,1,0,0,1.2128699231039075
pause-points,6a0c2b8a6827ece3df5b621a,10,car_racing_01,A,full,A,False,D,4,True,1,0,0,-1.7807688837545659
pause-points,6a0c2b8a6827ece3df5b621a,11,car_racing_02,B,full,B,False,C,6,True,1,0,0,1.1885313962188795
pause-points,6a0c2b8a6827ece3df5b621a,12,car_racing_03,D,combined,D,False,B,4,True,1,0,0,-0.49082695884806904
pause-points,6a0c2b8a6827ece3df5b621a,13,car_racing_05,D,full,D,False,A,6,True,1,0,0,0.5313911703231169
pause-points,6a0c2b8a6827ece3df5b621a,14,graduation_party_01,B,full,B,True,B,15,True,1,1,1,-1.5130450880192552
pause-points,6a0c2b8a6827ece3df5b621a,15,graduation_party_05,D,full,D,False,A,10,True,1,0,0,0.14197474016266495
pause-points,6a0c2b8a6827ece3df5b621a,16,graduation_party_06,D,full,D,True,D,11,True,1,1,1,-0.3691343244229278
pause-points,6a0c2b8a6827ece3df5b621a,17,graduation_party_07,D,full,D,False,B,26,True,1,0,0,0.7017608585183145
pause-points,6a174771734bda08a1f5ccd2,6,ypc_02,D,full,D,True,D,5,True,1,1,1,-0.8072278083534364
pause-points,6a174771734bda08a1f5ccd2,7,ypc_03,C,full,C,False,B,12,True,1,0,0,0.847792019828484
pause-points,6a174771734bda08a1f5ccd2,8,ypc_05,D,full,D,False,A,12,True,1,0,0,0.3366829552428909
pause-points,6a174771734bda08a1f5ccd2,9,ypc_06,D,full,D,False,A,20,True,1,0,0,1.2128699231039075
pause-points,6a174771734bda08a1f5ccd2,10,car_racing_01,A,full,A,False,D,6,True,1,0,0,-1.7807688837545659
pause-points,6a174771734bda08a1f5ccd2,11,car_racing_02,B,full,B,False,C,2,True,1,0,0,1.1885313962188795
pause-points,6a174771734bda08a1f5ccd2,12,car_racing_03,D,full,D,False,B,8,True,1,0,0,-0.49082695884806904
pause-points,6a174771734bda08a1f5ccd2,13,car_racing_05,B,full,B,False,A,11,True,1,0,0,0.5313911703231169
pause-points,6a174771734bda08a1f5ccd2,14,graduation_party_01,B,full,B,True,B,8,True,1,1,1,-1.5130450880192552
pause-points,6a174771734bda08a1f5ccd2,15,graduation_party_05,D,full,D,False,A,7,True,1,0,0,0.14197474016266495
pause-points,6a174771734bda08a1f5ccd2,16,graduation_party_06,D,full,D,True,D,8,True,1,1,1,-0.3691343244229278
pause-points,6a174771734bda08a1f5ccd2,17,graduation_party_07,D,full,D,False,B,13,True,1,0,0,0.7017608585183145
pause-points,69fd9c37b73502b67f736eef,6,ypc_02,D,full,D,True,D,14,True,1,1,1,-0.8072278083534364
pause-points,69fd9c37b73502b67f736eef,7,ypc_03,B,full,B,True,B,14,True,1,1,1,0.847792019828484
pause-points,69fd9c37b73502b67f736eef,8,ypc_05,B,full,B,False,A,6,True,1,0,0,0.3366829552428909
pause-points,69fd9c37b73502b67f736eef,10,car_racing_01,D,full,D,True,D,5,True,1,1,1,-1.7807688837545659
pause-points,69fd9c37b73502b67f736eef,11,car_racing_02,C,full,C,True,C,7,True,1,1,1,1.1885313962188795
pause-points,69fd9c37b73502b67f736eef,12,car_racing_03,D,full,D,False,B,4,True,1,0,0,-0.49082695884806904
pause-points,69fd9c37b73502b67f736eef,13,car_racing_05,D,full,D,False,A,5,True,1,0,0,0.5313911703231169
pause-points,69fd9c37b73502b67f736eef,14,graduation_party_01,B,full,B,True,B,14,True,1,1,1,-1.5130450880192552
pause-points,69fd9c37b73502b67f736eef,15,graduation_party_05,D,full,D,False,A,6,True,1,0,0,0.14197474016266495
pause-points,69fd9c37b73502b67f736eef,16,graduation_party_06,B,full,B,False,D,10,True,1,0,0,-0.3691343244229278
pause-points,69fd9c37b73502b67f736eef,17,graduation_party_07,B,full,B,True,B,8,True,1,1,1,0.7017608585183145
pause-points,6a22006608feebcc6c3d3e7d,6,ypc_02,A,full,A,False,D,1,True,1,0,0,-0.8072278083534364
pause-points,6a22006608feebcc6c3d3e7d,9,ypc_06,A,full,A,True,A,1,True,1,1,1,1.2128699231039075
pause-points,6a22006608feebcc6c3d3e7d,10,car_racing_01,B,full,C,False,D,1,True,0,0,0,-1.7807688837545659
pause-points,6a22006608feebcc6c3d3e7d,11,car_racing_02,B,full,B,False,C,9,True,1,0,0,1.1885313962188795
pause-points,6a22006608feebcc6c3d3e7d,12,car_racing_03,B,full,B,True,B,5,True,1,1,1,-0.49082695884806904
pause-points,6a22006608feebcc6c3d3e7d,13,car_racing_05,B,full,B,False,A,1,True,1,0,0,0.5313911703231169
pause-points,6a22006608feebcc6c3d3e7d,14,graduation_party_01,C,full,C,False,B,8,True,1,0,0,-1.5130450880192552
pause-points,6a22006608feebcc6c3d3e7d,15,graduation_party_05,C,full,C,False,A,1,True,1,0,0,0.14197474016266495
pause-points,6a22006608feebcc6c3d3e7d,16,graduation_party_06,C,full,C,False,D,1,True,1,0,0,-0.3691343244229278
pause-points,6a22006608feebcc6c3d3e7d,17,graduation_party_07,B,full,C,False,B,1,True,0,1,0,0.7017608585183145
pause-points,6a14b1a790658bd6f13f5eb4,6,ypc_02,D,full,D,True,D,10,True,1,1,1,-0.8072278083534364
pause-points,6a14b1a790658bd6f13f5eb4,7,ypc_03,D,full,D,False,B,6,True,1,0,0,0.847792019828484
pause-points,6a14b1a790658bd6f13f5eb4,8,ypc_05,C,full,C,False,A,4,True,1,0,0,0.3366829552428909
pause-points,6a14b1a790658bd6f13f5eb4,9,ypc_06,D,full,B,False,A,4,True,0,0,0,1.2128699231039075
pause-points,6a14b1a790658bd6f13f5eb4,10,car_racing_01,D,full,D,True,D,4,True,1,1,1,-1.7807688837545659
pause-points,6a14b1a790658bd6f13f5eb4,13,car_racing_05,C,full,C,False,A,5,True,1,0,0,0.5313911703231169
pause-points,6a14b1a790658bd6f13f5eb4,14,graduation_party_01,C,full,C,False,B,4,True,1,0,0,-1.5130450880192552
pause-points,6a14b1a790658bd6f13f5eb4,15,graduation_party_05,D,full,D,False,A,7,True,1,0,0,0.14197474016266495
pause-points,6a14b1a790658bd6f13f5eb4,16,graduation_party_06,D,full,D,True,D,7,True,1,1,1,-0.3691343244229278
pause-points,6a14b1a790658bd6f13f5eb4,17,graduation_party_07,D,full,D,False,B,6,True,1,0,0,0.7017608585183145
pause-points,6a25f628ee342d4413a3e075,6,ypc_02,A,combined,D,True,D,3,True,0,0,1,-0.8072278083534364
pause-points,6a25f628ee342d4413a3e075,7,ypc_03,A,combined,A,False,B,4,True,1,0,0,0.847792019828484
pause-points,6a25f628ee342d4413a3e075,9,ypc_06,B,combined,C,False,A,3,True,0,0,0,1.2128699231039075
pause-points,6a25f628ee342d4413a3e075,12,car_racing_03,D,combined,D,False,B,2,True,1,0,0,-0.49082695884806904
pause-points,6a25f628ee342d4413a3e075,14,graduation_party_01,B,combined,B,True,B,3,True,1,1,1,-1.5130450880192552
pause-points,668a9e53e7690b3b64d48e92,6,ypc_02,D,full,D,True,D,27,True,1,1,1,-0.8072278083534364
pause-points,668a9e53e7690b3b64d48e92,7,ypc_03,D,full,D,False,B,13,True,1,0,0,0.847792019828484
pause-points,668a9e53e7690b3b64d48e92,8,ypc_05,D,full,D,False,A,16,True,1,0,0,0.3366829552428909
pause-points,668a9e53e7690b3b64d48e92,10,car_racing_01,D,full,D,True,D,6,True,1,1,1,-1.7807688837545659
pause-points,668a9e53e7690b3b64d48e92,11,car_racing_02,B,full,B,False,C,9,True,1,0,0,1.1885313962188795
pause-points,668a9e53e7690b3b64d48e92,12,car_racing_03,D,full,D,False,B,8,True,1,0,0,-0.49082695884806904
pause-points,668a9e53e7690b3b64d48e92,13,car_racing_05,D,full,D,False,A,7,True,1,0,0,0.5313911703231169
pause-points,668a9e53e7690b3b64d48e92,14,graduation_party_01,B,full,B,True,B,8,True,1,1,1,-1.5130450880192552
pause-points,668a9e53e7690b3b64d48e92,15,graduation_party_05,D,full,D,False,A,15,True,1,0,0,0.14197474016266495
pause-points,668a9e53e7690b3b64d48e92,16,graduation_party_06,D,full,D,True,D,14,True,1,1,1,-0.3691343244229278
pause-points,668a9e53e7690b3b64d48e92,17,graduation_party_07,D,full,D,False,B,29,True,1,0,0,0.7017608585183145
pause-points,6658f0a58f1ee667f4264a93,7,ypc_03,A,combined,A,False,B,2,True,1,0,0,0.847792019828484
pause-points,6658f0a58f1ee667f4264a93,8,ypc_05,D,combined,D,False,A,3,True,1,0,0,0.3366829552428909
pause-points,6658f0a58f1ee667f4264a93,12,car_racing_03,D,combined,D,False,B,3,True,1,0,0,-0.49082695884806904
pause-points,6658f0a58f1ee667f4264a93,14,graduation_party_01,B,combined,B,True,B,2,True,1,1,1,-1.5130450880192552
pause-points,6658f0a58f1ee667f4264a93,17,graduation_party_07,C,full,C,False,B,10,True,1,0,0,0.7017608585183145
pause-points,6813af32a57bc43516a6101c,8,ypc_05,D,combined,D,False,A,3,True,1,0,0,0.3366829552428909
pause-points,670ff7a65beb0c8e83fe3fa3,8,ypc_05,A,full,A,True,A,3,True,1,1,1,0.3366829552428909
pause-points,670ff7a65beb0c8e83fe3fa3,17,graduation_party_07,A,full,A,False,B,1,True,1,0,0,0.7017608585183145
pause-points,5ca6717bb54fe60001e22441,6,ypc_02,D,full,D,True,D,5,True,1,1,1,-0.8072278083534364
pause-points,5ca6717bb54fe60001e22441,7,ypc_03,B,full,B,True,B,6,True,1,1,1,0.847792019828484
pause-points,5ca6717bb54fe60001e22441,8,ypc_05,D,full,D,False,A,4,True,1,0,0,0.3366829552428909
pause-points,5ca6717bb54fe60001e22441,9,ypc_06,B,full,B,False,A,6,True,1,0,0,1.2128699231039075
pause-points,5ca6717bb54fe60001e22441,10,car_racing_01,D,full,D,True,D,5,True,1,1,1,-1.7807688837545659
pause-points,5ca6717bb54fe60001e22441,11,car_racing_02,D,combined,D,False,C,5,True,1,0,0,1.1885313962188795
pause-points,5ca6717bb54fe60001e22441,12,car_racing_03,D,full,D,False,B,7,True,1,0,0,-0.49082695884806904
pause-points,5ca6717bb54fe60001e22441,13,car_racing_05,D,full,D,False,A,7,True,1,0,0,0.5313911703231169
pause-points,5ca6717bb54fe60001e22441,15,graduation_party_05,D,combined,D,False,A,3,True,1,0,0,0.14197474016266495
pause-points,5ca6717bb54fe60001e22441,16,graduation_party_06,D,combined,D,True,D,8,True,1,1,1,-0.3691343244229278
pause-points,5ca6717bb54fe60001e22441,17,graduation_party_07,D,full,D,False,B,4,True,1,0,0,0.7017608585183145
pause-points,60743e408fd768b1a939ed4c,6,ypc_02,D,full,D,True,D,6,True,1,1,1,-0.8072278083534364
pause-points,60743e408fd768b1a939ed4c,8,ypc_05,D,full,D,False,A,6,True,1,0,0,0.3366829552428909
pause-points,60743e408fd768b1a939ed4c,9,ypc_06,D,full,D,False,A,6,True,1,0,0,1.2128699231039075
pause-points,60743e408fd768b1a939ed4c,10,car_racing_01,D,full,D,True,D,5,True,1,1,1,-1.7807688837545659
pause-points,60743e408fd768b1a939ed4c,11,car_racing_02,B,full,B,False,C,6,True,1,0,0,1.1885313962188795
pause-points,60743e408fd768b1a939ed4c,12,car_racing_03,B,full,B,True,B,6,True,1,1,1,-0.49082695884806904
pause-points,60743e408fd768b1a939ed4c,13,car_racing_05,D,full,D,False,A,7,True,1,0,0,0.5313911703231169
pause-points,60743e408fd768b1a939ed4c,14,graduation_party_01,D,full,D,False,B,1,True,1,0,0,-1.5130450880192552
pause-points,60743e408fd768b1a939ed4c,17,graduation_party_07,D,full,D,False,B,6,True,1,0,0,0.7017608585183145
pause-points,66e40727571b9634abb36af0,8,ypc_05,A,combined,A,True,A,6,True,1,1,1,0.3366829552428909
pause-points,66e40727571b9634abb36af0,10,car_racing_01,B,full,B,False,D,1,True,1,0,0,-1.7807688837545659
pause-points,66e40727571b9634abb36af0,12,car_racing_03,B,full,B,True,B,4,True,1,1,1,-0.49082695884806904
pause-points,66e40727571b9634abb36af0,13,car_racing_05,B,full,B,False,A,1,True,1,0,0,0.5313911703231169
pause-points,66e40727571b9634abb36af0,14,graduation_party_01,B,full,D,False,B,8,True,0,1,0,-1.5130450880192552
pause-points,66e40727571b9634abb36af0,16,graduation_party_06,D,full,D,True,D,8,True,1,1,1,-0.3691343244229278
pause-points,69f892c99e68d83dff98d43f,7,ypc_03,C,combined,C,False,B,3,True,1,0,0,0.847792019828484
pause-points,69f892c99e68d83dff98d43f,17,graduation_party_07,A,full,C,False,B,3,True,0,0,0,0.7017608585183145
pause-points,6a0623d472f11447d0108d26,6,ypc_02,C,full,C,False,D,5,True,1,0,0,-0.8072278083534364
pause-points,6a0623d472f11447d0108d26,8,ypc_05,A,full,A,True,A,5,True,1,1,1,0.3366829552428909
pause-points,6a0623d472f11447d0108d26,9,ypc_06,C,full,C,False,A,9,True,1,0,0,1.2128699231039075
pause-points,6a0623d472f11447d0108d26,10,car_racing_01,D,combined,A,False,D,4,True,0,1,0,-1.7807688837545659
pause-points,6a0623d472f11447d0108d26,12,car_racing_03,B,full,B,True,B,2,True,1,1,1,-0.49082695884806904
pause-points,691b9fedd4b881047aaf3b8e,6,ypc_02,D,full,D,True,D,5,True,1,1,1,-0.8072278083534364
pause-points,691b9fedd4b881047aaf3b8e,7,ypc_03,A,full,A,False,B,2,True,1,0,0,0.847792019828484
pause-points,691b9fedd4b881047aaf3b8e,10,car_racing_01,D,full,D,True,D,3,True,1,1,1,-1.7807688837545659
pause-points,691b9fedd4b881047aaf3b8e,12,car_racing_03,B,full,B,True,B,6,True,1,1,1,-0.49082695884806904
pause-points,6a0185b7a86b0e9f056e3a18,8,ypc_05,D,full,D,False,A,1,True,1,0,0,0.3366829552428909
pause-points,6a0185b7a86b0e9f056e3a18,10,car_racing_01,B,full,B,False,D,4,True,1,0,0,-1.7807688837545659
pause-points,6a0185b7a86b0e9f056e3a18,11,car_racing_02,B,full,B,False,C,6,True,1,0,0,1.1885313962188795
pause-points,6a0185b7a86b0e9f056e3a18,12,car_racing_03,D,full,D,False,B,7,True,1,0,0,-0.49082695884806904
pause-points,6a0185b7a86b0e9f056e3a18,13,car_racing_05,A,full,A,True,A,7,True,1,1,1,0.5313911703231169
pause-points,6a0185b7a86b0e9f056e3a18,15,graduation_party_05,A,full,A,True,A,4,True,1,1,1,0.14197474016266495
pause-points,5a6c9ecfe70ca900017acfb9,8,ypc_05,D,combined,D,False,A,2,True,1,0,0,0.3366829552428909
pause-points,69eca51e4cdaf82e2ded7a9f,9,ypc_06,B,full,B,False,A,1,True,1,0,0,1.2128699231039075
pause-points,69eca51e4cdaf82e2ded7a9f,15,graduation_party_05,A,full,A,True,A,3,True,1,1,1,0.14197474016266495
pause-points,6a0c39b59f6146b344d7ceba,6,ypc_02,D,full,D,True,D,5,True,1,1,1,-0.8072278083534364
pause-points,6a0c39b59f6146b344d7ceba,8,ypc_05,D,full,D,False,A,1,True,1,0,0,0.3366829552428909
pause-points,6a0c39b59f6146b344d7ceba,10,car_racing_01,D,full,D,True,D,1,True,1,1,1,-1.7807688837545659
pause-points,6a0c39b59f6146b344d7ceba,11,car_racing_02,D,full,D,False,C,5,True,1,0,0,1.1885313962188795
pause-points,6a0c39b59f6146b344d7ceba,12,car_racing_03,D,full,D,False,B,9,True,1,0,0,-0.49082695884806904
pause-points,6a0c39b59f6146b344d7ceba,13,car_racing_05,D,full,D,False,A,2,True,1,0,0,0.5313911703231169
pause-points,6a0c39b59f6146b344d7ceba,17,graduation_party_07,D,full,D,False,B,10,True,1,0,0,0.7017608585183145
pause-points,6a0f04f06efd948bd17ca76c,6,ypc_02,B,full,B,False,D,8,True,1,0,0,-0.8072278083534364
pause-points,6a0f04f06efd948bd17ca76c,7,ypc_03,B,full,B,True,B,4,True,1,1,1,0.847792019828484
pause-points,6a0f04f06efd948bd17ca76c,8,ypc_05,D,full,D,False,A,5,True,1,0,0,0.3366829552428909
pause-points,6a0f04f06efd948bd17ca76c,9,ypc_06,B,full,B,False,A,12,True,1,0,0,1.2128699231039075
pause-points,6a0f04f06efd948bd17ca76c,10,car_racing_01,D,full,D,True,D,6,True,1,1,1,-1.7807688837545659
pause-points,6a0f04f06efd948bd17ca76c,11,car_racing_02,D,full,D,False,C,5,True,1,0,0,1.1885313962188795
pause-points,6a0f04f06efd948bd17ca76c,13,car_racing_05,A,full,A,True,A,9,True,1,1,1,0.5313911703231169
pause-points,6a0f04f06efd948bd17ca76c,14,graduation_party_01,B,combined,B,True,B,5,True,1,1,1,-1.5130450880192552
pause-points,6a0f04f06efd948bd17ca76c,15,graduation_party_05,A,full,A,True,A,4,True,1,1,1,0.14197474016266495
pause-points,6a0f04f06efd948bd17ca76c,16,graduation_party_06,D,full,D,True,D,8,True,1,1,1,-0.3691343244229278
pause-points,6a0f04f06efd948bd17ca76c,17,graduation_party_07,D,full,D,False,B,4,True,1,0,0,0.7017608585183145
pause-points,6a04cd59f9b7f1ac48082446,6,ypc_02,D,full,D,True,D,1,True,1,1,1,-0.8072278083534364
pause-points,6a04cd59f9b7f1ac48082446,11,car_racing_02,D,full,D,False,C,1,True,1,0,0,1.1885313962188795
pause-points,6a0e2f70d9e17e0c87420ebf,6,ypc_02,D,full,D,True,D,7,True,1,1,1,-0.8072278083534364
pause-points,6a0e2f70d9e17e0c87420ebf,7,ypc_03,B,full,B,True,B,4,True,1,1,1,0.847792019828484
pause-points,6a0e2f70d9e17e0c87420ebf,8,ypc_05,A,full,A,True,A,6,True,1,1,1,0.3366829552428909
pause-points,6a0e2f70d9e17e0c87420ebf,9,ypc_06,B,full,B,False,A,6,True,1,0,0,1.2128699231039075
pause-points,6a0e2f70d9e17e0c87420ebf,10,car_racing_01,D,full,D,True,D,5,True,1,1,1,-1.7807688837545659
pause-points,6a0e2f70d9e17e0c87420ebf,11,car_racing_02,B,full,B,False,C,4,True,1,0,0,1.1885313962188795
pause-points,6a0e2f70d9e17e0c87420ebf,12,car_racing_03,D,full,D,False,B,8,True,1,0,0,-0.49082695884806904
pause-points,6a0e2f70d9e17e0c87420ebf,13,car_racing_05,A,full,A,True,A,8,True,1,1,1,0.5313911703231169
pause-points,6a0e2f70d9e17e0c87420ebf,14,graduation_party_01,B,full,C,False,B,4,True,0,1,0,-1.5130450880192552
pause-points,6a0e2f70d9e17e0c87420ebf,15,graduation_party_05,A,full,A,True,A,4,True,1,1,1,0.14197474016266495
pause-points,6a0e2f70d9e17e0c87420ebf,16,graduation_party_06,D,full,D,True,D,6,True,1,1,1,-0.3691343244229278
pause-points,6a0e2f70d9e17e0c87420ebf,17,graduation_party_07,B,full,B,True,B,3,True,1,1,1,0.7017608585183145
pause-points,6a0334858f8c934d3d0a11ce,16,graduation_party_06,D,full,D,True,D,5,True,1,1,1,-0.3691343244229278
pause-points,6a0334858f8c934d3d0a11ce,17,graduation_party_07,C,full,D,False,B,3,True,0,0,0,0.7017608585183145
pause-points,677302ad15f7e3d0c1725fef,17,graduation_party_07,D,full,D,False,B,14,True,1,0,0,0.7017608585183145
pause-points,6a1b258ff8d3406f726eea12,7,ypc_03,A,full,D,False,B,7,True,0,0,0,0.847792019828484
pause-points,6a1b258ff8d3406f726eea12,8,ypc_05,D,full,A,True,A,6,True,0,0,1,0.3366829552428909
pause-points,6a1b258ff8d3406f726eea12,9,ypc_06,C,combined,C,False,A,8,True,1,0,0,1.2128699231039075
pause-points,6a1b258ff8d3406f726eea12,15,graduation_party_05,D,combined,D,False,A,4,True,1,0,0,0.14197474016266495
pause-points,666640831e2f8d963f8c528f,7,ypc_03,B,full,B,True,B,11,True,1,1,1,0.847792019828484
pause-points,666640831e2f8d963f8c528f,8,ypc_05,D,full,D,False,A,4,True,1,0,0,0.3366829552428909
pause-points,666640831e2f8d963f8c528f,9,ypc_06,D,full,D,False,A,4,True,1,0,0,1.2128699231039075
pause-points,666640831e2f8d963f8c528f,10,car_racing_01,D,full,D,True,D,3,True,1,1,1,-1.7807688837545659
pause-points,666640831e2f8d963f8c528f,12,car_racing_03,B,combined,B,True,B,14,True,1,1,1,-0.49082695884806904
pause-points,666640831e2f8d963f8c528f,13,car_racing_05,A,full,A,True,A,3,True,1,1,1,0.5313911703231169
pause-points,666640831e2f8d963f8c528f,14,graduation_party_01,B,full,B,True,B,3,True,1,1,1,-1.5130450880192552
pause-points,666640831e2f8d963f8c528f,15,graduation_party_05,D,full,D,False,A,4,True,1,0,0,0.14197474016266495
pause-points,666640831e2f8d963f8c528f,16,graduation_party_06,D,full,D,True,D,8,True,1,1,1,-0.3691343244229278
pause-points,666640831e2f8d963f8c528f,17,graduation_party_07,B,full,B,True,B,7,True,1,1,1,0.7017608585183145
pause-points,5e35408359b1364ee5b596fc,6,ypc_02,D,combined,D,True,D,3,True,1,1,1,-0.8072278083534364
pause-points,5e35408359b1364ee5b596fc,7,ypc_03,C,combined,C,False,B,2,True,1,0,0,0.847792019828484
pause-points,5e35408359b1364ee5b596fc,8,ypc_05,D,combined,D,False,A,2,True,1,0,0,0.3366829552428909
pause-points,5e35408359b1364ee5b596fc,10,car_racing_01,D,full,D,True,D,5,True,1,1,1,-1.7807688837545659
pause-points,5e35408359b1364ee5b596fc,11,car_racing_02,C,full,C,True,C,4,True,1,1,1,1.1885313962188795
pause-points,5e35408359b1364ee5b596fc,12,car_racing_03,D,full,D,False,B,4,True,1,0,0,-0.49082695884806904
pause-points,5e35408359b1364ee5b596fc,15,graduation_party_05,D,combined,D,False,A,4,True,1,0,0,0.14197474016266495
pause-points,5e35408359b1364ee5b596fc,17,graduation_party_07,D,combined,D,False,B,2,True,1,0,0,0.7017608585183145
pause-points,69fe00b34adec4f226d8b9c4,6,ypc_02,D,full,D,True,D,12,True,1,1,1,-0.8072278083534364
pause-points,69fe00b34adec4f226d8b9c4,7,ypc_03,D,full,D,False,B,4,True,1,0,0,0.847792019828484
pause-points,69fe00b34adec4f226d8b9c4,8,ypc_05,A,full,A,True,A,5,True,1,1,1,0.3366829552428909
pause-points,69fe00b34adec4f226d8b9c4,9,ypc_06,C,full,C,False,A,4,True,1,0,0,1.2128699231039075
pause-points,69fe00b34adec4f226d8b9c4,10,car_racing_01,D,full,D,True,D,1,True,1,1,1,-1.7807688837545659
pause-points,69fe00b34adec4f226d8b9c4,12,car_racing_03,B,full,B,True,B,6,True,1,1,1,-0.49082695884806904
pause-points,69fe00b34adec4f226d8b9c4,13,car_racing_05,D,full,D,False,A,6,True,1,0,0,0.5313911703231169
pause-points,69fe00b34adec4f226d8b9c4,14,graduation_party_01,B,full,B,True,B,7,True,1,1,1,-1.5130450880192552
pause-points,69fe00b34adec4f226d8b9c4,15,graduation_party_05,A,full,A,True,A,8,True,1,1,1,0.14197474016266495
pause-points,69fe00b34adec4f226d8b9c4,16,graduation_party_06,D,full,D,True,D,10,True,1,1,1,-0.3691343244229278
pause-points,69fe00b34adec4f226d8b9c4,17,graduation_party_07,D,combined,D,False,B,7,True,1,0,0,0.7017608585183145
pause-points,664f594f41a618628b969bdf,10,car_racing_01,D,combined,D,True,D,2,True,1,1,1,-1.7807688837545659
pause-points,5c158ec0c6b01c0001bcfa72,6,ypc_02,D,full,D,True,D,7,True,1,1,1,-0.8072278083534364
pause-points,5c158ec0c6b01c0001bcfa72,7,ypc_03,C,full,C,False,B,5,True,1,0,0,0.847792019828484
pause-points,5c158ec0c6b01c0001bcfa72,8,ypc_05,C,full,C,False,A,4,True,1,0,0,0.3366829552428909
pause-points,5c158ec0c6b01c0001bcfa72,9,ypc_06,C,full,C,False,A,5,True,1,0,0,1.2128699231039075
pause-points,5c158ec0c6b01c0001bcfa72,13,car_racing_05,D,full,D,False,A,6,True,1,0,0,0.5313911703231169
pause-points,6a0f8efb0cc2316c82861f4b,6,ypc_02,B,full,B,False,D,1,True,1,0,0,-0.8072278083534364
pause-points,6a0f8efb0cc2316c82861f4b,14,graduation_party_01,D,full,D,False,B,2,True,1,0,0,-1.5130450880192552
pause-points,646e53ef6c1dac9a13cd2985,8,ypc_05,A,combined,A,True,A,2,True,1,1,1,0.3366829552428909
pause-points,646e53ef6c1dac9a13cd2985,9,ypc_06,A,full,A,True,A,5,True,1,1,1,1.2128699231039075
pause-points,646e53ef6c1dac9a13cd2985,10,car_racing_01,D,full,D,True,D,9,True,1,1,1,-1.7807688837545659
pause-points,646e53ef6c1dac9a13cd2985,12,car_racing_03,B,full,B,True,B,4,True,1,1,1,-0.49082695884806904
pause-points,6a2517dadd6e85c29e03e6f7,15,graduation_party_05,D,full,C,False,A,3,True,0,0,0,0.14197474016266495
pause-points,66a0d2b35975ab1d10e81ebb,7,ypc_03,B,combined,B,True,B,2,True,1,1,1,0.847792019828484
pause-points,66a0d2b35975ab1d10e81ebb,10,car_racing_01,D,combined,D,True,D,2,True,1,1,1,-1.7807688837545659
pause-points,66a0d2b35975ab1d10e81ebb,11,car_racing_02,D,full,D,False,C,4,True,1,0,0,1.1885313962188795
pause-points,66a0d2b35975ab1d10e81ebb,12,car_racing_03,D,full,D,False,B,4,True,1,0,0,-0.49082695884806904
pause-points,66a0d2b35975ab1d10e81ebb,13,car_racing_05,D,full,D,False,A,3,True,1,0,0,0.5313911703231169
pause-points,66a0d2b35975ab1d10e81ebb,14,graduation_party_01,D,combined,D,False,B,7,True,1,0,0,-1.5130450880192552
pause-points,66a0d2b35975ab1d10e81ebb,15,graduation_party_05,A,combined,A,True,A,3,True,1,1,1,0.14197474016266495
pause-points,66a0d2b35975ab1d10e81ebb,16,graduation_party_06,D,full,D,True,D,4,True,1,1,1,-0.3691343244229278
pause-points,66a0d2b35975ab1d10e81ebb,17,graduation_party_07,A,combined,A,False,B,3,True,1,0,0,0.7017608585183145
pause-points,59b187d0834a170001d607bf,6,ypc_02,B,full,B,False,D,5,True,1,0,0,-0.8072278083534364
pause-points,59b187d0834a170001d607bf,7,ypc_03,D,full,D,False,B,4,True,1,0,0,0.847792019828484
pause-points,59b187d0834a170001d607bf,9,ypc_06,C,full,C,False,A,4,True,1,0,0,1.2128699231039075
pause-points,59b187d0834a170001d607bf,10,car_racing_01,D,full,D,True,D,3,True,1,1,1,-1.7807688837545659
pause-points,59b187d0834a170001d607bf,12,car_racing_03,B,full,B,True,B,5,True,1,1,1,-0.49082695884806904
pause-points,59b187d0834a170001d607bf,13,car_racing_05,D,full,D,False,A,8,True,1,0,0,0.5313911703231169
pause-points,59b187d0834a170001d607bf,15,graduation_party_05,A,full,A,True,A,3,True,1,1,1,0.14197474016266495
pause-points,59b187d0834a170001d607bf,16,graduation_party_06,D,full,D,True,D,5,True,1,1,1,-0.3691343244229278
pause-points,59b187d0834a170001d607bf,17,graduation_party_07,D,full,D,False,B,5,True,1,0,0,0.7017608585183145
pause-points,6a0caace452f725a5d494df4,9,ypc_06,D,full,C,False,A,3,True,0,0,0,1.2128699231039075
pause-points,6a0caace452f725a5d494df4,10,car_racing_01,B,full,B,False,D,3,True,1,0,0,-1.7807688837545659
pause-points,6a0caace452f725a5d494df4,17,graduation_party_07,B,full,B,True,B,1,True,1,1,1,0.7017608585183145
pause-points,609911e00dd4843e39cb88ac,6,ypc_02,D,combined,D,True,D,3,True,1,1,1,-0.8072278083534364
pause-points,609911e00dd4843e39cb88ac,7,ypc_03,B,combined,B,True,B,3,True,1,1,1,0.847792019828484
pause-points,609911e00dd4843e39cb88ac,8,ypc_05,D,combined,D,False,A,3,True,1,0,0,0.3366829552428909
pause-points,609911e00dd4843e39cb88ac,10,car_racing_01,D,combined,D,True,D,3,True,1,1,1,-1.7807688837545659
pause-points,609911e00dd4843e39cb88ac,11,car_racing_02,B,combined,B,False,C,4,True,1,0,0,1.1885313962188795
pause-points,609911e00dd4843e39cb88ac,12,car_racing_03,B,combined,B,True,B,3,True,1,1,1,-0.49082695884806904
pause-points,609911e00dd4843e39cb88ac,13,car_racing_05,D,combined,D,False,A,3,True,1,0,0,0.5313911703231169
pause-points,609911e00dd4843e39cb88ac,14,graduation_party_01,B,full,B,True,B,7,True,1,1,1,-1.5130450880192552
pause-points,609911e00dd4843e39cb88ac,15,graduation_party_05,D,full,D,False,A,8,True,1,0,0,0.14197474016266495
pause-points,609911e00dd4843e39cb88ac,16,graduation_party_06,D,full,D,True,D,5,True,1,1,1,-0.3691343244229278
pause-points,609911e00dd4843e39cb88ac,17,graduation_party_07,B,full,B,True,B,9,True,1,1,1,0.7017608585183145
pause-points,5b9ca13a06114100010699b8,6,ypc_02,D,full,D,True,D,4,True,1,1,1,-0.8072278083534364
pause-points,5b9ca13a06114100010699b8,7,ypc_03,A,full,A,False,B,7,True,1,0,0,0.847792019828484
pause-points,5b9ca13a06114100010699b8,8,ypc_05,D,full,D,False,A,7,True,1,0,0,0.3366829552428909
pause-points,5b9ca13a06114100010699b8,10,car_racing_01,A,full,A,False,D,4,True,1,0,0,-1.7807688837545659
pause-points,5b9ca13a06114100010699b8,11,car_racing_02,B,full,B,False,C,4,True,1,0,0,1.1885313962188795
pause-points,6a05d361e5c107c390a6e223,6,ypc_02,D,full,D,True,D,5,True,1,1,1,-0.8072278083534364
pause-points,6a05d361e5c107c390a6e223,7,ypc_03,B,full,B,True,B,5,True,1,1,1,0.847792019828484
pause-points,6a05d361e5c107c390a6e223,8,ypc_05,D,full,D,False,A,4,True,1,0,0,0.3366829552428909
pause-points,6a05d361e5c107c390a6e223,9,ypc_06,B,full,B,False,A,8,True,1,0,0,1.2128699231039075
pause-points,6a05d361e5c107c390a6e223,12,car_racing_03,B,full,B,True,B,1,True,1,1,1,-0.49082695884806904
pause-points,6a05d361e5c107c390a6e223,13,car_racing_05,D,full,D,False,A,4,True,1,0,0,0.5313911703231169
pause-points,6a05d361e5c107c390a6e223,14,graduation_party_01,C,full,C,False,B,4,True,1,0,0,-1.5130450880192552
pause-points,6a05d361e5c107c390a6e223,17,graduation_party_07,D,full,D,False,B,6,True,1,0,0,0.7017608585183145
pause-points,69e941fec7b56938303e7a3e,6,ypc_02,D,full,D,True,D,5,True,1,1,1,-0.8072278083534364
pause-points,69e941fec7b56938303e7a3e,7,ypc_03,B,full,B,True,B,7,True,1,1,1,0.847792019828484
pause-points,69e941fec7b56938303e7a3e,8,ypc_05,A,full,A,True,A,7,True,1,1,1,0.3366829552428909
pause-points,69e941fec7b56938303e7a3e,9,ypc_06,B,full,B,False,A,5,True,1,0,0,1.2128699231039075
pause-points,69e941fec7b56938303e7a3e,12,car_racing_03,B,full,B,True,B,5,True,1,1,1,-0.49082695884806904
pause-points,69e941fec7b56938303e7a3e,13,car_racing_05,D,full,D,False,A,5,True,1,0,0,0.5313911703231169
pause-points,69e941fec7b56938303e7a3e,14,graduation_party_01,D,full,D,False,B,14,True,1,0,0,-1.5130450880192552
pause-points,69e941fec7b56938303e7a3e,15,graduation_party_05,D,full,D,False,A,5,True,1,0,0,0.14197474016266495
pause-points,69e941fec7b56938303e7a3e,16,graduation_party_06,D,full,D,True,D,15,True,1,1,1,-0.3691343244229278
pause-points,69e941fec7b56938303e7a3e,17,graduation_party_07,A,full,A,False,B,8,True,1,0,0,0.7017608585183145
pause-points,628f7669ee68aabf3930123b,6,ypc_02,D,combined,D,True,D,4,True,1,1,1,-0.8072278083534364
pause-points,628f7669ee68aabf3930123b,7,ypc_03,D,full,D,False,B,1,True,1,0,0,0.847792019828484
pause-points,628f7669ee68aabf3930123b,8,ypc_05,D,full,D,False,A,5,True,1,0,0,0.3366829552428909
pause-points,628f7669ee68aabf3930123b,9,ypc_06,B,full,B,False,A,7,True,1,0,0,1.2128699231039075
pause-points,628f7669ee68aabf3930123b,10,car_racing_01,D,full,D,True,D,4,True,1,1,1,-1.7807688837545659
pause-points,628f7669ee68aabf3930123b,11,car_racing_02,D,full,D,False,C,8,True,1,0,0,1.1885313962188795
pause-points,628f7669ee68aabf3930123b,12,car_racing_03,B,full,B,True,B,3,True,1,1,1,-0.49082695884806904
pause-points,628f7669ee68aabf3930123b,13,car_racing_05,C,full,C,False,A,4,True,1,0,0,0.5313911703231169
pause-points,628f7669ee68aabf3930123b,14,graduation_party_01,B,full,B,True,B,3,True,1,1,1,-1.5130450880192552
pause-points,628f7669ee68aabf3930123b,15,graduation_party_05,A,combined,A,True,A,4,True,1,1,1,0.14197474016266495
pause-points,628f7669ee68aabf3930123b,16,graduation_party_06,D,full,D,True,D,12,True,1,1,1,-0.3691343244229278
pause-points,628f7669ee68aabf3930123b,17,graduation_party_07,B,combined,B,True,B,5,True,1,1,1,0.7017608585183145
pause-points,65107641138d7e50e2a290d0,6,ypc_02,B,full,A,False,D,6,True,0,0,0,-0.8072278083534364
pause-points,65107641138d7e50e2a290d0,7,ypc_03,A,full,A,False,B,7,True,1,0,0,0.847792019828484
pause-points,65107641138d7e50e2a290d0,8,ypc_05,A,full,A,True,A,9,True,1,1,1,0.3366829552428909
pause-points,65107641138d7e50e2a290d0,9,ypc_06,B,full,B,False,A,6,True,1,0,0,1.2128699231039075
pause-points,65107641138d7e50e2a290d0,10,car_racing_01,A,full,A,False,D,6,True,1,0,0,-1.7807688837545659
pause-points,65107641138d7e50e2a290d0,11,car_racing_02,B,full,B,False,C,4,True,1,0,0,1.1885313962188795
pause-points,65107641138d7e50e2a290d0,12,car_racing_03,B,full,B,True,B,5,True,1,1,1,-0.49082695884806904
pause-points,65107641138d7e50e2a290d0,13,car_racing_05,A,full,A,True,A,5,True,1,1,1,0.5313911703231169
pause-points,65107641138d7e50e2a290d0,14,graduation_party_01,B,full,B,True,B,9,True,1,1,1,-1.5130450880192552
pause-points,65107641138d7e50e2a290d0,15,graduation_party_05,D,full,D,False,A,6,True,1,0,0,0.14197474016266495
pause-points,65107641138d7e50e2a290d0,16,graduation_party_06,B,full,B,False,D,8,True,1,0,0,-0.3691343244229278
pause-points,65107641138d7e50e2a290d0,17,graduation_party_07,A,full,A,False,B,5,True,1,0,0,0.7017608585183145
pause-points,6a034f612dd48f90f2baee7a,6,ypc_02,D,full,D,True,D,7,True,1,1,1,-0.8072278083534364
pause-points,6a034f612dd48f90f2baee7a,7,ypc_03,C,full,C,False,B,5,True,1,0,0,0.847792019828484
pause-points,6a034f612dd48f90f2baee7a,8,ypc_05,D,full,D,False,A,5,True,1,0,0,0.3366829552428909
pause-points,6a034f612dd48f90f2baee7a,9,ypc_06,D,full,C,False,A,4,True,0,0,0,1.2128699231039075
pause-points,6a034f612dd48f90f2baee7a,13,car_racing_05,D,full,D,False,A,5,True,1,0,0,0.5313911703231169
pause-points,6a034f612dd48f90f2baee7a,15,graduation_party_05,A,full,A,True,A,3,True,1,1,1,0.14197474016266495
pause-points,6a034f612dd48f90f2baee7a,16,graduation_party_06,D,full,D,True,D,4,True,1,1,1,-0.3691343244229278
pause-points,6a034f612dd48f90f2baee7a,17,graduation_party_07,D,full,D,False,B,6,True,1,0,0,0.7017608585183145
pause-points,663882a6e24bdb7389a2a9cf,13,car_racing_05,A,combined,A,True,A,2,True,1,1,1,0.5313911703231169
pause-points,673b694b8d15e20276e3ce1a,11,car_racing_02,D,full,B,False,C,2,True,0,0,0,1.1885313962188795
pause-points,673b694b8d15e20276e3ce1a,12,car_racing_03,C,full,C,False,B,2,True,1,0,0,-0.49082695884806904
pause-points,67d18f41f2533fd38b55a10f,10,car_racing_01,D,full,A,False,D,2,True,0,1,0,-1.7807688837545659
pause-points,67d18f41f2533fd38b55a10f,11,car_racing_02,D,full,C,True,C,2,True,0,0,1,1.1885313962188795
pause-points,67d18f41f2533fd38b55a10f,12,car_racing_03,C,full,B,True,B,2,True,0,0,1,-0.49082695884806904
pause-points,67d18f41f2533fd38b55a10f,16,graduation_party_06,B,full,A,False,D,1,True,0,0,0,-0.3691343244229278
pause-points,67d18f41f2533fd38b55a10f,17,graduation_party_07,B,full,C,False,B,1,True,0,1,0,0.7017608585183145
pause-points,69ec7a8369d0eaa4a16a121c,6,ypc_02,D,combined,D,True,D,2,True,1,1,1,-0.8072278083534364
pause-points,69ec7a8369d0eaa4a16a121c,7,ypc_03,D,combined,D,False,B,2,True,1,0,0,0.847792019828484
pause-points,69ec7a8369d0eaa4a16a121c,8,ypc_05,A,combined,A,True,A,3,True,1,1,1,0.3366829552428909
pause-points,69ec7a8369d0eaa4a16a121c,10,car_racing_01,D,combined,D,True,D,2,True,1,1,1,-1.7807688837545659
pause-points,69ec7a8369d0eaa4a16a121c,11,car_racing_02,D,combined,D,False,C,2,True,1,0,0,1.1885313962188795
pause-points,69ec7a8369d0eaa4a16a121c,12,car_racing_03,B,combined,B,True,B,2,True,1,1,1,-0.49082695884806904
pause-points,69ec7a8369d0eaa4a16a121c,13,car_racing_05,D,combined,D,False,A,3,True,1,0,0,0.5313911703231169
pause-points,69ec7a8369d0eaa4a16a121c,14,graduation_party_01,D,combined,D,False,B,3,True,1,0,0,-1.5130450880192552
pause-points,69ec7a8369d0eaa4a16a121c,15,graduation_party_05,D,combined,D,False,A,2,True,1,0,0,0.14197474016266495
pause-points,69ec7a8369d0eaa4a16a121c,16,graduation_party_06,D,full,D,True,D,6,True,1,1,1,-0.3691343244229278
pause-points,5d131f87906ece001a15fb92,6,ypc_02,D,combined,D,True,D,2,True,1,1,1,-0.8072278083534364
pause-points,5d131f87906ece001a15fb92,7,ypc_03,D,combined,D,False,B,4,True,1,0,0,0.847792019828484
pause-points,5d131f87906ece001a15fb92,8,ypc_05,A,combined,A,True,A,2,True,1,1,1,0.3366829552428909
pause-points,5d131f87906ece001a15fb92,9,ypc_06,C,combined,C,False,A,3,True,1,0,0,1.2128699231039075
pause-points,5d131f87906ece001a15fb92,14,graduation_party_01,C,combined,C,False,B,2,True,1,0,0,-1.5130450880192552
pause-points,5d131f87906ece001a15fb92,15,graduation_party_05,D,combined,D,False,A,3,True,1,0,0,0.14197474016266495
pause-points,5d131f87906ece001a15fb92,16,graduation_party_06,B,combined,B,False,D,3,True,1,0,0,-0.3691343244229278
pause-points,5d131f87906ece001a15fb92,17,graduation_party_07,D,combined,D,False,B,4,True,1,0,0,0.7017608585183145
pause-points,69fc826bd8e65c7cf15b35a7,6,ypc_02,A,full,A,False,D,4,True,1,0,0,-0.8072278083534364
pause-points,69fc826bd8e65c7cf15b35a7,7,ypc_03,A,full,A,False,B,4,True,1,0,0,0.847792019828484
pause-points,69fc826bd8e65c7cf15b35a7,8,ypc_05,A,full,A,True,A,5,True,1,1,1,0.3366829552428909
pause-points,69fc826bd8e65c7cf15b35a7,9,ypc_06,B,full,B,False,A,4,True,1,0,0,1.2128699231039075
pause-points,69fc826bd8e65c7cf15b35a7,11,car_racing_02,D,full,D,False,C,4,True,1,0,0,1.1885313962188795
pause-points,69fc826bd8e65c7cf15b35a7,12,car_racing_03,B,full,B,True,B,4,True,1,1,1,-0.49082695884806904
pause-points,69fc826bd8e65c7cf15b35a7,13,car_racing_05,A,full,A,True,A,4,True,1,1,1,0.5313911703231169
pause-points,69fc826bd8e65c7cf15b35a7,14,graduation_party_01,B,full,B,True,B,5,True,1,1,1,-1.5130450880192552
pause-points,69fc826bd8e65c7cf15b35a7,15,graduation_party_05,A,full,A,True,A,4,True,1,1,1,0.14197474016266495
pause-points,69fc826bd8e65c7cf15b35a7,16,graduation_party_06,B,full,B,False,D,4,True,1,0,0,-0.3691343244229278
pause-points,69fc826bd8e65c7cf15b35a7,17,graduation_party_07,B,full,B,True,B,4,True,1,1,1,0.7017608585183145
pause-points,5f62904e937bc130e1d9faaa,7,ypc_03,D,full,D,False,B,13,True,1,0,0,0.847792019828484
pause-points,5f62904e937bc130e1d9faaa,8,ypc_05,D,full,D,False,A,6,True,1,0,0,0.3366829552428909
pause-points,5f62904e937bc130e1d9faaa,9,ypc_06,D,full,D,False,A,12,True,1,0,0,1.2128699231039075
pause-points,5f62904e937bc130e1d9faaa,11,car_racing_02,D,full,D,False,C,5,True,1,0,0,1.1885313962188795
pause-points,5f62904e937bc130e1d9faaa,12,car_racing_03,D,full,D,False,B,7,True,1,0,0,-0.49082695884806904
pause-points,5f62904e937bc130e1d9faaa,14,graduation_party_01,B,full,B,True,B,6,True,1,1,1,-1.5130450880192552
pause-points,5f62904e937bc130e1d9faaa,15,graduation_party_05,D,full,D,False,A,14,True,1,0,0,0.14197474016266495
pause-points,5f62904e937bc130e1d9faaa,16,graduation_party_06,D,full,D,True,D,7,True,1,1,1,-0.3691343244229278
pause-points,5f62904e937bc130e1d9faaa,17,graduation_party_07,D,full,D,False,B,6,True,1,0,0,0.7017608585183145
pause-points,6694f651114152694e96d7c4,15,graduation_party_05,B,full,D,False,A,2,True,0,0,0,0.14197474016266495
pause-points,6694f651114152694e96d7c4,17,graduation_party_07,D,full,A,False,B,2,True,0,0,0,0.7017608585183145
pause-points,5b5f15f2fc072a00017da73d,6,ypc_02,D,full,D,True,D,4,True,1,1,1,-0.8072278083534364
pause-points,5b5f15f2fc072a00017da73d,7,ypc_03,A,full,D,False,B,6,True,0,0,0,0.847792019828484
pause-points,5b5f15f2fc072a00017da73d,8,ypc_05,D,full,D,False,A,4,True,1,0,0,0.3366829552428909
pause-points,5b5f15f2fc072a00017da73d,9,ypc_06,B,full,B,False,A,3,True,1,0,0,1.2128699231039075
pause-points,5b5f15f2fc072a00017da73d,10,car_racing_01,D,full,D,True,D,5,True,1,1,1,-1.7807688837545659
pause-points,5b5f15f2fc072a00017da73d,11,car_racing_02,D,full,B,False,C,8,True,0,0,0,1.1885313962188795
pause-points,5b5f15f2fc072a00017da73d,12,car_racing_03,B,full,D,False,B,12,True,0,1,0,-0.49082695884806904
pause-points,5b5f15f2fc072a00017da73d,14,graduation_party_01,B,full,B,True,B,8,True,1,1,1,-1.5130450880192552
pause-points,5b5f15f2fc072a00017da73d,16,graduation_party_06,D,full,D,True,D,3,True,1,1,1,-0.3691343244229278
pause-points,5b5f15f2fc072a00017da73d,17,graduation_party_07,B,full,B,True,B,9,True,1,1,1,0.7017608585183145
pause-points,62b437a2dbff0b6b3d0121e4,6,ypc_02,D,full,D,True,D,5,True,1,1,1,-0.8072278083534364
pause-points,62b437a2dbff0b6b3d0121e4,7,ypc_03,A,full,A,False,B,4,True,1,0,0,0.847792019828484
pause-points,62b437a2dbff0b6b3d0121e4,8,ypc_05,D,full,D,False,A,4,True,1,0,0,0.3366829552428909
pause-points,62b437a2dbff0b6b3d0121e4,9,ypc_06,B,full,B,False,A,5,True,1,0,0,1.2128699231039075
pause-points,62b437a2dbff0b6b3d0121e4,10,car_racing_01,A,full,A,False,D,5,True,1,0,0,-1.7807688837545659
pause-points,62b437a2dbff0b6b3d0121e4,11,car_racing_02,B,full,B,False,C,2,True,1,0,0,1.1885313962188795
pause-points,62b437a2dbff0b6b3d0121e4,12,car_racing_03,B,full,B,True,B,2,True,1,1,1,-0.49082695884806904
pause-points,62b437a2dbff0b6b3d0121e4,13,car_racing_05,A,full,A,True,A,8,True,1,1,1,0.5313911703231169
pause-points,62b437a2dbff0b6b3d0121e4,14,graduation_party_01,B,full,B,True,B,4,True,1,1,1,-1.5130450880192552
pause-points,62b437a2dbff0b6b3d0121e4,15,graduation_party_05,A,combined,A,True,A,5,True,1,1,1,0.14197474016266495
pause-points,62b437a2dbff0b6b3d0121e4,16,graduation_party_06,D,full,D,True,D,4,True,1,1,1,-0.3691343244229278
pause-points,62b437a2dbff0b6b3d0121e4,17,graduation_party_07,C,full,C,False,B,8,True,1,0,0,0.7017608585183145
pause-points,66b65559efe3c1a9537ffdbc,8,ypc_05,B,combined,A,True,A,13,True,0,0,1,0.3366829552428909
pause-points,66b65559efe3c1a9537ffdbc,9,ypc_06,B,full,D,False,A,19,True,0,0,0,1.2128699231039075
reflection-task,69ff99e1cd9b013439f9530d,6,ypc_02,D,full,D,True,D,4,True,1,1,1,-0.8072278083534364
reflection-task,69ff99e1cd9b013439f9530d,8,ypc_03,D,full,D,False,B,3,True,1,0,0,0.847792019828484
reflection-task,69ff99e1cd9b013439f9530d,10,ypc_05,D,full,D,False,A,3,True,1,0,0,0.3366829552428909
reflection-task,69ff99e1cd9b013439f9530d,12,ypc_06,A,full,A,True,A,4,True,1,1,1,1.2128699231039075
reflection-task,69ff99e1cd9b013439f9530d,14,car_racing_01,D,full,D,True,D,3,True,1,1,1,-1.7807688837545659
reflection-task,69ff99e1cd9b013439f9530d,16,car_racing_02,B,full,B,False,C,4,True,1,0,0,1.1885313962188795
reflection-task,69ff99e1cd9b013439f9530d,18,car_racing_03,D,full,D,False,B,3,True,1,0,0,-0.49082695884806904
reflection-task,69ff99e1cd9b013439f9530d,20,car_racing_05,C,full,C,False,A,3,True,1,0,0,0.5313911703231169
reflection-task,69ff99e1cd9b013439f9530d,22,graduation_party_01,B,full,B,True,B,3,True,1,1,1,-1.5130450880192552
reflection-task,69ff99e1cd9b013439f9530d,24,graduation_party_05,A,full,A,True,A,5,True,1,1,1,0.14197474016266495
reflection-task,69ff99e1cd9b013439f9530d,26,graduation_party_06,D,full,D,True,D,3,True,1,1,1,-0.3691343244229278
reflection-task,69ff99e1cd9b013439f9530d,28,graduation_party_07,D,full,D,False,B,5,True,1,0,0,0.7017608585183145
reflection-task,5dcfaad2dd9a740c2493fc28,6,ypc_02,D,full,D,True,D,3,True,1,1,1,-0.8072278083534364
reflection-task,5dcfaad2dd9a740c2493fc28,8,ypc_03,A,full,A,False,B,3,True,1,0,0,0.847792019828484
reflection-task,5dcfaad2dd9a740c2493fc28,10,ypc_05,A,full,A,True,A,1,True,1,1,1,0.3366829552428909
reflection-task,5dcfaad2dd9a740c2493fc28,12,ypc_06,C,full,C,False,A,1,True,1,0,0,1.2128699231039075
reflection-task,5dcfaad2dd9a740c2493fc28,14,car_racing_01,D,full,D,True,D,3,True,1,1,1,-1.7807688837545659
reflection-task,5dcfaad2dd9a740c2493fc28,16,car_racing_02,B,full,B,False,C,2,True,1,0,0,1.1885313962188795
reflection-task,5dcfaad2dd9a740c2493fc28,18,car_racing_03,D,full,D,False,B,3,True,1,0,0,-0.49082695884806904
reflection-task,5dcfaad2dd9a740c2493fc28,20,car_racing_05,A,full,A,True,A,3,True,1,1,1,0.5313911703231169
reflection-task,5dcfaad2dd9a740c2493fc28,22,graduation_party_01,B,full,B,True,B,1,True,1,1,1,-1.5130450880192552
reflection-task,5dcfaad2dd9a740c2493fc28,24,graduation_party_05,A,full,A,True,A,4,True,1,1,1,0.14197474016266495
reflection-task,5dcfaad2dd9a740c2493fc28,26,graduation_party_06,D,full,D,True,D,1,True,1,1,1,-0.3691343244229278
reflection-task,5dcfaad2dd9a740c2493fc28,28,graduation_party_07,D,full,D,False,B,1,True,1,0,0,0.7017608585183145
reflection-task,5c6e60b04e08ad00018cc995,24,graduation_party_05,D,full,D,False,A,4,True,1,0,0,0.14197474016266495
reflection-task,5c6e60b04e08ad00018cc995,28,graduation_party_07,B,full,A,False,B,3,True,0,1,0,0.7017608585183145
reflection-task,6a43ebbf2ae2c486a86a665b,6,ypc_02,D,full,D,True,D,2,True,1,1,1,-0.8072278083534364
reflection-task,6a43ebbf2ae2c486a86a665b,8,ypc_03,D,full,D,False,B,1,True,1,0,0,0.847792019828484
reflection-task,6a43ebbf2ae2c486a86a665b,10,ypc_05,A,full,A,True,A,1,True,1,1,1,0.3366829552428909
reflection-task,6a43ebbf2ae2c486a86a665b,12,ypc_06,D,full,D,False,A,1,True,1,0,0,1.2128699231039075
reflection-task,6a43ebbf2ae2c486a86a665b,14,car_racing_01,D,full,D,True,D,1,True,1,1,1,-1.7807688837545659
reflection-task,6a43ebbf2ae2c486a86a665b,16,car_racing_02,C,full,C,True,C,1,True,1,1,1,1.1885313962188795
reflection-task,6a43ebbf2ae2c486a86a665b,18,car_racing_03,B,full,B,True,B,1,True,1,1,1,-0.49082695884806904
reflection-task,6a43ebbf2ae2c486a86a665b,20,car_racing_05,C,full,C,False,A,1,True,1,0,0,0.5313911703231169
reflection-task,6a43ebbf2ae2c486a86a665b,24,graduation_party_05,D,full,D,False,A,1,True,1,0,0,0.14197474016266495
reflection-task,6a43ebbf2ae2c486a86a665b,26,graduation_party_06,D,full,D,True,D,1,True,1,1,1,-0.3691343244229278
reflection-task,6a43ebbf2ae2c486a86a665b,28,graduation_party_07,B,full,B,True,B,1,True,1,1,1,0.7017608585183145
reflection-task,6a256986c630c70c37dade5d,6,ypc_02,D,full,D,True,D,3,True,1,1,1,-0.8072278083534364
reflection-task,6a256986c630c70c37dade5d,8,ypc_03,A,full,D,False,B,3,True,0,0,0,0.847792019828484
reflection-task,6a256986c630c70c37dade5d,10,ypc_05,D,full,D,False,A,1,True,1,0,0,0.3366829552428909
reflection-task,6a256986c630c70c37dade5d,12,ypc_06,D,full,D,False,A,3,True,1,0,0,1.2128699231039075
reflection-task,6a256986c630c70c37dade5d,14,car_racing_01,D,full,D,True,D,2,True,1,1,1,-1.7807688837545659
reflection-task,6a256986c630c70c37dade5d,16,car_racing_02,B,full,B,False,C,2,True,1,0,0,1.1885313962188795
reflection-task,6a256986c630c70c37dade5d,18,car_racing_03,B,full,B,True,B,3,True,1,1,1,-0.49082695884806904
reflection-task,6a256986c630c70c37dade5d,20,car_racing_05,D,full,D,False,A,3,True,1,0,0,0.5313911703231169
reflection-task,6a256986c630c70c37dade5d,22,graduation_party_01,B,full,B,True,B,5,True,1,1,1,-1.5130450880192552
reflection-task,6a256986c630c70c37dade5d,24,graduation_party_05,A,full,A,True,A,3,True,1,1,1,0.14197474016266495
reflection-task,6a256986c630c70c37dade5d,26,graduation_party_06,D,full,D,True,D,2,True,1,1,1,-0.3691343244229278
reflection-task,6a256986c630c70c37dade5d,28,graduation_party_07,D,full,D,False,B,3,True,1,0,0,0.7017608585183145
reflection-task,676053613a0bc18718ea31c1,6,ypc_02,D,full,D,True,D,2,True,1,1,1,-0.8072278083534364
reflection-task,676053613a0bc18718ea31c1,8,ypc_03,C,full,C,False,B,2,True,1,0,0,0.847792019828484
reflection-task,676053613a0bc18718ea31c1,10,ypc_05,D,full,D,False,A,2,True,1,0,0,0.3366829552428909
reflection-task,676053613a0bc18718ea31c1,12,ypc_06,A,full,A,True,A,2,True,1,1,1,1.2128699231039075
reflection-task,676053613a0bc18718ea31c1,14,car_racing_01,D,full,D,True,D,2,True,1,1,1,-1.7807688837545659
reflection-task,676053613a0bc18718ea31c1,16,car_racing_02,C,full,C,True,C,2,True,1,1,1,1.1885313962188795
reflection-task,676053613a0bc18718ea31c1,18,car_racing_03,D,full,D,False,B,2,True,1,0,0,-0.49082695884806904
reflection-task,676053613a0bc18718ea31c1,20,car_racing_05,A,full,A,True,A,2,True,1,1,1,0.5313911703231169
reflection-task,676053613a0bc18718ea31c1,22,graduation_party_01,B,full,B,True,B,2,True,1,1,1,-1.5130450880192552
reflection-task,676053613a0bc18718ea31c1,24,graduation_party_05,D,full,D,False,A,2,True,1,0,0,0.14197474016266495
reflection-task,676053613a0bc18718ea31c1,26,graduation_party_06,B,full,B,False,D,2,True,1,0,0,-0.3691343244229278
reflection-task,676053613a0bc18718ea31c1,28,graduation_party_07,B,full,B,True,B,2,True,1,1,1,0.7017608585183145
reflection-task,5adc587be0feeb0001ca9d0a,6,ypc_02,D,full,D,True,D,2,True,1,1,1,-0.8072278083534364
reflection-task,5adc587be0feeb0001ca9d0a,8,ypc_03,A,full,A,False,B,1,True,1,0,0,0.847792019828484
reflection-task,5adc587be0feeb0001ca9d0a,10,ypc_05,D,full,D,False,A,2,True,1,0,0,0.3366829552428909
reflection-task,5adc587be0feeb0001ca9d0a,12,ypc_06,C,full,C,False,A,2,True,1,0,0,1.2128699231039075
reflection-task,5adc587be0feeb0001ca9d0a,14,car_racing_01,D,full,B,False,D,7,True,0,1,0,-1.7807688837545659
reflection-task,5adc587be0feeb0001ca9d0a,16,car_racing_02,B,full,B,False,C,2,True,1,0,0,1.1885313962188795
reflection-task,5adc587be0feeb0001ca9d0a,20,car_racing_05,A,full,A,True,A,2,True,1,1,1,0.5313911703231169
reflection-task,5adc587be0feeb0001ca9d0a,24,graduation_party_05,A,combined,A,True,A,5,True,1,1,1,0.14197474016266495
reflection-task,5adc587be0feeb0001ca9d0a,28,graduation_party_07,B,full,B,True,B,3,True,1,1,1,0.7017608585183145
reflection-task,663ba23f097e7f91190f09f4,6,ypc_02,D,full,D,True,D,1,True,1,1,1,-0.8072278083534364
reflection-task,663ba23f097e7f91190f09f4,8,ypc_03,C,full,C,False,B,1,True,1,0,0,0.847792019828484
reflection-task,663ba23f097e7f91190f09f4,10,ypc_05,A,full,A,True,A,1,True,1,1,1,0.3366829552428909
reflection-task,663ba23f097e7f91190f09f4,12,ypc_06,C,full,C,False,A,1,True,1,0,0,1.2128699231039075
reflection-task,663ba23f097e7f91190f09f4,14,car_racing_01,D,full,D,True,D,1,True,1,1,1,-1.7807688837545659
reflection-task,663ba23f097e7f91190f09f4,16,car_racing_02,B,full,B,False,C,3,True,1,0,0,1.1885313962188795
reflection-task,663ba23f097e7f91190f09f4,18,car_racing_03,B,full,B,True,B,2,True,1,1,1,-0.49082695884806904
reflection-task,663ba23f097e7f91190f09f4,20,car_racing_05,D,full,D,False,A,2,True,1,0,0,0.5313911703231169
reflection-task,663ba23f097e7f91190f09f4,22,graduation_party_01,B,full,B,True,B,1,True,1,1,1,-1.5130450880192552
reflection-task,663ba23f097e7f91190f09f4,24,graduation_party_05,C,full,C,False,A,1,True,1,0,0,0.14197474016266495
reflection-task,663ba23f097e7f91190f09f4,26,graduation_party_06,A,full,A,False,D,1,True,1,0,0,-0.3691343244229278
reflection-task,663ba23f097e7f91190f09f4,28,graduation_party_07,D,full,D,False,B,1,True,1,0,0,0.7017608585183145
reflection-task,576fc3462984e70001a97fc3,6,ypc_02,D,full,D,True,D,3,True,1,1,1,-0.8072278083534364
reflection-task,576fc3462984e70001a97fc3,8,ypc_03,A,full,A,False,B,1,True,1,0,0,0.847792019828484
reflection-task,576fc3462984e70001a97fc3,10,ypc_05,D,combined,D,False,A,3,True,1,0,0,0.3366829552428909
reflection-task,576fc3462984e70001a97fc3,12,ypc_06,A,full,A,True,A,1,True,1,1,1,1.2128699231039075
reflection-task,576fc3462984e70001a97fc3,14,car_racing_01,D,full,D,True,D,1,True,1,1,1,-1.7807688837545659
reflection-task,576fc3462984e70001a97fc3,16,car_racing_02,C,full,C,True,C,4,True,1,1,1,1.1885313962188795
reflection-task,576fc3462984e70001a97fc3,18,car_racing_03,B,full,B,True,B,1,True,1,1,1,-0.49082695884806904
reflection-task,576fc3462984e70001a97fc3,20,car_racing_05,D,full,D,False,A,3,True,1,0,0,0.5313911703231169
reflection-task,576fc3462984e70001a97fc3,22,graduation_party_01,B,full,B,True,B,1,True,1,1,1,-1.5130450880192552
reflection-task,576fc3462984e70001a97fc3,24,graduation_party_05,A,full,A,True,A,3,True,1,1,1,0.14197474016266495
reflection-task,576fc3462984e70001a97fc3,26,graduation_party_06,D,full,D,True,D,1,True,1,1,1,-0.3691343244229278
reflection-task,576fc3462984e70001a97fc3,28,graduation_party_07,D,combined,D,False,B,2,True,1,0,0,0.7017608585183145
reflection-task,6a1b645c7ff6912c3579eeae,6,ypc_02,D,full,D,True,D,1,True,1,1,1,-0.8072278083534364
reflection-task,6a1b645c7ff6912c3579eeae,8,ypc_03,C,full,D,False,B,2,True,0,0,0,0.847792019828484
reflection-task,6a1b645c7ff6912c3579eeae,10,ypc_05,A,full,A,True,A,1,True,1,1,1,0.3366829552428909
reflection-task,6a1b645c7ff6912c3579eeae,12,ypc_06,D,full,A,True,A,1,True,0,0,1,1.2128699231039075
reflection-task,6a1b645c7ff6912c3579eeae,14,car_racing_01,D,full,D,True,D,2,True,1,1,1,-1.7807688837545659
reflection-task,6a1b645c7ff6912c3579eeae,16,car_racing_02,C,full,B,False,C,2,True,0,1,0,1.1885313962188795
reflection-task,6a1b645c7ff6912c3579eeae,18,car_racing_03,B,full,B,True,B,1,True,1,1,1,-0.49082695884806904
reflection-task,6a1b645c7ff6912c3579eeae,20,car_racing_05,D,full,D,False,A,2,True,1,0,0,0.5313911703231169
reflection-task,6a1b645c7ff6912c3579eeae,22,graduation_party_01,C,full,C,False,B,2,True,1,0,0,-1.5130450880192552
reflection-task,6a1b645c7ff6912c3579eeae,24,graduation_party_05,D,full,D,False,A,3,True,1,0,0,0.14197474016266495
reflection-task,6a1b645c7ff6912c3579eeae,26,graduation_party_06,D,full,D,True,D,1,True,1,1,1,-0.3691343244229278
reflection-task,6a1b645c7ff6912c3579eeae,28,graduation_party_07,D,full,D,False,B,3,True,1,0,0,0.7017608585183145
reflection-task,6a33b6f5e3d9dff938626d9d,6,ypc_02,D,full,D,True,D,3,True,1,1,1,-0.8072278083534364
reflection-task,6a33b6f5e3d9dff938626d9d,8,ypc_03,A,full,A,False,B,2,True,1,0,0,0.847792019828484
reflection-task,6a33b6f5e3d9dff938626d9d,10,ypc_05,A,full,A,True,A,2,True,1,1,1,0.3366829552428909
reflection-task,6a33b6f5e3d9dff938626d9d,12,ypc_06,B,full,B,False,A,3,True,1,0,0,1.2128699231039075
reflection-task,6a33b6f5e3d9dff938626d9d,14,car_racing_01,D,full,D,True,D,3,True,1,1,1,-1.7807688837545659
reflection-task,6a33b6f5e3d9dff938626d9d,16,car_racing_02,B,full,B,False,C,2,True,1,0,0,1.1885313962188795
reflection-task,6a33b6f5e3d9dff938626d9d,18,car_racing_03,D,full,D,False,B,4,True,1,0,0,-0.49082695884806904
reflection-task,6a33b6f5e3d9dff938626d9d,20,car_racing_05,A,full,A,True,A,4,True,1,1,1,0.5313911703231169
reflection-task,6a33b6f5e3d9dff938626d9d,22,graduation_party_01,B,full,B,True,B,3,True,1,1,1,-1.5130450880192552
reflection-task,6a33b6f5e3d9dff938626d9d,24,graduation_party_05,D,full,D,False,A,5,True,1,0,0,0.14197474016266495
reflection-task,6a33b6f5e3d9dff938626d9d,26,graduation_party_06,B,full,B,False,D,4,True,1,0,0,-0.3691343244229278
reflection-task,6a33b6f5e3d9dff938626d9d,28,graduation_party_07,D,full,D,False,B,4,True,1,0,0,0.7017608585183145
reflection-task,69fe1381557ad4d727e8c2fa,6,ypc_02,B,full,B,False,D,1,True,1,0,0,-0.8072278083534364
reflection-task,69fe1381557ad4d727e8c2fa,8,ypc_03,B,full,B,True,B,1,True,1,1,1,0.847792019828484
reflection-task,69fe1381557ad4d727e8c2fa,10,ypc_05,D,full,D,False,A,1,True,1,0,0,0.3366829552428909
reflection-task,69fe1381557ad4d727e8c2fa,12,ypc_06,D,full,D,False,A,1,True,1,0,0,1.2128699231039075
reflection-task,69fe1381557ad4d727e8c2fa,14,car_racing_01,D,full,D,True,D,1,True,1,1,1,-1.7807688837545659
reflection-task,69fe1381557ad4d727e8c2fa,16,car_racing_02,D,full,D,False,C,1,True,1,0,0,1.1885313962188795
reflection-task,69fe1381557ad4d727e8c2fa,18,car_racing_03,D,full,D,False,B,1,True,1,0,0,-0.49082695884806904
reflection-task,69fe1381557ad4d727e8c2fa,20,car_racing_05,D,full,D,False,A,1,True,1,0,0,0.5313911703231169
reflection-task,69fe1381557ad4d727e8c2fa,22,graduation_party_01,B,full,A,False,B,1,True,0,1,0,-1.5130450880192552
reflection-task,69fe1381557ad4d727e8c2fa,24,graduation_party_05,D,full,D,False,A,1,True,1,0,0,0.14197474016266495
reflection-task,69fe1381557ad4d727e8c2fa,26,graduation_party_06,B,full,B,False,D,1,True,1,0,0,-0.3691343244229278
reflection-task,69fe1381557ad4d727e8c2fa,28,graduation_party_07,D,full,D,False,B,1,True,1,0,0,0.7017608585183145
reflection-task,5efb4cfd797e7108c3823ae5,6,ypc_02,D,full,D,True,D,1,True,1,1,1,-0.8072278083534364
reflection-task,5efb4cfd797e7108c3823ae5,8,ypc_03,D,full,D,False,B,1,True,1,0,0,0.847792019828484
reflection-task,5efb4cfd797e7108c3823ae5,10,ypc_05,A,full,A,True,A,1,True,1,1,1,0.3366829552428909
reflection-task,5efb4cfd797e7108c3823ae5,12,ypc_06,D,full,D,False,A,1,True,1,0,0,1.2128699231039075
reflection-task,5efb4cfd797e7108c3823ae5,14,car_racing_01,D,full,D,True,D,1,True,1,1,1,-1.7807688837545659
reflection-task,5efb4cfd797e7108c3823ae5,16,car_racing_02,B,full,B,False,C,1,True,1,0,0,1.1885313962188795
reflection-task,5efb4cfd797e7108c3823ae5,18,car_racing_03,B,full,B,True,B,1,True,1,1,1,-0.49082695884806904
reflection-task,5efb4cfd797e7108c3823ae5,20,car_racing_05,A,full,A,True,A,1,True,1,1,1,0.5313911703231169
reflection-task,5efb4cfd797e7108c3823ae5,22,graduation_party_01,D,full,D,False,B,3,True,1,0,0,-1.5130450880192552
reflection-task,5efb4cfd797e7108c3823ae5,24,graduation_party_05,A,full,A,True,A,1,True,1,1,1,0.14197474016266495
reflection-task,5efb4cfd797e7108c3823ae5,26,graduation_party_06,D,full,D,True,D,1,True,1,1,1,-0.3691343244229278
reflection-task,5efb4cfd797e7108c3823ae5,28,graduation_party_07,D,full,D,False,B,1,True,1,0,0,0.7017608585183145
reflection-task,60e39059c89cadf89f4e29eb,6,ypc_02,D,full,C,False,D,2,True,0,1,0,-0.8072278083534364
reflection-task,60e39059c89cadf89f4e29eb,8,ypc_03,C,full,C,False,B,3,True,1,0,0,0.847792019828484
reflection-task,60e39059c89cadf89f4e29eb,10,ypc_05,A,full,A,True,A,2,True,1,1,1,0.3366829552428909
reflection-task,60e39059c89cadf89f4e29eb,12,ypc_06,D,full,D,False,A,2,True,1,0,0,1.2128699231039075
reflection-task,60e39059c89cadf89f4e29eb,16,car_racing_02,C,full,C,True,C,2,True,1,1,1,1.1885313962188795
reflection-task,60e39059c89cadf89f4e29eb,18,car_racing_03,B,full,B,True,B,2,True,1,1,1,-0.49082695884806904
reflection-task,60e39059c89cadf89f4e29eb,20,car_racing_05,A,full,A,True,A,2,True,1,1,1,0.5313911703231169
reflection-task,60e39059c89cadf89f4e29eb,22,graduation_party_01,B,full,B,True,B,2,True,1,1,1,-1.5130450880192552
reflection-task,60e39059c89cadf89f4e29eb,24,graduation_party_05,A,full,A,True,A,2,True,1,1,1,0.14197474016266495
reflection-task,60e39059c89cadf89f4e29eb,26,graduation_party_06,D,full,D,True,D,2,True,1,1,1,-0.3691343244229278
reflection-task,60e39059c89cadf89f4e29eb,28,graduation_party_07,D,full,D,False,B,2,True,1,0,0,0.7017608585183145
reflection-task,65651805d1afb42ba1a55476,6,ypc_02,D,full,D,True,D,1,True,1,1,1,-0.8072278083534364
reflection-task,65651805d1afb42ba1a55476,8,ypc_03,B,full,B,True,B,1,True,1,1,1,0.847792019828484
reflection-task,65651805d1afb42ba1a55476,10,ypc_05,D,full,D,False,A,1,True,1,0,0,0.3366829552428909
reflection-task,65651805d1afb42ba1a55476,12,ypc_06,D,full,D,False,A,1,True,1,0,0,1.2128699231039075
reflection-task,65651805d1afb42ba1a55476,14,car_racing_01,D,full,D,True,D,1,True,1,1,1,-1.7807688837545659
reflection-task,65651805d1afb42ba1a55476,16,car_racing_02,C,full,C,True,C,1,True,1,1,1,1.1885313962188795
reflection-task,65651805d1afb42ba1a55476,18,car_racing_03,B,full,B,True,B,2,True,1,1,1,-0.49082695884806904
reflection-task,65651805d1afb42ba1a55476,20,car_racing_05,D,full,D,False,A,1,True,1,0,0,0.5313911703231169
reflection-task,65651805d1afb42ba1a55476,22,graduation_party_01,B,full,B,True,B,1,True,1,1,1,-1.5130450880192552
reflection-task,65651805d1afb42ba1a55476,24,graduation_party_05,A,full,A,True,A,1,True,1,1,1,0.14197474016266495
reflection-task,65651805d1afb42ba1a55476,26,graduation_party_06,B,full,B,False,D,1,True,1,0,0,-0.3691343244229278
reflection-task,65651805d1afb42ba1a55476,28,graduation_party_07,B,full,B,True,B,1,True,1,1,1,0.7017608585183145
reflection-task,6a15a776d6937e1be30e13ab,6,ypc_02,D,full,D,True,D,3,True,1,1,1,-0.8072278083534364
reflection-task,6a15a776d6937e1be30e13ab,8,ypc_03,D,full,D,False,B,4,True,1,0,0,0.847792019828484
reflection-task,6a15a776d6937e1be30e13ab,10,ypc_05,A,full,A,True,A,1,True,1,1,1,0.3366829552428909
reflection-task,6a15a776d6937e1be30e13ab,12,ypc_06,B,full,B,False,A,3,True,1,0,0,1.2128699231039075
reflection-task,6a15a776d6937e1be30e13ab,14,car_racing_01,A,full,A,False,D,3,True,1,0,0,-1.7807688837545659
reflection-task,6a15a776d6937e1be30e13ab,16,car_racing_02,B,full,B,False,C,3,True,1,0,0,1.1885313962188795
reflection-task,6a15a776d6937e1be30e13ab,18,car_racing_03,B,full,B,True,B,2,True,1,1,1,-0.49082695884806904
reflection-task,6a15a776d6937e1be30e13ab,20,car_racing_05,A,full,A,True,A,6,True,1,1,1,0.5313911703231169
reflection-task,6a15a776d6937e1be30e13ab,22,graduation_party_01,B,full,B,True,B,3,True,1,1,1,-1.5130450880192552
reflection-task,6a15a776d6937e1be30e13ab,24,graduation_party_05,D,full,D,False,A,3,True,1,0,0,0.14197474016266495
reflection-task,6a15a776d6937e1be30e13ab,26,graduation_party_06,D,full,D,True,D,4,True,1,1,1,-0.3691343244229278
reflection-task,6a15a776d6937e1be30e13ab,28,graduation_party_07,D,full,D,False,B,3,True,1,0,0,0.7017608585183145
reflection-task,6a0a3aad897b5c34a76e4f98,6,ypc_02,D,full,D,True,D,3,True,1,1,1,-0.8072278083534364
reflection-task,6a0a3aad897b5c34a76e4f98,8,ypc_03,D,full,D,False,B,3,True,1,0,0,0.847792019828484
reflection-task,6a0a3aad897b5c34a76e4f98,10,ypc_05,A,full,A,True,A,4,True,1,1,1,0.3366829552428909
reflection-task,6a0a3aad897b5c34a76e4f98,12,ypc_06,D,full,D,False,A,2,True,1,0,0,1.2128699231039075
reflection-task,6a0a3aad897b5c34a76e4f98,14,car_racing_01,D,full,D,True,D,1,True,1,1,1,-1.7807688837545659
reflection-task,6a0a3aad897b5c34a76e4f98,16,car_racing_02,B,full,B,False,C,3,True,1,0,0,1.1885313962188795
reflection-task,6a0a3aad897b5c34a76e4f98,18,car_racing_03,D,full,D,False,B,3,True,1,0,0,-0.49082695884806904
reflection-task,6a0a3aad897b5c34a76e4f98,20,car_racing_05,D,full,D,False,A,2,True,1,0,0,0.5313911703231169
reflection-task,6a0a3aad897b5c34a76e4f98,22,graduation_party_01,B,full,B,True,B,2,True,1,1,1,-1.5130450880192552
reflection-task,6a0a3aad897b5c34a76e4f98,24,graduation_party_05,A,full,A,True,A,2,True,1,1,1,0.14197474016266495
reflection-task,6a0a3aad897b5c34a76e4f98,26,graduation_party_06,D,full,D,True,D,2,True,1,1,1,-0.3691343244229278
reflection-task,6a0a3aad897b5c34a76e4f98,28,graduation_party_07,D,full,D,False,B,2,True,1,0,0,0.7017608585183145
reflection-task,6a08f7fa9599d060886bef37,6,ypc_02,A,full,D,True,D,1,True,0,0,1,-0.8072278083534364
reflection-task,6a08f7fa9599d060886bef37,8,ypc_03,A,full,B,True,B,2,True,0,0,1,0.847792019828484
reflection-task,6a08f7fa9599d060886bef37,10,ypc_05,A,full,A,True,A,1,True,1,1,1,0.3366829552428909
reflection-task,6a08f7fa9599d060886bef37,12,ypc_06,B,full,A,True,A,1,True,0,0,1,1.2128699231039075
reflection-task,6a08f7fa9599d060886bef37,14,car_racing_01,D,full,D,True,D,2,True,1,1,1,-1.7807688837545659
reflection-task,6a08f7fa9599d060886bef37,16,car_racing_02,B,full,B,False,C,1,True,1,0,0,1.1885313962188795
reflection-task,6a08f7fa9599d060886bef37,18,car_racing_03,D,full,D,False,B,1,True,1,0,0,-0.49082695884806904
reflection-task,6a08f7fa9599d060886bef37,20,car_racing_05,C,full,A,True,A,2,True,0,0,1,0.5313911703231169
reflection-task,6a08f7fa9599d060886bef37,22,graduation_party_01,B,full,B,True,B,2,True,1,1,1,-1.5130450880192552
reflection-task,6a08f7fa9599d060886bef37,24,graduation_party_05,A,full,B,False,A,2,True,0,1,0,0.14197474016266495
reflection-task,6a08f7fa9599d060886bef37,26,graduation_party_06,B,full,D,True,D,1,True,0,0,1,-0.3691343244229278
reflection-task,6a08f7fa9599d060886bef37,28,graduation_party_07,B,full,B,True,B,1,True,1,1,1,0.7017608585183145
reflection-task,6a20c2beaba792630fa44aea,6,ypc_02,D,full,D,True,D,3,True,1,1,1,-0.8072278083534364
reflection-task,6a20c2beaba792630fa44aea,8,ypc_03,B,full,B,True,B,2,True,1,1,1,0.847792019828484
reflection-task,6a20c2beaba792630fa44aea,10,ypc_05,A,full,A,True,A,2,True,1,1,1,0.3366829552428909
reflection-task,6a20c2beaba792630fa44aea,12,ypc_06,D,full,D,False,A,3,True,1,0,0,1.2128699231039075
reflection-task,6a20c2beaba792630fa44aea,16,car_racing_02,B,full,B,False,C,4,True,1,0,0,1.1885313962188795
reflection-task,6a20c2beaba792630fa44aea,18,car_racing_03,B,full,D,False,B,4,True,0,1,0,-0.49082695884806904
reflection-task,6a20c2beaba792630fa44aea,20,car_racing_05,C,full,C,False,A,2,True,1,0,0,0.5313911703231169
reflection-task,6a20c2beaba792630fa44aea,22,graduation_party_01,D,full,B,True,B,2,True,0,0,1,-1.5130450880192552
reflection-task,6a20c2beaba792630fa44aea,24,graduation_party_05,D,full,D,False,A,2,True,1,0,0,0.14197474016266495
reflection-task,6a20c2beaba792630fa44aea,28,graduation_party_07,B,full,B,True,B,2,True,1,1,1,0.7017608585183145
reflection-task,697b9cf8538b1071d7c63b06,6,ypc_02,D,full,D,True,D,4,True,1,1,1,-0.8072278083534364
reflection-task,697b9cf8538b1071d7c63b06,8,ypc_03,C,full,C,False,B,2,True,1,0,0,0.847792019828484
reflection-task,697b9cf8538b1071d7c63b06,10,ypc_05,D,full,D,False,A,1,True,1,0,0,0.3366829552428909
reflection-task,697b9cf8538b1071d7c63b06,12,ypc_06,D,full,D,False,A,5,True,1,0,0,1.2128699231039075
reflection-task,697b9cf8538b1071d7c63b06,14,car_racing_01,D,full,D,True,D,2,True,1,1,1,-1.7807688837545659
reflection-task,697b9cf8538b1071d7c63b06,16,car_racing_02,B,full,B,False,C,1,True,1,0,0,1.1885313962188795
reflection-task,697b9cf8538b1071d7c63b06,18,car_racing_03,D,full,D,False,B,4,True,1,0,0,-0.49082695884806904
reflection-task,697b9cf8538b1071d7c63b06,20,car_racing_05,B,full,B,False,A,1,True,1,0,0,0.5313911703231169
reflection-task,697b9cf8538b1071d7c63b06,22,graduation_party_01,B,full,B,True,B,2,True,1,1,1,-1.5130450880192552
reflection-task,697b9cf8538b1071d7c63b06,24,graduation_party_05,D,full,D,False,A,8,True,1,0,0,0.14197474016266495
reflection-task,697b9cf8538b1071d7c63b06,26,graduation_party_06,D,full,D,True,D,1,True,1,1,1,-0.3691343244229278
reflection-task,697b9cf8538b1071d7c63b06,28,graduation_party_07,D,full,D,False,B,5,True,1,0,0,0.7017608585183145
reflection-task,5fbfffc4e214a60ab1b745fd,6,ypc_02,D,full,D,True,D,2,True,1,1,1,-0.8072278083534364
reflection-task,5fbfffc4e214a60ab1b745fd,8,ypc_03,D,full,D,False,B,2,True,1,0,0,0.847792019828484
reflection-task,5fbfffc4e214a60ab1b745fd,10,ypc_05,A,combined,A,True,A,2,True,1,1,1,0.3366829552428909
reflection-task,5fbfffc4e214a60ab1b745fd,12,ypc_06,D,full,D,False,A,1,True,1,0,0,1.2128699231039075
reflection-task,5fbfffc4e214a60ab1b745fd,14,car_racing_01,D,full,D,True,D,2,True,1,1,1,-1.7807688837545659
reflection-task,5fbfffc4e214a60ab1b745fd,16,car_racing_02,C,full,C,True,C,2,True,1,1,1,1.1885313962188795
reflection-task,5fbfffc4e214a60ab1b745fd,18,car_racing_03,B,full,B,True,B,2,True,1,1,1,-0.49082695884806904
reflection-task,5fbfffc4e214a60ab1b745fd,20,car_racing_05,C,full,C,False,A,2,True,1,0,0,0.5313911703231169
reflection-task,5fbfffc4e214a60ab1b745fd,22,graduation_party_01,C,full,C,False,B,2,True,1,0,0,-1.5130450880192552
reflection-task,5fbfffc4e214a60ab1b745fd,24,graduation_party_05,D,full,D,False,A,2,True,1,0,0,0.14197474016266495
reflection-task,5fbfffc4e214a60ab1b745fd,26,graduation_party_06,B,full,B,False,D,2,True,1,0,0,-0.3691343244229278
reflection-task,5fbfffc4e214a60ab1b745fd,28,graduation_party_07,D,full,D,False,B,2,True,1,0,0,0.7017608585183145
reflection-task,5b35824a975e260001e9b7a6,6,ypc_02,D,full,D,True,D,5,True,1,1,1,-0.8072278083534364
reflection-task,5b35824a975e260001e9b7a6,8,ypc_03,A,full,A,False,B,1,True,1,0,0,0.847792019828484
reflection-task,5b35824a975e260001e9b7a6,10,ypc_05,A,full,A,True,A,1,True,1,1,1,0.3366829552428909
reflection-task,5b35824a975e260001e9b7a6,12,ypc_06,B,full,B,False,A,1,True,1,0,0,1.2128699231039075
reflection-task,5b35824a975e260001e9b7a6,16,car_racing_02,B,full,B,False,C,4,True,1,0,0,1.1885313962188795
reflection-task,5b35824a975e260001e9b7a6,18,car_racing_03,D,combined,D,False,B,2,True,1,0,0,-0.49082695884806904
reflection-task,5b35824a975e260001e9b7a6,20,car_racing_05,C,full,A,True,A,3,True,0,0,1,0.5313911703231169
reflection-task,5b35824a975e260001e9b7a6,22,graduation_party_01,B,full,B,True,B,1,True,1,1,1,-1.5130450880192552
reflection-task,5b35824a975e260001e9b7a6,24,graduation_party_05,A,full,A,True,A,1,True,1,1,1,0.14197474016266495
reflection-task,5b35824a975e260001e9b7a6,26,graduation_party_06,B,full,B,False,D,1,True,1,0,0,-0.3691343244229278
reflection-task,5b35824a975e260001e9b7a6,28,graduation_party_07,D,full,D,False,B,1,True,1,0,0,0.7017608585183145
reflection-task,6601b76d13817c7dc3117d2a,6,ypc_02,A,full,A,False,D,6,True,1,0,0,-0.8072278083534364
reflection-task,6601b76d13817c7dc3117d2a,8,ypc_03,B,combined,B,True,B,3,True,1,1,1,0.847792019828484
reflection-task,6601b76d13817c7dc3117d2a,10,ypc_05,D,full,D,False,A,2,True,1,0,0,0.3366829552428909
reflection-task,6601b76d13817c7dc3117d2a,12,ypc_06,C,full,C,False,A,3,True,1,0,0,1.2128699231039075
reflection-task,6601b76d13817c7dc3117d2a,14,car_racing_01,D,full,D,True,D,1,True,1,1,1,-1.7807688837545659
reflection-task,6601b76d13817c7dc3117d2a,16,car_racing_02,B,full,B,False,C,2,True,1,0,0,1.1885313962188795
reflection-task,6601b76d13817c7dc3117d2a,18,car_racing_03,B,full,B,True,B,3,True,1,1,1,-0.49082695884806904
reflection-task,6601b76d13817c7dc3117d2a,20,car_racing_05,D,full,C,False,A,5,True,0,0,0,0.5313911703231169
reflection-task,6601b76d13817c7dc3117d2a,22,graduation_party_01,B,full,B,True,B,2,True,1,1,1,-1.5130450880192552
reflection-task,6601b76d13817c7dc3117d2a,24,graduation_party_05,D,full,D,False,A,2,True,1,0,0,0.14197474016266495
reflection-task,6601b76d13817c7dc3117d2a,26,graduation_party_06,D,full,D,True,D,3,True,1,1,1,-0.3691343244229278
reflection-task,6601b76d13817c7dc3117d2a,28,graduation_party_07,D,full,B,True,B,4,True,0,0,1,0.7017608585183145
reflection-task,6a00d5c573b4d9e1206e38c3,6,ypc_02,D,full,D,True,D,2,True,1,1,1,-0.8072278083534364
reflection-task,6a00d5c573b4d9e1206e38c3,8,ypc_03,D,full,D,False,B,3,True,1,0,0,0.847792019828484
reflection-task,6a00d5c573b4d9e1206e38c3,10,ypc_05,A,full,A,True,A,3,True,1,1,1,0.3366829552428909
reflection-task,6a00d5c573b4d9e1206e38c3,12,ypc_06,D,full,D,False,A,2,True,1,0,0,1.2128699231039075
reflection-task,6a00d5c573b4d9e1206e38c3,14,car_racing_01,D,full,D,True,D,2,True,1,1,1,-1.7807688837545659
reflection-task,6a00d5c573b4d9e1206e38c3,16,car_racing_02,B,full,B,False,C,2,True,1,0,0,1.1885313962188795
reflection-task,6a00d5c573b4d9e1206e38c3,18,car_racing_03,B,full,B,True,B,3,True,1,1,1,-0.49082695884806904
reflection-task,6a00d5c573b4d9e1206e38c3,20,car_racing_05,B,full,B,False,A,2,True,1,0,0,0.5313911703231169
reflection-task,6a00d5c573b4d9e1206e38c3,22,graduation_party_01,B,full,B,True,B,3,True,1,1,1,-1.5130450880192552
reflection-task,6a00d5c573b4d9e1206e38c3,24,graduation_party_05,D,full,D,False,A,2,True,1,0,0,0.14197474016266495
reflection-task,6a00d5c573b4d9e1206e38c3,26,graduation_party_06,D,full,D,True,D,2,True,1,1,1,-0.3691343244229278
reflection-task,6a00d5c573b4d9e1206e38c3,28,graduation_party_07,A,full,A,False,B,1,True,1,0,0,0.7017608585183145
reflection-task,6a17294fd5b8e7f50710573e,6,ypc_02,D,combined,D,True,D,3,True,1,1,1,-0.8072278083534364
reflection-task,6a17294fd5b8e7f50710573e,8,ypc_03,C,full,C,False,B,2,True,1,0,0,0.847792019828484
reflection-task,6a17294fd5b8e7f50710573e,10,ypc_05,D,full,D,False,A,2,True,1,0,0,0.3366829552428909
reflection-task,6a17294fd5b8e7f50710573e,12,ypc_06,B,full,B,False,A,2,True,1,0,0,1.2128699231039075
reflection-task,6a17294fd5b8e7f50710573e,14,car_racing_01,D,full,D,True,D,2,True,1,1,1,-1.7807688837545659
reflection-task,6a17294fd5b8e7f50710573e,16,car_racing_02,C,full,C,True,C,2,True,1,1,1,1.1885313962188795
reflection-task,6a17294fd5b8e7f50710573e,18,car_racing_03,B,full,B,True,B,2,True,1,1,1,-0.49082695884806904
reflection-task,6a17294fd5b8e7f50710573e,20,car_racing_05,D,full,D,False,A,2,True,1,0,0,0.5313911703231169
reflection-task,6a17294fd5b8e7f50710573e,22,graduation_party_01,B,full,B,True,B,3,True,1,1,1,-1.5130450880192552
reflection-task,6a17294fd5b8e7f50710573e,24,graduation_party_05,D,full,D,False,A,2,True,1,0,0,0.14197474016266495
reflection-task,6a17294fd5b8e7f50710573e,26,graduation_party_06,B,full,B,False,D,2,True,1,0,0,-0.3691343244229278
reflection-task,6a17294fd5b8e7f50710573e,28,graduation_party_07,D,full,D,False,B,2,True,1,0,0,0.7017608585183145
reflection-task,5a4996b835c9d50001fdcdbf,6,ypc_02,D,full,D,True,D,1,True,1,1,1,-0.8072278083534364
reflection-task,5a4996b835c9d50001fdcdbf,8,ypc_03,C,full,C,False,B,1,True,1,0,0,0.847792019828484
reflection-task,5a4996b835c9d50001fdcdbf,10,ypc_05,A,full,A,True,A,1,True,1,1,1,0.3366829552428909
reflection-task,5a4996b835c9d50001fdcdbf,12,ypc_06,D,full,D,False,A,2,True,1,0,0,1.2128699231039075
reflection-task,5a4996b835c9d50001fdcdbf,14,car_racing_01,D,full,D,True,D,1,True,1,1,1,-1.7807688837545659
reflection-task,5a4996b835c9d50001fdcdbf,16,car_racing_02,B,full,B,False,C,1,True,1,0,0,1.1885313962188795
reflection-task,5a4996b835c9d50001fdcdbf,18,car_racing_03,B,full,B,True,B,1,True,1,1,1,-0.49082695884806904
reflection-task,5a4996b835c9d50001fdcdbf,20,car_racing_05,D,full,D,False,A,1,True,1,0,0,0.5313911703231169
reflection-task,5a4996b835c9d50001fdcdbf,22,graduation_party_01,B,full,B,True,B,1,True,1,1,1,-1.5130450880192552
reflection-task,5a4996b835c9d50001fdcdbf,24,graduation_party_05,A,full,A,True,A,1,True,1,1,1,0.14197474016266495
reflection-task,5a4996b835c9d50001fdcdbf,26,graduation_party_06,B,full,B,False,D,1,True,1,0,0,-0.3691343244229278
reflection-task,5a4996b835c9d50001fdcdbf,28,graduation_party_07,B,full,B,True,B,1,True,1,1,1,0.7017608585183145
reflection-task,680e37dc68c49de2410f133d,6,ypc_02,A,full,A,False,D,4,True,1,0,0,-0.8072278083534364
reflection-task,680e37dc68c49de2410f133d,8,ypc_03,A,full,A,False,B,4,True,1,0,0,0.847792019828484
reflection-task,680e37dc68c49de2410f133d,10,ypc_05,D,combined,D,False,A,5,True,1,0,0,0.3366829552428909
reflection-task,680e37dc68c49de2410f133d,12,ypc_06,B,full,B,False,A,4,True,1,0,0,1.2128699231039075
reflection-task,680e37dc68c49de2410f133d,14,car_racing_01,A,full,A,False,D,4,True,1,0,0,-1.7807688837545659
reflection-task,680e37dc68c49de2410f133d,16,car_racing_02,B,full,B,False,C,3,True,1,0,0,1.1885313962188795
reflection-task,680e37dc68c49de2410f133d,18,car_racing_03,B,full,B,True,B,3,True,1,1,1,-0.49082695884806904
reflection-task,680e37dc68c49de2410f133d,20,car_racing_05,C,full,C,False,A,3,True,1,0,0,0.5313911703231169
reflection-task,680e37dc68c49de2410f133d,22,graduation_party_01,B,full,B,True,B,3,True,1,1,1,-1.5130450880192552
reflection-task,680e37dc68c49de2410f133d,24,graduation_party_05,A,full,A,True,A,1,True,1,1,1,0.14197474016266495
reflection-task,680e37dc68c49de2410f133d,26,graduation_party_06,D,full,D,True,D,2,True,1,1,1,-0.3691343244229278
reflection-task,680e37dc68c49de2410f133d,28,graduation_party_07,B,full,B,True,B,3,True,1,1,1,0.7017608585183145
reflection-task,69f51ac40b8325daeec5b518,8,ypc_03,C,full,C,False,B,1,True,1,0,0,0.847792019828484
reflection-task,69f51ac40b8325daeec5b518,10,ypc_05,A,full,A,True,A,1,True,1,1,1,0.3366829552428909
reflection-task,69f51ac40b8325daeec5b518,12,ypc_06,D,full,D,False,A,1,True,1,0,0,1.2128699231039075
reflection-task,69f51ac40b8325daeec5b518,14,car_racing_01,D,full,D,True,D,1,True,1,1,1,-1.7807688837545659
reflection-task,69f51ac40b8325daeec5b518,16,car_racing_02,B,full,B,False,C,2,True,1,0,0,1.1885313962188795
reflection-task,69f51ac40b8325daeec5b518,18,car_racing_03,A,full,A,False,B,1,True,1,0,0,-0.49082695884806904
reflection-task,69f51ac40b8325daeec5b518,20,car_racing_05,D,full,D,False,A,1,True,1,0,0,0.5313911703231169
reflection-task,69f51ac40b8325daeec5b518,22,graduation_party_01,B,full,B,True,B,1,True,1,1,1,-1.5130450880192552
reflection-task,69f51ac40b8325daeec5b518,24,graduation_party_05,A,full,A,True,A,1,True,1,1,1,0.14197474016266495
reflection-task,69f51ac40b8325daeec5b518,26,graduation_party_06,D,full,D,True,D,3,True,1,1,1,-0.3691343244229278
reflection-task,69f51ac40b8325daeec5b518,28,graduation_party_07,D,full,D,False,B,1,True,1,0,0,0.7017608585183145
reflection-task,6a06362b6da286172b5a7281,6,ypc_02,D,full,D,True,D,2,True,1,1,1,-0.8072278083534364
reflection-task,6a06362b6da286172b5a7281,8,ypc_03,A,full,A,False,B,2,True,1,0,0,0.847792019828484
reflection-task,6a06362b6da286172b5a7281,10,ypc_05,D,full,D,False,A,2,True,1,0,0,0.3366829552428909
reflection-task,6a06362b6da286172b5a7281,12,ypc_06,D,full,D,False,A,2,True,1,0,0,1.2128699231039075
reflection-task,6a06362b6da286172b5a7281,14,car_racing_01,D,full,D,True,D,2,True,1,1,1,-1.7807688837545659
reflection-task,6a06362b6da286172b5a7281,16,car_racing_02,C,full,C,True,C,4,True,1,1,1,1.1885313962188795
reflection-task,6a06362b6da286172b5a7281,18,car_racing_03,B,full,B,True,B,1,True,1,1,1,-0.49082695884806904
reflection-task,6a06362b6da286172b5a7281,20,car_racing_05,C,full,C,False,A,1,True,1,0,0,0.5313911703231169
reflection-task,6a06362b6da286172b5a7281,22,graduation_party_01,B,full,B,True,B,2,True,1,1,1,-1.5130450880192552
reflection-task,6a06362b6da286172b5a7281,24,graduation_party_05,A,full,A,True,A,3,True,1,1,1,0.14197474016266495
reflection-task,6a06362b6da286172b5a7281,26,graduation_party_06,D,full,D,True,D,2,True,1,1,1,-0.3691343244229278
reflection-task,6a06362b6da286172b5a7281,28,graduation_party_07,B,full,B,True,B,2,True,1,1,1,0.7017608585183145
reflection-task,67882337daf76c4bcb799f5b,6,ypc_02,D,full,D,True,D,4,True,1,1,1,-0.8072278083534364
reflection-task,67882337daf76c4bcb799f5b,8,ypc_03,C,full,C,False,B,2,True,1,0,0,0.847792019828484
reflection-task,67882337daf76c4bcb799f5b,10,ypc_05,A,full,A,True,A,4,True,1,1,1,0.3366829552428909
reflection-task,67882337daf76c4bcb799f5b,12,ypc_06,B,full,B,False,A,3,True,1,0,0,1.2128699231039075
reflection-task,67882337daf76c4bcb799f5b,14,car_racing_01,A,full,A,False,D,3,True,1,0,0,-1.7807688837545659
reflection-task,67882337daf76c4bcb799f5b,16,car_racing_02,C,full,C,True,C,4,True,1,1,1,1.1885313962188795
reflection-task,67882337daf76c4bcb799f5b,18,car_racing_03,B,full,B,True,B,3,True,1,1,1,-0.49082695884806904
reflection-task,67882337daf76c4bcb799f5b,20,car_racing_05,A,full,A,True,A,3,True,1,1,1,0.5313911703231169
reflection-task,67882337daf76c4bcb799f5b,22,graduation_party_01,B,full,B,True,B,3,True,1,1,1,-1.5130450880192552
reflection-task,67882337daf76c4bcb799f5b,24,graduation_party_05,A,full,A,True,A,5,True,1,1,1,0.14197474016266495
reflection-task,67882337daf76c4bcb799f5b,26,graduation_party_06,B,full,B,False,D,3,True,1,0,0,-0.3691343244229278
reflection-task,67882337daf76c4bcb799f5b,28,graduation_party_07,D,full,D,False,B,3,True,1,0,0,0.7017608585183145
reflection-task,66623e57cbfc608af24ef67a,6,ypc_02,A,full,A,False,D,3,True,1,0,0,-0.8072278083534364
reflection-task,66623e57cbfc608af24ef67a,8,ypc_03,C,full,C,False,B,1,True,1,0,0,0.847792019828484
reflection-task,66623e57cbfc608af24ef67a,10,ypc_05,D,full,D,False,A,1,True,1,0,0,0.3366829552428909
reflection-task,66623e57cbfc608af24ef67a,12,ypc_06,D,full,D,False,A,1,True,1,0,0,1.2128699231039075
reflection-task,66623e57cbfc608af24ef67a,14,car_racing_01,D,full,D,True,D,1,True,1,1,1,-1.7807688837545659
reflection-task,66623e57cbfc608af24ef67a,18,car_racing_03,B,full,B,True,B,1,True,1,1,1,-0.49082695884806904
reflection-task,66623e57cbfc608af24ef67a,20,car_racing_05,D,full,D,False,A,1,True,1,0,0,0.5313911703231169
reflection-task,66623e57cbfc608af24ef67a,22,graduation_party_01,C,full,C,False,B,1,True,1,0,0,-1.5130450880192552
reflection-task,66623e57cbfc608af24ef67a,24,graduation_party_05,D,full,D,False,A,1,True,1,0,0,0.14197474016266495
reflection-task,66623e57cbfc608af24ef67a,26,graduation_party_06,D,full,D,True,D,1,True,1,1,1,-0.3691343244229278
reflection-task,66623e57cbfc608af24ef67a,28,graduation_party_07,D,full,D,False,B,1,True,1,0,0,0.7017608585183145
reflection-task,6a1497259d26df68f0217f45,6,ypc_02,D,full,D,True,D,2,True,1,1,1,-0.8072278083534364
reflection-task,6a1497259d26df68f0217f45,8,ypc_03,A,full,A,False,B,2,True,1,0,0,0.847792019828484
reflection-task,6a1497259d26df68f0217f45,10,ypc_05,A,full,A,True,A,2,True,1,1,1,0.3366829552428909
reflection-task,6a1497259d26df68f0217f45,12,ypc_06,D,full,D,False,A,2,True,1,0,0,1.2128699231039075
reflection-task,6a1497259d26df68f0217f45,14,car_racing_01,D,full,D,True,D,2,True,1,1,1,-1.7807688837545659
reflection-task,6a1497259d26df68f0217f45,16,car_racing_02,B,full,B,False,C,2,True,1,0,0,1.1885313962188795
reflection-task,6a1497259d26df68f0217f45,18,car_racing_03,D,full,D,False,B,2,True,1,0,0,-0.49082695884806904
reflection-task,6a1497259d26df68f0217f45,20,car_racing_05,A,full,A,True,A,2,True,1,1,1,0.5313911703231169
reflection-task,6a1497259d26df68f0217f45,22,graduation_party_01,C,full,C,False,B,1,True,1,0,0,-1.5130450880192552
reflection-task,6a1497259d26df68f0217f45,24,graduation_party_05,D,full,D,False,A,2,True,1,0,0,0.14197474016266495
reflection-task,6a1497259d26df68f0217f45,26,graduation_party_06,D,full,D,True,D,2,True,1,1,1,-0.3691343244229278
reflection-task,6a1497259d26df68f0217f45,28,graduation_party_07,B,full,B,True,B,1,True,1,1,1,0.7017608585183145
reflection-task,665c302327136dcdb0c4a2e0,6,ypc_02,D,full,D,True,D,2,True,1,1,1,-0.8072278083534364
reflection-task,665c302327136dcdb0c4a2e0,8,ypc_03,A,full,A,False,B,2,True,1,0,0,0.847792019828484
reflection-task,665c302327136dcdb0c4a2e0,10,ypc_05,A,full,A,True,A,2,True,1,1,1,0.3366829552428909
reflection-task,665c302327136dcdb0c4a2e0,12,ypc_06,B,full,B,False,A,2,True,1,0,0,1.2128699231039075
reflection-task,665c302327136dcdb0c4a2e0,14,car_racing_01,D,full,D,True,D,3,True,1,1,1,-1.7807688837545659
reflection-task,665c302327136dcdb0c4a2e0,16,car_racing_02,B,full,B,False,C,2,True,1,0,0,1.1885313962188795
reflection-task,665c302327136dcdb0c4a2e0,18,car_racing_03,B,full,B,True,B,2,True,1,1,1,-0.49082695884806904
reflection-task,665c302327136dcdb0c4a2e0,20,car_racing_05,A,full,A,True,A,2,True,1,1,1,0.5313911703231169
reflection-task,665c302327136dcdb0c4a2e0,22,graduation_party_01,B,full,B,True,B,1,True,1,1,1,-1.5130450880192552
reflection-task,665c302327136dcdb0c4a2e0,24,graduation_party_05,A,full,A,True,A,1,True,1,1,1,0.14197474016266495
reflection-task,665c302327136dcdb0c4a2e0,26,graduation_party_06,B,full,B,False,D,2,True,1,0,0,-0.3691343244229278
reflection-task,665c302327136dcdb0c4a2e0,28,graduation_party_07,B,full,B,True,B,2,True,1,1,1,0.7017608585183145
reflection-task,651abcc13ecbad9f2062ac4f,6,ypc_02,D,full,D,True,D,2,True,1,1,1,-0.8072278083534364
reflection-task,651abcc13ecbad9f2062ac4f,8,ypc_03,A,combined,A,False,B,2,True,1,0,0,0.847792019828484
reflection-task,651abcc13ecbad9f2062ac4f,10,ypc_05,A,full,A,True,A,3,True,1,1,1,0.3366829552428909
reflection-task,651abcc13ecbad9f2062ac4f,14,car_racing_01,D,full,D,True,D,3,True,1,1,1,-1.7807688837545659
reflection-task,651abcc13ecbad9f2062ac4f,16,car_racing_02,C,full,C,True,C,2,True,1,1,1,1.1885313962188795
reflection-task,651abcc13ecbad9f2062ac4f,18,car_racing_03,B,full,B,True,B,3,True,1,1,1,-0.49082695884806904
reflection-task,651abcc13ecbad9f2062ac4f,20,car_racing_05,D,full,D,False,A,2,True,1,0,0,0.5313911703231169
reflection-task,651abcc13ecbad9f2062ac4f,24,graduation_party_05,D,full,D,False,A,2,True,1,0,0,0.14197474016266495
reflection-task,651abcc13ecbad9f2062ac4f,26,graduation_party_06,D,full,D,True,D,2,True,1,1,1,-0.3691343244229278
reflection-task,651abcc13ecbad9f2062ac4f,28,graduation_party_07,D,combined,D,False,B,2,True,1,0,0,0.7017608585183145
reflection-task,637e3bedd8c3601a81a65889,6,ypc_02,D,full,D,True,D,1,True,1,1,1,-0.8072278083534364
reflection-task,637e3bedd8c3601a81a65889,8,ypc_03,C,full,C,False,B,2,True,1,0,0,0.847792019828484
reflection-task,637e3bedd8c3601a81a65889,10,ypc_05,D,full,D,False,A,3,True,1,0,0,0.3366829552428909
reflection-task,637e3bedd8c3601a81a65889,12,ypc_06,C,full,C,False,A,1,True,1,0,0,1.2128699231039075
reflection-task,637e3bedd8c3601a81a65889,14,car_racing_01,D,full,D,True,D,3,True,1,1,1,-1.7807688837545659
reflection-task,637e3bedd8c3601a81a65889,16,car_racing_02,B,full,B,False,C,1,True,1,0,0,1.1885313962188795
reflection-task,637e3bedd8c3601a81a65889,18,car_racing_03,B,full,B,True,B,2,True,1,1,1,-0.49082695884806904
reflection-task,637e3bedd8c3601a81a65889,20,car_racing_05,C,full,B,False,A,1,True,0,0,0,0.5313911703231169
reflection-task,637e3bedd8c3601a81a65889,22,graduation_party_01,B,full,B,True,B,1,True,1,1,1,-1.5130450880192552
reflection-task,637e3bedd8c3601a81a65889,24,graduation_party_05,D,full,D,False,A,3,True,1,0,0,0.14197474016266495
reflection-task,637e3bedd8c3601a81a65889,26,graduation_party_06,B,full,B,False,D,1,True,1,0,0,-0.3691343244229278
reflection-task,637e3bedd8c3601a81a65889,28,graduation_party_07,D,full,D,False,B,1,True,1,0,0,0.7017608585183145
reflection-task,6a0620a6000e5c5d2bed8b50,6,ypc_02,D,full,D,True,D,2,True,1,1,1,-0.8072278083534364
reflection-task,6a0620a6000e5c5d2bed8b50,8,ypc_03,C,combined,C,False,B,3,True,1,0,0,0.847792019828484
reflection-task,6a0620a6000e5c5d2bed8b50,10,ypc_05,D,full,D,False,A,3,True,1,0,0,0.3366829552428909
reflection-task,6a0620a6000e5c5d2bed8b50,12,ypc_06,C,full,C,False,A,3,True,1,0,0,1.2128699231039075
reflection-task,6a0620a6000e5c5d2bed8b50,14,car_racing_01,D,full,D,True,D,2,True,1,1,1,-1.7807688837545659
reflection-task,6a0620a6000e5c5d2bed8b50,16,car_racing_02,B,full,B,False,C,3,True,1,0,0,1.1885313962188795
reflection-task,6a0620a6000e5c5d2bed8b50,18,car_racing_03,D,full,D,False,B,2,True,1,0,0,-0.49082695884806904
reflection-task,6a0620a6000e5c5d2bed8b50,20,car_racing_05,C,full,C,False,A,2,True,1,0,0,0.5313911703231169
reflection-task,6a0620a6000e5c5d2bed8b50,22,graduation_party_01,B,combined,B,True,B,4,True,1,1,1,-1.5130450880192552
reflection-task,6a0620a6000e5c5d2bed8b50,24,graduation_party_05,D,full,D,False,A,2,True,1,0,0,0.14197474016266495
reflection-task,6a0620a6000e5c5d2bed8b50,26,graduation_party_06,B,full,D,True,D,3,True,0,0,1,-0.3691343244229278
reflection-task,6a0620a6000e5c5d2bed8b50,28,graduation_party_07,D,full,D,False,B,2,True,1,0,0,0.7017608585183145
reflection-task,6980965c3d62835f7947c33e,6,ypc_02,D,combined,D,True,D,8,True,1,1,1,-0.8072278083534364
reflection-task,6980965c3d62835f7947c33e,8,ypc_03,A,full,A,False,B,1,True,1,0,0,0.847792019828484
reflection-task,6980965c3d62835f7947c33e,10,ypc_05,D,full,D,False,A,5,True,1,0,0,0.3366829552428909
reflection-task,6980965c3d62835f7947c33e,12,ypc_06,B,combined,B,False,A,7,True,1,0,0,1.2128699231039075
reflection-task,6980965c3d62835f7947c33e,14,car_racing_01,D,full,D,True,D,1,True,1,1,1,-1.7807688837545659
reflection-task,6980965c3d62835f7947c33e,16,car_racing_02,D,full,D,False,C,1,True,1,0,0,1.1885313962188795
reflection-task,6980965c3d62835f7947c33e,18,car_racing_03,B,full,B,True,B,1,True,1,1,1,-0.49082695884806904
reflection-task,6980965c3d62835f7947c33e,20,car_racing_05,D,full,D,False,A,12,True,1,0,0,0.5313911703231169
reflection-task,6980965c3d62835f7947c33e,22,graduation_party_01,B,full,B,True,B,1,True,1,1,1,-1.5130450880192552
reflection-task,6980965c3d62835f7947c33e,24,graduation_party_05,D,combined,D,False,A,6,True,1,0,0,0.14197474016266495
reflection-task,6980965c3d62835f7947c33e,26,graduation_party_06,D,full,D,True,D,8,True,1,1,1,-0.3691343244229278
reflection-task,6980965c3d62835f7947c33e,28,graduation_party_07,B,full,B,True,B,9,True,1,1,1,0.7017608585183145
reflection-task,66358d404b95112d53513391,6,ypc_02,B,full,B,False,D,5,True,1,0,0,-0.8072278083534364
reflection-task,66358d404b95112d53513391,8,ypc_03,A,full,A,False,B,5,True,1,0,0,0.847792019828484
reflection-task,66358d404b95112d53513391,10,ypc_05,D,full,D,False,A,3,True,1,0,0,0.3366829552428909
reflection-task,66358d404b95112d53513391,12,ypc_06,D,full,D,False,A,5,True,1,0,0,1.2128699231039075
reflection-task,66358d404b95112d53513391,14,car_racing_01,D,full,D,True,D,2,True,1,1,1,-1.7807688837545659
reflection-task,66358d404b95112d53513391,16,car_racing_02,B,full,B,False,C,2,True,1,0,0,1.1885313962188795
reflection-task,66358d404b95112d53513391,18,car_racing_03,D,full,D,False,B,3,True,1,0,0,-0.49082695884806904
reflection-task,66358d404b95112d53513391,20,car_racing_05,D,full,D,False,A,4,True,1,0,0,0.5313911703231169
reflection-task,66358d404b95112d53513391,22,graduation_party_01,B,full,B,True,B,2,True,1,1,1,-1.5130450880192552
reflection-task,66358d404b95112d53513391,24,graduation_party_05,D,full,D,False,A,2,True,1,0,0,0.14197474016266495
reflection-task,66358d404b95112d53513391,26,graduation_party_06,D,full,D,True,D,3,True,1,1,1,-0.3691343244229278
reflection-task,66358d404b95112d53513391,28,graduation_party_07,D,full,D,False,B,1,True,1,0,0,0.7017608585183145
reflection-task,63fbf0e3b18cc14adc0dbfb6,6,ypc_02,D,full,D,True,D,1,True,1,1,1,-0.8072278083534364
reflection-task,63fbf0e3b18cc14adc0dbfb6,8,ypc_03,B,full,B,True,B,1,True,1,1,1,0.847792019828484
reflection-task,63fbf0e3b18cc14adc0dbfb6,10,ypc_05,A,full,A,True,A,1,True,1,1,1,0.3366829552428909
reflection-task,63fbf0e3b18cc14adc0dbfb6,12,ypc_06,B,full,B,False,A,1,True,1,0,0,1.2128699231039075
reflection-task,63fbf0e3b18cc14adc0dbfb6,16,car_racing_02,B,full,B,False,C,1,True,1,0,0,1.1885313962188795
reflection-task,63fbf0e3b18cc14adc0dbfb6,18,car_racing_03,D,full,D,False,B,2,True,1,0,0,-0.49082695884806904
reflection-task,63fbf0e3b18cc14adc0dbfb6,20,car_racing_05,D,full,D,False,A,1,True,1,0,0,0.5313911703231169
reflection-task,63fbf0e3b18cc14adc0dbfb6,24,graduation_party_05,D,full,D,False,A,1,True,1,0,0,0.14197474016266495
reflection-task,63fbf0e3b18cc14adc0dbfb6,26,graduation_party_06,B,full,B,False,D,1,True,1,0,0,-0.3691343244229278
reflection-task,63fbf0e3b18cc14adc0dbfb6,28,graduation_party_07,D,full,D,False,B,2,True,1,0,0,0.7017608585183145
reflection-task,6a74c432d1f8e14197cba20c,6,ypc_02,D,full,D,True,D,2,True,1,1,1,-0.8072278083534364
reflection-task,6a74c432d1f8e14197cba20c,8,ypc_03,B,full,B,True,B,2,True,1,1,1,0.847792019828484
reflection-task,6a74c432d1f8e14197cba20c,10,ypc_05,A,full,A,True,A,2,True,1,1,1,0.3366829552428909
reflection-task,6a74c432d1f8e14197cba20c,12,ypc_06,A,full,A,True,A,1,True,1,1,1,1.2128699231039075
reflection-task,6a74c432d1f8e14197cba20c,14,car_racing_01,D,full,D,True,D,1,True,1,1,1,-1.7807688837545659
reflection-task,6a74c432d1f8e14197cba20c,16,car_racing_02,C,full,C,True,C,1,True,1,1,1,1.1885313962188795
reflection-task,6a74c432d1f8e14197cba20c,20,car_racing_05,B,full,B,False,A,2,True,1,0,0,0.5313911703231169
reflection-task,6a74c432d1f8e14197cba20c,22,graduation_party_01,C,full,C,False,B,1,True,1,0,0,-1.5130450880192552
reflection-task,6a74c432d1f8e14197cba20c,24,graduation_party_05,A,full,A,True,A,1,True,1,1,1,0.14197474016266495
reflection-task,6a74c432d1f8e14197cba20c,26,graduation_party_06,D,full,D,True,D,4,True,1,1,1,-0.3691343244229278
reflection-task,6a74c432d1f8e14197cba20c,28,graduation_party_07,B,full,B,True,B,1,True,1,1,1,0.7017608585183145
reflection-task,6a5f42d69b1ede78e6865ae2,6,ypc_02,D,combined,D,True,D,9,True,1,1,1,-0.8072278083534364
reflection-task,6a5f42d69b1ede78e6865ae2,8,ypc_03,B,combined,D,False,B,7,True,0,1,0,0.847792019828484
reflection-task,6a5f42d69b1ede78e6865ae2,10,ypc_05,A,full,A,True,A,5,True,1,1,1,0.3366829552428909
reflection-task,6a5f42d69b1ede78e6865ae2,12,ypc_06,C,full,C,False,A,4,True,1,0,0,1.2128699231039075
reflection-task,6a5f42d69b1ede78e6865ae2,14,car_racing_01,D,full,D,True,D,1,True,1,1,1,-1.7807688837545659
reflection-task,6a5f42d69b1ede78e6865ae2,16,car_racing_02,B,full,B,False,C,1,True,1,0,0,1.1885313962188795
reflection-task,6a5f42d69b1ede78e6865ae2,18,car_racing_03,B,full,B,True,B,2,True,1,1,1,-0.49082695884806904
reflection-task,6a5f42d69b1ede78e6865ae2,22,graduation_party_01,B,combined,B,True,B,13,True,1,1,1,-1.5130450880192552
reflection-task,6a5f42d69b1ede78e6865ae2,24,graduation_party_05,D,combined,D,False,A,3,True,1,0,0,0.14197474016266495
reflection-task,6a5f42d69b1ede78e6865ae2,26,graduation_party_06,D,combined,D,True,D,4,True,1,1,1,-0.3691343244229278
reflection-task,6a5f42d69b1ede78e6865ae2,28,graduation_party_07,B,full,B,True,B,16,True,1,1,1,0.7017608585183145
reflection-task,6a0a1d0620ab03bd3ef2d77a,6,ypc_02,D,full,D,True,D,1,True,1,1,1,-0.8072278083534364
reflection-task,6a0a1d0620ab03bd3ef2d77a,8,ypc_03,A,full,A,False,B,1,True,1,0,0,0.847792019828484
reflection-task,6a0a1d0620ab03bd3ef2d77a,10,ypc_05,D,full,D,False,A,1,True,1,0,0,0.3366829552428909
reflection-task,6a0a1d0620ab03bd3ef2d77a,12,ypc_06,D,full,D,False,A,1,True,1,0,0,1.2128699231039075
reflection-task,6a0a1d0620ab03bd3ef2d77a,14,car_racing_01,D,full,D,True,D,1,True,1,1,1,-1.7807688837545659
reflection-task,6a0a1d0620ab03bd3ef2d77a,16,car_racing_02,B,full,B,False,C,1,True,1,0,0,1.1885313962188795
reflection-task,6a0a1d0620ab03bd3ef2d77a,18,car_racing_03,D,full,D,False,B,1,True,1,0,0,-0.49082695884806904
reflection-task,6a0a1d0620ab03bd3ef2d77a,20,car_racing_05,D,full,D,False,A,1,True,1,0,0,0.5313911703231169
reflection-task,6a0a1d0620ab03bd3ef2d77a,22,graduation_party_01,C,full,C,False,B,1,True,1,0,0,-1.5130450880192552
reflection-task,6a0a1d0620ab03bd3ef2d77a,24,graduation_party_05,A,full,A,True,A,1,True,1,1,1,0.14197474016266495
reflection-task,6a0a1d0620ab03bd3ef2d77a,26,graduation_party_06,D,full,D,True,D,1,True,1,1,1,-0.3691343244229278
reflection-task,6a0a1d0620ab03bd3ef2d77a,28,graduation_party_07,D,full,D,False,B,1,True,1,0,0,0.7017608585183145
reflection-task,6a391d8950b4a5bd0c31b39c,6,ypc_02,D,full,D,True,D,2,True,1,1,1,-0.8072278083534364
reflection-task,6a391d8950b4a5bd0c31b39c,10,ypc_05,D,full,D,False,A,2,True,1,0,0,0.3366829552428909
reflection-task,6a391d8950b4a5bd0c31b39c,14,car_racing_01,D,full,D,True,D,1,True,1,1,1,-1.7807688837545659
reflection-task,6a391d8950b4a5bd0c31b39c,20,car_racing_05,C,full,C,False,A,1,True,1,0,0,0.5313911703231169
reflection-task,6a391d8950b4a5bd0c31b39c,22,graduation_party_01,C,full,C,False,B,1,True,1,0,0,-1.5130450880192552
reflection-task,6a391d8950b4a5bd0c31b39c,24,graduation_party_05,D,full,D,False,A,1,True,1,0,0,0.14197474016266495
reflection-task,6a391d8950b4a5bd0c31b39c,26,graduation_party_06,D,full,D,True,D,1,True,1,1,1,-0.3691343244229278
reflection-task,6a391d8950b4a5bd0c31b39c,28,graduation_party_07,D,full,D,False,B,1,True,1,0,0,0.7017608585183145
reflection-task,6a024f725261d2958f108b09,6,ypc_02,D,full,D,True,D,3,True,1,1,1,-0.8072278083534364
reflection-task,6a024f725261d2958f108b09,8,ypc_03,B,full,B,True,B,2,True,1,1,1,0.847792019828484
reflection-task,6a024f725261d2958f108b09,10,ypc_05,A,full,A,True,A,2,True,1,1,1,0.3366829552428909
reflection-task,6a024f725261d2958f108b09,12,ypc_06,D,full,D,False,A,2,True,1,0,0,1.2128699231039075
reflection-task,6a024f725261d2958f108b09,14,car_racing_01,D,full,D,True,D,2,True,1,1,1,-1.7807688837545659
reflection-task,6a024f725261d2958f108b09,16,car_racing_02,C,full,C,True,C,2,True,1,1,1,1.1885313962188795
reflection-task,6a024f725261d2958f108b09,18,car_racing_03,B,full,B,True,B,3,True,1,1,1,-0.49082695884806904
reflection-task,6a024f725261d2958f108b09,20,car_racing_05,D,full,D,False,A,2,True,1,0,0,0.5313911703231169
reflection-task,6a024f725261d2958f108b09,22,graduation_party_01,C,full,D,False,B,1,True,0,0,0,-1.5130450880192552
reflection-task,6a024f725261d2958f108b09,24,graduation_party_05,C,full,A,True,A,1,True,0,0,1,0.14197474016266495
reflection-task,6a024f725261d2958f108b09,26,graduation_party_06,B,full,B,False,D,2,True,1,0,0,-0.3691343244229278
reflection-task,6a024f725261d2958f108b09,28,graduation_party_07,D,full,D,False,B,2,True,1,0,0,0.7017608585183145
reflection-task,65099be3415f7ca701bb2a0b,6,ypc_02,D,full,D,True,D,2,True,1,1,1,-0.8072278083534364
reflection-task,65099be3415f7ca701bb2a0b,8,ypc_03,C,full,C,False,B,2,True,1,0,0,0.847792019828484
reflection-task,65099be3415f7ca701bb2a0b,10,ypc_05,D,full,D,False,A,2,True,1,0,0,0.3366829552428909
reflection-task,65099be3415f7ca701bb2a0b,12,ypc_06,C,full,A,True,A,2,True,0,0,1,1.2128699231039075
reflection-task,65099be3415f7ca701bb2a0b,14,car_racing_01,D,full,C,False,D,2,True,0,1,0,-1.7807688837545659
reflection-task,65099be3415f7ca701bb2a0b,16,car_racing_02,C,full,C,True,C,2,True,1,1,1,1.1885313962188795
reflection-task,65099be3415f7ca701bb2a0b,18,car_racing_03,B,full,B,True,B,2,True,1,1,1,-0.49082695884806904
reflection-task,65099be3415f7ca701bb2a0b,20,car_racing_05,D,full,D,False,A,3,True,1,0,0,0.5313911703231169
reflection-task,65099be3415f7ca701bb2a0b,22,graduation_party_01,B,full,B,True,B,2,True,1,1,1,-1.5130450880192552
reflection-task,65099be3415f7ca701bb2a0b,24,graduation_party_05,D,full,D,False,A,2,True,1,0,0,0.14197474016266495
reflection-task,65099be3415f7ca701bb2a0b,26,graduation_party_06,D,full,D,True,D,2,True,1,1,1,-0.3691343244229278
reflection-task,65099be3415f7ca701bb2a0b,28,graduation_party_07,D,full,D,False,B,2,True,1,0,0,0.7017608585183145
reflection-task,6a04ae863ac91cfca3e95923,6,ypc_02,D,full,D,True,D,1,True,1,1,1,-0.8072278083534364
reflection-task,6a04ae863ac91cfca3e95923,8,ypc_03,B,full,B,True,B,1,True,1,1,1,0.847792019828484
reflection-task,6a04ae863ac91cfca3e95923,10,ypc_05,A,full,D,False,A,3,True,0,1,0,0.3366829552428909
reflection-task,6a04ae863ac91cfca3e95923,12,ypc_06,D,full,D,False,A,1,True,1,0,0,1.2128699231039075
reflection-task,6a04ae863ac91cfca3e95923,16,car_racing_02,B,full,B,False,C,1,True,1,0,0,1.1885313962188795
reflection-task,6a04ae863ac91cfca3e95923,18,car_racing_03,D,full,D,False,B,1,True,1,0,0,-0.49082695884806904
reflection-task,6a04ae863ac91cfca3e95923,20,car_racing_05,A,full,A,True,A,3,True,1,1,1,0.5313911703231169
reflection-task,6a04ae863ac91cfca3e95923,22,graduation_party_01,B,full,B,True,B,5,True,1,1,1,-1.5130450880192552
reflection-task,6a04ae863ac91cfca3e95923,24,graduation_party_05,A,full,A,True,A,1,True,1,1,1,0.14197474016266495
reflection-task,6a04ae863ac91cfca3e95923,26,graduation_party_06,D,full,D,True,D,1,True,1,1,1,-0.3691343244229278
reflection-task,6a04ae863ac91cfca3e95923,28,graduation_party_07,B,full,B,True,B,1,True,1,1,1,0.7017608585183145
reflection-task,66620cf0297a4b3c61f5a8ee,6,ypc_02,D,full,D,True,D,1,True,1,1,1,-0.8072278083534364
reflection-task,66620cf0297a4b3c61f5a8ee,8,ypc_03,C,full,C,False,B,3,True,1,0,0,0.847792019828484
reflection-task,66620cf0297a4b3c61f5a8ee,10,ypc_05,A,full,A,True,A,2,True,1,1,1,0.3366829552428909
reflection-task,66620cf0297a4b3c61f5a8ee,12,ypc_06,B,full,B,False,A,4,True,1,0,0,1.2128699231039075
reflection-task,66620cf0297a4b3c61f5a8ee,14,car_racing_01,D,full,D,True,D,2,True,1,1,1,-1.7807688837545659
reflection-task,66620cf0297a4b3c61f5a8ee,16,car_racing_02,B,full,B,False,C,4,True,1,0,0,1.1885313962188795
reflection-task,66620cf0297a4b3c61f5a8ee,18,car_racing_03,B,full,B,True,B,1,True,1,1,1,-0.49082695884806904
reflection-task,66620cf0297a4b3c61f5a8ee,20,car_racing_05,A,full,A,True,A,5,True,1,1,1,0.5313911703231169
reflection-task,66620cf0297a4b3c61f5a8ee,22,graduation_party_01,C,full,C,False,B,1,True,1,0,0,-1.5130450880192552
reflection-task,66620cf0297a4b3c61f5a8ee,24,graduation_party_05,A,full,A,True,A,2,True,1,1,1,0.14197474016266495
reflection-task,66620cf0297a4b3c61f5a8ee,26,graduation_party_06,A,full,A,False,D,6,True,1,0,0,-0.3691343244229278
reflection-task,66620cf0297a4b3c61f5a8ee,28,graduation_party_07,B,full,B,True,B,1,True,1,1,1,0.7017608585183145
reflection-task,61fa90b1d42cb19beec491c3,6,ypc_02,D,full,D,True,D,2,True,1,1,1,-0.8072278083534364
reflection-task,61fa90b1d42cb19beec491c3,8,ypc_03,C,full,C,False,B,2,True,1,0,0,0.847792019828484
reflection-task,61fa90b1d42cb19beec491c3,10,ypc_05,D,full,D,False,A,3,True,1,0,0,0.3366829552428909
reflection-task,61fa90b1d42cb19beec491c3,12,ypc_06,D,full,D,False,A,3,True,1,0,0,1.2128699231039075
reflection-task,61fa90b1d42cb19beec491c3,14,car_racing_01,D,full,D,True,D,3,True,1,1,1,-1.7807688837545659
reflection-task,61fa90b1d42cb19beec491c3,16,car_racing_02,B,full,B,False,C,2,True,1,0,0,1.1885313962188795
reflection-task,61fa90b1d42cb19beec491c3,18,car_racing_03,B,full,B,True,B,4,True,1,1,1,-0.49082695884806904
reflection-task,61fa90b1d42cb19beec491c3,20,car_racing_05,A,full,A,True,A,1,True,1,1,1,0.5313911703231169
reflection-task,61fa90b1d42cb19beec491c3,22,graduation_party_01,B,full,B,True,B,3,True,1,1,1,-1.5130450880192552
reflection-task,61fa90b1d42cb19beec491c3,24,graduation_party_05,D,full,D,False,A,3,True,1,0,0,0.14197474016266495
reflection-task,61fa90b1d42cb19beec491c3,26,graduation_party_06,D,full,D,True,D,4,True,1,1,1,-0.3691343244229278
reflection-task,61fa90b1d42cb19beec491c3,28,graduation_party_07,D,full,D,False,B,1,True,1,0,0,0.7017608585183145
reflection-task,59e74a640fb3a90001bd9867,10,ypc_05,D,full,D,False,A,1,True,1,0,0,0.3366829552428909
reflection-task,59e74a640fb3a90001bd9867,12,ypc_06,C,full,C,False,A,1,True,1,0,0,1.2128699231039075
reflection-task,59e74a640fb3a90001bd9867,20,car_racing_05,A,full,A,True,A,1,True,1,1,1,0.5313911703231169
reflection-task,59e74a640fb3a90001bd9867,22,graduation_party_01,B,full,B,True,B,1,True,1,1,1,-1.5130450880192552
reflection-task,59e74a640fb3a90001bd9867,24,graduation_party_05,D,full,D,False,A,1,True,1,0,0,0.14197474016266495
reflection-task,59e74a640fb3a90001bd9867,26,graduation_party_06,B,full,B,False,D,1,True,1,0,0,-0.3691343244229278
reflection-task,59e74a640fb3a90001bd9867,28,graduation_party_07,A,full,A,False,B,1,True,1,0,0,0.7017608585183145
reflection-task,6a01c9b02847d30e43b0a264,6,ypc_02,D,full,D,True,D,1,True,1,1,1,-0.8072278083534364
reflection-task,6a01c9b02847d30e43b0a264,8,ypc_03,A,full,D,False,B,3,True,0,0,0,0.847792019828484
reflection-task,6a01c9b02847d30e43b0a264,10,ypc_05,C,full,A,True,A,2,True,0,0,1,0.3366829552428909
reflection-task,6a01c9b02847d30e43b0a264,12,ypc_06,D,full,D,False,A,2,True,1,0,0,1.2128699231039075
reflection-task,6a01c9b02847d30e43b0a264,14,car_racing_01,D,full,D,True,D,2,True,1,1,1,-1.7807688837545659
reflection-task,6a01c9b02847d30e43b0a264,16,car_racing_02,B,full,B,False,C,2,True,1,0,0,1.1885313962188795
reflection-task,6a01c9b02847d30e43b0a264,18,car_racing_03,B,full,A,False,B,2,True,0,1,0,-0.49082695884806904
reflection-task,6a01c9b02847d30e43b0a264,20,car_racing_05,D,full,D,False,A,2,True,1,0,0,0.5313911703231169
reflection-task,6a01c9b02847d30e43b0a264,22,graduation_party_01,C,full,C,False,B,2,True,1,0,0,-1.5130450880192552
reflection-task,6a01c9b02847d30e43b0a264,24,graduation_party_05,A,full,A,True,A,3,True,1,1,1,0.14197474016266495
reflection-task,6a01c9b02847d30e43b0a264,26,graduation_party_06,B,full,B,False,D,3,True,1,0,0,-0.3691343244229278
reflection-task,6a01c9b02847d30e43b0a264,28,graduation_party_07,B,full,B,True,B,2,True,1,1,1,0.7017608585183145
reflection-task,669e58ff5a1c84c90a37a962,6,ypc_02,D,full,D,True,D,2,True,1,1,1,-0.8072278083534364
reflection-task,669e58ff5a1c84c90a37a962,8,ypc_03,D,full,D,False,B,2,True,1,0,0,0.847792019828484
reflection-task,669e58ff5a1c84c90a37a962,10,ypc_05,D,full,D,False,A,2,True,1,0,0,0.3366829552428909
reflection-task,669e58ff5a1c84c90a37a962,12,ypc_06,C,full,C,False,A,3,True,1,0,0,1.2128699231039075
reflection-task,669e58ff5a1c84c90a37a962,14,car_racing_01,D,full,D,True,D,2,True,1,1,1,-1.7807688837545659
reflection-task,669e58ff5a1c84c90a37a962,16,car_racing_02,C,full,C,True,C,2,True,1,1,1,1.1885313962188795
reflection-task,669e58ff5a1c84c90a37a962,18,car_racing_03,D,full,D,False,B,2,True,1,0,0,-0.49082695884806904
reflection-task,669e58ff5a1c84c90a37a962,20,car_racing_05,D,full,D,False,A,1,True,1,0,0,0.5313911703231169
reflection-task,669e58ff5a1c84c90a37a962,22,graduation_party_01,B,full,B,True,B,2,True,1,1,1,-1.5130450880192552
reflection-task,669e58ff5a1c84c90a37a962,24,graduation_party_05,D,full,D,False,A,2,True,1,0,0,0.14197474016266495
reflection-task,669e58ff5a1c84c90a37a962,26,graduation_party_06,D,full,D,True,D,1,True,1,1,1,-0.3691343244229278
reflection-task,669e58ff5a1c84c90a37a962,28,graduation_party_07,D,full,D,False,B,2,True,1,0,0,0.7017608585183145
reflection-task,6a0e0a7870eacd91539865bd,6,ypc_02,A,full,D,True,D,1,True,0,0,1,-0.8072278083534364
reflection-task,6a0e0a7870eacd91539865bd,8,ypc_03,C,full,D,False,B,1,True,0,0,0,0.847792019828484
reflection-task,6a0e0a7870eacd91539865bd,10,ypc_05,A,full,D,False,A,1,True,0,1,0,0.3366829552428909
reflection-task,6a0e0a7870eacd91539865bd,12,ypc_06,C,full,D,False,A,2,True,0,0,0,1.2128699231039075
reflection-task,6a0e0a7870eacd91539865bd,14,car_racing_01,B,full,D,True,D,1,True,0,0,1,-1.7807688837545659
reflection-task,6a0e0a7870eacd91539865bd,16,car_racing_02,B,full,B,False,C,1,True,1,0,0,1.1885313962188795
reflection-task,6a0e0a7870eacd91539865bd,18,car_racing_03,D,full,D,False,B,1,True,1,0,0,-0.49082695884806904
reflection-task,6a0e0a7870eacd91539865bd,20,car_racing_05,D,full,C,False,A,1,True,0,0,0,0.5313911703231169
reflection-task,6a0e0a7870eacd91539865bd,22,graduation_party_01,C,full,B,True,B,1,True,0,0,1,-1.5130450880192552
reflection-task,6a0e0a7870eacd91539865bd,24,graduation_party_05,A,full,A,True,A,1,True,1,1,1,0.14197474016266495
reflection-task,6a0e0a7870eacd91539865bd,26,graduation_party_06,D,full,B,False,D,1,True,0,1,0,-0.3691343244229278
reflection-task,6a0e0a7870eacd91539865bd,28,graduation_party_07,D,full,B,True,B,1,True,0,0,1,0.7017608585183145
reflection-task,673b604f831846c9a2e2d0e6,6,ypc_02,D,full,D,True,D,1,True,1,1,1,-0.8072278083534364
reflection-task,673b604f831846c9a2e2d0e6,8,ypc_03,C,full,C,False,B,1,True,1,0,0,0.847792019828484
reflection-task,673b604f831846c9a2e2d0e6,10,ypc_05,A,full,A,True,A,1,True,1,1,1,0.3366829552428909
reflection-task,673b604f831846c9a2e2d0e6,12,ypc_06,B,full,B,False,A,2,True,1,0,0,1.2128699231039075
reflection-task,673b604f831846c9a2e2d0e6,14,car_racing_01,D,full,D,True,D,1,True,1,1,1,-1.7807688837545659
reflection-task,673b604f831846c9a2e2d0e6,16,car_racing_02,B,full,B,False,C,2,True,1,0,0,1.1885313962188795
reflection-task,673b604f831846c9a2e2d0e6,18,car_racing_03,B,full,B,True,B,1,True,1,1,1,-0.49082695884806904
reflection-task,673b604f831846c9a2e2d0e6,20,car_racing_05,D,full,D,False,A,1,True,1,0,0,0.5313911703231169
reflection-task,673b604f831846c9a2e2d0e6,22,graduation_party_01,C,full,C,False,B,1,True,1,0,0,-1.5130450880192552
reflection-task,673b604f831846c9a2e2d0e6,24,graduation_party_05,A,full,A,True,A,1,True,1,1,1,0.14197474016266495
reflection-task,673b604f831846c9a2e2d0e6,26,graduation_party_06,B,full,B,False,D,1,True,1,0,0,-0.3691343244229278
reflection-task,673b604f831846c9a2e2d0e6,28,graduation_party_07,D,full,D,False,B,1,True,1,0,0,0.7017608585183145
reflection-task,6a0779a03984ef197bcbae39,6,ypc_02,A,full,A,False,D,2,True,1,0,0,-0.8072278083534364
reflection-task,6a0779a03984ef197bcbae39,8,ypc_03,B,full,B,True,B,2,True,1,1,1,0.847792019828484
reflection-task,6a0779a03984ef197bcbae39,10,ypc_05,A,full,A,True,A,2,True,1,1,1,0.3366829552428909
reflection-task,6a0779a03984ef197bcbae39,12,ypc_06,D,full,D,False,A,2,True,1,0,0,1.2128699231039075
reflection-task,6a0779a03984ef197bcbae39,14,car_racing_01,D,full,D,True,D,1,True,1,1,1,-1.7807688837545659
reflection-task,6a0779a03984ef197bcbae39,16,car_racing_02,D,full,B,False,C,2,True,0,0,0,1.1885313962188795
reflection-task,6a0779a03984ef197bcbae39,18,car_racing_03,B,full,B,True,B,1,True,1,1,1,-0.49082695884806904
reflection-task,6a0779a03984ef197bcbae39,20,car_racing_05,C,full,C,False,A,2,True,1,0,0,0.5313911703231169
reflection-task,6a0779a03984ef197bcbae39,22,graduation_party_01,B,full,B,True,B,2,True,1,1,1,-1.5130450880192552
reflection-task,6a0779a03984ef197bcbae39,24,graduation_party_05,D,full,D,False,A,1,True,1,0,0,0.14197474016266495
reflection-task,6a0779a03984ef197bcbae39,26,graduation_party_06,D,full,D,True,D,1,True,1,1,1,-0.3691343244229278
reflection-task,6a0779a03984ef197bcbae39,28,graduation_party_07,D,full,D,False,B,2,True,1,0,0,0.7017608585183145
reflection-task,69f5a188951962a8f4061267,6,ypc_02,D,combined,D,True,D,3,True,1,1,1,-0.8072278083534364
reflection-task,69f5a188951962a8f4061267,8,ypc_03,B,full,D,False,B,4,True,0,1,0,0.847792019828484
reflection-task,69f5a188951962a8f4061267,10,ypc_05,D,combined,D,False,A,4,True,1,0,0,0.3366829552428909
reflection-task,69f5a188951962a8f4061267,12,ypc_06,B,full,B,False,A,4,True,1,0,0,1.2128699231039075
reflection-task,69f5a188951962a8f4061267,14,car_racing_01,D,full,D,True,D,4,True,1,1,1,-1.7807688837545659
reflection-task,69f5a188951962a8f4061267,16,car_racing_02,C,full,C,True,C,3,True,1,1,1,1.1885313962188795
reflection-task,69f5a188951962a8f4061267,18,car_racing_03,B,full,B,True,B,4,True,1,1,1,-0.49082695884806904
reflection-task,69f5a188951962a8f4061267,20,car_racing_05,B,full,B,False,A,2,True,1,0,0,0.5313911703231169
reflection-task,69f5a188951962a8f4061267,22,graduation_party_01,B,combined,B,True,B,4,True,1,1,1,-1.5130450880192552
reflection-task,69f5a188951962a8f4061267,26,graduation_party_06,D,full,D,True,D,3,True,1,1,1,-0.3691343244229278
reflection-task,69f5a188951962a8f4061267,28,graduation_party_07,D,full,D,False,B,3,True,1,0,0,0.7017608585183145
reflection-task,5b898547990403000114de1d,6,ypc_02,D,full,D,True,D,2,True,1,1,1,-0.8072278083534364
reflection-task,5b898547990403000114de1d,8,ypc_03,A,full,A,False,B,2,True,1,0,0,0.847792019828484
reflection-task,5b898547990403000114de1d,10,ypc_05,D,full,D,False,A,2,True,1,0,0,0.3366829552428909
reflection-task,5b898547990403000114de1d,12,ypc_06,C,full,C,False,A,2,True,1,0,0,1.2128699231039075
reflection-task,5b898547990403000114de1d,14,car_racing_01,D,full,D,True,D,2,True,1,1,1,-1.7807688837545659
reflection-task,5b898547990403000114de1d,16,car_racing_02,B,full,B,False,C,3,True,1,0,0,1.1885313962188795
reflection-task,5b898547990403000114de1d,18,car_racing_03,B,full,B,True,B,2,True,1,1,1,-0.49082695884806904
reflection-task,5b898547990403000114de1d,20,car_racing_05,C,full,C,False,A,2,True,1,0,0,0.5313911703231169
reflection-task,5b898547990403000114de1d,22,graduation_party_01,B,full,B,True,B,2,True,1,1,1,-1.5130450880192552
reflection-task,5b898547990403000114de1d,24,graduation_party_05,D,full,D,False,A,3,True,1,0,0,0.14197474016266495
reflection-task,5b898547990403000114de1d,26,graduation_party_06,B,full,B,False,D,4,True,1,0,0,-0.3691343244229278
reflection-task,5b898547990403000114de1d,28,graduation_party_07,D,full,D,False,B,2,True,1,0,0,0.7017608585183145
reflection-task,6a0e3b3d4d59d3110d005558,8,ypc_03,A,full,A,False,B,3,True,1,0,0,0.847792019828484
reflection-task,6a0e3b3d4d59d3110d005558,10,ypc_05,D,full,D,False,A,8,True,1,0,0,0.3366829552428909
reflection-task,6a0e3b3d4d59d3110d005558,12,ypc_06,D,full,D,False,A,1,True,1,0,0,1.2128699231039075
reflection-task,6a0e3b3d4d59d3110d005558,14,car_racing_01,D,full,D,True,D,3,True,1,1,1,-1.7807688837545659
reflection-task,6a0e3b3d4d59d3110d005558,18,car_racing_03,D,full,D,False,B,4,True,1,0,0,-0.49082695884806904
reflection-task,6a0e3b3d4d59d3110d005558,20,car_racing_05,D,full,D,False,A,4,True,1,0,0,0.5313911703231169
reflection-task,6a0e3b3d4d59d3110d005558,22,graduation_party_01,C,full,C,False,B,1,True,1,0,0,-1.5130450880192552
reflection-task,6a0e3b3d4d59d3110d005558,24,graduation_party_05,D,full,D,False,A,4,True,1,0,0,0.14197474016266495
reflection-task,6a0e3b3d4d59d3110d005558,26,graduation_party_06,B,full,B,False,D,2,True,1,0,0,-0.3691343244229278
reflection-task,6a0e3b3d4d59d3110d005558,28,graduation_party_07,D,full,D,False,B,1,True,1,0,0,0.7017608585183145
reflection-task,686fd6f304b7e79b97c978e6,6,ypc_02,D,full,D,True,D,1,True,1,1,1,-0.8072278083534364
reflection-task,686fd6f304b7e79b97c978e6,8,ypc_03,A,full,A,False,B,1,True,1,0,0,0.847792019828484
reflection-task,686fd6f304b7e79b97c978e6,10,ypc_05,A,full,A,True,A,1,True,1,1,1,0.3366829552428909
reflection-task,686fd6f304b7e79b97c978e6,12,ypc_06,B,full,B,False,A,1,True,1,0,0,1.2128699231039075
reflection-task,686fd6f304b7e79b97c978e6,14,car_racing_01,A,full,A,False,D,1,True,1,0,0,-1.7807688837545659
reflection-task,686fd6f304b7e79b97c978e6,16,car_racing_02,B,full,B,False,C,1,True,1,0,0,1.1885313962188795
reflection-task,686fd6f304b7e79b97c978e6,18,car_racing_03,D,full,D,False,B,1,True,1,0,0,-0.49082695884806904
reflection-task,686fd6f304b7e79b97c978e6,20,car_racing_05,D,full,D,False,A,2,True,1,0,0,0.5313911703231169
reflection-task,686fd6f304b7e79b97c978e6,22,graduation_party_01,B,full,B,True,B,1,True,1,1,1,-1.5130450880192552
reflection-task,686fd6f304b7e79b97c978e6,24,graduation_party_05,A,full,A,True,A,1,True,1,1,1,0.14197474016266495
reflection-task,686fd6f304b7e79b97c978e6,26,graduation_party_06,D,full,D,True,D,1,True,1,1,1,-0.3691343244229278
reflection-task,686fd6f304b7e79b97c978e6,28,graduation_party_07,D,full,D,False,B,1,True,1,0,0,0.7017608585183145
reflection-task,6a1f209b48870c2ea2929806,6,ypc_02,A,full,A,False,D,1,True,1,0,0,-0.8072278083534364
reflection-task,6a1f209b48870c2ea2929806,14,car_racing_01,D,full,D,True,D,1,True,1,1,1,-1.7807688837545659
reflection-task,6a0cb91d88188266d77554d9,6,ypc_02,A,full,A,False,D,1,True,1,0,0,-0.8072278083534364
reflection-task,6a0cb91d88188266d77554d9,8,ypc_03,A,full,A,False,B,1,True,1,0,0,0.847792019828484
reflection-task,6a0cb91d88188266d77554d9,10,ypc_05,D,full,D,False,A,1,True,1,0,0,0.3366829552428909
reflection-task,6a0cb91d88188266d77554d9,12,ypc_06,A,full,A,True,A,1,True,1,1,1,1.2128699231039075
reflection-task,6a0cb91d88188266d77554d9,14,car_racing_01,D,full,D,True,D,1,True,1,1,1,-1.7807688837545659
reflection-task,6a0cb91d88188266d77554d9,16,car_racing_02,B,full,B,False,C,1,True,1,0,0,1.1885313962188795
reflection-task,6a0cb91d88188266d77554d9,18,car_racing_03,D,full,D,False,B,1,True,1,0,0,-0.49082695884806904
reflection-task,6a0cb91d88188266d77554d9,20,car_racing_05,A,full,A,True,A,2,True,1,1,1,0.5313911703231169
reflection-task,6a0cb91d88188266d77554d9,22,graduation_party_01,B,full,B,True,B,1,True,1,1,1,-1.5130450880192552
reflection-task,6a0cb91d88188266d77554d9,24,graduation_party_05,D,full,D,False,A,2,True,1,0,0,0.14197474016266495
reflection-task,6a0cb91d88188266d77554d9,26,graduation_party_06,D,full,D,True,D,1,True,1,1,1,-0.3691343244229278
reflection-task,6a0cb91d88188266d77554d9,28,graduation_party_07,B,full,B,True,B,1,True,1,1,1,0.7017608585183145
reflection-task,6346e69ebd7bbf2cda8fa8e0,6,ypc_02,D,full,D,True,D,2,True,1,1,1,-0.8072278083534364
reflection-task,6346e69ebd7bbf2cda8fa8e0,8,ypc_03,A,full,A,False,B,2,True,1,0,0,0.847792019828484
reflection-task,6346e69ebd7bbf2cda8fa8e0,10,ypc_05,A,full,A,True,A,2,True,1,1,1,0.3366829552428909
reflection-task,6346e69ebd7bbf2cda8fa8e0,12,ypc_06,B,full,B,False,A,1,True,1,0,0,1.2128699231039075
reflection-task,6346e69ebd7bbf2cda8fa8e0,14,car_racing_01,D,full,D,True,D,2,True,1,1,1,-1.7807688837545659
reflection-task,6346e69ebd7bbf2cda8fa8e0,16,car_racing_02,B,full,D,False,C,1,True,0,0,0,1.1885313962188795
reflection-task,6346e69ebd7bbf2cda8fa8e0,18,car_racing_03,B,full,B,True,B,1,True,1,1,1,-0.49082695884806904
reflection-task,6346e69ebd7bbf2cda8fa8e0,20,car_racing_05,A,full,A,True,A,1,True,1,1,1,0.5313911703231169
reflection-task,6346e69ebd7bbf2cda8fa8e0,22,graduation_party_01,C,full,C,False,B,1,True,1,0,0,-1.5130450880192552
reflection-task,6346e69ebd7bbf2cda8fa8e0,24,graduation_party_05,D,full,D,False,A,2,True,1,0,0,0.14197474016266495
reflection-task,6346e69ebd7bbf2cda8fa8e0,26,graduation_party_06,D,full,D,True,D,1,True,1,1,1,-0.3691343244229278
reflection-task,6346e69ebd7bbf2cda8fa8e0,28,graduation_party_07,C,full,C,False,B,1,True,1,0,0,0.7017608585183145
reflection-task,6a0f4a69f9ccf5a7b2a53a31,6,ypc_02,D,full,D,True,D,3,True,1,1,1,-0.8072278083534364
reflection-task,6a0f4a69f9ccf5a7b2a53a31,8,ypc_03,D,full,D,False,B,2,True,1,0,0,0.847792019828484
reflection-task,6a0f4a69f9ccf5a7b2a53a31,10,ypc_05,D,full,D,False,A,1,True,1,0,0,0.3366829552428909
reflection-task,6a0f4a69f9ccf5a7b2a53a31,12,ypc_06,C,full,C,False,A,2,True,1,0,0,1.2128699231039075
reflection-task,6a0f4a69f9ccf5a7b2a53a31,14,car_racing_01,D,full,D,True,D,1,True,1,1,1,-1.7807688837545659
reflection-task,6a0f4a69f9ccf5a7b2a53a31,16,car_racing_02,D,full,D,False,C,1,True,1,0,0,1.1885313962188795
reflection-task,6a0f4a69f9ccf5a7b2a53a31,18,car_racing_03,D,full,D,False,B,2,True,1,0,0,-0.49082695884806904
reflection-task,6a0f4a69f9ccf5a7b2a53a31,20,car_racing_05,D,full,D,False,A,2,True,1,0,0,0.5313911703231169
reflection-task,6a0f4a69f9ccf5a7b2a53a31,22,graduation_party_01,C,full,C,False,B,2,True,1,0,0,-1.5130450880192552
reflection-task,6a0f4a69f9ccf5a7b2a53a31,24,graduation_party_05,D,full,D,False,A,1,True,1,0,0,0.14197474016266495
reflection-task,6a0f4a69f9ccf5a7b2a53a31,26,graduation_party_06,D,full,D,True,D,2,True,1,1,1,-0.3691343244229278
reflection-task,6a0f4a69f9ccf5a7b2a53a31,28,graduation_party_07,C,full,C,False,B,1,True,1,0,0,0.7017608585183145
reflection-task,5cb6a087c515b0001a70d108,6,ypc_02,A,full,A,False,D,2,True,1,0,0,-0.8072278083534364
reflection-task,5cb6a087c515b0001a70d108,8,ypc_03,C,full,C,False,B,1,True,1,0,0,0.847792019828484
reflection-task,5cb6a087c515b0001a70d108,10,ypc_05,C,full,C,False,A,1,True,1,0,0,0.3366829552428909
reflection-task,5cb6a087c515b0001a70d108,12,ypc_06,C,full,C,False,A,1,True,1,0,0,1.2128699231039075
reflection-task,5cb6a087c515b0001a70d108,14,car_racing_01,D,full,D,True,D,1,True,1,1,1,-1.7807688837545659
reflection-task,5cb6a087c515b0001a70d108,16,car_racing_02,C,full,C,True,C,1,True,1,1,1,1.1885313962188795
reflection-task,5cb6a087c515b0001a70d108,18,car_racing_03,B,full,B,True,B,3,True,1,1,1,-0.49082695884806904
reflection-task,5cb6a087c515b0001a70d108,20,car_racing_05,C,full,C,False,A,1,True,1,0,0,0.5313911703231169
reflection-task,5cb6a087c515b0001a70d108,22,graduation_party_01,C,full,C,False,B,1,True,1,0,0,-1.5130450880192552
reflection-task,5cb6a087c515b0001a70d108,24,graduation_party_05,C,full,C,False,A,1,True,1,0,0,0.14197474016266495
reflection-task,5cb6a087c515b0001a70d108,26,graduation_party_06,A,full,C,False,D,1,True,0,0,0,-0.3691343244229278
reflection-task,5cb6a087c515b0001a70d108,28,graduation_party_07,C,full,C,False,B,1,True,1,0,0,0.7017608585183145
reflection-task,6a00cc06a18f6650215fb5b2,6,ypc_02,B,full,B,False,D,2,True,1,0,0,-0.8072278083534364
reflection-task,6a00cc06a18f6650215fb5b2,8,ypc_03,C,full,C,False,B,3,True,1,0,0,0.847792019828484
reflection-task,6a00cc06a18f6650215fb5b2,10,ypc_05,A,full,A,True,A,2,True,1,1,1,0.3366829552428909
reflection-task,6a00cc06a18f6650215fb5b2,12,ypc_06,C,full,C,False,A,1,True,1,0,0,1.2128699231039075
reflection-task,6a00cc06a18f6650215fb5b2,14,car_racing_01,D,full,D,True,D,1,True,1,1,1,-1.7807688837545659
reflection-task,6a00cc06a18f6650215fb5b2,16,car_racing_02,B,full,B,False,C,1,True,1,0,0,1.1885313962188795
reflection-task,6a00cc06a18f6650215fb5b2,18,car_racing_03,B,full,B,True,B,2,True,1,1,1,-0.49082695884806904
reflection-task,6a00cc06a18f6650215fb5b2,20,car_racing_05,C,full,C,False,A,1,True,1,0,0,0.5313911703231169
reflection-task,6a00cc06a18f6650215fb5b2,22,graduation_party_01,C,full,C,False,B,1,True,1,0,0,-1.5130450880192552
reflection-task,6a00cc06a18f6650215fb5b2,24,graduation_party_05,D,full,D,False,A,2,True,1,0,0,0.14197474016266495
reflection-task,6a00cc06a18f6650215fb5b2,26,graduation_party_06,A,full,A,False,D,1,True,1,0,0,-0.3691343244229278
reflection-task,6a00cc06a18f6650215fb5b2,28,graduation_party_07,D,full,D,False,B,2,True,1,0,0,0.7017608585183145
reflection-task,6a1efce6eacd6a04721457bb,6,ypc_02,D,full,D,True,D,2,True,1,1,1,-0.8072278083534364
reflection-task,6a1efce6eacd6a04721457bb,8,ypc_03,D,full,D,False,B,2,True,1,0,0,0.847792019828484
reflection-task,6a1efce6eacd6a04721457bb,10,ypc_05,A,full,A,True,A,3,True,1,1,1,0.3366829552428909
reflection-task,6a1efce6eacd6a04721457bb,12,ypc_06,D,full,D,False,A,1,True,1,0,0,1.2128699231039075
reflection-task,6a1efce6eacd6a04721457bb,14,car_racing_01,D,full,D,True,D,2,True,1,1,1,-1.7807688837545659
reflection-task,6a1efce6eacd6a04721457bb,16,car_racing_02,C,full,C,True,C,1,True,1,1,1,1.1885313962188795
reflection-task,6a1efce6eacd6a04721457bb,18,car_racing_03,B,full,B,True,B,2,True,1,1,1,-0.49082695884806904
reflection-task,6a1efce6eacd6a04721457bb,20,car_racing_05,B,full,B,False,A,2,True,1,0,0,0.5313911703231169
reflection-task,6a1efce6eacd6a04721457bb,22,graduation_party_01,B,full,B,True,B,1,True,1,1,1,-1.5130450880192552
reflection-task,6a1efce6eacd6a04721457bb,24,graduation_party_05,A,full,A,True,A,2,True,1,1,1,0.14197474016266495
reflection-task,6a1efce6eacd6a04721457bb,26,graduation_party_06,D,full,D,True,D,2,True,1,1,1,-0.3691343244229278
reflection-task,6736f802bbe77d3d5eb07ca4,6,ypc_02,D,full,D,True,D,1,True,1,1,1,-0.8072278083534364
reflection-task,6736f802bbe77d3d5eb07ca4,8,ypc_03,D,full,D,False,B,1,True,1,0,0,0.847792019828484
reflection-task,6736f802bbe77d3d5eb07ca4,10,ypc_05,A,full,A,True,A,2,True,1,1,1,0.3366829552428909
reflection-task,6736f802bbe77d3d5eb07ca4,12,ypc_06,D,full,D,False,A,2,True,1,0,0,1.2128699231039075
reflection-task,6736f802bbe77d3d5eb07ca4,14,car_racing_01,D,full,D,True,D,1,True,1,1,1,-1.7807688837545659
reflection-task,6736f802bbe77d3d5eb07ca4,16,car_racing_02,B,full,B,False,C,1,True,1,0,0,1.1885313962188795
reflection-task,6736f802bbe77d3d5eb07ca4,18,car_racing_03,D,full,D,False,B,2,True,1,0,0,-0.49082695884806904
reflection-task,6736f802bbe77d3d5eb07ca4,20,car_racing_05,D,full,D,False,A,1,True,1,0,0,0.5313911703231169
reflection-task,6736f802bbe77d3d5eb07ca4,22,graduation_party_01,C,full,C,False,B,1,True,1,0,0,-1.5130450880192552
reflection-task,6736f802bbe77d3d5eb07ca4,24,graduation_party_05,D,full,D,False,A,1,True,1,0,0,0.14197474016266495
reflection-task,6736f802bbe77d3d5eb07ca4,26,graduation_party_06,B,full,B,False,D,3,True,1,0,0,-0.3691343244229278
reflection-task,6736f802bbe77d3d5eb07ca4,28,graduation_party_07,B,full,B,True,B,1,True,1,1,1,0.7017608585183145
reflection-task,69fcc7490d4d25bd8b8260d0,6,ypc_02,D,full,D,True,D,2,True,1,1,1,-0.8072278083534364
reflection-task,69fcc7490d4d25bd8b8260d0,8,ypc_03,A,full,A,False,B,2,True,1,0,0,0.847792019828484
reflection-task,69fcc7490d4d25bd8b8260d0,10,ypc_05,C,full,A,True,A,2,True,0,0,1,0.3366829552428909
reflection-task,69fcc7490d4d25bd8b8260d0,12,ypc_06,C,full,C,False,A,1,True,1,0,0,1.2128699231039075
reflection-task,69fcc7490d4d25bd8b8260d0,14,car_racing_01,D,full,D,True,D,2,True,1,1,1,-1.7807688837545659
reflection-task,69fcc7490d4d25bd8b8260d0,16,car_racing_02,B,full,B,False,C,4,True,1,0,0,1.1885313962188795
reflection-task,69fcc7490d4d25bd8b8260d0,18,car_racing_03,D,full,D,False,B,2,True,1,0,0,-0.49082695884806904
reflection-task,69fcc7490d4d25bd8b8260d0,20,car_racing_05,D,full,D,False,A,2,True,1,0,0,0.5313911703231169
reflection-task,69fcc7490d4d25bd8b8260d0,22,graduation_party_01,B,full,B,True,B,2,True,1,1,1,-1.5130450880192552
reflection-task,69fcc7490d4d25bd8b8260d0,24,graduation_party_05,A,full,A,True,A,2,True,1,1,1,0.14197474016266495
reflection-task,69fcc7490d4d25bd8b8260d0,26,graduation_party_06,D,full,D,True,D,1,True,1,1,1,-0.3691343244229278
reflection-task,69fcc7490d4d25bd8b8260d0,28,graduation_party_07,A,full,A,False,B,2,True,1,0,0,0.7017608585183145
reflection-task,6a00f5017f05cbe927628050,6,ypc_02,A,full,A,False,D,2,True,1,0,0,-0.8072278083534364
reflection-task,6a00f5017f05cbe927628050,8,ypc_03,A,full,A,False,B,2,True,1,0,0,0.847792019828484
reflection-task,6a00f5017f05cbe927628050,10,ypc_05,D,full,D,False,A,2,True,1,0,0,0.3366829552428909
reflection-task,6a00f5017f05cbe927628050,12,ypc_06,B,full,B,False,A,2,True,1,0,0,1.2128699231039075
reflection-task,6a00f5017f05cbe927628050,14,car_racing_01,D,full,D,True,D,2,True,1,1,1,-1.7807688837545659
reflection-task,6a00f5017f05cbe927628050,16,car_racing_02,C,full,C,True,C,2,True,1,1,1,1.1885313962188795
reflection-task,6a00f5017f05cbe927628050,18,car_racing_03,D,full,D,False,B,2,True,1,0,0,-0.49082695884806904
reflection-task,6a00f5017f05cbe927628050,20,car_racing_05,A,full,A,True,A,2,True,1,1,1,0.5313911703231169
reflection-task,6a00f5017f05cbe927628050,22,graduation_party_01,B,full,B,True,B,2,True,1,1,1,-1.5130450880192552
reflection-task,6a00f5017f05cbe927628050,24,graduation_party_05,D,full,D,False,A,2,True,1,0,0,0.14197474016266495
reflection-task,6a00f5017f05cbe927628050,26,graduation_party_06,D,full,D,True,D,2,True,1,1,1,-0.3691343244229278
reflection-task,6a00f5017f05cbe927628050,28,graduation_party_07,D,full,D,False,B,2,True,1,0,0,0.7017608585183145
reflection-task,5bdc609519b9ba000157d122,6,ypc_02,D,full,D,True,D,1,True,1,1,1,-0.8072278083534364
reflection-task,5bdc609519b9ba000157d122,8,ypc_03,A,full,A,False,B,1,True,1,0,0,0.847792019828484
reflection-task,5bdc609519b9ba000157d122,10,ypc_05,A,full,D,False,A,1,True,0,1,0,0.3366829552428909
reflection-task,5bdc609519b9ba000157d122,12,ypc_06,A,full,A,True,A,1,True,1,1,1,1.2128699231039075
reflection-task,5bdc609519b9ba000157d122,14,car_racing_01,D,full,D,True,D,2,True,1,1,1,-1.7807688837545659
reflection-task,5bdc609519b9ba000157d122,16,car_racing_02,B,full,B,False,C,1,True,1,0,0,1.1885313962188795
reflection-task,5bdc609519b9ba000157d122,18,car_racing_03,D,full,B,True,B,1,True,0,0,1,-0.49082695884806904
reflection-task,5bdc609519b9ba000157d122,20,car_racing_05,D,full,D,False,A,1,True,1,0,0,0.5313911703231169
reflection-task,5bdc609519b9ba000157d122,22,graduation_party_01,C,full,C,False,B,1,True,1,0,0,-1.5130450880192552
reflection-task,5bdc609519b9ba000157d122,24,graduation_party_05,D,full,D,False,A,1,True,1,0,0,0.14197474016266495
reflection-task,5bdc609519b9ba000157d122,26,graduation_party_06,B,full,B,False,D,1,True,1,0,0,-0.3691343244229278
reflection-task,5bdc609519b9ba000157d122,28,graduation_party_07,D,full,D,False,B,1,True,1,0,0,0.7017608585183145
reflection-task,6a1dbe60c18ee2a0e3be9960,6,ypc_02,B,full,B,False,D,2,True,1,0,0,-0.8072278083534364
reflection-task,6a1dbe60c18ee2a0e3be9960,8,ypc_03,D,full,D,False,B,2,True,1,0,0,0.847792019828484
reflection-task,6a1dbe60c18ee2a0e3be9960,10,ypc_05,C,full,C,False,A,2,True,1,0,0,0.3366829552428909
reflection-task,6a1dbe60c18ee2a0e3be9960,12,ypc_06,D,full,D,False,A,2,True,1,0,0,1.2128699231039075
reflection-task,6a1dbe60c18ee2a0e3be9960,14,car_racing_01,A,full,A,False,D,2,True,1,0,0,-1.7807688837545659
reflection-task,6a1dbe60c18ee2a0e3be9960,16,car_racing_02,C,full,C,True,C,3,True,1,1,1,1.1885313962188795
reflection-task,6a1dbe60c18ee2a0e3be9960,18,car_racing_03,B,full,B,True,B,2,True,1,1,1,-0.49082695884806904
reflection-task,6a1dbe60c18ee2a0e3be9960,20,car_racing_05,A,full,A,True,A,2,True,1,1,1,0.5313911703231169
reflection-task,6a1dbe60c18ee2a0e3be9960,22,graduation_party_01,B,full,B,True,B,2,True,1,1,1,-1.5130450880192552
reflection-task,6a1dbe60c18ee2a0e3be9960,24,graduation_party_05,D,full,D,False,A,2,True,1,0,0,0.14197474016266495
reflection-task,6a1dbe60c18ee2a0e3be9960,26,graduation_party_06,B,full,B,False,D,2,True,1,0,0,-0.3691343244229278
reflection-task,6a1dbe60c18ee2a0e3be9960,28,graduation_party_07,A,full,A,False,B,2,True,1,0,0,0.7017608585183145
reflection-task,69161c55f85eb185becef67b,6,ypc_02,D,full,D,True,D,5,True,1,1,1,-0.8072278083534364
reflection-task,69161c55f85eb185becef67b,10,ypc_05,D,combined,D,False,A,2,True,1,0,0,0.3366829552428909
reflection-task,69161c55f85eb185becef67b,14,car_racing_01,D,full,D,True,D,1,True,1,1,1,-1.7807688837545659
reflection-task,69161c55f85eb185becef67b,20,car_racing_05,D,full,D,False,A,2,True,1,0,0,0.5313911703231169
reflection-task,69161c55f85eb185becef67b,22,graduation_party_01,C,full,C,False,B,1,True,1,0,0,-1.5130450880192552
reflection-task,69161c55f85eb185becef67b,28,graduation_party_07,D,combined,D,False,B,5,True,1,0,0,0.7017608585183145
reflection-task,66d753769fda18f114e0e534,6,ypc_02,A,full,A,False,D,1,True,1,0,0,-0.8072278083534364
reflection-task,66d753769fda18f114e0e534,8,ypc_03,B,full,B,True,B,2,True,1,1,1,0.847792019828484
reflection-task,66d753769fda18f114e0e534,10,ypc_05,D,full,D,False,A,2,True,1,0,0,0.3366829552428909
reflection-task,66d753769fda18f114e0e534,12,ypc_06,B,full,B,False,A,1,True,1,0,0,1.2128699231039075
reflection-task,66d753769fda18f114e0e534,16,car_racing_02,D,full,D,False,C,1,True,1,0,0,1.1885313962188795
reflection-task,66d753769fda18f114e0e534,18,car_racing_03,D,full,D,False,B,1,True,1,0,0,-0.49082695884806904
reflection-task,66d753769fda18f114e0e534,20,car_racing_05,D,full,D,False,A,2,True,1,0,0,0.5313911703231169
reflection-task,66d753769fda18f114e0e534,22,graduation_party_01,B,full,B,True,B,1,True,1,1,1,-1.5130450880192552
reflection-task,66d753769fda18f114e0e534,24,graduation_party_05,D,full,D,False,A,1,True,1,0,0,0.14197474016266495
reflection-task,66d753769fda18f114e0e534,26,graduation_party_06,D,full,D,True,D,2,True,1,1,1,-0.3691343244229278
reflection-task,66d753769fda18f114e0e534,28,graduation_party_07,D,full,D,False,B,2,True,1,0,0,0.7017608585183145
reflection-task,5d20f6cbc1dc1c0001162dd5,6,ypc_02,D,full,D,True,D,2,True,1,1,1,-0.8072278083534364
reflection-task,5d20f6cbc1dc1c0001162dd5,8,ypc_03,B,full,B,True,B,2,True,1,1,1,0.847792019828484
reflection-task,5d20f6cbc1dc1c0001162dd5,10,ypc_05,D,full,D,False,A,2,True,1,0,0,0.3366829552428909
reflection-task,5d20f6cbc1dc1c0001162dd5,12,ypc_06,C,full,C,False,A,2,True,1,0,0,1.2128699231039075
reflection-task,5d20f6cbc1dc1c0001162dd5,14,car_racing_01,D,full,D,True,D,2,True,1,1,1,-1.7807688837545659
reflection-task,5d20f6cbc1dc1c0001162dd5,16,car_racing_02,B,full,B,False,C,2,True,1,0,0,1.1885313962188795
reflection-task,5d20f6cbc1dc1c0001162dd5,18,car_racing_03,A,full,A,False,B,2,True,1,0,0,-0.49082695884806904
reflection-task,5d20f6cbc1dc1c0001162dd5,20,car_racing_05,A,full,A,True,A,2,True,1,1,1,0.5313911703231169
reflection-task,5d20f6cbc1dc1c0001162dd5,22,graduation_party_01,C,full,C,False,B,3,True,1,0,0,-1.5130450880192552
reflection-task,5d20f6cbc1dc1c0001162dd5,24,graduation_party_05,D,full,D,False,A,2,True,1,0,0,0.14197474016266495
reflection-task,5d20f6cbc1dc1c0001162dd5,26,graduation_party_06,D,full,D,True,D,2,True,1,1,1,-0.3691343244229278
reflection-task,5d20f6cbc1dc1c0001162dd5,28,graduation_party_07,B,full,B,True,B,2,True,1,1,1,0.7017608585183145
reflection-task,6a0700dd7ae6caa65ab25c47,6,ypc_02,A,full,A,False,D,2,True,1,0,0,-0.8072278083534364
reflection-task,6a0700dd7ae6caa65ab25c47,8,ypc_03,A,full,A,False,B,2,True,1,0,0,0.847792019828484
reflection-task,6a0700dd7ae6caa65ab25c47,10,ypc_05,D,full,D,False,A,2,True,1,0,0,0.3366829552428909
reflection-task,6a0700dd7ae6caa65ab25c47,12,ypc_06,D,full,D,False,A,2,True,1,0,0,1.2128699231039075
reflection-task,6a0700dd7ae6caa65ab25c47,14,car_racing_01,D,full,D,True,D,4,True,1,1,1,-1.7807688837545659
reflection-task,6a0700dd7ae6caa65ab25c47,16,car_racing_02,B,full,B,False,C,3,True,1,0,0,1.1885313962188795
reflection-task,6a0700dd7ae6caa65ab25c47,18,car_racing_03,B,full,B,True,B,9,True,1,1,1,-0.49082695884806904
reflection-task,6a0700dd7ae6caa65ab25c47,20,car_racing_05,A,full,A,True,A,2,True,1,1,1,0.5313911703231169
reflection-task,6a0700dd7ae6caa65ab25c47,22,graduation_party_01,B,full,B,True,B,2,True,1,1,1,-1.5130450880192552
reflection-task,6a0700dd7ae6caa65ab25c47,24,graduation_party_05,A,full,A,True,A,2,True,1,1,1,0.14197474016266495
reflection-task,6a0700dd7ae6caa65ab25c47,26,graduation_party_06,D,full,D,True,D,2,True,1,1,1,-0.3691343244229278
reflection-task,6a0700dd7ae6caa65ab25c47,28,graduation_party_07,D,full,D,False,B,3,True,1,0,0,0.7017608585183145
reflection-task,60f5d1dfd8ff71196982160b,6,ypc_02,D,full,D,True,D,4,True,1,1,1,-0.8072278083534364
reflection-task,60f5d1dfd8ff71196982160b,8,ypc_03,C,full,C,False,B,1,True,1,0,0,0.847792019828484
reflection-task,60f5d1dfd8ff71196982160b,10,ypc_05,D,full,D,False,A,2,True,1,0,0,0.3366829552428909
reflection-task,60f5d1dfd8ff71196982160b,12,ypc_06,C,full,B,False,A,3,True,0,0,0,1.2128699231039075
reflection-task,60f5d1dfd8ff71196982160b,14,car_racing_01,D,full,D,True,D,2,True,1,1,1,-1.7807688837545659
reflection-task,60f5d1dfd8ff71196982160b,16,car_racing_02,C,full,C,True,C,2,True,1,1,1,1.1885313962188795
reflection-task,60f5d1dfd8ff71196982160b,18,car_racing_03,D,full,D,False,B,4,True,1,0,0,-0.49082695884806904
reflection-task,60f5d1dfd8ff71196982160b,20,car_racing_05,D,full,D,False,A,4,True,1,0,0,0.5313911703231169
reflection-task,60f5d1dfd8ff71196982160b,22,graduation_party_01,B,full,B,True,B,6,True,1,1,1,-1.5130450880192552
reflection-task,60f5d1dfd8ff71196982160b,24,graduation_party_05,D,full,D,False,A,3,True,1,0,0,0.14197474016266495
reflection-task,60f5d1dfd8ff71196982160b,26,graduation_party_06,D,full,D,True,D,4,True,1,1,1,-0.3691343244229278
reflection-task,60f5d1dfd8ff71196982160b,28,graduation_party_07,D,full,D,False,B,4,True,1,0,0,0.7017608585183145
reflection-task,6a15c26368d15a5feacfdd52,8,ypc_03,B,full,B,True,B,3,True,1,1,1,0.847792019828484
reflection-task,6a15c26368d15a5feacfdd52,10,ypc_05,D,full,D,False,A,4,True,1,0,0,0.3366829552428909
reflection-task,6a15c26368d15a5feacfdd52,14,car_racing_01,D,full,D,True,D,1,True,1,1,1,-1.7807688837545659
reflection-task,6a15c26368d15a5feacfdd52,18,car_racing_03,B,full,A,False,B,1,True,0,1,0,-0.49082695884806904
reflection-task,6a15c26368d15a5feacfdd52,20,car_racing_05,D,full,D,False,A,2,True,1,0,0,0.5313911703231169
reflection-task,6a15c26368d15a5feacfdd52,24,graduation_party_05,D,full,D,False,A,2,True,1,0,0,0.14197474016266495
reflection-task,6a15c26368d15a5feacfdd52,26,graduation_party_06,D,full,D,True,D,3,True,1,1,1,-0.3691343244229278
reflection-task,6a15c26368d15a5feacfdd52,28,graduation_party_07,C,full,C,False,B,3,True,1,0,0,0.7017608585183145
reflection-task,612198f856c9f4f2f02f7046,6,ypc_02,D,full,D,True,D,2,True,1,1,1,-0.8072278083534364
reflection-task,612198f856c9f4f2f02f7046,8,ypc_03,B,full,B,True,B,2,True,1,1,1,0.847792019828484
reflection-task,612198f856c9f4f2f02f7046,10,ypc_05,D,full,D,False,A,2,True,1,0,0,0.3366829552428909
reflection-task,612198f856c9f4f2f02f7046,12,ypc_06,A,full,A,True,A,2,True,1,1,1,1.2128699231039075
reflection-task,612198f856c9f4f2f02f7046,14,car_racing_01,D,full,D,True,D,2,True,1,1,1,-1.7807688837545659
reflection-task,612198f856c9f4f2f02f7046,16,car_racing_02,B,full,B,False,C,2,True,1,0,0,1.1885313962188795
reflection-task,612198f856c9f4f2f02f7046,18,car_racing_03,B,full,B,True,B,2,True,1,1,1,-0.49082695884806904
reflection-task,612198f856c9f4f2f02f7046,20,car_racing_05,D,full,D,False,A,2,True,1,0,0,0.5313911703231169
reflection-task,612198f856c9f4f2f02f7046,22,graduation_party_01,B,full,B,True,B,2,True,1,1,1,-1.5130450880192552
reflection-task,612198f856c9f4f2f02f7046,24,graduation_party_05,A,full,A,True,A,2,True,1,1,1,0.14197474016266495
reflection-task,612198f856c9f4f2f02f7046,26,graduation_party_06,B,full,B,False,D,2,True,1,0,0,-0.3691343244229278
reflection-task,612198f856c9f4f2f02f7046,28,graduation_party_07,D,full,D,False,B,3,True,1,0,0,0.7017608585183145
reflection-task,69fc7f3c38ab2a03de2b881e,6,ypc_02,A,full,A,False,D,4,True,1,0,0,-0.8072278083534364
reflection-task,69fc7f3c38ab2a03de2b881e,8,ypc_03,A,full,A,False,B,3,True,1,0,0,0.847792019828484
reflection-task,69fc7f3c38ab2a03de2b881e,10,ypc_05,A,full,A,True,A,3,True,1,1,1,0.3366829552428909
reflection-task,69fc7f3c38ab2a03de2b881e,14,car_racing_01,D,full,D,True,D,2,True,1,1,1,-1.7807688837545659
reflection-task,69fc7f3c38ab2a03de2b881e,16,car_racing_02,B,full,B,False,C,4,True,1,0,0,1.1885313962188795
reflection-task,69fc7f3c38ab2a03de2b881e,20,car_racing_05,A,full,A,True,A,3,True,1,1,1,0.5313911703231169
reflection-task,69fc7f3c38ab2a03de2b881e,22,graduation_party_01,B,full,B,True,B,3,True,1,1,1,-1.5130450880192552
reflection-task,69fc7f3c38ab2a03de2b881e,24,graduation_party_05,A,full,A,True,A,3,True,1,1,1,0.14197474016266495
reflection-task,69fc7f3c38ab2a03de2b881e,26,graduation_party_06,D,full,D,True,D,2,True,1,1,1,-0.3691343244229278
reflection-task,69fc7f3c38ab2a03de2b881e,28,graduation_party_07,B,full,B,True,B,3,True,1,1,1,0.7017608585183145
reflection-task,5ec3bcec194de722b74d9533,6,ypc_02,D,full,D,True,D,3,True,1,1,1,-0.8072278083534364
reflection-task,5ec3bcec194de722b74d9533,8,ypc_03,B,full,B,True,B,1,True,1,1,1,0.847792019828484
reflection-task,5ec3bcec194de722b74d9533,10,ypc_05,D,full,D,False,A,3,True,1,0,0,0.3366829552428909
reflection-task,5ec3bcec194de722b74d9533,12,ypc_06,B,full,B,False,A,5,True,1,0,0,1.2128699231039075
reflection-task,5ec3bcec194de722b74d9533,14,car_racing_01,D,full,D,True,D,2,True,1,1,1,-1.7807688837545659
reflection-task,5ec3bcec194de722b74d9533,16,car_racing_02,B,full,B,False,C,3,True,1,0,0,1.1885313962188795
reflection-task,5ec3bcec194de722b74d9533,18,car_racing_03,D,full,D,False,B,2,True,1,0,0,-0.49082695884806904
reflection-task,5ec3bcec194de722b74d9533,20,car_racing_05,B,full,B,False,A,1,True,1,0,0,0.5313911703231169
reflection-task,5ec3bcec194de722b74d9533,22,graduation_party_01,B,full,B,True,B,1,True,1,1,1,-1.5130450880192552
reflection-task,5ec3bcec194de722b74d9533,24,graduation_party_05,A,full,A,True,A,1,True,1,1,1,0.14197474016266495
reflection-task,5ec3bcec194de722b74d9533,28,graduation_party_07,D,full,D,False,B,3,True,1,0,0,0.7017608585183145
reflection-task,6140ce04fc55c3149baf0f8b,6,ypc_02,D,full,D,True,D,5,True,1,1,1,-0.8072278083534364
reflection-task,6140ce04fc55c3149baf0f8b,8,ypc_03,C,full,C,False,B,4,True,1,0,0,0.847792019828484
reflection-task,6140ce04fc55c3149baf0f8b,10,ypc_05,D,full,D,False,A,2,True,1,0,0,0.3366829552428909
reflection-task,6140ce04fc55c3149baf0f8b,12,ypc_06,B,full,B,False,A,5,True,1,0,0,1.2128699231039075
reflection-task,6140ce04fc55c3149baf0f8b,14,car_racing_01,D,full,D,True,D,6,True,1,1,1,-1.7807688837545659
reflection-task,6140ce04fc55c3149baf0f8b,16,car_racing_02,B,full,B,False,C,4,True,1,0,0,1.1885313962188795
reflection-task,6140ce04fc55c3149baf0f8b,18,car_racing_03,B,full,B,True,B,4,True,1,1,1,-0.49082695884806904
reflection-task,6140ce04fc55c3149baf0f8b,20,car_racing_05,A,full,A,True,A,4,True,1,1,1,0.5313911703231169
reflection-task,6140ce04fc55c3149baf0f8b,22,graduation_party_01,B,full,B,True,B,8,True,1,1,1,-1.5130450880192552
reflection-task,6140ce04fc55c3149baf0f8b,24,graduation_party_05,D,full,D,False,A,4,True,1,0,0,0.14197474016266495
reflection-task,6140ce04fc55c3149baf0f8b,26,graduation_party_06,B,full,B,False,D,5,True,1,0,0,-0.3691343244229278
reflection-task,6140ce04fc55c3149baf0f8b,28,graduation_party_07,D,full,D,False,B,2,True,1,0,0,0.7017608585183145
reflection-task,6a21bca6b2d44f85d2956acb,6,ypc_02,D,full,D,True,D,3,True,1,1,1,-0.8072278083534364
reflection-task,6a21bca6b2d44f85d2956acb,8,ypc_03,D,full,D,False,B,2,True,1,0,0,0.847792019828484
reflection-task,6a21bca6b2d44f85d2956acb,10,ypc_05,D,full,D,False,A,3,True,1,0,0,0.3366829552428909
reflection-task,6a21bca6b2d44f85d2956acb,12,ypc_06,D,full,D,False,A,2,True,1,0,0,1.2128699231039075
reflection-task,6a21bca6b2d44f85d2956acb,14,car_racing_01,A,full,A,False,D,2,True,1,0,0,-1.7807688837545659
reflection-task,6a21bca6b2d44f85d2956acb,16,car_racing_02,B,full,C,True,C,2,True,0,0,1,1.1885313962188795
reflection-task,6a21bca6b2d44f85d2956acb,18,car_racing_03,B,full,B,True,B,1,True,1,1,1,-0.49082695884806904
reflection-task,6a21bca6b2d44f85d2956acb,20,car_racing_05,A,full,A,True,A,1,True,1,1,1,0.5313911703231169
reflection-task,6a21bca6b2d44f85d2956acb,22,graduation_party_01,C,full,C,False,B,2,True,1,0,0,-1.5130450880192552
reflection-task,6a21bca6b2d44f85d2956acb,24,graduation_party_05,D,full,D,False,A,1,True,1,0,0,0.14197474016266495
reflection-task,6a21bca6b2d44f85d2956acb,26,graduation_party_06,D,full,D,True,D,2,True,1,1,1,-0.3691343244229278
reflection-task,6a21bca6b2d44f85d2956acb,28,graduation_party_07,B,full,B,True,B,3,True,1,1,1,0.7017608585183145
reflection-task,5883d68d300c0b000113db56,6,ypc_02,A,full,A,False,D,3,True,1,0,0,-0.8072278083534364
reflection-task,5883d68d300c0b000113db56,8,ypc_03,A,full,A,False,B,1,True,1,0,0,0.847792019828484
reflection-task,5883d68d300c0b000113db56,10,ypc_05,D,full,D,False,A,3,True,1,0,0,0.3366829552428909
reflection-task,5883d68d300c0b000113db56,12,ypc_06,D,full,D,False,A,3,True,1,0,0,1.2128699231039075
reflection-task,5883d68d300c0b000113db56,14,car_racing_01,D,full,D,True,D,1,True,1,1,1,-1.7807688837545659
reflection-task,5883d68d300c0b000113db56,16,car_racing_02,B,full,B,False,C,2,True,1,0,0,1.1885313962188795
reflection-task,5883d68d300c0b000113db56,18,car_racing_03,D,full,D,False,B,3,True,1,0,0,-0.49082695884806904
reflection-task,5883d68d300c0b000113db56,20,car_racing_05,D,full,D,False,A,2,True,1,0,0,0.5313911703231169
reflection-task,5883d68d300c0b000113db56,22,graduation_party_01,B,full,B,True,B,3,True,1,1,1,-1.5130450880192552
reflection-task,5883d68d300c0b000113db56,24,graduation_party_05,D,full,D,False,A,1,True,1,0,0,0.14197474016266495
reflection-task,5883d68d300c0b000113db56,26,graduation_party_06,D,full,D,True,D,2,True,1,1,1,-0.3691343244229278
reflection-task,5883d68d300c0b000113db56,28,graduation_party_07,D,full,D,False,B,3,True,1,0,0,0.7017608585183145
reflection-task,67269f439696d166fbb74e09,6,ypc_02,D,full,D,True,D,2,True,1,1,1,-0.8072278083534364
reflection-task,67269f439696d166fbb74e09,8,ypc_03,C,full,C,False,B,2,True,1,0,0,0.847792019828484
reflection-task,67269f439696d166fbb74e09,10,ypc_05,D,full,D,False,A,5,True,1,0,0,0.3366829552428909
reflection-task,67269f439696d166fbb74e09,12,ypc_06,C,full,C,False,A,3,True,1,0,0,1.2128699231039075
reflection-task,67269f439696d166fbb74e09,14,car_racing_01,A,full,A,False,D,2,True,1,0,0,-1.7807688837545659
reflection-task,67269f439696d166fbb74e09,16,car_racing_02,B,full,B,False,C,2,True,1,0,0,1.1885313962188795
reflection-task,67269f439696d166fbb74e09,18,car_racing_03,D,full,D,False,B,2,True,1,0,0,-0.49082695884806904
reflection-task,67269f439696d166fbb74e09,20,car_racing_05,D,full,D,False,A,2,True,1,0,0,0.5313911703231169
reflection-task,67269f439696d166fbb74e09,22,graduation_party_01,B,full,B,True,B,2,True,1,1,1,-1.5130450880192552
reflection-task,67269f439696d166fbb74e09,24,graduation_party_05,D,full,D,False,A,2,True,1,0,0,0.14197474016266495
reflection-task,67269f439696d166fbb74e09,26,graduation_party_06,A,full,A,False,D,3,True,1,0,0,-0.3691343244229278
reflection-task,67269f439696d166fbb74e09,28,graduation_party_07,B,full,B,True,B,2,True,1,1,1,0.7017608585183145
reflection-task,6a1c823e2fcad33e33e5c7f9,8,ypc_03,A,full,A,False,B,1,True,1,0,0,0.847792019828484
reflection-task,6a1c823e2fcad33e33e5c7f9,10,ypc_05,A,full,A,True,A,1,True,1,1,1,0.3366829552428909
reflection-task,6a1c823e2fcad33e33e5c7f9,12,ypc_06,A,full,A,True,A,2,True,1,1,1,1.2128699231039075
reflection-task,6a1c823e2fcad33e33e5c7f9,14,car_racing_01,D,full,D,True,D,1,True,1,1,1,-1.7807688837545659
reflection-task,6a1c823e2fcad33e33e5c7f9,16,car_racing_02,B,full,B,False,C,1,True,1,0,0,1.1885313962188795
reflection-task,6a1c823e2fcad33e33e5c7f9,18,car_racing_03,B,full,B,True,B,1,True,1,1,1,-0.49082695884806904
reflection-task,6a1c823e2fcad33e33e5c7f9,20,car_racing_05,D,full,D,False,A,2,True,1,0,0,0.5313911703231169
reflection-task,6a1c823e2fcad33e33e5c7f9,22,graduation_party_01,B,full,B,True,B,1,True,1,1,1,-1.5130450880192552
reflection-task,6a1c823e2fcad33e33e5c7f9,24,graduation_party_05,B,full,A,True,A,1,True,0,0,1,0.14197474016266495
reflection-task,6a1c823e2fcad33e33e5c7f9,26,graduation_party_06,A,full,B,False,D,1,True,0,0,0,-0.3691343244229278
reflection-task,6a1c823e2fcad33e33e5c7f9,28,graduation_party_07,D,full,D,False,B,3,True,1,0,0,0.7017608585183145
reflection-task,69c2c2e3d95e188fd657d9db,8,ypc_03,B,full,B,True,B,2,True,1,1,1,0.847792019828484
reflection-task,69c2c2e3d95e188fd657d9db,10,ypc_05,D,full,D,False,A,1,True,1,0,0,0.3366829552428909
reflection-task,69c2c2e3d95e188fd657d9db,12,ypc_06,D,full,D,False,A,1,True,1,0,0,1.2128699231039075
reflection-task,69c2c2e3d95e188fd657d9db,14,car_racing_01,D,full,D,True,D,1,True,1,1,1,-1.7807688837545659
reflection-task,69c2c2e3d95e188fd657d9db,16,car_racing_02,B,full,B,False,C,1,True,1,0,0,1.1885313962188795
reflection-task,69c2c2e3d95e188fd657d9db,18,car_racing_03,B,full,B,True,B,1,True,1,1,1,-0.49082695884806904
reflection-task,69c2c2e3d95e188fd657d9db,20,car_racing_05,B,full,A,True,A,4,True,0,0,1,0.5313911703231169
reflection-task,69c2c2e3d95e188fd657d9db,22,graduation_party_01,B,full,B,True,B,1,True,1,1,1,-1.5130450880192552
reflection-task,69c2c2e3d95e188fd657d9db,24,graduation_party_05,C,full,C,False,A,1,True,1,0,0,0.14197474016266495
reflection-task,69c2c2e3d95e188fd657d9db,26,graduation_party_06,D,full,D,True,D,3,True,1,1,1,-0.3691343244229278
reflection-task,69c2c2e3d95e188fd657d9db,28,graduation_party_07,B,full,B,True,B,2,True,1,1,1,0.7017608585183145
reflection-task,6165467eb6321c819c2edb0a,6,ypc_02,C,full,C,False,D,2,True,1,0,0,-0.8072278083534364
reflection-task,6165467eb6321c819c2edb0a,8,ypc_03,B,full,B,True,B,6,True,1,1,1,0.847792019828484
reflection-task,6165467eb6321c819c2edb0a,10,ypc_05,A,full,A,True,A,3,True,1,1,1,0.3366829552428909
reflection-task,6165467eb6321c819c2edb0a,12,ypc_06,C,full,C,False,A,2,True,1,0,0,1.2128699231039075
reflection-task,6165467eb6321c819c2edb0a,14,car_racing_01,D,full,D,True,D,1,True,1,1,1,-1.7807688837545659
reflection-task,6165467eb6321c819c2edb0a,16,car_racing_02,B,combined,B,False,C,3,True,1,0,0,1.1885313962188795
reflection-task,6165467eb6321c819c2edb0a,18,car_racing_03,D,full,D,False,B,2,True,1,0,0,-0.49082695884806904
reflection-task,6165467eb6321c819c2edb0a,20,car_racing_05,D,full,D,False,A,1,True,1,0,0,0.5313911703231169
reflection-task,6165467eb6321c819c2edb0a,22,graduation_party_01,B,full,B,True,B,1,True,1,1,1,-1.5130450880192552
reflection-task,6165467eb6321c819c2edb0a,24,graduation_party_05,A,full,A,True,A,3,True,1,1,1,0.14197474016266495
reflection-task,6165467eb6321c819c2edb0a,26,graduation_party_06,D,combined,D,True,D,2,True,1,1,1,-0.3691343244229278
reflection-task,6165467eb6321c819c2edb0a,28,graduation_party_07,B,full,B,True,B,3,True,1,1,1,0.7017608585183145
reflection-task,6a74c64e0aadf8f52443868a,6,ypc_02,D,full,D,True,D,3,True,1,1,1,-0.8072278083534364
reflection-task,6a74c64e0aadf8f52443868a,8,ypc_03,B,combined,B,True,B,5,True,1,1,1,0.847792019828484
reflection-task,6a74c64e0aadf8f52443868a,10,ypc_05,D,full,D,False,A,5,True,1,0,0,0.3366829552428909
reflection-task,6a74c64e0aadf8f52443868a,12,ypc_06,D,full,D,False,A,10,True,1,0,0,1.2128699231039075
reflection-task,6a74c64e0aadf8f52443868a,14,car_racing_01,D,full,D,True,D,2,True,1,1,1,-1.7807688837545659
reflection-task,6a74c64e0aadf8f52443868a,16,car_racing_02,B,full,C,True,C,3,True,0,0,1,1.1885313962188795
reflection-task,6a74c64e0aadf8f52443868a,18,car_racing_03,D,full,D,False,B,2,True,1,0,0,-0.49082695884806904
reflection-task,6a74c64e0aadf8f52443868a,20,car_racing_05,D,full,C,False,A,3,True,0,0,0,0.5313911703231169
reflection-task,6a74c64e0aadf8f52443868a,22,graduation_party_01,B,full,B,True,B,2,True,1,1,1,-1.5130450880192552
reflection-task,6a74c64e0aadf8f52443868a,24,graduation_party_05,A,full,A,True,A,2,True,1,1,1,0.14197474016266495
reflection-task,6a74c64e0aadf8f52443868a,26,graduation_party_06,B,full,B,False,D,4,True,1,0,0,-0.3691343244229278
reflection-task,6a74c64e0aadf8f52443868a,28,graduation_party_07,B,full,B,True,B,4,True,1,1,1,0.7017608585183145
reflection-task,69efb9b420360a885dd4433c,6,ypc_02,D,full,D,True,D,2,True,1,1,1,-0.8072278083534364
reflection-task,69efb9b420360a885dd4433c,8,ypc_03,A,full,D,False,B,1,True,0,0,0,0.847792019828484
reflection-task,69efb9b420360a885dd4433c,10,ypc_05,D,full,D,False,A,2,True,1,0,0,0.3366829552428909
reflection-task,69efb9b420360a885dd4433c,12,ypc_06,D,full,A,True,A,1,True,0,0,1,1.2128699231039075
reflection-task,69efb9b420360a885dd4433c,14,car_racing_01,D,full,D,True,D,2,True,1,1,1,-1.7807688837545659
reflection-task,69efb9b420360a885dd4433c,16,car_racing_02,B,full,B,False,C,1,True,1,0,0,1.1885313962188795
reflection-task,69efb9b420360a885dd4433c,18,car_racing_03,B,full,B,True,B,1,True,1,1,1,-0.49082695884806904
reflection-task,69efb9b420360a885dd4433c,20,car_racing_05,D,full,D,False,A,2,True,1,0,0,0.5313911703231169
reflection-task,69efb9b420360a885dd4433c,22,graduation_party_01,B,full,B,True,B,1,True,1,1,1,-1.5130450880192552
reflection-task,69efb9b420360a885dd4433c,24,graduation_party_05,A,full,A,True,A,1,True,1,1,1,0.14197474016266495
reflection-task,69efb9b420360a885dd4433c,26,graduation_party_06,D,full,D,True,D,2,True,1,1,1,-0.3691343244229278
reflection-task,69efb9b420360a885dd4433c,28,graduation_party_07,C,full,C,False,B,2,True,1,0,0,0.7017608585183145
reflection-task,5a7226d9f660ae0001a9a547,6,ypc_02,D,full,D,True,D,8,True,1,1,1,-0.8072278083534364
reflection-task,5a7226d9f660ae0001a9a547,8,ypc_03,D,full,D,False,B,1,True,1,0,0,0.847792019828484
reflection-task,5a7226d9f660ae0001a9a547,10,ypc_05,D,full,D,False,A,2,True,1,0,0,0.3366829552428909
reflection-task,5a7226d9f660ae0001a9a547,12,ypc_06,D,full,D,False,A,5,True,1,0,0,1.2128699231039075
reflection-task,5a7226d9f660ae0001a9a547,14,car_racing_01,D,full,D,True,D,1,True,1,1,1,-1.7807688837545659
reflection-task,5a7226d9f660ae0001a9a547,16,car_racing_02,C,full,C,True,C,1,True,1,1,1,1.1885313962188795
reflection-task,5a7226d9f660ae0001a9a547,18,car_racing_03,B,full,B,True,B,4,True,1,1,1,-0.49082695884806904
reflection-task,5a7226d9f660ae0001a9a547,20,car_racing_05,D,full,D,False,A,3,True,1,0,0,0.5313911703231169
reflection-task,5a7226d9f660ae0001a9a547,22,graduation_party_01,B,full,B,True,B,4,True,1,1,1,-1.5130450880192552
reflection-task,5a7226d9f660ae0001a9a547,24,graduation_party_05,D,full,D,False,A,2,True,1,0,0,0.14197474016266495
reflection-task,5a7226d9f660ae0001a9a547,26,graduation_party_06,D,full,D,True,D,3,True,1,1,1,-0.3691343244229278
reflection-task,5a7226d9f660ae0001a9a547,28,graduation_party_07,B,full,B,True,B,2,True,1,1,1,0.7017608585183145
reflection-task,60f816ff1fa74fcfab532378,6,ypc_02,D,combined,D,True,D,5,True,1,1,1,-0.8072278083534364
reflection-task,60f816ff1fa74fcfab532378,8,ypc_03,A,combined,A,False,B,2,True,1,0,0,0.847792019828484
reflection-task,60f816ff1fa74fcfab532378,10,ypc_05,A,combined,A,True,A,5,True,1,1,1,0.3366829552428909
reflection-task,60f816ff1fa74fcfab532378,12,ypc_06,A,full,A,True,A,2,True,1,1,1,1.2128699231039075
reflection-task,60f816ff1fa74fcfab532378,14,car_racing_01,D,combined,D,True,D,7,True,1,1,1,-1.7807688837545659
reflection-task,60f816ff1fa74fcfab532378,20,car_racing_05,A,full,A,True,A,2,True,1,1,1,0.5313911703231169
reflection-task,60f816ff1fa74fcfab532378,24,graduation_party_05,D,full,D,False,A,2,True,1,0,0,0.14197474016266495
reflection-task,60f816ff1fa74fcfab532378,26,graduation_party_06,D,full,D,True,D,5,True,1,1,1,-0.3691343244229278
reflection-task,60f816ff1fa74fcfab532378,28,graduation_party_07,D,combined,D,False,B,4,True,1,0,0,0.7017608585183145
reflection-task,66598c98a133d3735cdc4fdc,6,ypc_02,D,full,D,True,D,3,True,1,1,1,-0.8072278083534364
reflection-task,66598c98a133d3735cdc4fdc,8,ypc_03,D,full,D,False,B,2,True,1,0,0,0.847792019828484
reflection-task,66598c98a133d3735cdc4fdc,10,ypc_05,D,full,D,False,A,2,True,1,0,0,0.3366829552428909
reflection-task,66598c98a133d3735cdc4fdc,12,ypc_06,C,full,C,False,A,2,True,1,0,0,1.2128699231039075
reflection-task,66598c98a133d3735cdc4fdc,14,car_racing_01,D,full,D,True,D,2,True,1,1,1,-1.7807688837545659
reflection-task,66598c98a133d3735cdc4fdc,16,car_racing_02,C,full,C,True,C,3,True,1,1,1,1.1885313962188795
reflection-task,66598c98a133d3735cdc4fdc,18,car_racing_03,B,full,B,True,B,2,True,1,1,1,-0.49082695884806904
reflection-task,66598c98a133d3735cdc4fdc,20,car_racing_05,A,full,A,True,A,2,True,1,1,1,0.5313911703231169
reflection-task,66598c98a133d3735cdc4fdc,22,graduation_party_01,B,full,B,True,B,2,True,1,1,1,-1.5130450880192552
reflection-task,66598c98a133d3735cdc4fdc,24,graduation_party_05,D,full,D,False,A,2,True,1,0,0,0.14197474016266495
reflection-task,66598c98a133d3735cdc4fdc,26,graduation_party_06,D,full,D,True,D,2,True,1,1,1,-0.3691343244229278
reflection-task,66598c98a133d3735cdc4fdc,28,graduation_party_07,D,full,D,False,B,2,True,1,0,0,0.7017608585183145
reflection-task,66def1304e37adb3349f648f,6,ypc_02,D,full,D,True,D,2,True,1,1,1,-0.8072278083534364
reflection-task,66def1304e37adb3349f648f,8,ypc_03,B,full,B,True,B,2,True,1,1,1,0.847792019828484
reflection-task,66def1304e37adb3349f648f,10,ypc_05,A,full,A,True,A,2,True,1,1,1,0.3366829552428909
reflection-task,66def1304e37adb3349f648f,12,ypc_06,A,full,A,True,A,2,True,1,1,1,1.2128699231039075
reflection-task,66def1304e37adb3349f648f,14,car_racing_01,D,full,D,True,D,2,True,1,1,1,-1.7807688837545659
reflection-task,66def1304e37adb3349f648f,16,car_racing_02,B,full,B,False,C,2,True,1,0,0,1.1885313962188795
reflection-task,66def1304e37adb3349f648f,18,car_racing_03,D,full,D,False,B,2,True,1,0,0,-0.49082695884806904
reflection-task,66def1304e37adb3349f648f,20,car_racing_05,D,full,D,False,A,2,True,1,0,0,0.5313911703231169
reflection-task,66def1304e37adb3349f648f,22,graduation_party_01,B,full,B,True,B,2,True,1,1,1,-1.5130450880192552
reflection-task,66def1304e37adb3349f648f,24,graduation_party_05,D,full,D,False,A,2,True,1,0,0,0.14197474016266495
reflection-task,66def1304e37adb3349f648f,28,graduation_party_07,D,full,D,False,B,2,True,1,0,0,0.7017608585183145
reflection-task,69f226b2032dea50182cbd55,8,ypc_03,A,full,A,False,B,2,True,1,0,0,0.847792019828484
reflection-task,69f226b2032dea50182cbd55,10,ypc_05,D,full,D,False,A,1,True,1,0,0,0.3366829552428909
reflection-task,69f226b2032dea50182cbd55,12,ypc_06,B,full,B,False,A,2,True,1,0,0,1.2128699231039075
reflection-task,69f226b2032dea50182cbd55,20,car_racing_05,A,full,A,True,A,2,True,1,1,1,0.5313911703231169
reflection-task,5eb29fdddac67500082c1089,6,ypc_02,D,full,D,True,D,3,True,1,1,1,-0.8072278083534364
reflection-task,5eb29fdddac67500082c1089,8,ypc_03,A,full,A,False,B,2,True,1,0,0,0.847792019828484
reflection-task,5eb29fdddac67500082c1089,10,ypc_05,D,full,D,False,A,2,True,1,0,0,0.3366829552428909
reflection-task,5eb29fdddac67500082c1089,12,ypc_06,B,full,B,False,A,3,True,1,0,0,1.2128699231039075
reflection-task,5eb29fdddac67500082c1089,14,car_racing_01,D,full,D,True,D,2,True,1,1,1,-1.7807688837545659
reflection-task,5eb29fdddac67500082c1089,16,car_racing_02,B,full,B,False,C,2,True,1,0,0,1.1885313962188795
reflection-task,5eb29fdddac67500082c1089,18,car_racing_03,B,full,B,True,B,2,True,1,1,1,-0.49082695884806904
reflection-task,5eb29fdddac67500082c1089,20,car_racing_05,C,full,C,False,A,3,True,1,0,0,0.5313911703231169
reflection-task,5eb29fdddac67500082c1089,22,graduation_party_01,B,full,B,True,B,3,True,1,1,1,-1.5130450880192552
reflection-task,5eb29fdddac67500082c1089,24,graduation_party_05,D,full,D,False,A,4,True,1,0,0,0.14197474016266495
reflection-task,5eb29fdddac67500082c1089,26,graduation_party_06,D,full,D,True,D,4,True,1,1,1,-0.3691343244229278
reflection-task,5eb29fdddac67500082c1089,28,graduation_party_07,D,full,D,False,B,2,True,1,0,0,0.7017608585183145
reflection-task,6a00c8f030917dccf9734123,6,ypc_02,A,combined,D,True,D,6,True,0,0,1,-0.8072278083534364
reflection-task,6a00c8f030917dccf9734123,8,ypc_03,A,full,A,False,B,2,True,1,0,0,0.847792019828484
reflection-task,6a00c8f030917dccf9734123,10,ypc_05,D,full,D,False,A,2,True,1,0,0,0.3366829552428909
reflection-task,6a00c8f030917dccf9734123,14,car_racing_01,D,combined,D,True,D,3,True,1,1,1,-1.7807688837545659
reflection-task,6a00c8f030917dccf9734123,18,car_racing_03,B,full,B,True,B,2,True,1,1,1,-0.49082695884806904
reflection-task,6a00c8f030917dccf9734123,20,car_racing_05,A,full,A,True,A,2,True,1,1,1,0.5313911703231169
reflection-task,6a00c8f030917dccf9734123,24,graduation_party_05,A,full,A,True,A,2,True,1,1,1,0.14197474016266495
reflection-task,6a00c8f030917dccf9734123,26,graduation_party_06,D,full,D,True,D,2,True,1,1,1,-0.3691343244229278
reflection-task,6a00c8f030917dccf9734123,28,graduation_party_07,B,full,B,True,B,3,True,1,1,1,0.7017608585183145
reflection-task,6775d2dc10021f9d74ab65aa,8,ypc_03,C,full,C,False,B,2,True,1,0,0,0.847792019828484
reflection-task,6775d2dc10021f9d74ab65aa,10,ypc_05,D,full,D,False,A,3,True,1,0,0,0.3366829552428909
reflection-task,6775d2dc10021f9d74ab65aa,12,ypc_06,B,full,B,False,A,1,True,1,0,0,1.2128699231039075
reflection-task,6775d2dc10021f9d74ab65aa,14,car_racing_01,D,full,D,True,D,2,True,1,1,1,-1.7807688837545659
reflection-task,6775d2dc10021f9d74ab65aa,18,car_racing_03,D,full,D,False,B,1,True,1,0,0,-0.49082695884806904
reflection-task,6775d2dc10021f9d74ab65aa,20,car_racing_05,D,full,D,False,A,4,True,1,0,0,0.5313911703231169
reflection-task,6775d2dc10021f9d74ab65aa,22,graduation_party_01,C,full,B,True,B,4,True,0,0,1,-1.5130450880192552
reflection-task,6775d2dc10021f9d74ab65aa,24,graduation_party_05,D,full,D,False,A,5,True,1,0,0,0.14197474016266495
reflection-task,6775d2dc10021f9d74ab65aa,26,graduation_party_06,D,combined,D,True,D,3,True,1,1,1,-0.3691343244229278
reflection-task,6775d2dc10021f9d74ab65aa,28,graduation_party_07,D,full,D,False,B,3,True,1,0,0,0.7017608585183145
reflection-task,5d888c72662f2c0017f6339a,6,ypc_02,D,full,D,True,D,6,True,1,1,1,-0.8072278083534364
reflection-task,5d888c72662f2c0017f6339a,8,ypc_03,D,full,D,False,B,7,True,1,0,0,0.847792019828484
reflection-task,5d888c72662f2c0017f6339a,10,ypc_05,D,full,D,False,A,6,True,1,0,0,0.3366829552428909
reflection-task,5d888c72662f2c0017f6339a,12,ypc_06,A,full,A,True,A,5,True,1,1,1,1.2128699231039075
reflection-task,5d888c72662f2c0017f6339a,14,car_racing_01,D,full,D,True,D,3,True,1,1,1,-1.7807688837545659
reflection-task,5d888c72662f2c0017f6339a,16,car_racing_02,B,full,B,False,C,3,True,1,0,0,1.1885313962188795
reflection-task,5d888c72662f2c0017f6339a,18,car_racing_03,D,full,D,False,B,13,True,1,0,0,-0.49082695884806904
reflection-task,5d888c72662f2c0017f6339a,20,car_racing_05,D,full,D,False,A,3,True,1,0,0,0.5313911703231169
reflection-task,5d888c72662f2c0017f6339a,22,graduation_party_01,B,combined,B,True,B,7,True,1,1,1,-1.5130450880192552
reflection-task,5d888c72662f2c0017f6339a,24,graduation_party_05,A,full,A,True,A,7,True,1,1,1,0.14197474016266495
reflection-task,5d888c72662f2c0017f6339a,26,graduation_party_06,B,full,B,False,D,6,True,1,0,0,-0.3691343244229278
reflection-task,5d888c72662f2c0017f6339a,28,graduation_party_07,D,full,D,False,B,7,True,1,0,0,0.7017608585183145
reflection-task,69f24574b54c25c94cb2a42a,6,ypc_02,D,full,D,True,D,1,True,1,1,1,-0.8072278083534364
reflection-task,69f24574b54c25c94cb2a42a,8,ypc_03,B,full,B,True,B,1,True,1,1,1,0.847792019828484
reflection-task,69f24574b54c25c94cb2a42a,10,ypc_05,A,full,A,True,A,1,True,1,1,1,0.3366829552428909
reflection-task,69f24574b54c25c94cb2a42a,12,ypc_06,B,full,B,False,A,1,True,1,0,0,1.2128699231039075
reflection-task,69f24574b54c25c94cb2a42a,14,car_racing_01,D,full,D,True,D,2,True,1,1,1,-1.7807688837545659
reflection-task,69f24574b54c25c94cb2a42a,16,car_racing_02,B,full,B,False,C,1,True,1,0,0,1.1885313962188795
reflection-task,69f24574b54c25c94cb2a42a,18,car_racing_03,B,full,B,True,B,1,True,1,1,1,-0.49082695884806904
reflection-task,69f24574b54c25c94cb2a42a,20,car_racing_05,D,full,D,False,A,1,True,1,0,0,0.5313911703231169
reflection-task,69f24574b54c25c94cb2a42a,22,graduation_party_01,B,full,B,True,B,1,True,1,1,1,-1.5130450880192552
reflection-task,69f24574b54c25c94cb2a42a,24,graduation_party_05,A,full,A,True,A,3,True,1,1,1,0.14197474016266495
reflection-task,69f24574b54c25c94cb2a42a,26,graduation_party_06,A,full,A,False,D,1,True,1,0,0,-0.3691343244229278
reflection-task,69f24574b54c25c94cb2a42a,28,graduation_party_07,B,full,B,True,B,1,True,1,1,1,0.7017608585183145
reflection-task,69fcc05f140c19957cbdc016,6,ypc_02,D,full,D,True,D,3,True,1,1,1,-0.8072278083534364
reflection-task,69fcc05f140c19957cbdc016,8,ypc_03,A,full,A,False,B,3,True,1,0,0,0.847792019828484
reflection-task,69fcc05f140c19957cbdc016,10,ypc_05,D,full,D,False,A,2,True,1,0,0,0.3366829552428909
reflection-task,69fcc05f140c19957cbdc016,12,ypc_06,D,full,D,False,A,2,True,1,0,0,1.2128699231039075
reflection-task,69fcc05f140c19957cbdc016,14,car_racing_01,D,full,D,True,D,2,True,1,1,1,-1.7807688837545659
reflection-task,69fcc05f140c19957cbdc016,16,car_racing_02,D,full,D,False,C,2,True,1,0,0,1.1885313962188795
reflection-task,69fcc05f140c19957cbdc016,18,car_racing_03,D,full,D,False,B,2,True,1,0,0,-0.49082695884806904
reflection-task,69fcc05f140c19957cbdc016,20,car_racing_05,B,full,B,False,A,2,True,1,0,0,0.5313911703231169
reflection-task,69fcc05f140c19957cbdc016,22,graduation_party_01,B,full,B,True,B,2,True,1,1,1,-1.5130450880192552
reflection-task,69fcc05f140c19957cbdc016,24,graduation_party_05,A,full,A,True,A,2,True,1,1,1,0.14197474016266495
reflection-task,69fcc05f140c19957cbdc016,26,graduation_party_06,B,full,B,False,D,2,True,1,0,0,-0.3691343244229278
reflection-task,69fcc05f140c19957cbdc016,28,graduation_party_07,D,full,D,False,B,2,True,1,0,0,0.7017608585183145
reflection-task,6a0219353eab8f39711ab298,6,ypc_02,D,full,D,True,D,3,True,1,1,1,-0.8072278083534364
reflection-task,6a0219353eab8f39711ab298,8,ypc_03,D,full,D,False,B,2,True,1,0,0,0.847792019828484
reflection-task,6a0219353eab8f39711ab298,10,ypc_05,B,full,B,False,A,1,True,1,0,0,0.3366829552428909
reflection-task,6a0219353eab8f39711ab298,12,ypc_06,D,full,C,False,A,1,True,0,0,0,1.2128699231039075
reflection-task,6a0219353eab8f39711ab298,14,car_racing_01,D,full,D,True,D,4,True,1,1,1,-1.7807688837545659
reflection-task,6a0219353eab8f39711ab298,16,car_racing_02,B,full,B,False,C,1,True,1,0,0,1.1885313962188795
reflection-task,6a0219353eab8f39711ab298,18,car_racing_03,B,full,B,True,B,3,True,1,1,1,-0.49082695884806904
reflection-task,6a0219353eab8f39711ab298,20,car_racing_05,B,full,B,False,A,1,True,1,0,0,0.5313911703231169
reflection-task,6a0219353eab8f39711ab298,22,graduation_party_01,B,full,B,True,B,2,True,1,1,1,-1.5130450880192552
reflection-task,6a0219353eab8f39711ab298,24,graduation_party_05,A,full,A,True,A,1,True,1,1,1,0.14197474016266495
reflection-task,6a0219353eab8f39711ab298,26,graduation_party_06,D,full,D,True,D,1,True,1,1,1,-0.3691343244229278
reflection-task,6a0219353eab8f39711ab298,28,graduation_party_07,A,full,A,False,B,1,True,1,0,0,0.7017608585183145
reflection-task,6a101a0a715aa6ec532858d2,6,ypc_02,D,full,D,True,D,3,True,1,1,1,-0.8072278083534364
reflection-task,6a101a0a715aa6ec532858d2,8,ypc_03,B,full,B,True,B,2,True,1,1,1,0.847792019828484
reflection-task,6a101a0a715aa6ec532858d2,10,ypc_05,B,full,B,False,A,2,True,1,0,0,0.3366829552428909
reflection-task,6a101a0a715aa6ec532858d2,12,ypc_06,C,full,C,False,A,2,True,1,0,0,1.2128699231039075
reflection-task,6a101a0a715aa6ec532858d2,14,car_racing_01,D,full,D,True,D,2,True,1,1,1,-1.7807688837545659
reflection-task,6a101a0a715aa6ec532858d2,16,car_racing_02,D,full,D,False,C,3,True,1,0,0,1.1885313962188795
reflection-task,6a101a0a715aa6ec532858d2,18,car_racing_03,D,full,D,False,B,2,True,1,0,0,-0.49082695884806904
reflection-task,6a101a0a715aa6ec532858d2,22,graduation_party_01,B,full,B,True,B,3,True,1,1,1,-1.5130450880192552
reflection-task,6a101a0a715aa6ec532858d2,24,graduation_party_05,A,full,A,True,A,2,True,1,1,1,0.14197474016266495
reflection-task,6a101a0a715aa6ec532858d2,26,graduation_party_06,D,full,D,True,D,3,True,1,1,1,-0.3691343244229278
reflection-task,6a101a0a715aa6ec532858d2,28,graduation_party_07,B,full,B,True,B,2,True,1,1,1,0.7017608585183145
reflection-task,6a74cbaa67f22fab4c1b8a2e,6,ypc_02,A,full,A,False,D,2,True,1,0,0,-0.8072278083534364
reflection-task,6a74cbaa67f22fab4c1b8a2e,8,ypc_03,A,full,A,False,B,1,True,1,0,0,0.847792019828484
reflection-task,6a74cbaa67f22fab4c1b8a2e,10,ypc_05,D,full,D,False,A,1,True,1,0,0,0.3366829552428909
reflection-task,6a74cbaa67f22fab4c1b8a2e,12,ypc_06,B,full,B,False,A,1,True,1,0,0,1.2128699231039075
reflection-task,6a74cbaa67f22fab4c1b8a2e,14,car_racing_01,D,full,D,True,D,1,True,1,1,1,-1.7807688837545659
reflection-task,6a74cbaa67f22fab4c1b8a2e,16,car_racing_02,B,full,B,False,C,1,True,1,0,0,1.1885313962188795
reflection-task,6a74cbaa67f22fab4c1b8a2e,18,car_racing_03,B,full,B,True,B,1,True,1,1,1,-0.49082695884806904
reflection-task,6a74cbaa67f22fab4c1b8a2e,20,car_racing_05,A,full,A,True,A,4,True,1,1,1,0.5313911703231169
reflection-task,6a74cbaa67f22fab4c1b8a2e,24,graduation_party_05,D,full,D,False,A,1,True,1,0,0,0.14197474016266495
reflection-task,6a74cbaa67f22fab4c1b8a2e,26,graduation_party_06,B,full,B,False,D,2,True,1,0,0,-0.3691343244229278
reflection-task,6a74cbaa67f22fab4c1b8a2e,28,graduation_party_07,D,full,D,False,B,1,True,1,0,0,0.7017608585183145
reflection-task,69f22308a09515c4b0bb3999,6,ypc_02,D,full,D,True,D,1,True,1,1,1,-0.8072278083534364
reflection-task,69f22308a09515c4b0bb3999,8,ypc_03,C,full,C,False,B,1,True,1,0,0,0.847792019828484
reflection-task,69f22308a09515c4b0bb3999,10,ypc_05,A,full,A,True,A,1,True,1,1,1,0.3366829552428909
reflection-task,69f22308a09515c4b0bb3999,12,ypc_06,B,full,B,False,A,1,True,1,0,0,1.2128699231039075
reflection-task,69f22308a09515c4b0bb3999,14,car_racing_01,D,full,D,True,D,1,True,1,1,1,-1.7807688837545659
reflection-task,69f22308a09515c4b0bb3999,16,car_racing_02,B,full,B,False,C,2,True,1,0,0,1.1885313962188795
reflection-task,69f22308a09515c4b0bb3999,18,car_racing_03,B,full,B,True,B,1,True,1,1,1,-0.49082695884806904
reflection-task,69f22308a09515c4b0bb3999,20,car_racing_05,D,full,D,False,A,1,True,1,0,0,0.5313911703231169
reflection-task,69f22308a09515c4b0bb3999,22,graduation_party_01,B,full,B,True,B,1,True,1,1,1,-1.5130450880192552
reflection-task,69f22308a09515c4b0bb3999,26,graduation_party_06,D,full,D,True,D,1,True,1,1,1,-0.3691343244229278
reflection-task,69f22308a09515c4b0bb3999,28,graduation_party_07,D,full,D,False,B,1,True,1,0,0,0.7017608585183145
reflection-task,69ffa80077ddde4fae81232d,6,ypc_02,D,full,D,True,D,2,True,1,1,1,-0.8072278083534364
reflection-task,69ffa80077ddde4fae81232d,8,ypc_03,B,full,B,True,B,2,True,1,1,1,0.847792019828484
reflection-task,69ffa80077ddde4fae81232d,10,ypc_05,D,full,D,False,A,1,True,1,0,0,0.3366829552428909
reflection-task,69ffa80077ddde4fae81232d,12,ypc_06,D,full,D,False,A,2,True,1,0,0,1.2128699231039075
reflection-task,69ffa80077ddde4fae81232d,14,car_racing_01,D,full,D,True,D,1,True,1,1,1,-1.7807688837545659
reflection-task,69ffa80077ddde4fae81232d,18,car_racing_03,D,full,D,False,B,2,True,1,0,0,-0.49082695884806904
reflection-task,69ffa80077ddde4fae81232d,20,car_racing_05,A,full,A,True,A,1,True,1,1,1,0.5313911703231169
reflection-task,69ffa80077ddde4fae81232d,22,graduation_party_01,B,full,B,True,B,1,True,1,1,1,-1.5130450880192552
reflection-task,69ffa80077ddde4fae81232d,24,graduation_party_05,D,full,D,False,A,2,True,1,0,0,0.14197474016266495
reflection-task,69ffa80077ddde4fae81232d,26,graduation_party_06,D,full,D,True,D,1,True,1,1,1,-0.3691343244229278
reflection-task,69ffa80077ddde4fae81232d,28,graduation_party_07,B,full,B,True,B,1,True,1,1,1,0.7017608585183145
reflection-task,69fe8d0b1b03e0d3432cc2ac,6,ypc_02,D,full,D,True,D,1,True,1,1,1,-0.8072278083534364
reflection-task,69fe8d0b1b03e0d3432cc2ac,8,ypc_03,D,full,D,False,B,1,True,1,0,0,0.847792019828484
reflection-task,69fe8d0b1b03e0d3432cc2ac,10,ypc_05,A,full,A,True,A,1,True,1,1,1,0.3366829552428909
reflection-task,69fe8d0b1b03e0d3432cc2ac,12,ypc_06,C,full,C,False,A,1,True,1,0,0,1.2128699231039075
reflection-task,69fe8d0b1b03e0d3432cc2ac,14,car_racing_01,D,full,D,True,D,2,True,1,1,1,-1.7807688837545659
reflection-task,69fe8d0b1b03e0d3432cc2ac,16,car_racing_02,B,full,B,False,C,2,True,1,0,0,1.1885313962188795
reflection-task,69fe8d0b1b03e0d3432cc2ac,18,car_racing_03,B,full,B,True,B,1,True,1,1,1,-0.49082695884806904
reflection-task,69fe8d0b1b03e0d3432cc2ac,20,car_racing_05,D,full,D,False,A,1,True,1,0,0,0.5313911703231169
reflection-task,69fe8d0b1b03e0d3432cc2ac,22,graduation_party_01,B,full,B,True,B,1,True,1,1,1,-1.5130450880192552
reflection-task,69fe8d0b1b03e0d3432cc2ac,24,graduation_party_05,D,full,A,True,A,1,True,0,0,1,0.14197474016266495
reflection-task,69fe8d0b1b03e0d3432cc2ac,26,graduation_party_06,A,full,A,False,D,2,True,1,0,0,-0.3691343244229278
reflection-task,69fe8d0b1b03e0d3432cc2ac,28,graduation_party_07,C,full,C,False,B,2,True,1,0,0,0.7017608585183145
reflection-task,64b53cb9f438ca54a2ca5065,6,ypc_02,D,full,D,True,D,2,True,1,1,1,-0.8072278083534364
reflection-task,64b53cb9f438ca54a2ca5065,8,ypc_03,A,full,A,False,B,2,True,1,0,0,0.847792019828484
reflection-task,64b53cb9f438ca54a2ca5065,10,ypc_05,A,full,A,True,A,2,True,1,1,1,0.3366829552428909
reflection-task,64b53cb9f438ca54a2ca5065,12,ypc_06,D,full,D,False,A,2,True,1,0,0,1.2128699231039075
reflection-task,64b53cb9f438ca54a2ca5065,14,car_racing_01,A,full,D,True,D,2,True,0,0,1,-1.7807688837545659
reflection-task,64b53cb9f438ca54a2ca5065,16,car_racing_02,B,full,B,False,C,1,True,1,0,0,1.1885313962188795
reflection-task,64b53cb9f438ca54a2ca5065,20,car_racing_05,D,full,D,False,A,2,True,1,0,0,0.5313911703231169
reflection-task,64b53cb9f438ca54a2ca5065,22,graduation_party_01,B,full,B,True,B,2,True,1,1,1,-1.5130450880192552
reflection-task,64b53cb9f438ca54a2ca5065,24,graduation_party_05,A,full,A,True,A,3,True,1,1,1,0.14197474016266495
reflection-task,64b53cb9f438ca54a2ca5065,26,graduation_party_06,D,full,D,True,D,2,True,1,1,1,-0.3691343244229278
reflection-task,64b53cb9f438ca54a2ca5065,28,graduation_party_07,D,full,D,False,B,3,True,1,0,0,0.7017608585183145
reflection-task,6a0c84116baeec20e6a2daeb,6,ypc_02,D,full,D,True,D,1,True,1,1,1,-0.8072278083534364
reflection-task,6a0c84116baeec20e6a2daeb,8,ypc_03,A,full,A,False,B,1,True,1,0,0,0.847792019828484
reflection-task,6a0c84116baeec20e6a2daeb,10,ypc_05,D,full,D,False,A,1,True,1,0,0,0.3366829552428909
reflection-task,6a0c84116baeec20e6a2daeb,12,ypc_06,D,full,D,False,A,1,True,1,0,0,1.2128699231039075
reflection-task,6a0c84116baeec20e6a2daeb,14,car_racing_01,D,full,D,True,D,2,True,1,1,1,-1.7807688837545659
reflection-task,6a0c84116baeec20e6a2daeb,16,car_racing_02,B,full,B,False,C,1,True,1,0,0,1.1885313962188795
reflection-task,6a0c84116baeec20e6a2daeb,18,car_racing_03,B,full,B,True,B,1,True,1,1,1,-0.49082695884806904
reflection-task,6a0c84116baeec20e6a2daeb,22,graduation_party_01,B,full,B,True,B,1,True,1,1,1,-1.5130450880192552
reflection-task,6a0c84116baeec20e6a2daeb,24,graduation_party_05,A,full,A,True,A,1,True,1,1,1,0.14197474016266495
reflection-task,6a0c84116baeec20e6a2daeb,26,graduation_party_06,B,full,B,False,D,1,True,1,0,0,-0.3691343244229278
reflection-task,6a0c84116baeec20e6a2daeb,28,graduation_party_07,D,full,D,False,B,1,True,1,0,0,0.7017608585183145
reflection-task,69385c6d6d45913c278c939c,6,ypc_02,A,full,A,False,D,2,True,1,0,0,-0.8072278083534364
reflection-task,69385c6d6d45913c278c939c,8,ypc_03,C,full,C,False,B,2,True,1,0,0,0.847792019828484
reflection-task,69385c6d6d45913c278c939c,10,ypc_05,A,full,A,True,A,2,True,1,1,1,0.3366829552428909
reflection-task,69385c6d6d45913c278c939c,12,ypc_06,C,full,C,False,A,2,True,1,0,0,1.2128699231039075
reflection-task,69385c6d6d45913c278c939c,14,car_racing_01,D,full,D,True,D,2,True,1,1,1,-1.7807688837545659
reflection-task,69385c6d6d45913c278c939c,16,car_racing_02,B,full,B,False,C,2,True,1,0,0,1.1885313962188795
reflection-task,69385c6d6d45913c278c939c,18,car_racing_03,B,full,B,True,B,2,True,1,1,1,-0.49082695884806904
reflection-task,69385c6d6d45913c278c939c,20,car_racing_05,D,full,D,False,A,2,True,1,0,0,0.5313911703231169
reflection-task,69385c6d6d45913c278c939c,24,graduation_party_05,D,full,D,False,A,2,True,1,0,0,0.14197474016266495
reflection-task,69385c6d6d45913c278c939c,26,graduation_party_06,D,full,D,True,D,2,True,1,1,1,-0.3691343244229278
reflection-task,69385c6d6d45913c278c939c,28,graduation_party_07,D,full,D,False,B,2,True,1,0,0,0.7017608585183145
reflection-task,6a0866997112d0a40ec6f298,6,ypc_02,D,full,D,True,D,2,True,1,1,1,-0.8072278083534364
reflection-task,6a0866997112d0a40ec6f298,8,ypc_03,A,full,B,True,B,2,True,0,0,1,0.847792019828484
reflection-task,6a0866997112d0a40ec6f298,10,ypc_05,A,full,A,True,A,2,True,1,1,1,0.3366829552428909
reflection-task,6a0866997112d0a40ec6f298,12,ypc_06,B,full,A,True,A,4,True,0,0,1,1.2128699231039075
reflection-task,6a0866997112d0a40ec6f298,14,car_racing_01,A,full,A,False,D,2,True,1,0,0,-1.7807688837545659
reflection-task,6a0866997112d0a40ec6f298,16,car_racing_02,C,full,C,True,C,2,True,1,1,1,1.1885313962188795
reflection-task,6a0866997112d0a40ec6f298,18,car_racing_03,B,full,B,True,B,2,True,1,1,1,-0.49082695884806904
reflection-task,6a0866997112d0a40ec6f298,20,car_racing_05,A,full,A,True,A,2,True,1,1,1,0.5313911703231169
reflection-task,6a0866997112d0a40ec6f298,22,graduation_party_01,B,full,B,True,B,2,True,1,1,1,-1.5130450880192552
reflection-task,6a0866997112d0a40ec6f298,24,graduation_party_05,D,full,A,True,A,4,True,0,0,1,0.14197474016266495
reflection-task,6a0866997112d0a40ec6f298,26,graduation_party_06,D,full,D,True,D,2,True,1,1,1,-0.3691343244229278
reflection-task,6a0866997112d0a40ec6f298,28,graduation_party_07,D,full,D,False,B,3,True,1,0,0,0.7017608585183145
reflection-task,6a13567c2708fe5a72d06e20,6,ypc_02,D,full,D,True,D,1,True,1,1,1,-0.8072278083534364
reflection-task,6a13567c2708fe5a72d06e20,8,ypc_03,C,full,C,False,B,1,True,1,0,0,0.847792019828484
reflection-task,6a13567c2708fe5a72d06e20,10,ypc_05,A,full,A,True,A,4,True,1,1,1,0.3366829552428909
reflection-task,6a13567c2708fe5a72d06e20,12,ypc_06,D,full,D,False,A,3,True,1,0,0,1.2128699231039075
reflection-task,6a13567c2708fe5a72d06e20,14,car_racing_01,D,full,D,True,D,1,True,1,1,1,-1.7807688837545659
reflection-task,6a13567c2708fe5a72d06e20,16,car_racing_02,B,full,B,False,C,1,True,1,0,0,1.1885313962188795
reflection-task,6a13567c2708fe5a72d06e20,18,car_racing_03,B,full,B,True,B,4,True,1,1,1,-0.49082695884806904
reflection-task,6a13567c2708fe5a72d06e20,20,car_racing_05,C,full,C,False,A,1,True,1,0,0,0.5313911703231169
reflection-task,6a13567c2708fe5a72d06e20,22,graduation_party_01,B,full,B,True,B,3,True,1,1,1,-1.5130450880192552
reflection-task,6a13567c2708fe5a72d06e20,24,graduation_party_05,D,full,D,False,A,1,True,1,0,0,0.14197474016266495
reflection-task,6a13567c2708fe5a72d06e20,26,graduation_party_06,B,full,B,False,D,4,True,1,0,0,-0.3691343244229278
reflection-task,6a13567c2708fe5a72d06e20,28,graduation_party_07,D,full,D,False,B,1,True,1,0,0,0.7017608585183145
reflection-task,67803b5508f3d995ef13696b,6,ypc_02,D,combined,D,True,D,3,True,1,1,1,-0.8072278083534364
reflection-task,67803b5508f3d995ef13696b,8,ypc_03,D,full,D,False,B,2,True,1,0,0,0.847792019828484
reflection-task,67803b5508f3d995ef13696b,10,ypc_05,D,full,D,False,A,3,True,1,0,0,0.3366829552428909
reflection-task,67803b5508f3d995ef13696b,12,ypc_06,D,combined,D,False,A,7,True,1,0,0,1.2128699231039075
reflection-task,67803b5508f3d995ef13696b,14,car_racing_01,D,full,D,True,D,1,True,1,1,1,-1.7807688837545659
reflection-task,67803b5508f3d995ef13696b,16,car_racing_02,C,full,C,True,C,2,True,1,1,1,1.1885313962188795
reflection-task,67803b5508f3d995ef13696b,18,car_racing_03,B,full,B,True,B,7,True,1,1,1,-0.49082695884806904
reflection-task,67803b5508f3d995ef13696b,20,car_racing_05,B,full,A,True,A,3,True,0,0,1,0.5313911703231169
reflection-task,67803b5508f3d995ef13696b,22,graduation_party_01,B,full,A,False,B,1,True,0,1,0,-1.5130450880192552
reflection-task,67803b5508f3d995ef13696b,24,graduation_party_05,D,full,D,False,A,3,True,1,0,0,0.14197474016266495
reflection-task,67803b5508f3d995ef13696b,26,graduation_party_06,D,full,D,True,D,6,True,1,1,1,-0.3691343244229278
reflection-task,67803b5508f3d995ef13696b,28,graduation_party_07,B,full,B,True,B,3,True,1,1,1,0.7017608585183145
reflection-task,6a06492bd18cc8c960c61577,6,ypc_02,D,full,D,True,D,3,True,1,1,1,-0.8072278083534364
reflection-task,6a06492bd18cc8c960c61577,8,ypc_03,B,full,B,True,B,2,True,1,1,1,0.847792019828484
reflection-task,6a06492bd18cc8c960c61577,10,ypc_05,A,full,A,True,A,2,True,1,1,1,0.3366829552428909
reflection-task,6a06492bd18cc8c960c61577,12,ypc_06,B,full,B,False,A,2,True,1,0,0,1.2128699231039075
reflection-task,6a06492bd18cc8c960c61577,14,car_racing_01,D,full,D,True,D,2,True,1,1,1,-1.7807688837545659
reflection-task,6a06492bd18cc8c960c61577,16,car_racing_02,C,full,C,True,C,2,True,1,1,1,1.1885313962188795
reflection-task,6a06492bd18cc8c960c61577,18,car_racing_03,B,full,B,True,B,2,True,1,1,1,-0.49082695884806904
reflection-task,6a06492bd18cc8c960c61577,20,car_racing_05,D,full,D,False,A,2,True,1,0,0,0.5313911703231169
reflection-task,6a06492bd18cc8c960c61577,22,graduation_party_01,B,full,B,True,B,2,True,1,1,1,-1.5130450880192552
reflection-task,6a06492bd18cc8c960c61577,24,graduation_party_05,D,full,A,True,A,2,True,0,0,1,0.14197474016266495
reflection-task,6a06492bd18cc8c960c61577,26,graduation_party_06,B,full,B,False,D,2,True,1,0,0,-0.3691343244229278
reflection-task,6a06492bd18cc8c960c61577,28,graduation_party_07,D,full,D,False,B,2,True,1,0,0,0.7017608585183145
reflection-task,6a163308b7e5d344067653cf,28,graduation_party_07,D,combined,D,False,B,3,True,1,0,0,0.7017608585183145
reflection-task,69f7dbef9b0fbd9afdf8cfd0,22,graduation_party_01,B,full,B,True,B,1,True,1,1,1,-1.5130450880192552
reflection-task,6a0f4f1cd8a7e2077d91f7b0,6,ypc_02,D,full,D,True,D,2,True,1,1,1,-0.8072278083534364
reflection-task,6a0f4f1cd8a7e2077d91f7b0,8,ypc_03,C,full,A,False,B,1,True,0,0,0,0.847792019828484
reflection-task,6a0f4f1cd8a7e2077d91f7b0,10,ypc_05,D,full,D,False,A,5,True,1,0,0,0.3366829552428909
reflection-task,6a0f4f1cd8a7e2077d91f7b0,12,ypc_06,B,combined,B,False,A,6,True,1,0,0,1.2128699231039075
reflection-task,6a0f4f1cd8a7e2077d91f7b0,14,car_racing_01,D,full,D,True,D,6,True,1,1,1,-1.7807688837545659
reflection-task,6a0f4f1cd8a7e2077d91f7b0,16,car_racing_02,B,full,B,False,C,1,True,1,0,0,1.1885313962188795
reflection-task,6a0f4f1cd8a7e2077d91f7b0,18,car_racing_03,B,full,B,True,B,1,True,1,1,1,-0.49082695884806904
reflection-task,6a0f4f1cd8a7e2077d91f7b0,20,car_racing_05,C,full,C,False,A,8,True,1,0,0,0.5313911703231169
reflection-task,6a0f4f1cd8a7e2077d91f7b0,24,graduation_party_05,A,full,A,True,A,4,True,1,1,1,0.14197474016266495
reflection-task,6a0f4f1cd8a7e2077d91f7b0,26,graduation_party_06,A,combined,A,False,D,4,True,1,0,0,-0.3691343244229278
reflection-task,6a0f4f1cd8a7e2077d91f7b0,28,graduation_party_07,B,full,B,True,B,3,True,1,1,1,0.7017608585183145
reflection-task,6a0e73f23463fbfd2d3fad26,6,ypc_02,D,full,D,True,D,2,True,1,1,1,-0.8072278083534364
reflection-task,6a0e73f23463fbfd2d3fad26,8,ypc_03,A,full,A,False,B,1,True,1,0,0,0.847792019828484
reflection-task,6a0e73f23463fbfd2d3fad26,10,ypc_05,D,full,D,False,A,2,True,1,0,0,0.3366829552428909
reflection-task,6a0e73f23463fbfd2d3fad26,12,ypc_06,D,full,D,False,A,1,True,1,0,0,1.2128699231039075
reflection-task,6a0e73f23463fbfd2d3fad26,14,car_racing_01,D,full,D,True,D,1,True,1,1,1,-1.7807688837545659
reflection-task,6a0e73f23463fbfd2d3fad26,16,car_racing_02,D,full,D,False,C,3,True,1,0,0,1.1885313962188795
reflection-task,6a0e73f23463fbfd2d3fad26,18,car_racing_03,D,full,D,False,B,1,True,1,0,0,-0.49082695884806904
reflection-task,6a0e73f23463fbfd2d3fad26,20,car_racing_05,D,full,D,False,A,2,True,1,0,0,0.5313911703231169
reflection-task,6a0e73f23463fbfd2d3fad26,22,graduation_party_01,D,full,D,False,B,1,True,1,0,0,-1.5130450880192552
reflection-task,6a0e73f23463fbfd2d3fad26,24,graduation_party_05,D,full,D,False,A,1,True,1,0,0,0.14197474016266495
reflection-task,6a0e73f23463fbfd2d3fad26,26,graduation_party_06,D,full,D,True,D,1,True,1,1,1,-0.3691343244229278
reflection-task,6a0e73f23463fbfd2d3fad26,28,graduation_party_07,A,full,A,False,B,1,True,1,0,0,0.7017608585183145
reflection-task,59e879752f63d30001c8fb9f,6,ypc_02,D,full,D,True,D,2,True,1,1,1,-0.8072278083534364
reflection-task,59e879752f63d30001c8fb9f,8,ypc_03,D,full,D,False,B,2,True,1,0,0,0.847792019828484
reflection-task,59e879752f63d30001c8fb9f,12,ypc_06,C,full,C,False,A,2,True,1,0,0,1.2128699231039075
reflection-task,59e879752f63d30001c8fb9f,14,car_racing_01,D,full,D,True,D,2,True,1,1,1,-1.7807688837545659
reflection-task,59e879752f63d30001c8fb9f,16,car_racing_02,C,full,C,True,C,2,True,1,1,1,1.1885313962188795
reflection-task,59e879752f63d30001c8fb9f,18,car_racing_03,B,full,B,True,B,2,True,1,1,1,-0.49082695884806904
reflection-task,59e879752f63d30001c8fb9f,20,car_racing_05,D,full,D,False,A,2,True,1,0,0,0.5313911703231169
reflection-task,59e879752f63d30001c8fb9f,22,graduation_party_01,B,full,B,True,B,2,True,1,1,1,-1.5130450880192552
reflection-task,59e879752f63d30001c8fb9f,24,graduation_party_05,D,full,D,False,A,1,True,1,0,0,0.14197474016266495
reflection-task,59e879752f63d30001c8fb9f,26,graduation_party_06,D,full,D,True,D,2,True,1,1,1,-0.3691343244229278
reflection-task,59e879752f63d30001c8fb9f,28,graduation_party_07,D,full,D,False,B,2,True,1,0,0,0.7017608585183145
reflection-task,6a01836a5b9dd1d277f9bb9b,6,ypc_02,D,full,D,True,D,3,True,1,1,1,-0.8072278083534364
reflection-task,6a01836a5b9dd1d277f9bb9b,12,ypc_06,B,full,B,False,A,4,True,1,0,0,1.2128699231039075
reflection-task,6a01836a5b9dd1d277f9bb9b,14,car_racing_01,D,full,D,True,D,4,True,1,1,1,-1.7807688837545659
reflection-task,6a01836a5b9dd1d277f9bb9b,16,car_racing_02,B,full,B,False,C,3,True,1,0,0,1.1885313962188795
reflection-task,6a01836a5b9dd1d277f9bb9b,18,car_racing_03,D,full,D,False,B,3,True,1,0,0,-0.49082695884806904
reflection-task,6a01836a5b9dd1d277f9bb9b,20,car_racing_05,C,full,C,False,A,3,True,1,0,0,0.5313911703231169
reflection-task,6a01836a5b9dd1d277f9bb9b,22,graduation_party_01,B,full,B,True,B,3,True,1,1,1,-1.5130450880192552
reflection-task,6a01836a5b9dd1d277f9bb9b,24,graduation_party_05,A,full,A,True,A,2,True,1,1,1,0.14197474016266495
reflection-task,6a01836a5b9dd1d277f9bb9b,26,graduation_party_06,B,full,B,False,D,2,True,1,0,0,-0.3691343244229278
reflection-task,6a01836a5b9dd1d277f9bb9b,28,graduation_party_07,D,full,D,False,B,4,True,1,0,0,0.7017608585183145
reflection-task,6a258e58da162873e87be594,6,ypc_02,D,full,D,True,D,2,True,1,1,1,-0.8072278083534364
reflection-task,6a258e58da162873e87be594,8,ypc_03,C,full,C,False,B,3,True,1,0,0,0.847792019828484
reflection-task,6a258e58da162873e87be594,10,ypc_05,A,full,A,True,A,5,True,1,1,1,0.3366829552428909
reflection-task,6a258e58da162873e87be594,14,car_racing_01,D,full,D,True,D,5,True,1,1,1,-1.7807688837545659
reflection-task,6a258e58da162873e87be594,16,car_racing_02,B,full,B,False,C,6,True,1,0,0,1.1885313962188795
reflection-task,6a258e58da162873e87be594,18,car_racing_03,D,full,A,False,B,1,True,0,0,0,-0.49082695884806904
reflection-task,6a258e58da162873e87be594,20,car_racing_05,D,full,C,False,A,2,True,0,0,0,0.5313911703231169
reflection-task,6a258e58da162873e87be594,22,graduation_party_01,B,full,B,True,B,2,True,1,1,1,-1.5130450880192552
reflection-task,6a258e58da162873e87be594,24,graduation_party_05,D,full,D,False,A,2,True,1,0,0,0.14197474016266495
reflection-task,6a258e58da162873e87be594,26,graduation_party_06,B,full,B,False,D,2,True,1,0,0,-0.3691343244229278
reflection-task,6a258e58da162873e87be594,28,graduation_party_07,D,full,D,False,B,2,True,1,0,0,0.7017608585183145
reflection-task,674c4edddd135ab435debd87,6,ypc_02,A,full,A,False,D,4,True,1,0,0,-0.8072278083534364
reflection-task,674c4edddd135ab435debd87,8,ypc_03,A,full,A,False,B,2,True,1,0,0,0.847792019828484
reflection-task,674c4edddd135ab435debd87,10,ypc_05,A,full,A,True,A,1,True,1,1,1,0.3366829552428909
reflection-task,674c4edddd135ab435debd87,12,ypc_06,D,full,D,False,A,3,True,1,0,0,1.2128699231039075
reflection-task,674c4edddd135ab435debd87,14,car_racing_01,D,full,D,True,D,3,True,1,1,1,-1.7807688837545659
reflection-task,674c4edddd135ab435debd87,16,car_racing_02,B,full,B,False,C,3,True,1,0,0,1.1885313962188795
reflection-task,674c4edddd135ab435debd87,18,car_racing_03,B,full,B,True,B,2,True,1,1,1,-0.49082695884806904
reflection-task,674c4edddd135ab435debd87,20,car_racing_05,C,full,C,False,A,1,True,1,0,0,0.5313911703231169
reflection-task,674c4edddd135ab435debd87,22,graduation_party_01,B,full,B,True,B,2,True,1,1,1,-1.5130450880192552
reflection-task,674c4edddd135ab435debd87,24,graduation_party_05,A,full,A,True,A,1,True,1,1,1,0.14197474016266495
reflection-task,674c4edddd135ab435debd87,26,graduation_party_06,B,full,B,False,D,2,True,1,0,0,-0.3691343244229278
reflection-task,674c4edddd135ab435debd87,28,graduation_party_07,D,full,D,False,B,2,True,1,0,0,0.7017608585183145
reflection-task,6a0391221d9e1acf4cddf176,6,ypc_02,A,combined,A,False,D,4,True,1,0,0,-0.8072278083534364
reflection-task,6a0391221d9e1acf4cddf176,8,ypc_03,B,full,B,True,B,3,True,1,1,1,0.847792019828484
reflection-task,6a0391221d9e1acf4cddf176,10,ypc_05,A,full,A,True,A,3,True,1,1,1,0.3366829552428909
reflection-task,6a0391221d9e1acf4cddf176,12,ypc_06,B,full,B,False,A,4,True,1,0,0,1.2128699231039075
reflection-task,6a0391221d9e1acf4cddf176,14,car_racing_01,D,full,D,True,D,2,True,1,1,1,-1.7807688837545659
reflection-task,6a0391221d9e1acf4cddf176,16,car_racing_02,D,full,D,False,C,3,True,1,0,0,1.1885313962188795
reflection-task,6a0391221d9e1acf4cddf176,18,car_racing_03,D,full,B,True,B,5,True,0,0,1,-0.49082695884806904
reflection-task,6a0391221d9e1acf4cddf176,20,car_racing_05,D,full,A,True,A,4,True,0,0,1,0.5313911703231169
reflection-task,6a0391221d9e1acf4cddf176,22,graduation_party_01,B,full,B,True,B,3,True,1,1,1,-1.5130450880192552
reflection-task,6a0391221d9e1acf4cddf176,24,graduation_party_05,D,full,D,False,A,4,True,1,0,0,0.14197474016266495
reflection-task,6a0391221d9e1acf4cddf176,26,graduation_party_06,B,full,B,False,D,2,True,1,0,0,-0.3691343244229278
reflection-task,6a0391221d9e1acf4cddf176,28,graduation_party_07,D,full,D,False,B,2,True,1,0,0,0.7017608585183145
reflection-task,5f18bd319b35c70d79e46f66,6,ypc_02,D,full,D,True,D,2,True,1,1,1,-0.8072278083534364
reflection-task,5f18bd319b35c70d79e46f66,8,ypc_03,A,full,A,False,B,2,True,1,0,0,0.847792019828484
reflection-task,5f18bd319b35c70d79e46f66,10,ypc_05,D,full,D,False,A,1,True,1,0,0,0.3366829552428909
reflection-task,5f18bd319b35c70d79e46f66,12,ypc_06,C,full,C,False,A,1,True,1,0,0,1.2128699231039075
reflection-task,5f18bd319b35c70d79e46f66,14,car_racing_01,D,full,D,True,D,1,True,1,1,1,-1.7807688837545659
reflection-task,5f18bd319b35c70d79e46f66,16,car_racing_02,B,full,B,False,C,3,True,1,0,0,1.1885313962188795
reflection-task,5f18bd319b35c70d79e46f66,18,car_racing_03,D,full,D,False,B,1,True,1,0,0,-0.49082695884806904
reflection-task,5f18bd319b35c70d79e46f66,20,car_racing_05,D,full,D,False,A,1,True,1,0,0,0.5313911703231169
reflection-task,5f18bd319b35c70d79e46f66,24,graduation_party_05,D,full,D,False,A,1,True,1,0,0,0.14197474016266495
reflection-task,5f18bd319b35c70d79e46f66,26,graduation_party_06,D,full,D,True,D,1,True,1,1,1,-0.3691343244229278
reflection-task,5f18bd319b35c70d79e46f66,28,graduation_party_07,B,full,B,True,B,2,True,1,1,1,0.7017608585183145
reflection-task,65537e14439274fe5036b4d2,6,ypc_02,D,full,D,True,D,2,True,1,1,1,-0.8072278083534364
reflection-task,65537e14439274fe5036b4d2,8,ypc_03,D,full,D,False,B,2,True,1,0,0,0.847792019828484
reflection-task,65537e14439274fe5036b4d2,10,ypc_05,D,full,D,False,A,2,True,1,0,0,0.3366829552428909
reflection-task,65537e14439274fe5036b4d2,12,ypc_06,D,full,D,False,A,1,True,1,0,0,1.2128699231039075
reflection-task,65537e14439274fe5036b4d2,14,car_racing_01,A,full,A,False,D,1,True,1,0,0,-1.7807688837545659
reflection-task,65537e14439274fe5036b4d2,16,car_racing_02,B,combined,B,False,C,3,True,1,0,0,1.1885313962188795
reflection-task,65537e14439274fe5036b4d2,20,car_racing_05,D,full,D,False,A,3,True,1,0,0,0.5313911703231169
reflection-task,65537e14439274fe5036b4d2,24,graduation_party_05,A,full,A,True,A,1,True,1,1,1,0.14197474016266495
reflection-task,65537e14439274fe5036b4d2,26,graduation_party_06,A,full,A,False,D,2,True,1,0,0,-0.3691343244229278
reflection-task,65537e14439274fe5036b4d2,28,graduation_party_07,B,full,B,True,B,2,True,1,1,1,0.7017608585183145
reflection-task,63d7c110ae88487271c4bfd1,6,ypc_02,D,full,D,True,D,5,True,1,1,1,-0.8072278083534364
reflection-task,63d7c110ae88487271c4bfd1,8,ypc_03,A,full,A,False,B,11,True,1,0,0,0.847792019828484
reflection-task,63d7c110ae88487271c4bfd1,10,ypc_05,D,full,D,False,A,3,True,1,0,0,0.3366829552428909
reflection-task,63d7c110ae88487271c4bfd1,12,ypc_06,D,full,D,False,A,5,True,1,0,0,1.2128699231039075
reflection-task,63d7c110ae88487271c4bfd1,14,car_racing_01,D,full,D,True,D,4,True,1,1,1,-1.7807688837545659
reflection-task,63d7c110ae88487271c4bfd1,16,car_racing_02,C,full,C,True,C,7,True,1,1,1,1.1885313962188795
reflection-task,63d7c110ae88487271c4bfd1,18,car_racing_03,D,full,D,False,B,6,True,1,0,0,-0.49082695884806904
reflection-task,63d7c110ae88487271c4bfd1,20,car_racing_05,B,full,B,False,A,5,True,1,0,0,0.5313911703231169
reflection-task,63d7c110ae88487271c4bfd1,22,graduation_party_01,C,full,C,False,B,6,True,1,0,0,-1.5130450880192552
reflection-task,63d7c110ae88487271c4bfd1,24,graduation_party_05,D,full,D,False,A,4,True,1,0,0,0.14197474016266495
reflection-task,63d7c110ae88487271c4bfd1,26,graduation_party_06,D,full,D,True,D,12,True,1,1,1,-0.3691343244229278
reflection-task,63d7c110ae88487271c4bfd1,28,graduation_party_07,D,full,D,False,B,5,True,1,0,0,0.7017608585183145
reflection-task,666ead197fa250fa7cffe77a,6,ypc_02,D,full,D,True,D,2,True,1,1,1,-0.8072278083534364
reflection-task,666ead197fa250fa7cffe77a,8,ypc_03,D,full,D,False,B,1,True,1,0,0,0.847792019828484
reflection-task,666ead197fa250fa7cffe77a,10,ypc_05,D,full,D,False,A,1,True,1,0,0,0.3366829552428909
reflection-task,666ead197fa250fa7cffe77a,12,ypc_06,B,full,B,False,A,3,True,1,0,0,1.2128699231039075
reflection-task,666ead197fa250fa7cffe77a,14,car_racing_01,D,full,D,True,D,1,True,1,1,1,-1.7807688837545659
reflection-task,666ead197fa250fa7cffe77a,16,car_racing_02,B,full,B,False,C,2,True,1,0,0,1.1885313962188795
reflection-task,666ead197fa250fa7cffe77a,18,car_racing_03,B,full,B,True,B,2,True,1,1,1,-0.49082695884806904
reflection-task,666ead197fa250fa7cffe77a,20,car_racing_05,D,full,D,False,A,1,True,1,0,0,0.5313911703231169
reflection-task,666ead197fa250fa7cffe77a,22,graduation_party_01,B,full,B,True,B,2,True,1,1,1,-1.5130450880192552
reflection-task,666ead197fa250fa7cffe77a,24,graduation_party_05,D,full,D,False,A,1,True,1,0,0,0.14197474016266495
reflection-task,666ead197fa250fa7cffe77a,26,graduation_party_06,D,full,D,True,D,2,True,1,1,1,-0.3691343244229278
reflection-task,666ead197fa250fa7cffe77a,28,graduation_party_07,D,full,D,False,B,2,True,1,0,0,0.7017608585183145
reflection-task,6a04a45951d1ba0b33c7a56b,6,ypc_02,A,full,A,False,D,1,True,1,0,0,-0.8072278083534364
reflection-task,6a04a45951d1ba0b33c7a56b,8,ypc_03,C,full,C,False,B,1,True,1,0,0,0.847792019828484
reflection-task,6a04a45951d1ba0b33c7a56b,10,ypc_05,A,full,A,True,A,1,True,1,1,1,0.3366829552428909
reflection-task,6a04a45951d1ba0b33c7a56b,12,ypc_06,B,full,B,False,A,2,True,1,0,0,1.2128699231039075
reflection-task,6a04a45951d1ba0b33c7a56b,14,car_racing_01,D,full,D,True,D,2,True,1,1,1,-1.7807688837545659
reflection-task,6a04a45951d1ba0b33c7a56b,16,car_racing_02,B,full,B,False,C,2,True,1,0,0,1.1885313962188795
reflection-task,6a04a45951d1ba0b33c7a56b,18,car_racing_03,D,full,D,False,B,1,True,1,0,0,-0.49082695884806904
reflection-task,6a04a45951d1ba0b33c7a56b,20,car_racing_05,D,full,D,False,A,1,True,1,0,0,0.5313911703231169
reflection-task,6a04a45951d1ba0b33c7a56b,22,graduation_party_01,C,full,C,False,B,1,True,1,0,0,-1.5130450880192552
reflection-task,6a04a45951d1ba0b33c7a56b,24,graduation_party_05,A,full,A,True,A,2,True,1,1,1,0.14197474016266495
reflection-task,6a04a45951d1ba0b33c7a56b,26,graduation_party_06,A,full,A,False,D,1,True,1,0,0,-0.3691343244229278
reflection-task,6a04a45951d1ba0b33c7a56b,28,graduation_party_07,D,full,D,False,B,1,True,1,0,0,0.7017608585183145
reflection-task,69fcf284ba393d763498206c,6,ypc_02,D,full,D,True,D,1,True,1,1,1,-0.8072278083534364
reflection-task,69fcf284ba393d763498206c,8,ypc_03,B,full,B,True,B,1,True,1,1,1,0.847792019828484
reflection-task,69fcf284ba393d763498206c,10,ypc_05,B,full,B,False,A,1,True,1,0,0,0.3366829552428909
reflection-task,69fcf284ba393d763498206c,12,ypc_06,C,full,C,False,A,1,True,1,0,0,1.2128699231039075
reflection-task,69fcf284ba393d763498206c,14,car_racing_01,D,full,D,True,D,1,True,1,1,1,-1.7807688837545659
reflection-task,69fcf284ba393d763498206c,16,car_racing_02,C,full,A,False,C,1,True,0,1,0,1.1885313962188795
reflection-task,69fcf284ba393d763498206c,18,car_racing_03,B,full,B,True,B,1,True,1,1,1,-0.49082695884806904
reflection-task,69fcf284ba393d763498206c,20,car_racing_05,A,full,A,True,A,1,True,1,1,1,0.5313911703231169
reflection-task,69fcf284ba393d763498206c,22,graduation_party_01,B,full,B,True,B,1,True,1,1,1,-1.5130450880192552
reflection-task,69fcf284ba393d763498206c,24,graduation_party_05,D,full,D,False,A,1,True,1,0,0,0.14197474016266495
reflection-task,69fcf284ba393d763498206c,26,graduation_party_06,D,full,D,True,D,1,True,1,1,1,-0.3691343244229278
reflection-task,69fcf284ba393d763498206c,28,graduation_party_07,D,full,D,False,B,1,True,1,0,0,0.7017608585183145
reflection-task,6a509cf81c38ed4e29884a9c,6,ypc_02,D,full,D,True,D,1,True,1,1,1,-0.8072278083534364
reflection-task,6a509cf81c38ed4e29884a9c,8,ypc_03,A,full,A,False,B,2,True,1,0,0,0.847792019828484
reflection-task,6a509cf81c38ed4e29884a9c,10,ypc_05,D,full,D,False,A,2,True,1,0,0,0.3366829552428909
reflection-task,6a509cf81c38ed4e29884a9c,12,ypc_06,B,full,B,False,A,1,True,1,0,0,1.2128699231039075
reflection-task,6a509cf81c38ed4e29884a9c,14,car_racing_01,D,full,D,True,D,2,True,1,1,1,-1.7807688837545659
reflection-task,6a509cf81c38ed4e29884a9c,16,car_racing_02,B,full,B,False,C,2,True,1,0,0,1.1885313962188795
reflection-task,6a509cf81c38ed4e29884a9c,18,car_racing_03,D,full,D,False,B,1,True,1,0,0,-0.49082695884806904
reflection-task,6a509cf81c38ed4e29884a9c,20,car_racing_05,D,full,D,False,A,1,True,1,0,0,0.5313911703231169
reflection-task,6a509cf81c38ed4e29884a9c,22,graduation_party_01,B,full,B,True,B,2,True,1,1,1,-1.5130450880192552
reflection-task,6a509cf81c38ed4e29884a9c,24,graduation_party_05,A,full,A,True,A,2,True,1,1,1,0.14197474016266495
reflection-task,6a509cf81c38ed4e29884a9c,26,graduation_party_06,D,full,D,True,D,2,True,1,1,1,-0.3691343244229278
reflection-task,6a509cf81c38ed4e29884a9c,28,graduation_party_07,D,full,D,False,B,2,True,1,0,0,0.7017608585183145
reflection-task,69e77eeca0f0281b1d24813f,6,ypc_02,D,full,D,True,D,2,True,1,1,1,-0.8072278083534364
reflection-task,69e77eeca0f0281b1d24813f,8,ypc_03,D,full,D,False,B,2,True,1,0,0,0.847792019828484
reflection-task,69e77eeca0f0281b1d24813f,10,ypc_05,D,full,D,False,A,2,True,1,0,0,0.3366829552428909
reflection-task,69e77eeca0f0281b1d24813f,12,ypc_06,D,full,D,False,A,2,True,1,0,0,1.2128699231039075
reflection-task,69e77eeca0f0281b1d24813f,14,car_racing_01,C,full,A,False,D,1,True,0,0,0,-1.7807688837545659
reflection-task,69e77eeca0f0281b1d24813f,18,car_racing_03,B,full,A,False,B,2,True,0,1,0,-0.49082695884806904
reflection-task,69e77eeca0f0281b1d24813f,20,car_racing_05,D,full,D,False,A,1,True,1,0,0,0.5313911703231169
reflection-task,69e77eeca0f0281b1d24813f,22,graduation_party_01,B,full,B,True,B,1,True,1,1,1,-1.5130450880192552
reflection-task,69e77eeca0f0281b1d24813f,24,graduation_party_05,A,full,A,True,A,1,True,1,1,1,0.14197474016266495
reflection-task,69e77eeca0f0281b1d24813f,26,graduation_party_06,B,full,B,False,D,1,True,1,0,0,-0.3691343244229278
reflection-task,69e77eeca0f0281b1d24813f,28,graduation_party_07,B,full,B,True,B,1,True,1,1,1,0.7017608585183145
reflection-task,69e7cca9182bc6179eefff1d,6,ypc_02,D,combined,D,True,D,3,True,1,1,1,-0.8072278083534364
reflection-task,69e7cca9182bc6179eefff1d,8,ypc_03,C,full,A,False,B,5,True,0,0,0,0.847792019828484
reflection-task,69e7cca9182bc6179eefff1d,10,ypc_05,A,full,A,True,A,2,True,1,1,1,0.3366829552428909
reflection-task,69e7cca9182bc6179eefff1d,12,ypc_06,B,full,B,False,A,2,True,1,0,0,1.2128699231039075
reflection-task,69e7cca9182bc6179eefff1d,14,car_racing_01,D,full,D,True,D,4,True,1,1,1,-1.7807688837545659
reflection-task,69e7cca9182bc6179eefff1d,16,car_racing_02,B,full,B,False,C,3,True,1,0,0,1.1885313962188795
reflection-task,69e7cca9182bc6179eefff1d,18,car_racing_03,B,full,B,True,B,3,True,1,1,1,-0.49082695884806904
reflection-task,69e7cca9182bc6179eefff1d,20,car_racing_05,D,full,D,False,A,2,True,1,0,0,0.5313911703231169
reflection-task,69e7cca9182bc6179eefff1d,24,graduation_party_05,A,full,A,True,A,5,True,1,1,1,0.14197474016266495
reflection-task,69e7cca9182bc6179eefff1d,26,graduation_party_06,D,full,D,True,D,2,True,1,1,1,-0.3691343244229278
reflection-task,69e7cca9182bc6179eefff1d,28,graduation_party_07,D,full,D,False,B,3,True,1,0,0,0.7017608585183145
reflection-task,6a0cbcf2dfec28ecd231ff80,6,ypc_02,D,full,D,True,D,1,True,1,1,1,-0.8072278083534364
reflection-task,6a0cbcf2dfec28ecd231ff80,8,ypc_03,C,full,D,False,B,1,True,0,0,0,0.847792019828484
reflection-task,6a0cbcf2dfec28ecd231ff80,10,ypc_05,A,full,D,False,A,1,True,0,1,0,0.3366829552428909
reflection-task,6a0cbcf2dfec28ecd231ff80,12,ypc_06,C,full,C,False,A,1,True,1,0,0,1.2128699231039075
reflection-task,6a0cbcf2dfec28ecd231ff80,14,car_racing_01,D,full,D,True,D,1,True,1,1,1,-1.7807688837545659
reflection-task,6a0cbcf2dfec28ecd231ff80,16,car_racing_02,B,full,C,True,C,1,True,0,0,1,1.1885313962188795
reflection-task,6a0cbcf2dfec28ecd231ff80,18,car_racing_03,D,full,D,False,B,2,True,1,0,0,-0.49082695884806904
reflection-task,6a0cbcf2dfec28ecd231ff80,20,car_racing_05,D,full,D,False,A,1,True,1,0,0,0.5313911703231169
reflection-task,6a0cbcf2dfec28ecd231ff80,22,graduation_party_01,B,full,B,True,B,2,True,1,1,1,-1.5130450880192552
reflection-task,6a0cbcf2dfec28ecd231ff80,24,graduation_party_05,D,full,A,True,A,1,True,0,0,1,0.14197474016266495
reflection-task,6a0cbcf2dfec28ecd231ff80,26,graduation_party_06,D,full,B,False,D,1,True,0,1,0,-0.3691343244229278
reflection-task,6a0cbcf2dfec28ecd231ff80,28,graduation_party_07,A,full,D,False,B,1,True,0,0,0,0.7017608585183145
reflection-task,66d4407f31981698998d25d8,14,car_racing_01,A,full,A,False,D,1,True,1,0,0,-1.7807688837545659
reflection-task,66d4407f31981698998d25d8,20,car_racing_05,A,full,A,True,A,3,True,1,1,1,0.5313911703231169
reflection-task,66d4407f31981698998d25d8,22,graduation_party_01,B,full,B,True,B,1,True,1,1,1,-1.5130450880192552
reflection-task,66d4407f31981698998d25d8,24,graduation_party_05,C,full,C,False,A,1,True,1,0,0,0.14197474016266495
reflection-task,59269aac7724de000109190f,6,ypc_02,D,full,D,True,D,11,True,1,1,1,-0.8072278083534364
reflection-task,59269aac7724de000109190f,8,ypc_03,B,combined,B,True,B,10,True,1,1,1,0.847792019828484
reflection-task,59269aac7724de000109190f,10,ypc_05,D,full,D,False,A,8,True,1,0,0,0.3366829552428909
reflection-task,59269aac7724de000109190f,12,ypc_06,B,full,B,False,A,9,True,1,0,0,1.2128699231039075
reflection-task,59269aac7724de000109190f,16,car_racing_02,D,full,D,False,C,14,True,1,0,0,1.1885313962188795
reflection-task,59269aac7724de000109190f,18,car_racing_03,B,full,B,True,B,7,True,1,1,1,-0.49082695884806904
reflection-task,59269aac7724de000109190f,20,car_racing_05,D,full,D,False,A,7,True,1,0,0,0.5313911703231169
reflection-task,59269aac7724de000109190f,22,graduation_party_01,B,full,B,True,B,7,True,1,1,1,-1.5130450880192552
reflection-task,59269aac7724de000109190f,24,graduation_party_05,A,full,A,True,A,9,True,1,1,1,0.14197474016266495
reflection-task,59269aac7724de000109190f,26,graduation_party_06,D,full,D,True,D,8,True,1,1,1,-0.3691343244229278
reflection-task,59269aac7724de000109190f,28,graduation_party_07,D,full,D,False,B,7,True,1,0,0,0.7017608585183145
reflection-task,6a202e14d9aec81592aba952,10,ypc_05,A,full,A,True,A,4,True,1,1,1,0.3366829552428909
reflection-task,6a202e14d9aec81592aba952,18,car_racing_03,D,full,D,False,B,2,True,1,0,0,-0.49082695884806904
reflection-task,6a202e14d9aec81592aba952,20,car_racing_05,B,full,D,False,A,2,True,0,0,0,0.5313911703231169
reflection-task,6a202e14d9aec81592aba952,22,graduation_party_01,C,full,D,False,B,2,True,0,0,0,-1.5130450880192552
reflection-task,6a202e14d9aec81592aba952,24,graduation_party_05,D,full,D,False,A,2,True,1,0,0,0.14197474016266495
reflection-task,6a1ca4ab0a23bbbf31ce1110,6,ypc_02,D,full,D,True,D,3,True,1,1,1,-0.8072278083534364
reflection-task,6a1ca4ab0a23bbbf31ce1110,8,ypc_03,A,full,A,False,B,1,True,1,0,0,0.847792019828484
reflection-task,6a1ca4ab0a23bbbf31ce1110,10,ypc_05,A,full,A,True,A,1,True,1,1,1,0.3366829552428909
reflection-task,6a1ca4ab0a23bbbf31ce1110,12,ypc_06,A,full,A,True,A,1,True,1,1,1,1.2128699231039075
reflection-task,6a1ca4ab0a23bbbf31ce1110,14,car_racing_01,D,full,D,True,D,1,True,1,1,1,-1.7807688837545659
reflection-task,6a1ca4ab0a23bbbf31ce1110,16,car_racing_02,B,full,B,False,C,1,True,1,0,0,1.1885313962188795
reflection-task,6a1ca4ab0a23bbbf31ce1110,18,car_racing_03,B,full,B,True,B,1,True,1,1,1,-0.49082695884806904
reflection-task,6a1ca4ab0a23bbbf31ce1110,20,car_racing_05,B,full,B,False,A,1,True,1,0,0,0.5313911703231169
reflection-task,6a1ca4ab0a23bbbf31ce1110,22,graduation_party_01,D,full,D,False,B,1,True,1,0,0,-1.5130450880192552
reflection-task,6a1ca4ab0a23bbbf31ce1110,24,graduation_party_05,D,full,D,False,A,1,True,1,0,0,0.14197474016266495
reflection-task,6a1ca4ab0a23bbbf31ce1110,26,graduation_party_06,D,full,D,True,D,1,True,1,1,1,-0.3691343244229278
reflection-task,6a1ca4ab0a23bbbf31ce1110,28,graduation_party_07,D,full,D,False,B,1,True,1,0,0,0.7017608585183145
reflection-task,665ed3e9a6d856341025d5e1,6,ypc_02,D,full,D,True,D,2,True,1,1,1,-0.8072278083534364
reflection-task,665ed3e9a6d856341025d5e1,8,ypc_03,A,full,A,False,B,2,True,1,0,0,0.847792019828484
reflection-task,665ed3e9a6d856341025d5e1,10,ypc_05,A,full,A,True,A,3,True,1,1,1,0.3366829552428909
reflection-task,665ed3e9a6d856341025d5e1,12,ypc_06,D,full,D,False,A,6,True,1,0,0,1.2128699231039075
reflection-task,665ed3e9a6d856341025d5e1,14,car_racing_01,D,full,D,True,D,5,True,1,1,1,-1.7807688837545659
reflection-task,665ed3e9a6d856341025d5e1,16,car_racing_02,B,full,B,False,C,3,True,1,0,0,1.1885313962188795
reflection-task,665ed3e9a6d856341025d5e1,18,car_racing_03,D,full,D,False,B,6,True,1,0,0,-0.49082695884806904
reflection-task,665ed3e9a6d856341025d5e1,20,car_racing_05,A,full,A,True,A,4,True,1,1,1,0.5313911703231169
reflection-task,665ed3e9a6d856341025d5e1,22,graduation_party_01,B,full,B,True,B,1,True,1,1,1,-1.5130450880192552
reflection-task,665ed3e9a6d856341025d5e1,24,graduation_party_05,D,full,D,False,A,2,True,1,0,0,0.14197474016266495
reflection-task,665ed3e9a6d856341025d5e1,26,graduation_party_06,B,full,B,False,D,4,True,1,0,0,-0.3691343244229278
reflection-task,665ed3e9a6d856341025d5e1,28,graduation_party_07,A,full,A,False,B,2,True,1,0,0,0.7017608585183145
reflection-task,5b9d57e5737d030001ad2cbf,6,ypc_02,D,full,D,True,D,2,True,1,1,1,-0.8072278083534364
reflection-task,5b9d57e5737d030001ad2cbf,8,ypc_03,A,full,A,False,B,2,True,1,0,0,0.847792019828484
reflection-task,5b9d57e5737d030001ad2cbf,10,ypc_05,A,full,A,True,A,2,True,1,1,1,0.3366829552428909
reflection-task,5b9d57e5737d030001ad2cbf,12,ypc_06,A,full,A,True,A,7,True,1,1,1,1.2128699231039075
reflection-task,5b9d57e5737d030001ad2cbf,14,car_racing_01,D,full,D,True,D,2,True,1,1,1,-1.7807688837545659
reflection-task,5b9d57e5737d030001ad2cbf,16,car_racing_02,B,full,B,False,C,5,True,1,0,0,1.1885313962188795
reflection-task,5b9d57e5737d030001ad2cbf,18,car_racing_03,B,full,B,True,B,3,True,1,1,1,-0.49082695884806904
reflection-task,5b9d57e5737d030001ad2cbf,20,car_racing_05,A,full,A,True,A,7,True,1,1,1,0.5313911703231169
reflection-task,5b9d57e5737d030001ad2cbf,24,graduation_party_05,D,full,D,False,A,3,True,1,0,0,0.14197474016266495
reflection-task,5b9d57e5737d030001ad2cbf,26,graduation_party_06,D,full,D,True,D,4,True,1,1,1,-0.3691343244229278
reflection-task,5b9d57e5737d030001ad2cbf,28,graduation_party_07,D,full,D,False,B,4,True,1,0,0,0.7017608585183145
reflection-task,69f3b68053fe890f8a646b79,6,ypc_02,A,full,A,False,D,3,True,1,0,0,-0.8072278083534364
reflection-task,69f3b68053fe890f8a646b79,8,ypc_03,D,full,D,False,B,1,True,1,0,0,0.847792019828484
reflection-task,69f3b68053fe890f8a646b79,10,ypc_05,A,full,A,True,A,1,True,1,1,1,0.3366829552428909
reflection-task,69f3b68053fe890f8a646b79,12,ypc_06,B,full,B,False,A,1,True,1,0,0,1.2128699231039075
reflection-task,69f3b68053fe890f8a646b79,14,car_racing_01,D,full,D,True,D,1,True,1,1,1,-1.7807688837545659
reflection-task,69f3b68053fe890f8a646b79,18,car_racing_03,B,full,B,True,B,1,True,1,1,1,-0.49082695884806904
reflection-task,69f3b68053fe890f8a646b79,20,car_racing_05,B,full,B,False,A,1,True,1,0,0,0.5313911703231169
reflection-task,69f3b68053fe890f8a646b79,22,graduation_party_01,C,full,C,False,B,1,True,1,0,0,-1.5130450880192552
reflection-task,69f3b68053fe890f8a646b79,24,graduation_party_05,A,full,A,True,A,4,True,1,1,1,0.14197474016266495
reflection-task,69f3b68053fe890f8a646b79,26,graduation_party_06,D,full,C,False,D,1,True,0,1,0,-0.3691343244229278
reflection-task,69f3b68053fe890f8a646b79,28,graduation_party_07,C,full,C,False,B,3,True,1,0,0,0.7017608585183145
reflection-task,5a4574fb817d1800018d1635,6,ypc_02,D,full,D,True,D,2,True,1,1,1,-0.8072278083534364
reflection-task,5a4574fb817d1800018d1635,8,ypc_03,A,full,A,False,B,7,True,1,0,0,0.847792019828484
reflection-task,5a4574fb817d1800018d1635,10,ypc_05,D,full,D,False,A,8,True,1,0,0,0.3366829552428909
reflection-task,5a4574fb817d1800018d1635,12,ypc_06,D,full,D,False,A,2,True,1,0,0,1.2128699231039075
reflection-task,5a4574fb817d1800018d1635,14,car_racing_01,D,full,D,True,D,2,True,1,1,1,-1.7807688837545659
reflection-task,5a4574fb817d1800018d1635,16,car_racing_02,B,full,B,False,C,1,True,1,0,0,1.1885313962188795
reflection-task,5a4574fb817d1800018d1635,18,car_racing_03,D,full,D,False,B,4,True,1,0,0,-0.49082695884806904
reflection-task,5a4574fb817d1800018d1635,20,car_racing_05,D,full,D,False,A,4,True,1,0,0,0.5313911703231169
reflection-task,5a4574fb817d1800018d1635,22,graduation_party_01,C,full,C,False,B,3,True,1,0,0,-1.5130450880192552
reflection-task,5a4574fb817d1800018d1635,24,graduation_party_05,A,combined,A,True,A,4,True,1,1,1,0.14197474016266495
reflection-task,5a4574fb817d1800018d1635,26,graduation_party_06,B,full,A,False,D,5,True,0,0,0,-0.3691343244229278
reflection-task,5a4574fb817d1800018d1635,28,graduation_party_07,D,full,D,False,B,4,True,1,0,0,0.7017608585183145
reflection-task,6a21e26cfd79d5e984741038,10,ypc_05,D,full,D,False,A,2,True,1,0,0,0.3366829552428909
reflection-task,6a21e26cfd79d5e984741038,12,ypc_06,A,full,A,True,A,3,True,1,1,1,1.2128699231039075
reflection-task,6a21e26cfd79d5e984741038,14,car_racing_01,A,full,A,False,D,3,True,1,0,0,-1.7807688837545659
reflection-task,6a21e26cfd79d5e984741038,16,car_racing_02,C,full,C,True,C,2,True,1,1,1,1.1885313962188795
reflection-task,6a21e26cfd79d5e984741038,24,graduation_party_05,A,full,A,True,A,3,True,1,1,1,0.14197474016266495
reflection-task,6a21e26cfd79d5e984741038,26,graduation_party_06,D,full,A,False,D,5,True,0,1,0,-0.3691343244229278
reflection-task,6a21e26cfd79d5e984741038,28,graduation_party_07,D,full,D,False,B,2,True,1,0,0,0.7017608585183145
reflection-task,5db8ffe349e506000ab230e2,6,ypc_02,D,full,D,True,D,2,True,1,1,1,-0.8072278083534364
reflection-task,5db8ffe349e506000ab230e2,16,car_racing_02,B,full,B,False,C,1,True,1,0,0,1.1885313962188795
reflection-task,5db8ffe349e506000ab230e2,20,car_racing_05,D,full,D,False,A,1,True,1,0,0,0.5313911703231169
reflection-task,5db8ffe349e506000ab230e2,22,graduation_party_01,B,full,B,True,B,1,True,1,1,1,-1.5130450880192552
reflection-task,5db8ffe349e506000ab230e2,26,graduation_party_06,D,full,D,True,D,1,True,1,1,1,-0.3691343244229278
reflection-task,6a01a4b08b201b568f23c56e,6,ypc_02,D,full,D,True,D,2,True,1,1,1,-0.8072278083534364
reflection-task,6a01a4b08b201b568f23c56e,8,ypc_03,C,full,C,False,B,2,True,1,0,0,0.847792019828484
reflection-task,6a01a4b08b201b568f23c56e,10,ypc_05,D,full,D,False,A,2,True,1,0,0,0.3366829552428909
reflection-task,6a01a4b08b201b568f23c56e,12,ypc_06,D,full,D,False,A,2,True,1,0,0,1.2128699231039075
reflection-task,6a01a4b08b201b568f23c56e,14,car_racing_01,D,full,D,True,D,2,True,1,1,1,-1.7807688837545659
reflection-task,6a01a4b08b201b568f23c56e,16,car_racing_02,D,full,D,False,C,2,True,1,0,0,1.1885313962188795
reflection-task,6a01a4b08b201b568f23c56e,18,car_racing_03,B,full,D,False,B,2,True,0,1,0,-0.49082695884806904
reflection-task,6a01a4b08b201b568f23c56e,20,car_racing_05,C,full,C,False,A,2,True,1,0,0,0.5313911703231169
reflection-task,6a01a4b08b201b568f23c56e,22,graduation_party_01,B,full,B,True,B,2,True,1,1,1,-1.5130450880192552
reflection-task,6a01a4b08b201b568f23c56e,24,graduation_party_05,D,full,D,False,A,2,True,1,0,0,0.14197474016266495
reflection-task,6a01a4b08b201b568f23c56e,26,graduation_party_06,D,full,D,True,D,2,True,1,1,1,-0.3691343244229278
reflection-task,6a01a4b08b201b568f23c56e,28,graduation_party_07,D,full,D,False,B,2,True,1,0,0,0.7017608585183145
reflection-task,664a0d8b5ef52adae600c9fa,6,ypc_02,D,full,D,True,D,1,True,1,1,1,-0.8072278083534364
reflection-task,664a0d8b5ef52adae600c9fa,8,ypc_03,D,full,D,False,B,5,True,1,0,0,0.847792019828484
reflection-task,664a0d8b5ef52adae600c9fa,10,ypc_05,D,full,D,False,A,3,True,1,0,0,0.3366829552428909
reflection-task,664a0d8b5ef52adae600c9fa,12,ypc_06,A,full,A,True,A,4,True,1,1,1,1.2128699231039075
reflection-task,664a0d8b5ef52adae600c9fa,14,car_racing_01,D,full,D,True,D,2,True,1,1,1,-1.7807688837545659
reflection-task,664a0d8b5ef52adae600c9fa,18,car_racing_03,B,full,B,True,B,1,True,1,1,1,-0.49082695884806904
reflection-task,664a0d8b5ef52adae600c9fa,20,car_racing_05,D,full,D,False,A,5,True,1,0,0,0.5313911703231169
reflection-task,664a0d8b5ef52adae600c9fa,22,graduation_party_01,B,full,B,True,B,3,True,1,1,1,-1.5130450880192552
reflection-task,664a0d8b5ef52adae600c9fa,24,graduation_party_05,D,full,D,False,A,2,True,1,0,0,0.14197474016266495
reflection-task,664a0d8b5ef52adae600c9fa,26,graduation_party_06,D,full,D,True,D,2,True,1,1,1,-0.3691343244229278
reflection-task,664a0d8b5ef52adae600c9fa,28,graduation_party_07,D,full,D,False,B,2,True,1,0,0,0.7017608585183145
reflection-task,69fa15c79a2799256f5942b5,6,ypc_02,D,full,D,True,D,3,True,1,1,1,-0.8072278083534364
reflection-task,69fa15c79a2799256f5942b5,8,ypc_03,A,full,A,False,B,2,True,1,0,0,0.847792019828484
reflection-task,69fa15c79a2799256f5942b5,10,ypc_05,D,full,D,False,A,2,True,1,0,0,0.3366829552428909
reflection-task,69fa15c79a2799256f5942b5,12,ypc_06,D,full,D,False,A,1,True,1,0,0,1.2128699231039075
reflection-task,69fa15c79a2799256f5942b5,14,car_racing_01,D,full,D,True,D,2,True,1,1,1,-1.7807688837545659
reflection-task,69fa15c79a2799256f5942b5,16,car_racing_02,B,full,B,False,C,2,True,1,0,0,1.1885313962188795
reflection-task,69fa15c79a2799256f5942b5,18,car_racing_03,D,full,D,False,B,2,True,1,0,0,-0.49082695884806904
reflection-task,69fa15c79a2799256f5942b5,20,car_racing_05,C,full,C,False,A,2,True,1,0,0,0.5313911703231169
reflection-task,69fa15c79a2799256f5942b5,22,graduation_party_01,B,full,B,True,B,1,True,1,1,1,-1.5130450880192552
reflection-task,69fa15c79a2799256f5942b5,24,graduation_party_05,D,full,D,False,A,2,True,1,0,0,0.14197474016266495
reflection-task,69fa15c79a2799256f5942b5,26,graduation_party_06,B,full,B,False,D,2,True,1,0,0,-0.3691343244229278
reflection-task,69fa15c79a2799256f5942b5,28,graduation_party_07,D,full,D,False,B,1,True,1,0,0,0.7017608585183145
reflection-task,5cd4ad19f014930017d35d6a,6,ypc_02,D,full,D,True,D,2,True,1,1,1,-0.8072278083534364
reflection-task,5cd4ad19f014930017d35d6a,8,ypc_03,A,full,A,False,B,2,True,1,0,0,0.847792019828484
reflection-task,5cd4ad19f014930017d35d6a,10,ypc_05,D,full,D,False,A,2,True,1,0,0,0.3366829552428909
reflection-task,5cd4ad19f014930017d35d6a,12,ypc_06,C,full,C,False,A,2,True,1,0,0,1.2128699231039075
reflection-task,5cd4ad19f014930017d35d6a,14,car_racing_01,D,full,D,True,D,2,True,1,1,1,-1.7807688837545659
reflection-task,5cd4ad19f014930017d35d6a,16,car_racing_02,B,full,B,False,C,5,True,1,0,0,1.1885313962188795
reflection-task,5cd4ad19f014930017d35d6a,18,car_racing_03,D,full,D,False,B,2,True,1,0,0,-0.49082695884806904
reflection-task,5cd4ad19f014930017d35d6a,20,car_racing_05,D,full,D,False,A,4,True,1,0,0,0.5313911703231169
reflection-task,5cd4ad19f014930017d35d6a,22,graduation_party_01,B,full,B,True,B,2,True,1,1,1,-1.5130450880192552
reflection-task,5cd4ad19f014930017d35d6a,24,graduation_party_05,A,full,A,True,A,3,True,1,1,1,0.14197474016266495
reflection-task,5cd4ad19f014930017d35d6a,26,graduation_party_06,A,full,A,False,D,2,True,1,0,0,-0.3691343244229278
reflection-task,6a218fa8083eb457d008e2b4,6,ypc_02,B,full,B,False,D,1,True,1,0,0,-0.8072278083534364
reflection-task,6a218fa8083eb457d008e2b4,8,ypc_03,A,full,A,False,B,2,True,1,0,0,0.847792019828484
reflection-task,6a218fa8083eb457d008e2b4,18,car_racing_03,D,full,D,False,B,1,True,1,0,0,-0.49082695884806904
reflection-task,6a218fa8083eb457d008e2b4,22,graduation_party_01,B,full,B,True,B,1,True,1,1,1,-1.5130450880192552
reflection-task,6a218fa8083eb457d008e2b4,26,graduation_party_06,A,full,A,False,D,1,True,1,0,0,-0.3691343244229278
reflection-task,6a218fa8083eb457d008e2b4,28,graduation_party_07,A,full,A,False,B,1,True,1,0,0,0.7017608585183145
reflection-task,63e68adecf06a17a744aad3c,6,ypc_02,D,full,D,True,D,2,True,1,1,1,-0.8072278083534364
reflection-task,63e68adecf06a17a744aad3c,8,ypc_03,A,full,A,False,B,2,True,1,0,0,0.847792019828484
reflection-task,63e68adecf06a17a744aad3c,10,ypc_05,D,full,A,True,A,4,True,0,0,1,0.3366829552428909
reflection-task,63e68adecf06a17a744aad3c,12,ypc_06,B,full,B,False,A,3,True,1,0,0,1.2128699231039075
reflection-task,63e68adecf06a17a744aad3c,14,car_racing_01,D,full,C,False,D,2,True,0,1,0,-1.7807688837545659
reflection-task,63e68adecf06a17a744aad3c,16,car_racing_02,B,full,B,False,C,1,True,1,0,0,1.1885313962188795
reflection-task,63e68adecf06a17a744aad3c,18,car_racing_03,D,full,D,False,B,2,True,1,0,0,-0.49082695884806904
reflection-task,63e68adecf06a17a744aad3c,20,car_racing_05,D,full,D,False,A,4,True,1,0,0,0.5313911703231169
reflection-task,63e68adecf06a17a744aad3c,22,graduation_party_01,B,full,B,True,B,6,True,1,1,1,-1.5130450880192552
reflection-task,63e68adecf06a17a744aad3c,24,graduation_party_05,A,full,A,True,A,3,True,1,1,1,0.14197474016266495
reflection-task,63e68adecf06a17a744aad3c,26,graduation_party_06,D,full,D,True,D,1,True,1,1,1,-0.3691343244229278
reflection-task,63e68adecf06a17a744aad3c,28,graduation_party_07,B,full,B,True,B,4,True,1,1,1,0.7017608585183145
reflection-task,5982eef79dfc3e00011d81e0,6,ypc_02,D,full,D,True,D,2,True,1,1,1,-0.8072278083534364
reflection-task,5982eef79dfc3e00011d81e0,8,ypc_03,B,full,A,False,B,1,True,0,1,0,0.847792019828484
reflection-task,5982eef79dfc3e00011d81e0,10,ypc_05,D,full,D,False,A,2,True,1,0,0,0.3366829552428909
reflection-task,5982eef79dfc3e00011d81e0,12,ypc_06,D,full,D,False,A,2,True,1,0,0,1.2128699231039075
reflection-task,5982eef79dfc3e00011d81e0,14,car_racing_01,D,full,D,True,D,1,True,1,1,1,-1.7807688837545659
reflection-task,5982eef79dfc3e00011d81e0,16,car_racing_02,B,full,A,False,C,2,True,0,0,0,1.1885313962188795
reflection-task,5982eef79dfc3e00011d81e0,18,car_racing_03,D,full,D,False,B,3,True,1,0,0,-0.49082695884806904
reflection-task,5982eef79dfc3e00011d81e0,20,car_racing_05,A,full,A,True,A,1,True,1,1,1,0.5313911703231169
reflection-task,5982eef79dfc3e00011d81e0,22,graduation_party_01,B,full,A,False,B,1,True,0,1,0,-1.5130450880192552
reflection-task,5982eef79dfc3e00011d81e0,24,graduation_party_05,A,full,A,True,A,1,True,1,1,1,0.14197474016266495
reflection-task,5982eef79dfc3e00011d81e0,26,graduation_party_06,B,full,A,False,D,2,True,0,0,0,-0.3691343244229278
reflection-task,5982eef79dfc3e00011d81e0,28,graduation_party_07,D,full,D,False,B,2,True,1,0,0,0.7017608585183145
reflection-task,69f48e4739570aa2f9efbcc1,8,ypc_03,A,full,A,False,B,2,True,1,0,0,0.847792019828484
reflection-task,69f48e4739570aa2f9efbcc1,10,ypc_05,D,full,D,False,A,1,True,1,0,0,0.3366829552428909
reflection-task,69f48e4739570aa2f9efbcc1,12,ypc_06,D,full,D,False,A,1,True,1,0,0,1.2128699231039075
reflection-task,69f48e4739570aa2f9efbcc1,14,car_racing_01,D,full,D,True,D,1,True,1,1,1,-1.7807688837545659
reflection-task,69f48e4739570aa2f9efbcc1,16,car_racing_02,C,full,C,True,C,2,True,1,1,1,1.1885313962188795
reflection-task,69f48e4739570aa2f9efbcc1,18,car_racing_03,B,full,B,True,B,1,True,1,1,1,-0.49082695884806904
reflection-task,69f48e4739570aa2f9efbcc1,20,car_racing_05,C,full,C,False,A,1,True,1,0,0,0.5313911703231169
reflection-task,69f48e4739570aa2f9efbcc1,22,graduation_party_01,B,full,B,True,B,1,True,1,1,1,-1.5130450880192552
reflection-task,69f48e4739570aa2f9efbcc1,24,graduation_party_05,A,full,A,True,A,1,True,1,1,1,0.14197474016266495
reflection-task,69f48e4739570aa2f9efbcc1,26,graduation_party_06,B,full,B,False,D,1,True,1,0,0,-0.3691343244229278
reflection-task,69f48e4739570aa2f9efbcc1,28,graduation_party_07,B,full,B,True,B,2,True,1,1,1,0.7017608585183145
reflection-task,64481bca476d6bfbae2066e2,6,ypc_02,A,full,A,False,D,1,True,1,0,0,-0.8072278083534364
reflection-task,64481bca476d6bfbae2066e2,8,ypc_03,A,full,A,False,B,1,True,1,0,0,0.847792019828484
reflection-task,64481bca476d6bfbae2066e2,10,ypc_05,D,full,D,False,A,1,True,1,0,0,0.3366829552428909
reflection-task,64481bca476d6bfbae2066e2,12,ypc_06,D,full,D,False,A,2,True,1,0,0,1.2128699231039075
reflection-task,64481bca476d6bfbae2066e2,14,car_racing_01,D,full,D,True,D,1,True,1,1,1,-1.7807688837545659
reflection-task,64481bca476d6bfbae2066e2,16,car_racing_02,D,full,D,False,C,1,True,1,0,0,1.1885313962188795
reflection-task,64481bca476d6bfbae2066e2,20,car_racing_05,C,full,C,False,A,1,True,1,0,0,0.5313911703231169
reflection-task,64481bca476d6bfbae2066e2,22,graduation_party_01,B,full,B,True,B,1,True,1,1,1,-1.5130450880192552
reflection-task,64481bca476d6bfbae2066e2,24,graduation_party_05,A,full,A,True,A,1,True,1,1,1,0.14197474016266495
reflection-task,64481bca476d6bfbae2066e2,26,graduation_party_06,A,full,A,False,D,1,True,1,0,0,-0.3691343244229278
reflection-task,64481bca476d6bfbae2066e2,28,graduation_party_07,C,full,C,False,B,1,True,1,0,0,0.7017608585183145
reflection-task,6a1bc766ef0d7920efdec396,6,ypc_02,D,combined,D,True,D,3,True,1,1,1,-0.8072278083534364
reflection-task,6a1bc766ef0d7920efdec396,8,ypc_03,C,full,C,False,B,2,True,1,0,0,0.847792019828484
reflection-task,6a1bc766ef0d7920efdec396,10,ypc_05,A,full,A,True,A,1,True,1,1,1,0.3366829552428909
reflection-task,6a1bc766ef0d7920efdec396,12,ypc_06,B,full,B,False,A,2,True,1,0,0,1.2128699231039075
reflection-task,6a1bc766ef0d7920efdec396,14,car_racing_01,D,full,D,True,D,2,True,1,1,1,-1.7807688837545659
reflection-task,6a1bc766ef0d7920efdec396,18,car_racing_03,B,full,B,True,B,2,True,1,1,1,-0.49082695884806904
reflection-task,6a1bc766ef0d7920efdec396,20,car_racing_05,D,full,D,False,A,1,True,1,0,0,0.5313911703231169
reflection-task,6a1bc766ef0d7920efdec396,24,graduation_party_05,D,full,D,False,A,2,True,1,0,0,0.14197474016266495
reflection-task,6a1bc766ef0d7920efdec396,26,graduation_party_06,D,full,D,True,D,2,True,1,1,1,-0.3691343244229278
reflection-task,6a1bc766ef0d7920efdec396,28,graduation_party_07,B,full,B,True,B,2,True,1,1,1,0.7017608585183145
reflection-task,69f4be9a3c29e1891011777b,6,ypc_02,D,full,D,True,D,3,True,1,1,1,-0.8072278083534364
reflection-task,69f4be9a3c29e1891011777b,8,ypc_03,A,full,A,False,B,1,True,1,0,0,0.847792019828484
reflection-task,69f4be9a3c29e1891011777b,10,ypc_05,B,full,B,False,A,1,True,1,0,0,0.3366829552428909
reflection-task,69f4be9a3c29e1891011777b,12,ypc_06,A,full,D,False,A,1,True,0,1,0,1.2128699231039075
reflection-task,69f4be9a3c29e1891011777b,14,car_racing_01,D,full,D,True,D,1,True,1,1,1,-1.7807688837545659
reflection-task,69f4be9a3c29e1891011777b,16,car_racing_02,C,full,C,True,C,2,True,1,1,1,1.1885313962188795
reflection-task,69f4be9a3c29e1891011777b,18,car_racing_03,B,full,B,True,B,1,True,1,1,1,-0.49082695884806904
reflection-task,69f4be9a3c29e1891011777b,20,car_racing_05,A,full,A,True,A,1,True,1,1,1,0.5313911703231169
reflection-task,69f4be9a3c29e1891011777b,22,graduation_party_01,B,full,B,True,B,1,True,1,1,1,-1.5130450880192552
reflection-task,69f4be9a3c29e1891011777b,24,graduation_party_05,A,full,A,True,A,1,True,1,1,1,0.14197474016266495
reflection-task,69f4be9a3c29e1891011777b,26,graduation_party_06,B,full,B,False,D,1,True,1,0,0,-0.3691343244229278
reflection-task,69f4be9a3c29e1891011777b,28,graduation_party_07,D,full,D,False,B,1,True,1,0,0,0.7017608585183145
reflection-task,671c1c699ca32031a83014e8,6,ypc_02,D,full,D,True,D,2,True,1,1,1,-0.8072278083534364
reflection-task,671c1c699ca32031a83014e8,8,ypc_03,D,full,D,False,B,3,True,1,0,0,0.847792019828484
reflection-task,671c1c699ca32031a83014e8,10,ypc_05,D,full,D,False,A,3,True,1,0,0,0.3366829552428909
reflection-task,671c1c699ca32031a83014e8,12,ypc_06,C,full,C,False,A,2,True,1,0,0,1.2128699231039075
reflection-task,671c1c699ca32031a83014e8,14,car_racing_01,D,full,D,True,D,2,True,1,1,1,-1.7807688837545659
reflection-task,671c1c699ca32031a83014e8,16,car_racing_02,B,full,B,False,C,3,True,1,0,0,1.1885313962188795
reflection-task,671c1c699ca32031a83014e8,18,car_racing_03,B,full,A,False,B,2,True,0,1,0,-0.49082695884806904
reflection-task,671c1c699ca32031a83014e8,20,car_racing_05,D,full,D,False,A,3,True,1,0,0,0.5313911703231169
reflection-task,671c1c699ca32031a83014e8,22,graduation_party_01,B,full,B,True,B,3,True,1,1,1,-1.5130450880192552
reflection-task,671c1c699ca32031a83014e8,24,graduation_party_05,A,full,A,True,A,3,True,1,1,1,0.14197474016266495
reflection-task,671c1c699ca32031a83014e8,26,graduation_party_06,D,full,D,True,D,3,True,1,1,1,-0.3691343244229278
reflection-task,671c1c699ca32031a83014e8,28,graduation_party_07,C,full,C,False,B,3,True,1,0,0,0.7017608585183145
reflection-task,6a46c4af0e50130ea46ff2e5,6,ypc_02,D,full,D,True,D,1,True,1,1,1,-0.8072278083534364
reflection-task,6a46c4af0e50130ea46ff2e5,8,ypc_03,A,full,A,False,B,1,True,1,0,0,0.847792019828484
reflection-task,6a46c4af0e50130ea46ff2e5,10,ypc_05,D,full,D,False,A,1,True,1,0,0,0.3366829552428909
reflection-task,6a46c4af0e50130ea46ff2e5,12,ypc_06,D,full,D,False,A,1,True,1,0,0,1.2128699231039075
reflection-task,6a46c4af0e50130ea46ff2e5,14,car_racing_01,D,full,D,True,D,2,True,1,1,1,-1.7807688837545659
reflection-task,6a46c4af0e50130ea46ff2e5,16,car_racing_02,B,full,B,False,C,1,True,1,0,0,1.1885313962188795
reflection-task,6a46c4af0e50130ea46ff2e5,18,car_racing_03,D,full,D,False,B,1,True,1,0,0,-0.49082695884806904
reflection-task,6a46c4af0e50130ea46ff2e5,20,car_racing_05,D,full,D,False,A,1,True,1,0,0,0.5313911703231169
reflection-task,6a46c4af0e50130ea46ff2e5,22,graduation_party_01,B,full,B,True,B,1,True,1,1,1,-1.5130450880192552
reflection-task,6a46c4af0e50130ea46ff2e5,24,graduation_party_05,D,full,D,False,A,2,True,1,0,0,0.14197474016266495
reflection-task,6a46c4af0e50130ea46ff2e5,26,graduation_party_06,D,full,D,True,D,2,True,1,1,1,-0.3691343244229278
reflection-task,6a46c4af0e50130ea46ff2e5,28,graduation_party_07,D,full,D,False,B,1,True,1,0,0,0.7017608585183145
reflection-task,6a05f99c631ebdf67b5a0e72,6,ypc_02,D,full,D,True,D,1,True,1,1,1,-0.8072278083534364
reflection-task,6a05f99c631ebdf67b5a0e72,8,ypc_03,C,full,C,False,B,2,True,1,0,0,0.847792019828484
reflection-task,6a05f99c631ebdf67b5a0e72,10,ypc_05,A,full,A,True,A,1,True,1,1,1,0.3366829552428909
reflection-task,6a05f99c631ebdf67b5a0e72,12,ypc_06,C,full,C,False,A,1,True,1,0,0,1.2128699231039075
reflection-task,6a05f99c631ebdf67b5a0e72,14,car_racing_01,A,full,A,False,D,1,True,1,0,0,-1.7807688837545659
reflection-task,6a05f99c631ebdf67b5a0e72,16,car_racing_02,C,full,C,True,C,2,True,1,1,1,1.1885313962188795
reflection-task,6a05f99c631ebdf67b5a0e72,18,car_racing_03,B,full,B,True,B,1,True,1,1,1,-0.49082695884806904
reflection-task,6a05f99c631ebdf67b5a0e72,20,car_racing_05,A,full,A,True,A,1,True,1,1,1,0.5313911703231169
reflection-task,6a05f99c631ebdf67b5a0e72,22,graduation_party_01,B,full,B,True,B,1,True,1,1,1,-1.5130450880192552
reflection-task,6a05f99c631ebdf67b5a0e72,24,graduation_party_05,A,full,A,True,A,1,True,1,1,1,0.14197474016266495
reflection-task,6a05f99c631ebdf67b5a0e72,26,graduation_party_06,A,full,A,False,D,1,True,1,0,0,-0.3691343244229278
reflection-task,6a05f99c631ebdf67b5a0e72,28,graduation_party_07,B,full,B,True,B,1,True,1,1,1,0.7017608585183145
reflection-task,69f3ea80805d1a5c20d5dc2d,6,ypc_02,C,full,C,False,D,5,True,1,0,0,-0.8072278083534364
reflection-task,69f3ea80805d1a5c20d5dc2d,8,ypc_03,D,full,D,False,B,1,True,1,0,0,0.847792019828484
reflection-task,69f3ea80805d1a5c20d5dc2d,10,ypc_05,D,full,D,False,A,1,True,1,0,0,0.3366829552428909
reflection-task,69f3ea80805d1a5c20d5dc2d,12,ypc_06,B,full,B,False,A,1,True,1,0,0,1.2128699231039075
reflection-task,69f3ea80805d1a5c20d5dc2d,14,car_racing_01,D,full,D,True,D,1,True,1,1,1,-1.7807688837545659
reflection-task,69f3ea80805d1a5c20d5dc2d,16,car_racing_02,C,full,C,True,C,2,True,1,1,1,1.1885313962188795
reflection-task,69f3ea80805d1a5c20d5dc2d,18,car_racing_03,D,full,D,False,B,4,True,1,0,0,-0.49082695884806904
reflection-task,69f3ea80805d1a5c20d5dc2d,20,car_racing_05,C,full,C,False,A,2,True,1,0,0,0.5313911703231169
reflection-task,69f3ea80805d1a5c20d5dc2d,24,graduation_party_05,D,full,D,False,A,1,True,1,0,0,0.14197474016266495
reflection-task,69f3ea80805d1a5c20d5dc2d,26,graduation_party_06,B,full,B,False,D,1,True,1,0,0,-0.3691343244229278
reflection-task,69f3ea80805d1a5c20d5dc2d,28,graduation_party_07,B,combined,B,True,B,2,True,1,1,1,0.7017608585183145
reflection-task,680e1b9a36b987121bbc9c9a,6,ypc_02,B,full,B,False,D,1,True,1,0,0,-0.8072278083534364
reflection-task,680e1b9a36b987121bbc9c9a,8,ypc_03,B,full,B,True,B,1,True,1,1,1,0.847792019828484
reflection-task,680e1b9a36b987121bbc9c9a,10,ypc_05,A,full,A,True,A,1,True,1,1,1,0.3366829552428909
reflection-task,680e1b9a36b987121bbc9c9a,12,ypc_06,C,full,C,False,A,2,True,1,0,0,1.2128699231039075
reflection-task,680e1b9a36b987121bbc9c9a,14,car_racing_01,D,full,D,True,D,1,True,1,1,1,-1.7807688837545659
reflection-task,680e1b9a36b987121bbc9c9a,16,car_racing_02,B,full,C,True,C,2,True,0,0,1,1.1885313962188795
reflection-task,680e1b9a36b987121bbc9c9a,18,car_racing_03,B,full,B,True,B,1,True,1,1,1,-0.49082695884806904
reflection-task,680e1b9a36b987121bbc9c9a,20,car_racing_05,C,full,C,False,A,1,True,1,0,0,0.5313911703231169
reflection-task,680e1b9a36b987121bbc9c9a,22,graduation_party_01,B,full,B,True,B,1,True,1,1,1,-1.5130450880192552
reflection-task,680e1b9a36b987121bbc9c9a,24,graduation_party_05,A,full,A,True,A,1,True,1,1,1,0.14197474016266495
reflection-task,680e1b9a36b987121bbc9c9a,26,graduation_party_06,B,full,B,False,D,1,True,1,0,0,-0.3691343244229278
reflection-task,680e1b9a36b987121bbc9c9a,28,graduation_party_07,B,full,B,True,B,1,True,1,1,1,0.7017608585183145
reflection-task,6a1dafb1d5c6c593aebccf80,6,ypc_02,D,combined,D,True,D,3,True,1,1,1,-0.8072278083534364
reflection-task,6a1dafb1d5c6c593aebccf80,8,ypc_03,D,full,D,False,B,2,True,1,0,0,0.847792019828484
reflection-task,6a1dafb1d5c6c593aebccf80,10,ypc_05,D,full,D,False,A,2,True,1,0,0,0.3366829552428909
reflection-task,6a1dafb1d5c6c593aebccf80,12,ypc_06,D,full,D,False,A,2,True,1,0,0,1.2128699231039075
reflection-task,6a1dafb1d5c6c593aebccf80,14,car_racing_01,D,full,D,True,D,2,True,1,1,1,-1.7807688837545659
reflection-task,6a1dafb1d5c6c593aebccf80,16,car_racing_02,B,full,B,False,C,2,True,1,0,0,1.1885313962188795
reflection-task,6a1dafb1d5c6c593aebccf80,18,car_racing_03,B,full,B,True,B,2,True,1,1,1,-0.49082695884806904
reflection-task,6a1dafb1d5c6c593aebccf80,20,car_racing_05,D,full,D,False,A,2,True,1,0,0,0.5313911703231169
reflection-task,6a1dafb1d5c6c593aebccf80,22,graduation_party_01,B,full,B,True,B,2,True,1,1,1,-1.5130450880192552
reflection-task,6a1dafb1d5c6c593aebccf80,24,graduation_party_05,D,full,D,False,A,2,True,1,0,0,0.14197474016266495
reflection-task,6a1dafb1d5c6c593aebccf80,26,graduation_party_06,B,full,B,False,D,2,True,1,0,0,-0.3691343244229278
reflection-task,6a1dafb1d5c6c593aebccf80,28,graduation_party_07,B,full,B,True,B,4,True,1,1,1,0.7017608585183145
reflection-task,6a15dcd14c68c56fac0960da,6,ypc_02,D,full,D,True,D,2,True,1,1,1,-0.8072278083534364
reflection-task,6a15dcd14c68c56fac0960da,8,ypc_03,D,full,D,False,B,2,True,1,0,0,0.847792019828484
reflection-task,6a15dcd14c68c56fac0960da,10,ypc_05,A,full,A,True,A,2,True,1,1,1,0.3366829552428909
reflection-task,6a15dcd14c68c56fac0960da,12,ypc_06,D,full,D,False,A,2,True,1,0,0,1.2128699231039075
reflection-task,6a15dcd14c68c56fac0960da,16,car_racing_02,D,full,D,False,C,2,True,1,0,0,1.1885313962188795
reflection-task,6a15dcd14c68c56fac0960da,20,car_racing_05,D,full,D,False,A,3,True,1,0,0,0.5313911703231169
reflection-task,6a15dcd14c68c56fac0960da,22,graduation_party_01,C,full,C,False,B,2,True,1,0,0,-1.5130450880192552
reflection-task,6a15dcd14c68c56fac0960da,24,graduation_party_05,D,full,D,False,A,2,True,1,0,0,0.14197474016266495
reflection-task,6a15dcd14c68c56fac0960da,26,graduation_party_06,D,full,D,True,D,3,True,1,1,1,-0.3691343244229278
reflection-task,6a15dcd14c68c56fac0960da,28,graduation_party_07,B,full,B,True,B,1,True,1,1,1,0.7017608585183145
reflection-task,63d3fb730f03adf8b4a28a37,6,ypc_02,D,full,D,True,D,2,True,1,1,1,-0.8072278083534364
reflection-task,63d3fb730f03adf8b4a28a37,8,ypc_03,C,full,C,False,B,2,True,1,0,0,0.847792019828484
reflection-task,63d3fb730f03adf8b4a28a37,10,ypc_05,D,full,D,False,A,2,True,1,0,0,0.3366829552428909
reflection-task,63d3fb730f03adf8b4a28a37,12,ypc_06,D,full,D,False,A,3,True,1,0,0,1.2128699231039075
reflection-task,63d3fb730f03adf8b4a28a37,14,car_racing_01,D,full,C,False,D,2,True,0,1,0,-1.7807688837545659
reflection-task,63d3fb730f03adf8b4a28a37,16,car_racing_02,B,full,A,False,C,2,True,0,0,0,1.1885313962188795
reflection-task,63d3fb730f03adf8b4a28a37,20,car_racing_05,A,full,A,True,A,5,True,1,1,1,0.5313911703231169
reflection-task,63d3fb730f03adf8b4a28a37,22,graduation_party_01,B,full,B,True,B,3,True,1,1,1,-1.5130450880192552
reflection-task,63d3fb730f03adf8b4a28a37,24,graduation_party_05,D,full,D,False,A,8,True,1,0,0,0.14197474016266495
reflection-task,63d3fb730f03adf8b4a28a37,26,graduation_party_06,B,full,B,False,D,2,True,1,0,0,-0.3691343244229278
reflection-task,63d3fb730f03adf8b4a28a37,28,graduation_party_07,D,full,D,False,B,1,True,1,0,0,0.7017608585183145
reflection-task,68a5eefd236f1c08d08ffce6,6,ypc_02,D,full,D,True,D,2,True,1,1,1,-0.8072278083534364
reflection-task,68a5eefd236f1c08d08ffce6,8,ypc_03,A,full,A,False,B,3,True,1,0,0,0.847792019828484
reflection-task,68a5eefd236f1c08d08ffce6,10,ypc_05,A,full,A,True,A,3,True,1,1,1,0.3366829552428909
reflection-task,68a5eefd236f1c08d08ffce6,12,ypc_06,B,full,B,False,A,3,True,1,0,0,1.2128699231039075
reflection-task,68a5eefd236f1c08d08ffce6,14,car_racing_01,D,full,D,True,D,2,True,1,1,1,-1.7807688837545659
reflection-task,68a5eefd236f1c08d08ffce6,16,car_racing_02,B,full,B,False,C,2,True,1,0,0,1.1885313962188795
reflection-task,68a5eefd236f1c08d08ffce6,18,car_racing_03,B,full,B,True,B,4,True,1,1,1,-0.49082695884806904
reflection-task,68a5eefd236f1c08d08ffce6,20,car_racing_05,D,full,D,False,A,2,True,1,0,0,0.5313911703231169
reflection-task,68a5eefd236f1c08d08ffce6,22,graduation_party_01,B,full,B,True,B,2,True,1,1,1,-1.5130450880192552
reflection-task,68a5eefd236f1c08d08ffce6,24,graduation_party_05,A,full,A,True,A,2,True,1,1,1,0.14197474016266495
reflection-task,68a5eefd236f1c08d08ffce6,26,graduation_party_06,D,full,D,True,D,2,True,1,1,1,-0.3691343244229278
reflection-task,68a5eefd236f1c08d08ffce6,28,graduation_party_07,B,full,B,True,B,2,True,1,1,1,0.7017608585183145
reflection-task,5a402a0258be2b0001983b5e,6,ypc_02,A,full,A,False,D,1,True,1,0,0,-0.8072278083534364
reflection-task,5a402a0258be2b0001983b5e,8,ypc_03,A,full,A,False,B,1,True,1,0,0,0.847792019828484
reflection-task,5a402a0258be2b0001983b5e,10,ypc_05,A,full,A,True,A,1,True,1,1,1,0.3366829552428909
reflection-task,5a402a0258be2b0001983b5e,12,ypc_06,B,full,B,False,A,1,True,1,0,0,1.2128699231039075
reflection-task,5a402a0258be2b0001983b5e,14,car_racing_01,D,full,D,True,D,1,True,1,1,1,-1.7807688837545659
reflection-task,5a402a0258be2b0001983b5e,16,car_racing_02,B,full,B,False,C,1,True,1,0,0,1.1885313962188795
reflection-task,5a402a0258be2b0001983b5e,18,car_racing_03,B,full,B,True,B,1,True,1,1,1,-0.49082695884806904
reflection-task,5a402a0258be2b0001983b5e,20,car_racing_05,D,full,D,False,A,1,True,1,0,0,0.5313911703231169
reflection-task,5a402a0258be2b0001983b5e,22,graduation_party_01,B,full,B,True,B,1,True,1,1,1,-1.5130450880192552
reflection-task,5a402a0258be2b0001983b5e,26,graduation_party_06,D,full,D,True,D,1,True,1,1,1,-0.3691343244229278
reflection-task,5a402a0258be2b0001983b5e,28,graduation_party_07,B,full,B,True,B,1,True,1,1,1,0.7017608585183145
reflection-task,69ef97b25c6d974beccd7e7b,6,ypc_02,D,full,D,True,D,1,True,1,1,1,-0.8072278083534364
reflection-task,69ef97b25c6d974beccd7e7b,8,ypc_03,A,full,A,False,B,1,True,1,0,0,0.847792019828484
reflection-task,69ef97b25c6d974beccd7e7b,10,ypc_05,A,full,A,True,A,1,True,1,1,1,0.3366829552428909
reflection-task,69ef97b25c6d974beccd7e7b,12,ypc_06,D,full,D,False,A,1,True,1,0,0,1.2128699231039075
reflection-task,69ef97b25c6d974beccd7e7b,14,car_racing_01,D,full,D,True,D,1,True,1,1,1,-1.7807688837545659
reflection-task,69ef97b25c6d974beccd7e7b,16,car_racing_02,B,full,B,False,C,1,True,1,0,0,1.1885313962188795
reflection-task,69ef97b25c6d974beccd7e7b,18,car_racing_03,B,full,B,True,B,3,True,1,1,1,-0.49082695884806904
reflection-task,69ef97b25c6d974beccd7e7b,20,car_racing_05,D,full,D,False,A,1,True,1,0,0,0.5313911703231169
reflection-task,69ef97b25c6d974beccd7e7b,22,graduation_party_01,B,full,B,True,B,1,True,1,1,1,-1.5130450880192552
reflection-task,69ef97b25c6d974beccd7e7b,24,graduation_party_05,A,full,A,True,A,1,True,1,1,1,0.14197474016266495
reflection-task,69ef97b25c6d974beccd7e7b,26,graduation_party_06,D,full,D,True,D,1,True,1,1,1,-0.3691343244229278
reflection-task,69ef97b25c6d974beccd7e7b,28,graduation_party_07,D,full,D,False,B,1,True,1,0,0,0.7017608585183145
reflection-task,6674bd2b56aae0985600d533,6,ypc_02,D,full,D,True,D,3,True,1,1,1,-0.8072278083534364
reflection-task,6674bd2b56aae0985600d533,8,ypc_03,A,full,A,False,B,4,True,1,0,0,0.847792019828484
reflection-task,6674bd2b56aae0985600d533,10,ypc_05,A,full,A,True,A,6,True,1,1,1,0.3366829552428909
reflection-task,6674bd2b56aae0985600d533,12,ypc_06,B,full,B,False,A,4,True,1,0,0,1.2128699231039075
reflection-task,6674bd2b56aae0985600d533,14,car_racing_01,D,full,C,False,D,1,True,0,1,0,-1.7807688837545659
reflection-task,6674bd2b56aae0985600d533,16,car_racing_02,D,full,A,False,C,3,True,0,0,0,1.1885313962188795
reflection-task,6674bd2b56aae0985600d533,18,car_racing_03,D,full,D,False,B,3,True,1,0,0,-0.49082695884806904
reflection-task,6674bd2b56aae0985600d533,20,car_racing_05,D,full,D,False,A,3,True,1,0,0,0.5313911703231169
reflection-task,6674bd2b56aae0985600d533,22,graduation_party_01,B,full,B,True,B,2,True,1,1,1,-1.5130450880192552
reflection-task,6674bd2b56aae0985600d533,24,graduation_party_05,D,full,D,False,A,6,True,1,0,0,0.14197474016266495
reflection-task,6674bd2b56aae0985600d533,26,graduation_party_06,D,full,D,True,D,6,True,1,1,1,-0.3691343244229278
reflection-task,6674bd2b56aae0985600d533,28,graduation_party_07,D,full,D,False,B,2,True,1,0,0,0.7017608585183145
reflection-task,62d6f7750e080077c33e150b,6,ypc_02,C,full,C,False,D,5,True,1,0,0,-0.8072278083534364
reflection-task,62d6f7750e080077c33e150b,8,ypc_03,A,full,A,False,B,2,True,1,0,0,0.847792019828484
reflection-task,62d6f7750e080077c33e150b,10,ypc_05,A,full,A,True,A,5,True,1,1,1,0.3366829552428909
reflection-task,62d6f7750e080077c33e150b,12,ypc_06,B,full,B,False,A,1,True,1,0,0,1.2128699231039075
reflection-task,62d6f7750e080077c33e150b,14,car_racing_01,D,full,D,True,D,2,True,1,1,1,-1.7807688837545659
reflection-task,62d6f7750e080077c33e150b,16,car_racing_02,B,full,B,False,C,2,True,1,0,0,1.1885313962188795
reflection-task,62d6f7750e080077c33e150b,18,car_racing_03,B,full,B,True,B,2,True,1,1,1,-0.49082695884806904
reflection-task,62d6f7750e080077c33e150b,20,car_racing_05,A,full,A,True,A,2,True,1,1,1,0.5313911703231169
reflection-task,62d6f7750e080077c33e150b,22,graduation_party_01,B,full,B,True,B,1,True,1,1,1,-1.5130450880192552
reflection-task,62d6f7750e080077c33e150b,24,graduation_party_05,D,full,D,False,A,2,True,1,0,0,0.14197474016266495
reflection-task,62d6f7750e080077c33e150b,26,graduation_party_06,B,full,B,False,D,1,True,1,0,0,-0.3691343244229278
reflection-task,62d6f7750e080077c33e150b,28,graduation_party_07,D,full,D,False,B,2,True,1,0,0,0.7017608585183145
reflection-task,6778488c18ed28950c7012ae,6,ypc_02,A,full,A,False,D,2,True,1,0,0,-0.8072278083534364
reflection-task,6778488c18ed28950c7012ae,8,ypc_03,A,full,A,False,B,1,True,1,0,0,0.847792019828484
reflection-task,6778488c18ed28950c7012ae,10,ypc_05,D,full,D,False,A,2,True,1,0,0,0.3366829552428909
reflection-task,6778488c18ed28950c7012ae,12,ypc_06,A,full,A,True,A,2,True,1,1,1,1.2128699231039075
reflection-task,6778488c18ed28950c7012ae,14,car_racing_01,D,full,D,True,D,1,True,1,1,1,-1.7807688837545659
reflection-task,6778488c18ed28950c7012ae,16,car_racing_02,B,full,B,False,C,2,True,1,0,0,1.1885313962188795
reflection-task,6778488c18ed28950c7012ae,18,car_racing_03,B,full,B,True,B,2,True,1,1,1,-0.49082695884806904
reflection-task,6778488c18ed28950c7012ae,20,car_racing_05,C,full,C,False,A,2,True,1,0,0,0.5313911703231169
reflection-task,6778488c18ed28950c7012ae,22,graduation_party_01,B,full,B,True,B,2,True,1,1,1,-1.5130450880192552
reflection-task,6778488c18ed28950c7012ae,24,graduation_party_05,A,full,A,True,A,2,True,1,1,1,0.14197474016266495
reflection-task,6778488c18ed28950c7012ae,26,graduation_party_06,D,full,D,True,D,2,True,1,1,1,-0.3691343244229278
reflection-task,6778488c18ed28950c7012ae,28,graduation_party_07,B,full,B,True,B,2,True,1,1,1,0.7017608585183145
reflection-task,62c5d0a30d24dacc10d5ad1b,6,ypc_02,C,full,C,False,D,2,True,1,0,0,-0.8072278083534364
reflection-task,62c5d0a30d24dacc10d5ad1b,8,ypc_03,A,combined,A,False,B,3,True,1,0,0,0.847792019828484
reflection-task,62c5d0a30d24dacc10d5ad1b,10,ypc_05,D,full,D,False,A,3,True,1,0,0,0.3366829552428909
reflection-task,62c5d0a30d24dacc10d5ad1b,12,ypc_06,C,full,C,False,A,2,True,1,0,0,1.2128699231039075
reflection-task,62c5d0a30d24dacc10d5ad1b,14,car_racing_01,D,full,D,True,D,3,True,1,1,1,-1.7807688837545659
reflection-task,62c5d0a30d24dacc10d5ad1b,16,car_racing_02,B,combined,B,False,C,3,True,1,0,0,1.1885313962188795
reflection-task,62c5d0a30d24dacc10d5ad1b,18,car_racing_03,C,full,C,False,B,2,True,1,0,0,-0.49082695884806904
reflection-task,62c5d0a30d24dacc10d5ad1b,20,car_racing_05,A,full,A,True,A,2,True,1,1,1,0.5313911703231169
reflection-task,62c5d0a30d24dacc10d5ad1b,22,graduation_party_01,B,full,B,True,B,2,True,1,1,1,-1.5130450880192552
reflection-task,62c5d0a30d24dacc10d5ad1b,24,graduation_party_05,D,full,D,False,A,2,True,1,0,0,0.14197474016266495
reflection-task,62c5d0a30d24dacc10d5ad1b,26,graduation_party_06,D,full,D,True,D,2,True,1,1,1,-0.3691343244229278
reflection-task,62c5d0a30d24dacc10d5ad1b,28,graduation_party_07,D,full,D,False,B,3,True,1,0,0,0.7017608585183145
reflection-task,69fc78f4d53d5c9d17e65e46,6,ypc_02,D,full,D,True,D,2,True,1,1,1,-0.8072278083534364
reflection-task,69fc78f4d53d5c9d17e65e46,8,ypc_03,A,full,A,False,B,1,True,1,0,0,0.847792019828484
reflection-task,69fc78f4d53d5c9d17e65e46,10,ypc_05,A,full,A,True,A,1,True,1,1,1,0.3366829552428909
reflection-task,69fc78f4d53d5c9d17e65e46,12,ypc_06,C,full,C,False,A,1,True,1,0,0,1.2128699231039075
reflection-task,69fc78f4d53d5c9d17e65e46,14,car_racing_01,D,full,D,True,D,1,True,1,1,1,-1.7807688837545659
reflection-task,69fc78f4d53d5c9d17e65e46,16,car_racing_02,D,full,D,False,C,1,True,1,0,0,1.1885313962188795
reflection-task,69fc78f4d53d5c9d17e65e46,18,car_racing_03,B,full,B,True,B,1,True,1,1,1,-0.49082695884806904
reflection-task,69fc78f4d53d5c9d17e65e46,20,car_racing_05,B,full,B,False,A,1,True,1,0,0,0.5313911703231169
reflection-task,69fc78f4d53d5c9d17e65e46,22,graduation_party_01,C,full,C,False,B,1,True,1,0,0,-1.5130450880192552
reflection-task,69fc78f4d53d5c9d17e65e46,24,graduation_party_05,D,full,D,False,A,1,True,1,0,0,0.14197474016266495
reflection-task,69fc78f4d53d5c9d17e65e46,26,graduation_party_06,B,full,B,False,D,1,True,1,0,0,-0.3691343244229278
reflection-task,69fc78f4d53d5c9d17e65e46,28,graduation_party_07,D,full,D,False,B,1,True,1,0,0,0.7017608585183145
reflection-task,69f35ba359b095a706e557bb,6,ypc_02,D,full,D,True,D,2,True,1,1,1,-0.8072278083534364
reflection-task,69f35ba359b095a706e557bb,8,ypc_03,B,full,B,True,B,2,True,1,1,1,0.847792019828484
reflection-task,69f35ba359b095a706e557bb,10,ypc_05,D,full,D,False,A,1,True,1,0,0,0.3366829552428909
reflection-task,69f35ba359b095a706e557bb,12,ypc_06,A,full,A,True,A,2,True,1,1,1,1.2128699231039075
reflection-task,69f35ba359b095a706e557bb,14,car_racing_01,D,full,D,True,D,1,True,1,1,1,-1.7807688837545659
reflection-task,69f35ba359b095a706e557bb,16,car_racing_02,B,full,B,False,C,1,True,1,0,0,1.1885313962188795
reflection-task,69f35ba359b095a706e557bb,18,car_racing_03,D,full,D,False,B,1,True,1,0,0,-0.49082695884806904
reflection-task,69f35ba359b095a706e557bb,20,car_racing_05,A,full,A,True,A,2,True,1,1,1,0.5313911703231169
reflection-task,69f35ba359b095a706e557bb,22,graduation_party_01,B,full,B,True,B,1,True,1,1,1,-1.5130450880192552
reflection-task,69f35ba359b095a706e557bb,24,graduation_party_05,D,full,D,False,A,1,True,1,0,0,0.14197474016266495
reflection-task,69f35ba359b095a706e557bb,26,graduation_party_06,D,full,D,True,D,1,True,1,1,1,-0.3691343244229278
reflection-task,69f35ba359b095a706e557bb,28,graduation_party_07,D,full,D,False,B,2,True,1,0,0,0.7017608585183145
reflection-task,6a0b69810f6ce3f1814295e2,6,ypc_02,A,full,A,False,D,1,True,1,0,0,-0.8072278083534364
reflection-task,6a0b69810f6ce3f1814295e2,8,ypc_03,A,full,A,False,B,1,True,1,0,0,0.847792019828484
reflection-task,6a0b69810f6ce3f1814295e2,10,ypc_05,D,full,D,False,A,2,True,1,0,0,0.3366829552428909
reflection-task,6a0b69810f6ce3f1814295e2,12,ypc_06,B,full,B,False,A,2,True,1,0,0,1.2128699231039075
reflection-task,6a0b69810f6ce3f1814295e2,14,car_racing_01,D,full,D,True,D,1,True,1,1,1,-1.7807688837545659
reflection-task,6a0b69810f6ce3f1814295e2,16,car_racing_02,C,full,C,True,C,1,True,1,1,1,1.1885313962188795
reflection-task,6a0b69810f6ce3f1814295e2,18,car_racing_03,B,full,B,True,B,2,True,1,1,1,-0.49082695884806904
reflection-task,6a0b69810f6ce3f1814295e2,20,car_racing_05,D,full,D,False,A,1,True,1,0,0,0.5313911703231169
reflection-task,6a0b69810f6ce3f1814295e2,22,graduation_party_01,B,full,B,True,B,2,True,1,1,1,-1.5130450880192552
reflection-task,6a0b69810f6ce3f1814295e2,24,graduation_party_05,D,full,D,False,A,1,True,1,0,0,0.14197474016266495
reflection-task,6a0b69810f6ce3f1814295e2,26,graduation_party_06,D,full,D,True,D,2,True,1,1,1,-0.3691343244229278
reflection-task,6a0b69810f6ce3f1814295e2,28,graduation_party_07,D,full,D,False,B,2,True,1,0,0,0.7017608585183145
reflection-task,6299f89b3e1728339a42725a,6,ypc_02,D,full,D,True,D,1,True,1,1,1,-0.8072278083534364
reflection-task,6299f89b3e1728339a42725a,8,ypc_03,C,full,B,True,B,3,True,0,0,1,0.847792019828484
reflection-task,6299f89b3e1728339a42725a,10,ypc_05,D,full,A,True,A,3,True,0,0,1,0.3366829552428909
reflection-task,6299f89b3e1728339a42725a,12,ypc_06,B,full,B,False,A,1,True,1,0,0,1.2128699231039075
reflection-task,6299f89b3e1728339a42725a,14,car_racing_01,D,full,D,True,D,1,True,1,1,1,-1.7807688837545659
reflection-task,6299f89b3e1728339a42725a,16,car_racing_02,B,full,B,False,C,1,True,1,0,0,1.1885313962188795
reflection-task,6299f89b3e1728339a42725a,18,car_racing_03,D,full,D,False,B,2,True,1,0,0,-0.49082695884806904
reflection-task,6299f89b3e1728339a42725a,20,car_racing_05,D,full,D,False,A,1,True,1,0,0,0.5313911703231169
reflection-task,6299f89b3e1728339a42725a,22,graduation_party_01,B,full,B,True,B,1,True,1,1,1,-1.5130450880192552
reflection-task,6299f89b3e1728339a42725a,24,graduation_party_05,D,combined,D,False,A,2,True,1,0,0,0.14197474016266495
reflection-task,6299f89b3e1728339a42725a,26,graduation_party_06,D,full,D,True,D,1,True,1,1,1,-0.3691343244229278
reflection-task,6299f89b3e1728339a42725a,28,graduation_party_07,D,full,B,True,B,3,True,0,0,1,0.7017608585183145
reflection-task,6a0588c47fa42e9df12e0ea9,8,ypc_03,D,full,D,False,B,1,True,1,0,0,0.847792019828484
reflection-task,6a0588c47fa42e9df12e0ea9,10,ypc_05,D,full,D,False,A,3,True,1,0,0,0.3366829552428909
reflection-task,6a0588c47fa42e9df12e0ea9,12,ypc_06,D,full,D,False,A,1,True,1,0,0,1.2128699231039075
reflection-task,6a0588c47fa42e9df12e0ea9,22,graduation_party_01,B,full,B,True,B,1,True,1,1,1,-1.5130450880192552
reflection-task,6a0588c47fa42e9df12e0ea9,28,graduation_party_07,B,full,B,True,B,1,True,1,1,1,0.7017608585183145
reflection-task,6a21c5e96d5713f8e005f63f,8,ypc_03,B,full,B,True,B,2,True,1,1,1,0.847792019828484
reflection-task,6a21c5e96d5713f8e005f63f,12,ypc_06,B,full,B,False,A,2,True,1,0,0,1.2128699231039075
reflection-task,6a21c5e96d5713f8e005f63f,14,car_racing_01,D,full,D,True,D,3,True,1,1,1,-1.7807688837545659
reflection-task,6a21c5e96d5713f8e005f63f,16,car_racing_02,B,full,B,False,C,2,True,1,0,0,1.1885313962188795
reflection-task,6a21c5e96d5713f8e005f63f,24,graduation_party_05,A,full,A,True,A,3,True,1,1,1,0.14197474016266495
reflection-task,6a21c5e96d5713f8e005f63f,28,graduation_party_07,B,full,B,True,B,3,True,1,1,1,0.7017608585183145
reflection-task,6a05b83fc83d531b41447965,6,ypc_02,D,combined,D,True,D,12,True,1,1,1,-0.8072278083534364
reflection-task,6a05b83fc83d531b41447965,8,ypc_03,A,full,A,False,B,5,True,1,0,0,0.847792019828484
reflection-task,6a05b83fc83d531b41447965,12,ypc_06,D,full,D,False,A,2,True,1,0,0,1.2128699231039075
reflection-task,6a05b83fc83d531b41447965,14,car_racing_01,D,full,D,True,D,5,True,1,1,1,-1.7807688837545659
reflection-task,6a05b83fc83d531b41447965,16,car_racing_02,D,full,D,False,C,4,True,1,0,0,1.1885313962188795
reflection-task,6a05b83fc83d531b41447965,18,car_racing_03,B,full,B,True,B,2,True,1,1,1,-0.49082695884806904
reflection-task,6a05b83fc83d531b41447965,22,graduation_party_01,B,full,B,True,B,6,True,1,1,1,-1.5130450880192552
reflection-task,6a05b83fc83d531b41447965,26,graduation_party_06,D,full,D,True,D,2,True,1,1,1,-0.3691343244229278
reflection-task,6a05b83fc83d531b41447965,28,graduation_party_07,D,full,D,False,B,15,True,1,0,0,0.7017608585183145
reflection-task,5994d7d9c825cf0001d7dd30,6,ypc_02,D,full,D,True,D,2,True,1,1,1,-0.8072278083534364
reflection-task,5994d7d9c825cf0001d7dd30,8,ypc_03,A,full,A,False,B,1,True,1,0,0,0.847792019828484
reflection-task,5994d7d9c825cf0001d7dd30,10,ypc_05,D,full,D,False,A,1,True,1,0,0,0.3366829552428909
reflection-task,5994d7d9c825cf0001d7dd30,12,ypc_06,B,full,B,False,A,1,True,1,0,0,1.2128699231039075
reflection-task,5994d7d9c825cf0001d7dd30,14,car_racing_01,D,full,D,True,D,2,True,1,1,1,-1.7807688837545659
reflection-task,5994d7d9c825cf0001d7dd30,16,car_racing_02,B,full,D,False,C,3,True,0,0,0,1.1885313962188795
reflection-task,5994d7d9c825cf0001d7dd30,18,car_racing_03,B,full,B,True,B,1,True,1,1,1,-0.49082695884806904
reflection-task,5994d7d9c825cf0001d7dd30,20,car_racing_05,D,full,D,False,A,1,True,1,0,0,0.5313911703231169
reflection-task,5994d7d9c825cf0001d7dd30,22,graduation_party_01,B,full,B,True,B,1,True,1,1,1,-1.5130450880192552
reflection-task,5994d7d9c825cf0001d7dd30,24,graduation_party_05,D,full,D,False,A,2,True,1,0,0,0.14197474016266495
reflection-task,5994d7d9c825cf0001d7dd30,26,graduation_party_06,B,full,B,False,D,2,True,1,0,0,-0.3691343244229278
reflection-task,5994d7d9c825cf0001d7dd30,28,graduation_party_07,D,full,D,False,B,1,True,1,0,0,0.7017608585183145
reflection-task,66eada82e2a59d472d2dd086,6,ypc_02,D,full,D,True,D,1,True,1,1,1,-0.8072278083534364
reflection-task,66eada82e2a59d472d2dd086,8,ypc_03,D,full,D,False,B,3,True,1,0,0,0.847792019828484
reflection-task,66eada82e2a59d472d2dd086,10,ypc_05,D,full,D,False,A,2,True,1,0,0,0.3366829552428909
reflection-task,66eada82e2a59d472d2dd086,12,ypc_06,B,full,A,True,A,2,True,0,0,1,1.2128699231039075
reflection-task,66eada82e2a59d472d2dd086,14,car_racing_01,A,full,A,False,D,1,True,1,0,0,-1.7807688837545659
reflection-task,66eada82e2a59d472d2dd086,16,car_racing_02,B,full,B,False,C,1,True,1,0,0,1.1885313962188795
reflection-task,66eada82e2a59d472d2dd086,18,car_racing_03,D,full,D,False,B,1,True,1,0,0,-0.49082695884806904
reflection-task,66eada82e2a59d472d2dd086,20,car_racing_05,D,full,D,False,A,2,True,1,0,0,0.5313911703231169
reflection-task,66eada82e2a59d472d2dd086,22,graduation_party_01,B,full,B,True,B,1,True,1,1,1,-1.5130450880192552
reflection-task,66eada82e2a59d472d2dd086,24,graduation_party_05,A,full,A,True,A,1,True,1,1,1,0.14197474016266495
reflection-task,66eada82e2a59d472d2dd086,26,graduation_party_06,D,full,D,True,D,1,True,1,1,1,-0.3691343244229278
reflection-task,66eada82e2a59d472d2dd086,28,graduation_party_07,D,full,D,False,B,1,True,1,0,0,0.7017608585183145
reflection-task,6a1e72ab2466d2972cce1610,6,ypc_02,D,full,D,True,D,3,True,1,1,1,-0.8072278083534364
reflection-task,6a1e72ab2466d2972cce1610,8,ypc_03,C,full,C,False,B,2,True,1,0,0,0.847792019828484
reflection-task,6a1e72ab2466d2972cce1610,10,ypc_05,A,full,A,True,A,2,True,1,1,1,0.3366829552428909
reflection-task,6a1e72ab2466d2972cce1610,12,ypc_06,B,full,B,False,A,3,True,1,0,0,1.2128699231039075
reflection-task,6a1e72ab2466d2972cce1610,14,car_racing_01,D,full,D,True,D,5,True,1,1,1,-1.7807688837545659
reflection-task,6a1e72ab2466d2972cce1610,16,car_racing_02,B,full,B,False,C,3,True,1,0,0,1.1885313962188795
reflection-task,6a1e72ab2466d2972cce1610,18,car_racing_03,B,full,B,True,B,3,True,1,1,1,-0.49082695884806904
reflection-task,6a1e72ab2466d2972cce1610,20,car_racing_05,A,full,A,True,A,4,True,1,1,1,0.5313911703231169
reflection-task,6a1e72ab2466d2972cce1610,22,graduation_party_01,B,full,B,True,B,3,True,1,1,1,-1.5130450880192552
reflection-task,6a1e72ab2466d2972cce1610,24,graduation_party_05,D,full,D,False,A,3,True,1,0,0,0.14197474016266495
reflection-task,6a1e72ab2466d2972cce1610,26,graduation_party_06,D,full,D,True,D,4,True,1,1,1,-0.3691343244229278
reflection-task,6a1e72ab2466d2972cce1610,28,graduation_party_07,B,full,B,True,B,3,True,1,1,1,0.7017608585183145
reflection-task,60b7d053a787ce9076e74227,6,ypc_02,A,full,A,False,D,2,True,1,0,0,-0.8072278083534364
reflection-task,60b7d053a787ce9076e74227,10,ypc_05,D,full,D,False,A,2,True,1,0,0,0.3366829552428909
reflection-task,60b7d053a787ce9076e74227,12,ypc_06,D,full,D,False,A,1,True,1,0,0,1.2128699231039075
reflection-task,60b7d053a787ce9076e74227,14,car_racing_01,D,full,D,True,D,2,True,1,1,1,-1.7807688837545659
reflection-task,60b7d053a787ce9076e74227,16,car_racing_02,B,combined,B,False,C,2,True,1,0,0,1.1885313962188795
reflection-task,60b7d053a787ce9076e74227,18,car_racing_03,D,combined,D,False,B,2,True,1,0,0,-0.49082695884806904
reflection-task,60b7d053a787ce9076e74227,20,car_racing_05,D,full,D,False,A,1,True,1,0,0,0.5313911703231169
reflection-task,60b7d053a787ce9076e74227,22,graduation_party_01,B,full,B,True,B,1,True,1,1,1,-1.5130450880192552
reflection-task,60b7d053a787ce9076e74227,24,graduation_party_05,D,full,D,False,A,1,True,1,0,0,0.14197474016266495
reflection-task,60b7d053a787ce9076e74227,26,graduation_party_06,B,full,B,False,D,1,True,1,0,0,-0.3691343244229278
reflection-task,60b7d053a787ce9076e74227,28,graduation_party_07,A,full,A,False,B,1,True,1,0,0,0.7017608585183145
reflection-task,69f47c9ad9e8281561903d39,6,ypc_02,D,full,D,True,D,2,True,1,1,1,-0.8072278083534364
reflection-task,69f47c9ad9e8281561903d39,8,ypc_03,C,full,C,False,B,2,True,1,0,0,0.847792019828484
reflection-task,69f47c9ad9e8281561903d39,10,ypc_05,D,full,D,False,A,2,True,1,0,0,0.3366829552428909
reflection-task,69f47c9ad9e8281561903d39,12,ypc_06,A,full,A,True,A,1,True,1,1,1,1.2128699231039075
reflection-task,69f47c9ad9e8281561903d39,14,car_racing_01,D,full,D,True,D,1,True,1,1,1,-1.7807688837545659
reflection-task,69f47c9ad9e8281561903d39,16,car_racing_02,C,full,C,True,C,3,True,1,1,1,1.1885313962188795
reflection-task,69f47c9ad9e8281561903d39,20,car_racing_05,A,full,A,True,A,3,True,1,1,1,0.5313911703231169
reflection-task,69f47c9ad9e8281561903d39,22,graduation_party_01,B,full,B,True,B,2,True,1,1,1,-1.5130450880192552
reflection-task,69f47c9ad9e8281561903d39,24,graduation_party_05,D,full,D,False,A,1,True,1,0,0,0.14197474016266495
reflection-task,69f47c9ad9e8281561903d39,26,graduation_party_06,D,full,D,True,D,2,True,1,1,1,-0.3691343244229278
reflection-task,69f47c9ad9e8281561903d39,28,graduation_party_07,D,full,D,False,B,2,True,1,0,0,0.7017608585183145
reflection-task,6a1cb568ab1871e6d6041a6e,8,ypc_03,A,full,A,False,B,2,True,1,0,0,0.847792019828484
reflection-task,6a1cb568ab1871e6d6041a6e,10,ypc_05,A,full,A,True,A,1,True,1,1,1,0.3366829552428909
reflection-task,6a1cb568ab1871e6d6041a6e,12,ypc_06,D,full,D,False,A,4,True,1,0,0,1.2128699231039075
reflection-task,6a1cb568ab1871e6d6041a6e,14,car_racing_01,D,full,D,True,D,2,True,1,1,1,-1.7807688837545659
reflection-task,6a1cb568ab1871e6d6041a6e,16,car_racing_02,C,full,C,True,C,2,True,1,1,1,1.1885313962188795
reflection-task,6a1cb568ab1871e6d6041a6e,18,car_racing_03,B,full,A,False,B,2,True,0,1,0,-0.49082695884806904
reflection-task,6a1cb568ab1871e6d6041a6e,20,car_racing_05,D,full,D,False,A,1,True,1,0,0,0.5313911703231169
reflection-task,6a1cb568ab1871e6d6041a6e,22,graduation_party_01,B,full,A,False,B,2,True,0,1,0,-1.5130450880192552
reflection-task,6a1cb568ab1871e6d6041a6e,24,graduation_party_05,D,full,D,False,A,2,True,1,0,0,0.14197474016266495
reflection-task,6a1cb568ab1871e6d6041a6e,26,graduation_party_06,D,full,D,True,D,1,True,1,1,1,-0.3691343244229278
reflection-task,6a1cb568ab1871e6d6041a6e,28,graduation_party_07,D,full,D,False,B,2,True,1,0,0,0.7017608585183145
