participantId,condition,savedAt,completed,age,gender,profession,fluency,education,ai_use,ypc_02_answer,ypc_02_correct,ypc_02_confidence,ypc_03_answer,ypc_03_correct,ypc_03_confidence,ypc_05_answer,ypc_05_correct,ypc_05_confidence,ypc_06_answer,ypc_06_correct,ypc_06_confidence,car_racing_01_answer,car_racing_01_correct,car_racing_01_confidence,car_racing_02_answer,car_racing_02_correct,car_racing_02_confidence,car_racing_03_answer,car_racing_03_correct,car_racing_03_confidence,car_racing_05_answer,car_racing_05_correct,car_racing_05_confidence,graduation_party_01_answer,graduation_party_01_correct,graduation_party_01_confidence,graduation_party_05_answer,graduation_party_05_correct,graduation_party_05_confidence,graduation_party_06_answer,graduation_party_06_correct,graduation_party_06_confidence,graduation_party_07_answer,graduation_party_07_correct,graduation_party_07_confidence,n_correct,mean_confidence,metacog_sensitivity,sus_1,sus_2,sus_3,sus_4,sus_5,sus_6,sus_7,sus_8,sus_9,sus_10,sus_11,sus_aggregate,ueq_1,ueq_2,ueq_3,ueq_4,ueq_5,ueq_6,ueq_7,ueq_8,ueq_aggregate,tlx_1,tlx_2,tlx_3,tlx_4,tlx_5,tlx_6,tlx_aggregate,nfc_1,nfc_2,nfc_3,nfc_4,nfc_5,nfc_6,nfc_aggregate,trust_1,trust_2,trust_3,trust_4,trust_5,trust_6,trust_7,trust_8,trust_aggregate,attn_instruction,attn_post,attn_sus,msgs_to_ai,pre_with_ai,pre_without_ai,pre_ai_alone,post_with_ai,post_without_ai,post_ai_alone,I usually double-checked AI-generated answers before relying on them.,The step by step reply shown in this study changed how I interacted with the AI.,The multiple alternatives reply helped me evaluate the AI’s answer more carefully.,"Which strategies did you use to solve the tasks, check your answers, or improve your performance, if any?","How, if at all, did the multiple alternatives reply changed the way you interacted with the AI?","If you have any further comments about your interaction with the AI, please share them here."
69e682966f693cecc39ac613,ai,2026-08-16T20:25:43.543554+00:00,True,26,['Woman'],Admin Manager,Native English speaker,Vocational college degree,Several times a day,B,0,78.0,A,0,90.0,D,0,69.0,C,0,83.0,D,1,87.0,B,0,69.0,D,0,83.0,A,1,93.0,B,1,84.0,D,0,81.0,B,0,89.0,D,0,92.0,3,83.17,6.44,5.0,1.0,5.0,1.0,5.0,2.0,5.0,5.0,1.0,5.0,1.0,97.5,7.0,7.0,7.0,7.0,5.0,6.0,5.0,4.0,2.0,15.0,1.0,1.0,20.0,17.0,1.0,9.17,2.0,4.0,1.0,2.0,5.0,5.0,4.17,5.0,4.0,3.0,2.0,5.0,2.0,4.0,4.0,3.88,1,1,1,31,12,5,8,5,5,8,5,2,4,"I used AI to interpret the tasks quickly and then double checked the answers to what AI had said, if I was unsure then I had AI to double check the answers to ensure it was true",I made sure to double check the answers with AI to ensure this was correct,
659585d0d682df995ad2c5b5,ai,2026-08-16T21:51:36.239737+00:00,True,63,['Woman'],Tutor,Native English speaker,Lower tertiary education degree (Bachelor's level),Several times a day,A,0,63.0,B,1,57.0,D,0,19.0,B,0,36.0,D,1,55.0,B,0,59.0,B,1,56.0,B,0,58.0,B,1,66.0,A,1,61.0,D,1,67.0,A,0,62.0,6,54.92,10.83,3.0,3.0,4.0,3.0,3.0,3.0,3.0,5.0,3.0,3.0,3.0,52.5,5.0,3.0,5.0,2.0,2.0,4.0,4.0,4.0,-0.38,20.0,8.0,20.0,2.0,14.0,18.0,13.67,4.0,4.0,1.0,2.0,4.0,3.0,4.0,3.0,3.0,3.0,4.0,3.0,3.0,5.0,3.0,3.38,1,1,1,26,8,5,10,5,0,10,2,4,3,Initially I tried to work things out partially on my own first but the task would have taken me too long. Then I tried to check AI's logic by getting it (for example) to show me possible timetables. I did notice one mistake it had made which made me worry that some of the other legwork it had done might also be wrong. In the end I was too short of time to not trust it,Yes I realised I needed to re-frame questions,
6a04d6f7d3e6d5170c2f1584,ai,2026-08-17T10:25:12.750901+00:00,True,59,['Man'],Freelance Creative Video Editor,Native English speaker,Lower tertiary education degree (Bachelor's level),About once a day,D,1,53.0,A,0,55.0,D,0,49.0,B,0,52.0,D,1,78.0,B,0,68.0,D,0,62.0,D,0,68.0,B,1,53.0,D,0,48.0,D,1,46.0,A,0,42.0,4,56.17,2.0,1.0,5.0,5.0,3.0,5.0,3.0,1.0,5.0,1.0,1.0,4.0,42.5,2.0,1.0,7.0,1.0,1.0,1.0,1.0,3.0,-1.88,20.0,1.0,1.0,20.0,20.0,20.0,13.67,2.0,4.0,1.0,1.0,3.0,3.0,3.67,2.0,1.0,3.0,3.0,4.0,5.0,5.0,1.0,2.5,1,1,1,16,6,2,10,6,0,12,1,1,1,The scenarios were very complicated. I did use paper or write anything down. If I had been able to I believe I could have scored better.,None at all.,
6a22afd22ece5ef29b598074,ai,2026-08-17T10:54:24.779609+00:00,True,35,['Man'],Unemployed,Native English speaker,Lower tertiary education degree (Bachelor's level),Several times a day,D,1,79.0,B,1,94.0,A,1,85.0,D,0,65.0,D,1,99.0,B,0,99.0,B,1,97.0,A,1,94.0,B,1,67.0,D,0,80.0,D,1,81.0,D,0,78.0,8,84.83,6.5,5.0,3.0,4.0,1.0,4.0,1.0,5.0,5.0,2.0,5.0,1.0,87.5,6.0,5.0,7.0,5.0,6.0,6.0,5.0,3.0,1.38,15.0,2.0,2.0,18.0,12.0,1.0,8.33,3.0,4.0,2.0,2.0,4.0,4.0,3.83,5.0,4.0,4.0,4.0,5.0,4.0,4.0,4.0,4.0,1,1,1,22,10,5,12,12,4,12,4,5,5,,,
67d4773442ee746bb00b2542,ai,2026-08-18T06:12:19.967222+00:00,True,47,['Woman'],sofrware engineer,Native English speaker,Higher tertiary education degree (Master's level),About once a day,A,0,99.0,B,1,78.0,A,1,90.0,C,0,92.0,A,0,99.0,D,0,85.0,D,0,81.0,A,1,98.0,B,1,88.0,D,0,91.0,D,1,88.0,A,0,99.0,5,90.67,-3.89,5.0,1.0,5.0,1.0,3.0,1.0,5.0,5.0,1.0,3.0,1.0,90.0,7.0,7.0,7.0,7.0,7.0,7.0,7.0,6.0,2.88,19.0,5.0,7.0,19.0,10.0,1.0,10.17,3.0,3.0,3.0,3.0,4.0,3.0,3.17,3.0,3.0,3.0,3.0,5.0,3.0,2.0,3.0,3.12,1,1,1,14,10,10,6,9,12,9,5,4,5,,,
67894c4106e9380ced60256e,ai,2026-07-16T15:06:05.016846+00:00,True,26,['Woman'],Housewife,Native English speaker,Upper secondary school / High school,About once a day,A,0,100.0,A,0,93.0,D,0,85.0,B,0,100.0,A,0,81.0,B,0,100.0,D,0,100.0,D,0,16.0,B,1,28.0,D,0,76.0,D,1,100.0,B,1,100.0,3,81.58,-7.44,4.0,1.0,5.0,1.0,5.0,1.0,4.0,5.0,2.0,5.0,1.0,92.5,5.0,6.0,7.0,4.0,4.0,4.0,2.0,2.0,0.25,20.0,1.0,6.0,14.0,13.0,11.0,10.83,2.0,1.0,5.0,4.0,2.0,1.0,1.5,5.0,3.0,5.0,5.0,3.0,2.0,5.0,5.0,4.38,1,1,1,18,10,5,8,12,4,12,3,,,I tended to copt and paste into the AI while I read over the scenario and question myself. I then double checked the AIs answers to see if there was any issues with them. I didn't find any so I went with what the AI said. From what i could tell the AI made sense every time.,,NA
69fd9d6f7d9cd6c042e8a1cc,ai,2026-07-16T15:12:39.365457+00:00,True,32,['Man'],Space Planner,Native English speaker,Upper secondary school / High school,Several times a day,D,1,100.0,A,0,100.0,D,0,100.0,B,0,100.0,D,1,100.0,B,0,100.0,B,1,100.0,D,0,100.0,C,0,66.0,D,0,100.0,D,1,99.0,D,0,100.0,4,97.08,4.0,5.0,1.0,5.0,1.0,5.0,1.0,5.0,5.0,1.0,5.0,1.0,100.0,7.0,7.0,7.0,7.0,7.0,7.0,6.0,5.0,2.62,3.0,1.0,1.0,20.0,1.0,1.0,4.5,2.0,3.0,2.0,3.0,3.0,2.0,2.83,5.0,5.0,5.0,5.0,5.0,1.0,5.0,5.0,5.0,1,1,1,14,12,10,12,12,7,12,2,,,"I didn't really use any strategies, I just copied all of the available information into the AI and asked it to solve the problems for me",,
6a2012eff90f7af67fdfb112,ai,2026-07-16T15:17:37.324496+00:00,True,32,['Man'],unemployed,Native English speaker,Lower tertiary education degree (Bachelor's level),A few times a week,A,0,100.0,A,0,92.0,D,0,100.0,B,0,100.0,D,1,100.0,B,0,100.0,B,1,99.0,D,0,100.0,C,0,100.0,A,1,100.0,D,1,100.0,C,0,80.0,4,97.58,3.25,5.0,2.0,5.0,1.0,4.0,2.0,5.0,5.0,1.0,4.0,2.0,87.5,6.0,6.0,7.0,6.0,5.0,6.0,5.0,6.0,1.88,12.0,4.0,8.0,15.0,6.0,4.0,8.17,2.0,4.0,2.0,3.0,4.0,4.0,3.5,5.0,4.0,5.0,5.0,4.0,3.0,5.0,4.0,4.38,1,1,1,17,12,12,12,12,8,12,3,,,"First few I would decide my answer before reading the prompt of the AI and because they would match, I would then generally check the AIs prompts first then double check them if I had doubts. ",,
6a1c0a74391cb03e607159f3,ai,2026-07-16T15:35:10.756091+00:00,True,19,['Man'],Teaching Apprenticeship,Native English speaker,Vocational college degree,Several times a day,D,1,77.0,B,1,74.0,A,1,52.0,A,1,50.0,D,1,43.0,C,1,89.0,B,1,53.0,D,0,23.0,B,1,91.0,A,1,93.0,D,1,48.0,B,1,78.0,11,64.25,45.0,3.0,2.0,4.0,1.0,4.0,1.0,3.0,5.0,2.0,4.0,2.0,75.0,6.0,5.0,5.0,4.0,6.0,6.0,6.0,5.0,1.38,15.0,4.0,2.0,14.0,12.0,3.0,8.33,4.0,5.0,2.0,1.0,4.0,3.0,4.17,3.0,2.0,3.0,2.0,4.0,3.0,3.0,4.0,3.0,1,1,1,18,10,5,8,8,4,6,5,,,I checked over the AI's thinking,,
5c0430c71a20110001e9b05a,ai,2026-07-16T15:41:37.277576+00:00,True,44,['Woman'],manager,Native English speaker,Vocational college degree,Several times a day,D,1,87.0,A,0,90.0,A,1,98.0,D,0,98.0,D,1,96.0,A,0,100.0,D,0,100.0,D,0,100.0,A,0,88.0,A,1,82.0,A,0,94.0,A,0,97.0,4,94.17,-5.12,5.0,3.0,4.0,5.0,5.0,2.0,4.0,5.0,1.0,4.0,3.0,70.0,7.0,7.0,7.0,7.0,6.0,7.0,7.0,7.0,2.88,15.0,13.0,14.0,14.0,12.0,16.0,14.0,2.0,3.0,2.0,3.0,4.0,4.0,3.33,4.0,4.0,5.0,4.0,5.0,2.0,4.0,4.0,4.25,1,1,1,18,12,4,12,10,4,12,3,,,,,
676ada80fe4f612146e3c8b3,ai,2026-07-16T15:45:33.657022+00:00,True,34,['Man'],it manager,Native English speaker,Lower tertiary education degree (Bachelor's level),Several times a day,D,1,99.0,B,1,100.0,B,0,99.0,C,0,99.0,D,1,100.0,B,0,100.0,D,0,99.0,A,1,100.0,C,0,98.0,D,0,100.0,B,0,99.0,D,0,98.0,4,99.25,0.75,5.0,1.0,5.0,1.0,5.0,1.0,5.0,5.0,1.0,5.0,1.0,100.0,7.0,7.0,7.0,7.0,7.0,7.0,7.0,7.0,3.0,8.0,3.0,1.0,19.0,4.0,1.0,6.0,1.0,4.0,1.0,2.0,5.0,5.0,4.0,5.0,3.0,5.0,5.0,5.0,1.0,5.0,5.0,4.75,1,1,1,16,12,9,12,12,5,6,5,,,i read through the questions and see if i could answer some well enough and went with the ai's answers that goes with mine,,
5a9c41f2dbdb470001eeef9c,ai,2026-07-16T15:49:30.483426+00:00,True,50,['Woman'],Librarian,Native English speaker,Higher tertiary education degree (Master's level),About once a week,A,0,24.0,D,0,10.0,A,1,29.0,A,1,78.0,D,1,99.0,C,1,92.0,D,0,67.0,D,0,37.0,B,1,79.0,A,1,32.0,D,1,84.0,A,0,55.0,7,57.17,31.83,2.0,1.0,4.0,2.0,3.0,3.0,4.0,5.0,2.0,2.0,1.0,65.0,5.0,6.0,6.0,3.0,4.0,4.0,2.0,5.0,0.38,13.0,2.0,15.0,9.0,4.0,13.0,9.33,5.0,4.0,1.0,1.0,5.0,5.0,4.83,2.0,3.0,2.0,2.0,5.0,3.0,4.0,4.0,3.12,1,1,1,22,8,6,6,9,6,10,2,,,"I felt quite overwhelmed by all the details in combination with the time limit - plus a false start from trying to access the study on Chrome. So I took a quick overview of the scenarios and then mostly just relied on the AI's input. On one question, about drink tokens, I overruled the AI as I thought half tokens wouldn't be issued - but I could be wrong!",,
614b11e399369a0d52b5fbf6,ai,2026-07-16T15:56:16.672823+00:00,True,33,['Man'],Software engineer,Native English speaker,Lower tertiary education degree (Bachelor's level),A few times a week,D,1,81.0,A,0,100.0,B,0,89.0,B,0,100.0,D,1,100.0,B,0,100.0,B,1,92.0,A,1,74.0,B,1,63.0,D,0,92.0,B,0,67.0,A,0,76.0,5,86.17,-7.14,5.0,1.0,5.0,1.0,5.0,1.0,5.0,5.0,1.0,5.0,1.0,100.0,7.0,7.0,7.0,7.0,4.0,6.0,2.0,2.0,1.25,2.0,1.0,1.0,17.0,1.0,1.0,3.83,3.0,3.0,1.0,2.0,4.0,4.0,3.83,5.0,5.0,4.0,5.0,5.0,2.0,4.0,5.0,4.62,1,0,1,15,10,10,11,12,6,12,3,,,,,
5ca9106716aa84001725d880,ai,2026-07-16T16:06:30.100863+00:00,True,34,['Woman'],IT DIRECTOR ,Native English speaker,Higher tertiary education degree (Master's level),Several times a day,D,1,64.0,B,1,62.0,D,0,60.0,C,0,80.0,D,1,74.0,B,0,62.0,B,1,55.0,A,1,56.0,B,1,45.0,C,0,72.0,D,1,21.0,B,1,40.0,8,57.58,-16.38,4.0,1.0,5.0,1.0,5.0,2.0,4.0,5.0,1.0,5.0,1.0,92.5,6.0,7.0,6.0,6.0,7.0,6.0,6.0,4.0,2.0,4.0,2.0,15.0,18.0,5.0,4.0,8.0,4.0,5.0,1.0,1.0,4.0,4.0,4.5,5.0,4.0,4.0,4.0,3.0,4.0,4.0,4.0,3.75,1,1,1,16,8,4,9,7,6,7,2,,,I didn't really check through if they looked ok I went with them as it was what I would normally do,,none 
69e798083733072e5376734b,ai,2026-07-16T16:18:44.154398+00:00,True,22,['Woman'],teaching,Native English speaker,Lower tertiary education degree (Bachelor's level),About once a day,C,0,99.0,C,0,98.0,C,0,95.0,C,0,95.0,D,1,97.0,B,0,93.0,B,1,87.0,D,0,87.0,B,1,96.0,A,1,97.0,D,1,97.0,A,0,98.0,5,94.92,-0.2,5.0,1.0,5.0,1.0,5.0,1.0,5.0,5.0,1.0,5.0,1.0,100.0,7.0,7.0,5.0,7.0,5.0,5.0,6.0,6.0,2.0,5.0,5.0,1.0,20.0,5.0,1.0,6.17,4.0,4.0,1.0,2.0,4.0,4.0,4.17,5.0,3.0,5.0,5.0,5.0,3.0,4.0,5.0,4.38,1,1,1,15,12,7,12,9,7,9,2,,,I read the questions and then the scenerio so I had a rough idea of what the answer could be but I was not sure so I took AI's help and completed my task.,,
5ea824f580b9ef228f589930,ai,2026-07-16T16:25:50.096430+00:00,True,67,['Woman'],Healthcare Manager,Native English speaker,Higher tertiary education degree (Master's level),Several times a day,D,1,69.0,B,1,92.0,D,0,42.0,C,0,67.0,D,1,44.0,B,0,68.0,B,1,70.0,C,0,65.0,C,0,72.0,D,0,87.0,D,1,90.0,B,1,29.0,6,66.25,-1.17,5.0,1.0,5.0,1.0,5.0,1.0,5.0,5.0,1.0,5.0,1.0,100.0,7.0,7.0,7.0,7.0,5.0,6.0,6.0,7.0,2.5,19.0,2.0,5.0,14.0,19.0,4.0,10.5,4.0,4.0,1.0,3.0,4.0,3.0,3.83,5.0,3.0,4.0,4.0,4.0,2.0,5.0,4.0,4.12,1,1,1,19,9,5,9,11,4,11,4,,,I asked the AI to re-explain and explain some parts in a way that was easier for me to understand until it was explaing it in a more simplistic way that I could understand better.,,
673f6ffebce20832346325de,ai,2026-07-16T16:27:32.224920+00:00,True,41,['Woman'],retail worker,Native English speaker,Lower tertiary education degree (Bachelor's level),Several times a day,C,0,75.0,B,1,91.0,A,1,98.0,C,0,98.0,C,0,98.0,B,0,98.0,B,1,100.0,A,1,98.0,B,1,99.0,D,0,77.0,B,0,100.0,D,0,82.0,5,92.83,7.49,3.0,3.0,4.0,1.0,5.0,2.0,4.0,5.0,1.0,5.0,1.0,82.5,7.0,7.0,7.0,4.0,5.0,5.0,4.0,4.0,1.38,17.0,5.0,5.0,10.0,10.0,5.0,8.67,1.0,1.0,4.0,4.0,1.0,1.0,1.33,5.0,3.0,5.0,5.0,5.0,1.0,4.0,4.0,4.5,1,0,1,26,10,7,10,9,5,9,2,,,I relied heavily on the AI but tried to double check the answers on my own. If I was not sure on my own I completely relied on the AI providing the correct answers.,,
5ff454f2f0b5ed607169fba6,ai,2026-07-16T16:30:47.469752+00:00,True,45,['Woman'],Finance,Native English speaker,Lower tertiary education degree (Bachelor's level),Several times a day,A,0,98.0,D,0,99.0,D,0,99.0,D,0,70.0,D,1,100.0,B,0,100.0,B,1,90.0,D,0,68.0,B,1,99.0,D,0,93.0,B,0,99.0,B,1,88.0,4,91.92,3.5,5.0,1.0,5.0,1.0,5.0,1.0,5.0,5.0,1.0,5.0,1.0,100.0,7.0,7.0,7.0,7.0,7.0,7.0,7.0,7.0,3.0,4.0,1.0,1.0,20.0,20.0,1.0,7.83,5.0,5.0,1.0,1.0,5.0,5.0,5.0,5.0,2.0,5.0,5.0,5.0,1.0,5.0,5.0,4.62,1,1,1,26,10,8,11,10,8,10,5,,,I read the text the first time and check it the second time with the AI answer.,,
6a00e5e9deafdfa23003cacb,ai,2026-07-16T16:33:52.747053+00:00,True,41,['Man'],Inspector Assistant,Native English speaker,Higher tertiary education degree (Master's level),Several times a day,A,0,60.0,B,1,62.0,D,0,45.0,B,0,60.0,D,1,100.0,B,0,82.0,B,1,82.0,C,0,69.0,B,1,81.0,D,0,56.0,D,1,50.0,B,1,68.0,6,67.92,11.83,4.0,2.0,5.0,2.0,4.0,1.0,5.0,5.0,1.0,3.0,1.0,85.0,6.0,6.0,6.0,7.0,4.0,6.0,5.0,6.0,1.75,13.0,3.0,5.0,7.0,6.0,15.0,8.17,2.0,2.0,2.0,3.0,4.0,3.0,3.0,4.0,3.0,4.0,3.0,4.0,4.0,5.0,4.0,3.62,1,1,1,19,8,0,6,6,2,6,2,,,I double checked some of the answers by the AI against the scenario to ensure it hadn't missed terms that might impede interpretation by the model,,Nonw
69ffa808e93cf482f4829587,ai,2026-07-16T16:59:12.312594+00:00,True,43,['Man'],Physiotherapist,Native English speaker,Higher tertiary education degree (Master's level),A few times a week,D,1,63.0,B,1,57.0,D,0,79.0,C,0,63.0,D,1,70.0,C,1,68.0,B,1,64.0,C,0,56.0,B,1,68.0,A,1,66.0,D,1,60.0,B,1,58.0,9,64.33,-2.22,3.0,1.0,5.0,1.0,5.0,1.0,5.0,5.0,1.0,5.0,1.0,95.0,7.0,7.0,7.0,7.0,7.0,7.0,6.0,4.0,2.5,19.0,9.0,3.0,16.0,19.0,2.0,11.33,3.0,4.0,2.0,4.0,4.0,4.0,3.5,4.0,2.0,2.0,4.0,4.0,2.0,5.0,4.0,3.62,1,1,1,30,10,7,10,7,3,7,2,,,I used the AI response mostly and rely on my own knowledge of the task too,,NA
6a05ca3ca97a0b5ea50dd24c,ai,2026-07-17T13:40:57.212921+00:00,True,22,['Woman'],Software developer,Native English speaker,Lower tertiary education degree (Bachelor's level),About once a day,D,1,80.0,B,1,67.0,B,0,83.0,B,0,49.0,D,1,82.0,C,1,92.0,D,0,77.0,D,0,94.0,B,1,85.0,D,0,91.0,A,0,89.0,B,1,81.0,6,80.83,0.67,4.0,1.0,5.0,1.0,4.0,4.0,5.0,5.0,3.0,4.0,2.0,77.5,6.0,7.0,5.0,7.0,6.0,7.0,5.0,4.0,1.88,5.0,1.0,3.0,16.0,1.0,1.0,4.5,2.0,1.0,1.0,5.0,4.0,3.0,2.67,4.0,3.0,3.0,3.0,5.0,2.0,3.0,4.0,3.62,1,1,1,14,10,5,9,10,4,7,1,,,"i just pasted in the given scenario and then pasted in the question to get the answer however in the future i would definitely double check the answers, as I have never thought of doing that before",,
5f319edf7543f7087932aa98,ai,2026-07-17T13:52:11.972671+00:00,True,46,['Man'],underwriter,Native English speaker,Lower tertiary education degree (Bachelor's level),A few times a week,D,1,80.0,C,0,73.0,A,1,65.0,D,0,82.0,D,1,66.0,B,0,67.0,D,0,71.0,C,0,69.0,B,1,78.0,A,1,76.0,D,1,69.0,D,0,84.0,6,73.33,-2.0,4.0,4.0,4.0,1.0,2.0,1.0,5.0,5.0,1.0,4.0,1.0,77.5,6.0,7.0,7.0,6.0,6.0,6.0,6.0,6.0,2.25,5.0,2.0,6.0,15.0,7.0,2.0,6.17,2.0,2.0,4.0,4.0,2.0,3.0,2.17,4.0,3.0,3.0,3.0,5.0,2.0,4.0,4.0,3.75,1,1,1,17,12,5,12,12,2,12,4,,,own judgement,,none
6a04411878c03cd53d01bc3d,ai,2026-07-17T14:00:20.970123+00:00,True,35,['Man'],Accountant,Native English speaker,Higher tertiary education degree (Master's level),Several times a day,D,1,71.0,A,0,83.0,B,0,74.0,B,0,72.0,D,1,80.0,B,0,73.0,D,0,68.0,D,0,78.0,B,1,79.0,A,1,75.0,D,1,80.0,D,0,72.0,5,75.42,2.71,5.0,5.0,5.0,1.0,5.0,1.0,5.0,5.0,1.0,5.0,5.0,80.0,7.0,7.0,7.0,7.0,4.0,4.0,2.0,4.0,1.25,3.0,1.0,4.0,15.0,1.0,13.0,6.17,1.0,4.0,3.0,4.0,2.0,2.0,2.33,4.0,4.0,3.0,2.0,4.0,5.0,4.0,4.0,3.25,1,1,1,15,8,6,10,12,4,12,1,,,Just relied on the AI,,
5f6f3b4884cdf34934e9db6f,ai,2026-07-17T14:04:56.483417+00:00,True,47,['Woman'],credit controller,Native English speaker,Vocational college degree,About once a day,D,1,97.0,B,1,93.0,A,1,92.0,A,1,86.0,B,0,84.0,B,0,84.0,A,0,86.0,A,1,89.0,B,1,87.0,D,0,92.0,D,1,97.0,D,0,64.0,7,87.58,9.57,5.0,2.0,4.0,2.0,4.0,2.0,4.0,5.0,2.0,4.0,3.0,75.0,6.0,6.0,6.0,7.0,5.0,5.0,6.0,4.0,1.62,13.0,1.0,6.0,13.0,12.0,6.0,8.5,2.0,2.0,2.0,3.0,4.0,3.0,3.0,4.0,3.0,4.0,4.0,4.0,2.0,4.0,4.0,3.88,1,1,1,29,12,2,12,12,2,10,1,,,Cutting and pasting information into the AI system,,
6710a58eeff954cb2243950e,ai,2026-07-17T14:13:38.469030+00:00,True,55,['Woman'],Project Management,Fully fluent,Higher tertiary education degree (Master's level),Several times a day,A,0,85.0,A,0,60.0,D,0,92.0,C,0,97.0,D,1,98.0,C,1,97.0,C,0,76.0,D,0,98.0,C,0,69.0,C,0,91.0,A,0,97.0,C,0,99.0,2,88.25,11.1,5.0,1.0,5.0,1.0,5.0,1.0,4.0,5.0,1.0,5.0,1.0,97.5,7.0,7.0,7.0,7.0,6.0,7.0,7.0,6.0,2.75,17.0,4.0,3.0,14.0,17.0,3.0,9.67,4.0,5.0,1.0,1.0,5.0,5.0,4.83,5.0,4.0,5.0,5.0,5.0,1.0,5.0,5.0,4.88,1,1,1,14,11,7,10,10,6,5,5,,,"Process of elimination, reasoning and deducing conclusions from the scenarios",,No comment
6a1589d7aa43b48061cf738a,ai,2026-07-17T14:19:04.500825+00:00,True,30,['Man'],Environmental Consultant,Native English speaker,Lower tertiary education degree (Bachelor's level),Several times a day,A,0,73.0,A,0,75.0,D,0,67.0,A,1,66.0,D,1,70.0,C,1,74.0,B,1,77.0,C,0,56.0,D,0,29.0,D,0,36.0,D,1,31.0,D,0,77.0,5,60.92,4.6,3.0,4.0,4.0,2.0,3.0,2.0,3.0,5.0,4.0,4.0,2.0,57.5,5.0,5.0,3.0,3.0,3.0,3.0,4.0,4.0,-0.25,8.0,1.0,4.0,12.0,8.0,5.0,6.33,2.0,2.0,4.0,4.0,3.0,3.0,2.33,4.0,4.0,3.0,3.0,3.0,4.0,4.0,4.0,3.38,1,0,1,19,10,8,8,8,5,7,1,,,"I relied on the AI, there was a lot of thinking and working out required",,
6a21b8ae2177f79a3833a3aa,ai,2026-07-17T14:21:20.551468+00:00,True,28,['Woman'],customer service,Native English speaker,Lower tertiary education degree (Bachelor's level),Several times a day,A,0,87.0,A,0,87.0,C,0,84.0,C,0,94.0,D,1,100.0,B,0,100.0,B,1,86.0,A,1,90.0,B,1,98.0,A,1,100.0,B,0,100.0,B,1,100.0,6,93.83,3.67,5.0,1.0,5.0,1.0,2.0,4.0,5.0,5.0,3.0,5.0,3.0,75.0,6.0,7.0,6.0,6.0,4.0,5.0,6.0,5.0,1.62,15.0,3.0,5.0,16.0,18.0,10.0,11.17,3.0,4.0,2.0,3.0,5.0,3.0,3.67,4.0,5.0,4.0,2.0,3.0,3.0,2.0,3.0,3.25,1,1,1,25,10,7,9,11,1,1,2,,,i relied on the AI,,
59b19a277f6c84000151c001,ai,2026-07-17T14:29:20.844393+00:00,True,65,['Woman'],seamstress/supervisor,Native English speaker,Upper secondary school / High school,A few times a week,D,1,69.0,B,1,66.0,D,0,66.0,B,0,74.0,D,1,85.0,B,0,85.0,B,1,73.0,A,1,69.0,B,1,76.0,D,0,73.0,B,0,67.0,D,0,62.0,6,72.08,1.83,4.0,2.0,4.0,1.0,4.0,1.0,4.0,5.0,2.0,4.0,2.0,80.0,6.0,6.0,6.0,6.0,5.0,5.0,4.0,4.0,1.25,12.0,2.0,7.0,13.0,14.0,4.0,8.67,3.0,3.0,3.0,3.0,3.0,3.0,3.0,4.0,3.0,4.0,4.0,4.0,3.0,4.0,4.0,3.75,1,1,1,29,9,7,10,11,9,10,4,,,I asked the questions of the AI and then returned to the scene to try and check whether what the AI was telling me was correct by checking the answers and reasons given with the information in the scenerio,,easy to use and prompt with replies and offering extra information
6a06e63d31c90ee68757b0d3,ai,2026-07-17T14:31:15.747044+00:00,True,57,['Woman'],Education,Native English speaker,Vocational college degree,Several times a day,D,1,86.0,D,0,81.0,D,0,97.0,D,0,98.0,D,1,99.0,B,0,97.0,D,0,97.0,A,1,78.0,B,1,96.0,A,1,98.0,D,1,97.0,A,0,86.0,6,92.5,-0.33,5.0,2.0,5.0,1.0,5.0,2.0,5.0,5.0,1.0,5.0,3.0,90.0,7.0,7.0,7.0,7.0,7.0,7.0,7.0,7.0,3.0,20.0,13.0,10.0,20.0,14.0,6.0,13.83,3.0,4.0,3.0,2.0,4.0,4.0,3.67,5.0,4.0,5.0,5.0,5.0,1.0,5.0,5.0,4.88,1,1,1,16,12,6,12,12,4,12,3,,,Tried to get answer myself and if unable then relied on AI,,
6a271c0daa928450f32c7507,ai,2026-07-17T14:36:52.512250+00:00,True,34,['Man'],carer counsellor,Native English speaker,Lower tertiary education degree (Bachelor's level),About once a day,D,1,91.0,D,0,100.0,D,0,100.0,C,0,66.0,D,1,100.0,C,1,94.0,B,1,80.0,A,1,91.0,B,1,92.0,A,1,78.0,D,1,100.0,A,0,84.0,8,89.67,3.25,5.0,1.0,5.0,1.0,5.0,1.0,5.0,5.0,1.0,4.0,1.0,97.5,7.0,1.0,7.0,1.0,6.0,6.0,6.0,7.0,1.12,20.0,15.0,15.0,13.0,20.0,18.0,16.83,2.0,3.0,4.0,3.0,3.0,3.0,2.67,5.0,4.0,5.0,5.0,5.0,2.0,5.0,5.0,4.75,1,1,1,16,12,10,12,10,4,10,4,,,"I first read the scenario and question,  used the AI to answer the question, then i read through the explanation and compared the analysis to the scenario,",,The explanations and analysis were very detailed which made it quite convincing and trustworthy
65b9a002909e6b9bd3520066,ai,2026-07-17T14:36:54.224179+00:00,True,54,['Woman'],police staff,Native English speaker,Lower tertiary education degree (Bachelor's level),A few times a week,D,1,92.0,A,0,91.0,D,0,93.0,D,0,92.0,D,1,92.0,B,0,92.0,B,1,94.0,D,0,93.0,B,1,93.0,A,1,94.0,D,1,94.0,D,0,93.0,6,92.75,0.83,4.0,2.0,5.0,1.0,4.0,2.0,4.0,5.0,1.0,4.0,2.0,82.5,6.0,6.0,6.0,6.0,5.0,5.0,5.0,5.0,1.5,3.0,3.0,4.0,14.0,5.0,3.0,5.33,3.0,3.0,3.0,3.0,3.0,3.0,3.0,5.0,4.0,4.0,4.0,4.0,4.0,5.0,5.0,4.12,1,1,1,15,12,8,12,12,7,12,2,,,I relied on AI as the items were very intense for me to work out manually would have been very time consuming and did not appear effect use of time,,
6a06fc17dd60a09eb3ac9bbd,ai,2026-07-17T14:43:48.857918+00:00,True,23,['Prefer not to disclose'],employed,Native English speaker,Lower tertiary education degree (Bachelor's level),A few times a week,D,1,86.0,C,0,95.0,A,1,85.0,D,0,52.0,D,1,84.0,B,0,83.0,D,0,84.0,C,0,87.0,B,1,100.0,A,1,80.0,D,1,89.0,C,0,90.0,6,84.58,5.5,3.0,2.0,4.0,1.0,3.0,3.0,5.0,5.0,2.0,4.0,1.0,75.0,6.0,5.0,4.0,2.0,4.0,4.0,5.0,3.0,0.12,3.0,4.0,4.0,15.0,3.0,2.0,5.17,4.0,4.0,1.0,1.0,4.0,4.0,4.33,3.0,3.0,3.0,2.0,3.0,4.0,3.0,3.0,2.75,1,1,1,15,11,10,11,11,10,12,4,,,,,
5f160514e2a4062d2a0ded58,ai,2026-07-17T14:44:24.343641+00:00,True,29,['Man'],Manager,Native English speaker,Upper secondary school / High school,A few times a week,D,1,76.0,B,1,81.0,A,1,72.0,A,1,86.0,D,1,100.0,B,0,84.0,D,0,82.0,A,1,65.0,B,1,74.0,A,1,85.0,B,0,81.0,B,1,79.0,9,80.42,-2.56,5.0,1.0,5.0,1.0,5.0,1.0,5.0,5.0,1.0,5.0,1.0,100.0,7.0,7.0,7.0,7.0,5.0,5.0,5.0,6.0,2.12,4.0,1.0,5.0,17.0,3.0,4.0,5.67,3.0,3.0,4.0,3.0,4.0,4.0,3.17,4.0,3.0,5.0,5.0,5.0,3.0,4.0,5.0,4.25,1,0,1,14,10,8,10,12,8,11,3,,,trust in ai,,
6a00e2783fab0770e1f95674,ai,2026-07-17T14:48:26.949864+00:00,True,29,['Man'],Student,Native English speaker,Lower tertiary education degree (Bachelor's level),Several times a day,D,1,99.0,A,0,96.0,D,0,97.0,D,0,99.0,D,1,98.0,B,0,94.0,B,1,97.0,B,0,98.0,B,1,99.0,D,0,98.0,B,0,90.0,B,1,93.0,5,96.5,1.2,5.0,1.0,5.0,1.0,4.0,1.0,5.0,5.0,1.0,4.0,1.0,95.0,6.0,6.0,4.0,7.0,4.0,6.0,5.0,6.0,1.5,5.0,2.0,3.0,10.0,5.0,1.0,4.33,5.0,4.0,1.0,1.0,1.0,5.0,4.17,5.0,2.0,5.0,4.0,3.0,1.0,5.0,5.0,4.25,1,1,1,13,7,4,5,12,6,9,2,,,"i trusted the ai, also based on my own understanding",,
6a1002dabe7f5c918f052d3e,ai,2026-07-17T15:17:16.588964+00:00,True,31,['Man'],data information,Native English speaker,Higher tertiary education degree (Master's level),About once a day,B,0,69.0,B,1,89.0,C,0,93.0,A,1,83.0,A,0,90.0,D,0,87.0,B,1,89.0,A,1,94.0,A,0,79.0,A,1,86.0,A,0,68.0,A,0,78.0,5,83.75,7.63,4.0,4.0,4.0,3.0,4.0,4.0,4.0,4.0,4.0,4.0,4.0,52.5,7.0,6.0,6.0,6.0,6.0,6.0,6.0,6.0,2.12,19.0,19.0,16.0,18.0,19.0,6.0,16.17,1.0,4.0,3.0,4.0,4.0,4.0,3.0,4.0,4.0,5.0,5.0,4.0,3.0,3.0,4.0,4.0,1,1,0,15,11,11,10,11,10,10,4,,,my head,,none
6a0247c711c1663a4074fa1b,ai,2026-07-17T16:35:59.376264+00:00,True,47,['Man'],service advisor,Native English speaker,Vocational college degree,A few times a week,D,1,63.0,D,0,55.0,D,0,51.0,C,0,52.0,D,1,42.0,B,0,43.0,B,1,35.0,C,0,40.0,B,1,49.0,D,0,6.0,D,1,23.0,D,0,36.0,5,41.25,1.97,5.0,4.0,5.0,5.0,5.0,5.0,5.0,5.0,3.0,4.0,4.0,57.5,7.0,4.0,4.0,3.0,3.0,4.0,5.0,4.0,0.25,16.0,2.0,10.0,18.0,9.0,2.0,9.5,3.0,2.0,3.0,3.0,4.0,2.0,2.83,4.0,2.0,4.0,4.0,5.0,4.0,5.0,4.0,3.75,1,1,1,17,6,2,8,9,0,12,5,,,"i didnt, too complicated and AI did all the heavy lifting ",,
69fdda7887e460a4d33c272a,ai,2026-07-17T16:39:40.356096+00:00,True,20,['Man'],accounting,Native English speaker,Lower tertiary education degree (Bachelor's level),About once a day,D,1,87.0,B,1,89.0,A,1,6.0,B,0,89.0,D,1,73.0,B,0,91.0,B,1,71.0,C,0,71.0,B,1,86.0,A,1,80.0,B,0,89.0,D,0,79.0,7,75.92,-13.51,4.0,2.0,5.0,1.0,4.0,1.0,5.0,5.0,2.0,4.0,1.0,87.5,6.0,7.0,6.0,7.0,4.0,4.0,2.0,2.0,0.75,9.0,5.0,4.0,16.0,3.0,2.0,6.5,4.0,4.0,2.0,2.0,5.0,5.0,4.33,5.0,4.0,1.0,1.0,4.0,2.0,4.0,3.0,3.25,1,1,1,19,10,12,9,8,10,8,4,,,"i just asked the ai o be sure of its answer, usually makes them double check the workings",,
5c4f9227af9f500001be902e,ai,2026-07-17T16:59:49.109307+00:00,True,45,['Woman'],Team leader,Native English speaker,Upper secondary school / High school,Several times a day,D,1,52.0,A,0,95.0,D,0,100.0,D,0,45.0,D,1,89.0,B,0,80.0,B,1,71.0,D,0,65.0,B,1,90.0,D,0,79.0,D,1,81.0,D,0,80.0,5,77.25,-1.11,3.0,4.0,4.0,1.0,4.0,4.0,4.0,5.0,2.0,4.0,1.0,67.5,6.0,6.0,3.0,4.0,3.0,4.0,4.0,2.0,0.0,13.0,1.0,1.0,15.0,14.0,3.0,7.83,2.0,2.0,4.0,4.0,5.0,3.0,2.67,4.0,4.0,2.0,2.0,4.0,4.0,4.0,5.0,3.38,1,1,1,32,8,5,10,8,2,6,2,,,"When I wasn't the answer that the AI gave was correct to what I had, it made me question it more, and when I did, it changed it mind, which made me check what it was saying more, and asking the AI to give more proof behind it's answer.  That was the point that made me realise that the answers it gave in the earlier questions wasn't to be trusted. ",,
679153802a458f825959cf4a,ai,2026-07-17T17:02:51.982270+00:00,True,46,['Man'],Mechanical engineer,Native English speaker,Lower tertiary education degree (Bachelor's level),Several times a day,D,1,100.0,D,0,57.0,D,0,94.0,B,0,81.0,D,1,63.0,C,1,87.0,D,0,67.0,D,0,64.0,B,1,76.0,D,0,56.0,D,1,74.0,C,0,49.0,5,72.33,13.14,4.0,1.0,5.0,1.0,4.0,1.0,5.0,5.0,1.0,5.0,2.0,92.5,7.0,7.0,7.0,7.0,6.0,7.0,7.0,5.0,2.62,15.0,2.0,13.0,15.0,12.0,13.0,11.67,3.0,3.0,2.0,3.0,4.0,4.0,3.5,4.0,3.0,4.0,4.0,4.0,2.0,4.0,4.0,3.88,1,1,1,13,10,8,11,8,6,11,4,,,i mostly compared my answers and that of the generative AI,,no comment
5908ee77d4b33900015cb3f7,ai,2026-07-17T17:03:24.628270+00:00,True,53,['Woman'],pharmacist,Native English speaker,Higher tertiary education degree (Master's level),About once a day,A,0,93.0,C,0,89.0,D,0,86.0,C,0,88.0,A,0,83.0,D,0,89.0,B,1,82.0,A,1,91.0,C,0,59.0,D,0,93.0,D,1,95.0,B,1,66.0,4,84.5,-1.5,4.0,1.0,5.0,1.0,4.0,2.0,4.0,5.0,1.0,5.0,2.0,87.5,4.0,2.0,5.0,2.0,4.0,4.0,6.0,6.0,0.12,20.0,15.0,18.0,20.0,20.0,4.0,16.17,4.0,4.0,2.0,2.0,4.0,4.0,4.0,4.0,2.0,3.0,2.0,5.0,3.0,5.0,4.0,3.5,0,1,1,22,6,1,9,9,0,9,1,,,To be honest I gave up trying to work out the answers myself.  It was too difficult.  I 100% relied on AI,,None
6702f60844f21087e0840e3d,ai,2026-07-17T17:05:22.800363+00:00,True,30,['Woman'],Customer relations,Native English speaker,Higher tertiary education degree (Master's level),Several times a day,D,1,98.0,B,1,92.0,A,1,95.0,A,1,90.0,D,1,91.0,B,0,90.0,B,1,93.0,D,0,93.0,B,1,92.0,A,1,92.0,D,1,92.0,B,1,92.0,10,92.5,1.2,5.0,1.0,5.0,1.0,5.0,1.0,5.0,5.0,1.0,5.0,1.0,100.0,7.0,7.0,7.0,7.0,7.0,7.0,7.0,6.0,2.88,9.0,2.0,1.0,17.0,8.0,1.0,6.33,1.0,1.0,5.0,5.0,3.0,1.0,1.33,5.0,4.0,5.0,5.0,5.0,2.0,5.0,5.0,4.75,1,0,1,16,11,5,11,11,5,10,5,,,read the actual texts and followed the AI response closely to make sure it's correct,,n/a
6a11e96e121c58edac86d8ae,ai,2026-07-17T17:07:24.996701+00:00,True,31,['Man'],Manager,Native English speaker,Lower tertiary education degree (Bachelor's level),Several times a day,D,1,78.0,B,1,93.0,A,1,61.0,B,0,87.0,A,0,68.0,D,0,59.0,B,1,98.0,A,1,96.0,A,0,67.0,B,0,80.0,D,1,98.0,A,0,98.0,6,81.92,10.83,3.0,2.0,4.0,1.0,4.0,2.0,4.0,5.0,1.0,3.0,1.0,77.5,5.0,5.0,4.0,4.0,6.0,6.0,4.0,5.0,0.88,17.0,8.0,9.0,16.0,13.0,2.0,10.83,4.0,5.0,1.0,2.0,4.0,4.0,4.33,3.0,4.0,3.0,2.0,5.0,4.0,2.0,3.0,3.0,1,1,1,19,10,7,11,6,8,6,4,,,Went through the scenario carefully and compared with the AIs answers,,"This was a very well thought out study,I enjoyed taking part"
6a07018cc4b031d691ad7868,ai,2026-07-17T17:07:43.060977+00:00,True,38,['Woman'],IT Manager,Native English speaker,Higher tertiary education degree (Master's level),Several times a day,D,1,65.0,A,0,94.0,A,1,92.0,D,0,75.0,D,1,74.0,B,0,91.0,B,1,98.0,A,1,82.0,B,1,78.0,D,0,86.0,B,0,99.0,B,1,100.0,7,86.17,-4.86,5.0,1.0,5.0,2.0,5.0,1.0,5.0,5.0,1.0,5.0,5.0,87.5,7.0,5.0,7.0,6.0,7.0,7.0,6.0,7.0,2.5,14.0,4.0,5.0,18.0,19.0,1.0,10.17,4.0,5.0,1.0,1.0,5.0,5.0,4.83,5.0,5.0,4.0,5.0,4.0,2.0,5.0,5.0,4.62,1,1,1,15,10,7,8,12,2,12,5,,,I just followed the instruction given in other to provide answers,,Thank you very much.
6a1705de4d66fdccca1d1192,ai,2026-07-17T17:13:40.324421+00:00,True,33,['Woman'],Internal Recruiter,Native English speaker,Lower tertiary education degree (Bachelor's level),Several times a day,D,1,94.0,A,0,30.0,D,0,34.0,A,1,92.0,D,1,87.0,B,0,95.0,D,0,94.0,D,0,73.0,B,1,89.0,A,1,89.0,B,0,91.0,D,0,89.0,5,79.75,17.91,4.0,3.0,4.0,1.0,4.0,2.0,4.0,5.0,3.0,4.0,1.0,75.0,7.0,3.0,6.0,5.0,3.0,3.0,6.0,6.0,0.88,14.0,2.0,2.0,18.0,18.0,8.0,10.33,3.0,4.0,2.0,2.0,4.0,3.0,3.67,4.0,4.0,3.0,4.0,4.0,4.0,5.0,4.0,3.75,1,1,1,83,11,10,10,9,8,8,4,,,I tried to get the AI to check its own workings. Occasionally I would just reask the question to see if it came to the same answer. I would also try to get it to summarise its answers to I could see how it was reaching the conclusions. Some of the wording in the scenarios at the end was a bit ambiguous so it was hard to feel confident in your answer.,,
6a0b25192c5d95c79b377fc8,ai,2026-07-17T17:36:18.904800+00:00,True,20,['Woman'],Engineering Student,Fully fluent,Upper secondary school / High school,About once a day,D,1,87.0,A,0,80.0,A,1,79.0,B,0,82.0,A,0,82.0,B,0,84.0,B,1,79.0,A,1,81.0,B,1,92.0,D,0,76.0,D,1,82.0,A,0,82.0,6,82.17,2.33,5.0,1.0,5.0,2.0,4.0,1.0,5.0,5.0,2.0,4.0,1.0,90.0,7.0,7.0,5.0,6.0,5.0,5.0,5.0,6.0,1.75,2.0,1.0,2.0,11.0,3.0,5.0,4.0,1.0,2.0,2.0,4.0,3.0,4.0,2.67,5.0,4.0,4.0,4.0,4.0,2.0,5.0,4.0,4.25,1,1,1,14,12,2,12,11,1,11,1,,,I mostly used the AI system ensuring it had all the information,,
67118c5934ddcc26346c3183,ai,2026-07-17T17:37:02.305740+00:00,True,30,['Woman'],homemaker,Fully fluent,Upper secondary school / High school,A few times a week,D,1,62.0,A,0,69.0,D,0,60.0,A,1,54.0,D,1,63.0,B,0,71.0,D,0,63.0,B,0,61.0,B,1,57.0,B,0,67.0,B,0,61.0,D,0,64.0,4,62.67,-5.5,4.0,3.0,3.0,4.0,3.0,3.0,4.0,5.0,3.0,4.0,4.0,52.5,6.0,4.0,6.0,5.0,6.0,6.0,3.0,5.0,1.12,16.0,11.0,4.0,16.0,14.0,3.0,10.67,2.0,4.0,1.0,1.0,4.0,3.0,3.83,3.0,3.0,2.0,3.0,4.0,3.0,2.0,2.0,2.75,1,0,1,29,10,5,10,8,6,10,3,,,i tried to read the scenerio and get help from ai to understand more better.,,it was good experience.
6a073f16a1eef181e8a76922,ai,2026-07-17T17:41:06.181712+00:00,True,40,['Man'],Technology Researcher,Fully fluent,Higher tertiary education degree (Master's level),Several times a day,A,0,100.0,C,0,100.0,D,0,100.0,B,0,100.0,D,1,100.0,C,1,99.0,B,1,100.0,C,0,100.0,C,0,99.0,D,0,99.0,B,0,98.0,D,0,100.0,3,99.58,0.11,5.0,1.0,5.0,1.0,5.0,1.0,5.0,5.0,1.0,5.0,1.0,100.0,7.0,7.0,7.0,7.0,7.0,7.0,7.0,7.0,3.0,20.0,20.0,10.0,20.0,20.0,1.0,15.17,3.0,5.0,1.0,1.0,5.0,5.0,4.67,5.0,4.0,5.0,5.0,5.0,4.0,5.0,5.0,4.5,1,1,1,16,1,8,10,12,8,10,5,,,I co-exist with the AI to solve the task,,The AI is very good with the way it process the prompt
6a19406dba2ddac41395a833,ai,2026-07-17T17:50:49.028633+00:00,True,37,['Woman'],Dental technician,Fully fluent,Lower tertiary education degree (Bachelor's level),Several times a day,D,1,97.0,B,1,98.0,D,0,97.0,B,0,96.0,D,1,97.0,B,0,97.0,B,1,97.0,A,1,94.0,B,1,96.0,D,0,97.0,D,1,96.0,D,0,95.0,7,96.42,0.03,5.0,1.0,5.0,1.0,5.0,1.0,5.0,5.0,2.0,5.0,2.0,95.0,7.0,7.0,7.0,7.0,2.0,4.0,4.0,5.0,1.38,2.0,3.0,4.0,18.0,4.0,2.0,5.5,3.0,3.0,3.0,4.0,4.0,4.0,3.17,5.0,3.0,3.0,4.0,5.0,3.0,5.0,5.0,4.12,1,0,1,15,9,4,10,12,12,12,2,,,"I have used mainly AI and trusted it, as I have given all of the information needed. It has speeded up the time.",,None
69efb71c13372cd446d8b074,ai,2026-07-17T17:51:26.509437+00:00,True,34,['Man'],executive officer,Native English speaker,Higher tertiary education degree (Master's level),Several times a day,A,0,36.0,A,0,98.0,C,0,59.0,A,1,98.0,D,1,94.0,C,1,92.0,B,1,38.0,D,0,92.0,B,1,98.0,A,1,92.0,A,0,74.0,B,1,95.0,7,80.5,14.91,5.0,1.0,5.0,1.0,5.0,1.0,5.0,5.0,1.0,5.0,1.0,100.0,7.0,7.0,7.0,7.0,7.0,7.0,4.0,6.0,2.5,14.0,4.0,10.0,10.0,8.0,4.0,8.33,3.0,4.0,2.0,2.0,5.0,3.0,3.83,5.0,2.0,5.0,5.0,5.0,1.0,5.0,5.0,4.62,1,1,1,17,12,9,11,9,3,9,5,,,check my answers,,AI was very helpful in picking the correct answers. it helped to reduce mental stress.
6a01b9ffa327cfd876cd2caf,ai,2026-07-17T18:00:31.530051+00:00,True,29,['Woman'],Teacher,Fully fluent,Lower tertiary education degree (Bachelor's level),Several times a day,B,0,76.0,B,1,98.0,A,1,73.0,B,0,73.0,D,1,100.0,B,0,63.0,D,0,72.0,D,0,75.0,B,1,81.0,C,0,87.0,D,1,89.0,D,0,75.0,5,80.17,13.77,3.0,3.0,4.0,3.0,3.0,3.0,3.0,5.0,3.0,3.0,4.0,50.0,5.0,5.0,6.0,5.0,4.0,5.0,5.0,5.0,1.0,20.0,14.0,11.0,16.0,20.0,14.0,15.83,4.0,4.0,2.0,2.0,4.0,3.0,3.83,3.0,4.0,3.0,3.0,3.0,3.0,3.0,2.0,3.0,1,1,1,16,10,8,10,5,6,9,5,,,,,
63d0e55975e5beb4cdb7b188,ai,2026-07-20T11:41:27.807580+00:00,True,30,['Man'],Transcriptionist,Native English speaker,Vocational college degree,Several times a day,D,1,85.0,A,0,85.0,D,0,100.0,B,0,91.0,D,1,82.0,B,0,100.0,B,1,82.0,B,0,80.0,B,1,89.0,D,0,92.0,B,0,74.0,D,0,84.0,4,87.0,-3.75,5.0,2.0,5.0,1.0,5.0,1.0,5.0,5.0,1.0,5.0,1.0,97.5,7.0,7.0,7.0,6.0,5.0,7.0,5.0,3.0,1.88,2.0,1.0,1.0,15.0,7.0,1.0,4.5,4.0,3.0,2.0,2.0,4.0,3.0,3.67,5.0,3.0,5.0,5.0,4.0,1.0,5.0,5.0,4.62,1,1,1,21,10,4,10,12,1,12,3,,,"I asked the AI, then checked to see if it was correct looking through the scenario.",,"No, none. Was interesting to do."
62e02b26e879244a99e852fa,ai,2026-07-20T11:44:49.080364+00:00,True,50,['Man'],Company Director,Native English speaker,Lower tertiary education degree (Bachelor's level),Several times a day,D,1,44.0,C,0,33.0,A,1,33.0,B,0,37.0,D,1,82.0,B,0,55.0,B,1,64.0,C,0,52.0,B,1,33.0,A,1,29.0,D,1,52.0,D,0,57.0,7,47.58,1.34,3.0,1.0,5.0,1.0,4.0,1.0,4.0,5.0,1.0,4.0,1.0,87.5,4.0,6.0,6.0,2.0,4.0,4.0,2.0,2.0,-0.25,9.0,1.0,9.0,7.0,7.0,13.0,7.67,3.0,3.0,2.0,3.0,2.0,3.0,3.0,4.0,4.0,3.0,3.0,4.0,2.0,4.0,3.0,3.62,1,1,1,13,7,5,5,8,4,7,2,,,Just had a quick look to see if the answers sounded plausible.,,
57f9238bc786ac00011ebc72,ai,2026-07-20T11:45:02.037301+00:00,True,31,['Man'],Senior Account Manager,Native English speaker,Higher tertiary education degree (Master's level),Several times a day,D,1,44.0,A,0,40.0,D,0,42.0,D,0,37.0,D,1,100.0,B,0,100.0,B,1,100.0,A,1,45.0,B,1,100.0,D,0,33.0,D,1,43.0,D,0,48.0,6,61.0,22.0,3.0,2.0,4.0,2.0,3.0,2.0,4.0,5.0,2.0,3.0,2.0,67.5,4.0,5.0,5.0,5.0,1.0,1.0,4.0,1.0,-0.75,16.0,1.0,1.0,16.0,14.0,12.0,10.0,1.0,2.0,5.0,5.0,2.0,2.0,1.5,3.0,3.0,3.0,3.0,3.0,3.0,3.0,3.0,3.0,1,1,1,15,6,3,6,4,3,4,4,,,"I inputted the scenario provided into the AI agent, alongside the specific questions that needed to be assessed. From there, I asked it to answer the questions provided, bolding up any key bits of information relevant to solving the questions to determine which were correct, if either.",,
677c5eca7746c5274a7d88a4,ai,2026-07-20T12:00:12.499952+00:00,True,34,['Woman'],Software Engineer,Native English speaker,Lower tertiary education degree (Bachelor's level),A few times a week,A,0,48.0,D,0,40.0,A,1,40.0,A,1,36.0,D,1,66.0,B,0,68.0,A,0,83.0,D,0,68.0,C,0,32.0,A,1,73.0,B,0,58.0,D,0,45.0,4,54.75,-1.5,4.0,2.0,4.0,2.0,4.0,1.0,4.0,5.0,2.0,4.0,1.0,80.0,6.0,6.0,6.0,6.0,5.0,5.0,6.0,5.0,1.62,13.0,4.0,6.0,10.0,8.0,4.0,7.5,4.0,4.0,2.0,4.0,4.0,4.0,3.67,4.0,2.0,4.0,4.0,4.0,2.0,4.0,4.0,3.75,1,1,1,15,9,6,12,7,8,7,4,,,I used the Ai assstant provided to answer some questions.,,
69f1cef04898374f3c779ab0,ai,2026-07-20T12:01:43.552887+00:00,True,39,['Woman'],backend developer,Native English speaker,Higher tertiary education degree (Master's level),A few times a week,B,0,80.0,B,1,60.0,A,1,100.0,D,0,11.0,D,1,100.0,B,0,100.0,B,1,72.0,D,0,100.0,B,1,97.0,A,1,81.0,D,1,73.0,B,1,45.0,8,76.58,5.75,5.0,1.0,5.0,1.0,5.0,1.0,1.0,5.0,1.0,5.0,1.0,90.0,7.0,7.0,7.0,7.0,7.0,7.0,5.0,5.0,2.5,19.0,15.0,4.0,5.0,16.0,8.0,11.17,5.0,5.0,1.0,5.0,5.0,5.0,4.33,5.0,3.0,5.0,4.0,4.0,5.0,4.0,5.0,3.88,1,1,1,31,10,8,12,12,8,12,5,,,questioning the AI if its sure or if it can double check or give me its reasoning behind the answer.,,
5cab22cd68194f001511b2d6,ai,2026-07-20T12:06:10.917784+00:00,True,38,['Woman'],Junior accountant,Native English speaker,Upper secondary school / High school,A few times a week,D,1,100.0,D,0,98.0,D,0,100.0,A,1,100.0,D,1,100.0,A,0,100.0,B,1,82.0,A,1,52.0,B,1,100.0,A,1,99.0,D,1,100.0,D,0,95.0,8,93.83,-6.62,5.0,1.0,5.0,1.0,5.0,1.0,5.0,5.0,1.0,5.0,1.0,100.0,7.0,7.0,7.0,7.0,4.0,5.0,4.0,4.0,1.62,19.0,1.0,3.0,17.0,17.0,2.0,9.83,2.0,2.0,1.0,3.0,4.0,3.0,3.17,5.0,5.0,4.0,4.0,5.0,2.0,4.0,4.0,4.38,1,1,1,29,10,4,8,10,4,10,5,,,I asked the AI the question and then I checked its reasoning against the scenario and decided whether I thought it was correct or not.,,
6a0464c4873f031f438f0327,ai,2026-07-20T12:06:15.624419+00:00,True,29,['Man'],Finance,Fully fluent,Doctoral degree,Several times a day,D,1,93.0,C,0,97.0,D,0,79.0,B,0,31.0,D,1,66.0,C,1,74.0,B,1,97.0,D,0,47.0,C,0,76.0,A,1,93.0,A,0,66.0,B,1,90.0,6,75.75,19.5,4.0,2.0,4.0,4.0,5.0,3.0,5.0,5.0,1.0,5.0,4.0,72.5,6.0,3.0,5.0,6.0,5.0,6.0,7.0,6.0,1.5,19.0,20.0,3.0,19.0,19.0,3.0,13.83,5.0,5.0,1.0,2.0,5.0,1.0,4.17,5.0,2.0,4.0,4.0,5.0,4.0,5.0,4.0,3.88,1,1,1,17,10,8,11,10,8,10,5,,,I double checked every answer and re read every scenario till i fully understood the message,,
6a1d6ed2d1f659ae0b6ed638,ai,2026-07-20T12:13:52.670298+00:00,True,23,['Woman'],Student,Native English speaker,Lower tertiary education degree (Bachelor's level),A few times a week,D,1,65.0,A,0,56.0,A,1,58.0,A,1,33.0,D,1,76.0,B,0,72.0,B,1,67.0,D,0,63.0,B,1,65.0,A,1,58.0,B,0,44.0,B,1,41.0,8,58.17,-0.88,3.0,2.0,4.0,1.0,4.0,1.0,3.0,5.0,1.0,4.0,2.0,77.5,5.0,3.0,4.0,7.0,4.0,5.0,3.0,2.0,0.12,6.0,2.0,4.0,17.0,9.0,2.0,6.67,4.0,5.0,1.0,1.0,4.0,5.0,4.67,3.0,4.0,3.0,2.0,3.0,4.0,4.0,4.0,3.12,1,1,1,16,12,12,8,10,9,10,2,,,"AI use for summarising, reading over the scenarios",,
6a1ea2a53b2581b93256a6a6,ai,2026-07-20T12:15:14.231340+00:00,True,24,['Man'],Mechanical engineering ,Native English speaker,Doctoral degree,About once a day,C,0,78.0,A,0,87.0,A,1,89.0,C,0,94.0,A,0,63.0,A,0,77.0,A,0,82.0,A,1,86.0,C,0,91.0,D,0,85.0,A,0,95.0,C,0,93.0,2,85.0,3.0,1.0,4.0,5.0,1.0,5.0,3.0,2.0,5.0,3.0,3.0,3.0,55.0,4.0,5.0,5.0,5.0,5.0,5.0,5.0,5.0,0.88,19.0,3.0,9.0,16.0,18.0,1.0,11.0,5.0,3.0,4.0,2.0,4.0,4.0,3.67,5.0,5.0,3.0,3.0,3.0,5.0,1.0,3.0,3.0,1,1,1,13,11,8,10,5,9,8,1,,,I by myself read all the scenario rules so I understood every statement clearly before deciding whether it was correct without the assistance of the AI,,"none, I had less interaction with it"
6a186b9f5994daad25347f2d,ai,2026-07-20T12:16:47.585417+00:00,True,23,['Woman'],Social Care,Native English speaker,Lower tertiary education degree (Bachelor's level),Several times a day,B,0,84.0,A,0,93.0,D,0,100.0,B,0,94.0,C,0,81.0,B,0,100.0,C,0,79.0,A,1,78.0,B,1,100.0,D,0,97.0,A,0,99.0,B,1,91.0,3,91.33,-2.22,4.0,1.0,5.0,1.0,5.0,1.0,5.0,5.0,1.0,5.0,1.0,97.5,6.0,7.0,5.0,6.0,5.0,5.0,5.0,4.0,1.38,15.0,9.0,8.0,16.0,12.0,1.0,10.17,3.0,4.0,3.0,2.0,4.0,4.0,3.67,4.0,3.0,4.0,3.0,5.0,3.0,5.0,4.0,3.88,0,1,1,30,10,8,9,9,7,9,4,,,I cross-check the answer given to me by the AI and compare them with my understanding about the task,,No comment
6a1806979a036be32a527ff3,ai,2026-07-20T12:20:48.860018+00:00,True,49,['Man'],Software Engineer,Native English speaker,Vocational college degree,Several times a day,A,0,100.0,D,0,100.0,B,0,97.0,D,0,100.0,D,1,100.0,C,1,98.0,B,1,100.0,D,0,100.0,B,1,100.0,A,1,100.0,B,0,100.0,D,0,100.0,5,99.58,0.03,4.0,2.0,5.0,1.0,4.0,3.0,3.0,5.0,2.0,4.0,1.0,77.5,7.0,5.0,7.0,6.0,5.0,5.0,5.0,5.0,1.62,6.0,3.0,11.0,14.0,16.0,7.0,9.5,5.0,5.0,1.0,1.0,2.0,2.0,4.0,4.0,4.0,4.0,4.0,4.0,3.0,4.0,4.0,3.88,0,1,1,18,12,12,10,12,6,12,4,,,I have have a multi model orchestration system that gives a consensus score on technical problems - these are then reviewed by me to enable a clear decision to be made.,,The LLM gave clear working out on the results and how it got to this result. If the goal was to try to see the effectiveness of my use of LLM's then if the LLM is doing it job it should be perfect. 
671a3ac3dada5efe6d439698,ai,2026-07-20T12:27:26.219938+00:00,True,35,['Woman'],N/A,Native English speaker,Upper secondary school / High school,Several times a day,A,0,96.0,A,0,94.0,D,0,97.0,C,0,98.0,D,1,98.0,D,0,99.0,B,1,93.0,D,0,98.0,C,0,89.0,A,1,97.0,B,0,97.0,B,1,96.0,4,96.0,0.0,5.0,1.0,5.0,1.0,5.0,1.0,5.0,5.0,1.0,5.0,1.0,100.0,7.0,7.0,7.0,7.0,7.0,7.0,7.0,7.0,3.0,6.0,1.0,2.0,18.0,9.0,1.0,6.17,4.0,4.0,1.0,1.0,5.0,5.0,4.67,5.0,1.0,5.0,5.0,5.0,1.0,5.0,5.0,4.5,1,1,1,17,8,4,12,8,4,12,4,,,"I tried to figure out if there were any AI answers that I disagreed with, and made sure that I read through the reasoning that each answer gave. ",,
6a19fedb153705573a04a9b2,ai,2026-07-20T12:27:46.950948+00:00,True,32,['Woman'],Web developer,Native English speaker,Higher tertiary education degree (Master's level),Several times a day,B,0,82.0,C,0,95.0,D,0,89.0,D,0,89.0,D,1,88.0,B,0,95.0,D,0,90.0,C,0,84.0,B,1,78.0,D,0,89.0,B,0,87.0,D,0,89.0,2,87.92,-5.9,5.0,1.0,5.0,1.0,5.0,1.0,5.0,5.0,1.0,4.0,1.0,97.5,7.0,7.0,7.0,7.0,7.0,7.0,7.0,7.0,3.0,7.0,7.0,8.0,17.0,18.0,3.0,10.0,5.0,5.0,1.0,1.0,5.0,5.0,5.0,5.0,5.0,5.0,5.0,5.0,1.0,4.0,5.0,4.88,1,1,1,27,12,10,12,12,10,12,5,,,I read through and completely believe the result of AI if it align with what i have in mind.,,
697fbcfaae6bc29a56c28d58,ai,2026-07-20T12:35:32.553284+00:00,True,29,['Woman'],Administrative Assistant,Native English speaker,Lower tertiary education degree (Bachelor's level),About once a day,D,1,100.0,B,1,99.0,D,0,100.0,B,0,99.0,D,1,99.0,B,0,99.0,B,1,98.0,C,0,99.0,B,1,99.0,D,0,98.0,B,0,99.0,B,1,99.0,6,99.0,0.0,5.0,5.0,5.0,4.0,5.0,1.0,5.0,5.0,3.0,5.0,5.0,67.5,6.0,7.0,6.0,1.0,1.0,1.0,7.0,7.0,0.5,16.0,16.0,1.0,19.0,20.0,5.0,12.83,4.0,4.0,1.0,4.0,4.0,4.0,3.83,4.0,4.0,5.0,4.0,4.0,4.0,4.0,4.0,3.88,0,1,1,14,12,10,12,12,10,12,5,,,I read the scenarios properly before making decisions,,Amazing and worth learning study
67c60b46b619cad09b65ab51,ai,2026-07-20T12:40:31.931635+00:00,True,52,['Man'],manager,Native English speaker,Higher tertiary education degree (Master's level),Several times a day,C,0,42.0,C,0,83.0,A,1,30.0,A,1,31.0,D,1,28.0,C,1,30.0,C,0,25.0,C,0,26.0,B,1,66.0,D,0,68.0,C,0,18.0,C,0,63.0,5,42.5,-9.43,5.0,2.0,3.0,2.0,4.0,2.0,5.0,5.0,3.0,5.0,5.0,70.0,7.0,6.0,7.0,7.0,7.0,7.0,6.0,4.0,2.38,18.0,14.0,15.0,17.0,14.0,3.0,13.5,5.0,4.0,5.0,4.0,5.0,4.0,3.5,5.0,4.0,5.0,5.0,5.0,3.0,4.0,5.0,4.5,1,1,1,24,7,4,7,8,5,9,3,,,,,
66796f6a50ac90662e958273,ai,2026-07-20T12:47:25.487152+00:00,True,23,['Man'],paralegal,Native English speaker,Lower tertiary education degree (Bachelor's level),Several times a day,B,0,86.0,B,1,95.0,D,0,82.0,C,0,89.0,D,1,79.0,C,1,92.0,B,1,84.0,A,1,85.0,B,1,87.0,D,0,93.0,D,1,82.0,D,0,93.0,7,87.25,-2.31,4.0,1.0,4.0,1.0,4.0,3.0,4.0,5.0,1.0,4.0,1.0,82.5,7.0,7.0,5.0,6.0,4.0,5.0,5.0,4.0,1.38,3.0,1.0,1.0,10.0,6.0,2.0,3.83,2.0,2.0,3.0,3.0,2.0,3.0,2.5,4.0,2.0,3.0,3.0,5.0,3.0,4.0,4.0,3.5,1,1,1,26,11,5,12,10,2,9,1,,,just trusted the AI,,
6a00e36e3f9414f0d94977fd,ai,2026-07-20T12:47:48.978971+00:00,True,37,['Woman'],Editor,Native English speaker,Doctoral degree,Several times a day,D,1,78.0,C,0,68.0,A,1,78.0,D,0,75.0,D,1,75.0,C,1,54.0,B,1,75.0,C,0,73.0,B,1,75.0,A,1,77.0,B,0,75.0,D,0,81.0,7,73.67,-1.26,4.0,2.0,5.0,1.0,5.0,1.0,4.0,5.0,1.0,4.0,1.0,90.0,6.0,6.0,6.0,6.0,5.0,5.0,5.0,5.0,1.5,18.0,1.0,2.0,20.0,20.0,3.0,10.67,5.0,4.0,1.0,1.0,5.0,5.0,4.83,4.0,4.0,2.0,2.0,5.0,3.0,3.0,4.0,3.38,1,1,1,17,12,8,12,12,12,11,5,,,"I thought about my own answer first. Then I would read the AI response to see if the same answer was provided. If so, I went with that response straightaway. If it differed, I thought longer about the scenario before submitting my answer. In most cases, after reviewing again I agreed with the AI. ",,None
63d7a55aac703039f14c6705,ai,2026-07-20T12:48:10.393256+00:00,True,24,['Woman'],Nurse,Fully fluent,Lower tertiary education degree (Bachelor's level),A few times a week,A,0,70.0,C,0,100.0,D,0,70.0,C,0,94.0,D,1,86.0,B,0,91.0,D,0,81.0,B,0,78.0,B,1,77.0,D,0,61.0,D,1,100.0,D,0,76.0,3,82.0,7.56,5.0,2.0,4.0,4.0,4.0,1.0,5.0,5.0,3.0,4.0,2.0,75.0,6.0,2.0,6.0,2.0,5.0,5.0,4.0,4.0,0.25,17.0,4.0,2.0,19.0,18.0,12.0,12.0,1.0,3.0,4.0,2.0,4.0,2.0,2.67,4.0,2.0,5.0,4.0,5.0,4.0,5.0,4.0,3.88,1,1,1,18,8,4,6,10,2,11,4,,,I tried doing them myselve first and double check my answer with AI and if we different i see its reasoning and consider and if they question was too complex i would just use the ai answer,,No
6a0c5ad1f13f59bf0a03fffc,ai,2026-07-20T12:50:15.063777+00:00,True,20,['Woman'],Bar Manager,Native English speaker,Upper secondary school / High school,Several times a day,D,1,100.0,A,0,100.0,A,1,100.0,B,0,100.0,D,1,100.0,D,0,100.0,D,0,100.0,D,0,100.0,B,1,100.0,D,0,100.0,B,0,100.0,B,1,100.0,5,100.0,0.0,5.0,1.0,5.0,1.0,5.0,1.0,5.0,5.0,1.0,5.0,3.0,95.0,7.0,7.0,7.0,7.0,7.0,7.0,7.0,7.0,3.0,12.0,10.0,10.0,20.0,20.0,1.0,12.17,5.0,5.0,5.0,2.0,5.0,3.0,3.83,5.0,3.0,4.0,4.0,5.0,3.0,3.0,4.0,3.88,0,1,1,16,12,8,10,12,8,12,5,,,Well I preferred to get a quick overview with the AI Assistant to highlight the main points and then I would Paste the question to the AI Assistant and ask for relevant answer.,,The AI Assistant proves efficient and effective. I believe it is of great assistance when completing tasks.
5cf510ccb0bafb00161ffd56,ai,2026-07-20T12:55:18.000866+00:00,True,28,['Woman'],hospitality ,Native English speaker,Vocational college degree,A few times a week,A,0,98.0,B,1,83.0,A,1,69.0,B,0,92.0,A,0,77.0,B,0,86.0,A,0,86.0,A,1,94.0,B,1,98.0,A,1,87.0,D,1,66.0,D,0,83.0,6,84.92,-4.17,5.0,1.0,5.0,1.0,5.0,1.0,4.0,5.0,2.0,5.0,4.0,87.5,6.0,7.0,7.0,5.0,6.0,7.0,6.0,7.0,2.38,9.0,4.0,1.0,17.0,13.0,1.0,7.5,4.0,5.0,1.0,1.0,4.0,5.0,4.67,4.0,3.0,4.0,5.0,5.0,2.0,5.0,4.0,4.25,0,1,1,25,8,6,10,10,5,10,4,,,i provided the ai assistant with the scenario and then with the options to look at to see what statement was correct ,,none
637fad91c9976f9e66a65840,ai,2026-07-20T13:00:26.037264+00:00,True,41,['Man'],Tax inspector,Native English speaker,Upper secondary school / High school,About once a day,A,0,91.0,B,1,70.0,D,0,69.0,D,0,90.0,D,1,91.0,B,0,94.0,D,0,92.0,C,0,90.0,B,1,93.0,A,1,92.0,D,1,89.0,D,0,91.0,5,87.67,-1.14,5.0,1.0,5.0,1.0,5.0,1.0,5.0,5.0,1.0,5.0,1.0,100.0,7.0,7.0,7.0,7.0,4.0,6.0,7.0,7.0,2.5,4.0,2.0,5.0,19.0,12.0,1.0,7.17,5.0,5.0,1.0,1.0,4.0,5.0,4.83,5.0,4.0,4.0,5.0,5.0,1.0,5.0,5.0,4.75,1,1,1,26,8,0,8,9,0,8,5,,,I relied entirely on the AI to recommend a decision but always asked it to double check before accepting its answer.,,None
6a4414eb85f59713b94a03a1,ai,2026-07-20T13:04:47.825638+00:00,True,28,['Man'],Automotive Technician ,Native English speaker,Lower tertiary education degree (Bachelor's level),Several times a day,D,1,92.0,D,0,87.0,A,1,81.0,D,0,94.0,D,1,77.0,C,1,94.0,D,0,97.0,D,0,92.0,B,1,96.0,A,1,87.0,B,0,92.0,D,0,89.0,6,89.83,-4.0,3.0,4.0,2.0,1.0,4.0,2.0,4.0,5.0,3.0,5.0,3.0,62.5,3.0,3.0,5.0,3.0,4.0,4.0,4.0,3.0,-0.38,20.0,7.0,9.0,18.0,19.0,14.0,14.5,4.0,3.0,2.0,3.0,5.0,2.0,3.5,4.0,2.0,3.0,4.0,4.0,3.0,5.0,4.0,3.62,1,1,1,13,10,7,9,12,5,12,3,,,"I first try  to answer on my own, then I ask the AI to see if I'm correct, if not then I will check the reasons it gave for it's own answers if they actually make sense",,The interaction was smooth overall
69f0e5c8a2d68fe090716dc0,ai,2026-07-20T13:13:49.740539+00:00,True,30,['Woman'],Cabin crew,Native English speaker,Lower tertiary education degree (Bachelor's level),About once a day,D,1,100.0,B,1,100.0,A,1,99.0,B,0,100.0,D,1,100.0,B,0,100.0,B,1,100.0,C,0,100.0,B,1,100.0,A,1,100.0,B,0,100.0,D,0,100.0,7,99.92,-0.14,5.0,1.0,5.0,1.0,5.0,1.0,5.0,5.0,1.0,5.0,3.0,95.0,7.0,7.0,7.0,7.0,7.0,7.0,7.0,7.0,3.0,3.0,2.0,2.0,20.0,10.0,1.0,6.33,4.0,4.0,1.0,1.0,5.0,4.0,4.5,5.0,3.0,4.0,4.0,5.0,1.0,5.0,5.0,4.5,1,1,1,15,12,12,12,12,12,12,5,,,I read the scenario more than once before answering questions.,,
6a21f4c12774bbcebeeca3e7,ai,2026-07-20T13:15:08.775546+00:00,True,33,['Man'],Administrative assistant,Fully fluent,Lower tertiary education degree (Bachelor's level),Several times a day,D,1,36.0,D,0,42.0,A,1,79.0,D,0,33.0,D,1,78.0,A,0,40.0,B,1,41.0,D,0,38.0,B,1,43.0,D,0,88.0,B,0,35.0,D,0,53.0,5,50.5,8.4,4.0,2.0,4.0,2.0,3.0,2.0,4.0,5.0,2.0,4.0,2.0,72.5,6.0,5.0,5.0,6.0,5.0,5.0,5.0,5.0,1.25,15.0,12.0,9.0,9.0,14.0,12.0,11.83,4.0,4.0,2.0,2.0,4.0,4.0,4.0,4.0,3.0,3.0,3.0,4.0,2.0,5.0,4.0,3.75,1,1,1,20,10,5,8,12,3,9,4,,,"Carefully read the scenarios and the questions, then try my best to be objective in terms of decision making. Finally, take AI's recommendation before the submission.",,AI assistant was smart and helpful. Felt like a true professional assistant.
5aec1707c09cd900015d7408,ai,2026-07-20T13:16:48.778012+00:00,True,61,['Man'],Trustee,Native English speaker,Lower tertiary education degree (Bachelor's level),About once a day,D,1,9.0,D,0,11.0,A,1,22.0,D,0,10.0,D,1,12.0,B,0,17.0,B,1,13.0,D,0,17.0,C,0,15.0,A,1,15.0,D,1,19.0,D,0,13.0,6,14.42,1.17,4.0,3.0,2.0,3.0,3.0,3.0,3.0,5.0,3.0,2.0,3.0,47.5,4.0,4.0,4.0,4.0,4.0,4.0,4.0,4.0,0.0,14.0,13.0,7.0,4.0,14.0,14.0,11.0,2.0,2.0,4.0,2.0,2.0,2.0,2.33,3.0,3.0,2.0,2.0,3.0,4.0,3.0,3.0,2.62,1,1,1,16,7,5,7,5,0,7,2,,,,,
559bbbdafdf99b7ce19d5b3d,ai,2026-07-20T13:17:08.629496+00:00,True,41,['Man'],Sales Manager,Native English speaker,Vocational college degree,About once a day,A,0,81.0,D,0,78.0,A,1,81.0,A,1,77.0,D,1,94.0,C,1,86.0,B,1,83.0,C,0,83.0,B,1,84.0,A,1,73.0,D,1,38.0,D,0,81.0,8,78.25,-3.75,4.0,2.0,4.0,1.0,4.0,2.0,5.0,5.0,1.0,4.0,1.0,85.0,6.0,6.0,6.0,5.0,4.0,5.0,4.0,5.0,1.12,14.0,3.0,8.0,12.0,10.0,13.0,10.0,2.0,2.0,4.0,4.0,2.0,2.0,2.0,5.0,4.0,4.0,4.0,4.0,2.0,5.0,5.0,4.38,0,1,1,22,10,7,10,10,2,10,2,,,"I followed the logic of the AI answers and if it made sense to me, I agreed with it. The information was too involved for me to figure it out alone without AI helping me.  If AI seemed to struggle in the computation, I double checked. If it seemed sure and fast, I trusted it. ",,I thought the AI was very good at calculating the problems. 
6a269f30c7c9932b93e39124,ai,2026-07-20T13:22:30.483518+00:00,True,43,['Man'],IT Specialist ,Native English speaker,Higher tertiary education degree (Master's level),A few times a week,D,1,78.0,B,1,69.0,D,0,52.0,D,0,68.0,A,0,49.0,B,0,64.0,D,0,51.0,A,1,51.0,C,0,65.0,A,1,70.0,D,1,66.0,D,0,51.0,5,61.17,9.66,5.0,1.0,5.0,1.0,5.0,1.0,5.0,5.0,1.0,5.0,1.0,100.0,7.0,6.0,7.0,7.0,7.0,7.0,7.0,5.0,2.62,20.0,12.0,20.0,15.0,20.0,1.0,14.67,3.0,3.0,2.0,2.0,4.0,4.0,3.67,4.0,2.0,4.0,4.0,4.0,1.0,5.0,5.0,4.12,1,1,1,30,12,10,12,9,2,8,3,,,First I asked the AI about the scenario and then I asked the corresponding questions and then I read the scenario myself and try to answer the question to see if it will match,,
6a00dc49200488c52c09e666,ai,2026-07-20T13:24:30.487403+00:00,True,37,['Man'],Operations Manager,Native English speaker,Lower tertiary education degree (Bachelor's level),Several times a day,D,1,100.0,C,0,67.0,A,1,84.0,A,1,63.0,D,1,100.0,D,0,100.0,B,1,67.0,C,0,82.0,B,1,62.0,A,1,39.0,B,0,88.0,B,1,85.0,8,78.08,-9.25,4.0,2.0,5.0,1.0,4.0,2.0,4.0,5.0,1.0,4.0,1.0,85.0,6.0,7.0,5.0,6.0,5.0,6.0,6.0,3.0,1.5,15.0,3.0,3.0,14.0,4.0,1.0,6.67,4.0,4.0,2.0,2.0,3.0,4.0,3.83,4.0,5.0,1.0,2.0,5.0,4.0,5.0,4.0,3.5,1,1,1,27,8,6,10,12,4,11,3,,,I just told the AI the scenario then asked it the questions. I checked a couple and I found one error it seemed to make. I also asked the AI on occassion why the answers it gave me were correct and why the rest were wrong.,,
669053bbebafdd430e770142,ai,2026-07-20T13:29:02.420432+00:00,True,51,['Woman'],retail,Native English speaker,Lower tertiary education degree (Bachelor's level),A few times a month,D,1,97.0,A,0,84.0,A,1,88.0,D,0,79.0,D,1,96.0,B,0,92.0,B,1,90.0,C,0,91.0,B,1,92.0,C,0,96.0,D,1,96.0,D,0,97.0,6,91.5,3.33,5.0,1.0,5.0,3.0,4.0,1.0,5.0,5.0,1.0,4.0,1.0,90.0,7.0,7.0,7.0,7.0,4.0,4.0,6.0,6.0,2.0,1.0,1.0,1.0,20.0,1.0,1.0,4.17,3.0,2.0,4.0,4.0,3.0,3.0,2.5,5.0,2.0,5.0,5.0,5.0,2.0,5.0,5.0,4.5,1,1,1,20,11,3,11,12,0,12,1,,,"i simply copied and pasted the questions . It was far too complicated for me to do on my own,",,
6a063889228a40fd72e93598,ai,2026-07-20T13:38:18.929295+00:00,True,26,['Man'],Stundent/Retail Assitant and Freelance Programmer,Native English speaker,Upper secondary school / High school,Several times a day,A,0,73.0,D,0,77.0,A,1,80.0,D,0,69.0,D,1,91.0,B,0,97.0,B,1,96.0,D,0,94.0,B,1,89.0,A,1,85.0,D,1,75.0,B,1,73.0,7,83.25,2.14,4.0,1.0,5.0,1.0,4.0,2.0,5.0,5.0,1.0,4.0,1.0,90.0,6.0,6.0,6.0,5.0,4.0,5.0,6.0,6.0,1.5,12.0,10.0,6.0,15.0,2.0,15.0,10.0,4.0,2.0,2.0,3.0,5.0,2.0,3.33,4.0,3.0,2.0,3.0,2.0,1.0,5.0,4.0,3.5,1,1,1,14,8,2,8,10,2,8,3,,,I asked for a rating of what the AI thought the likelyhood of it being correct was.,,"The AI is a little slow, faster for some tasks than others, i guess that is based on how complex they are."
5be373e07e3c9b0001c4d434,ai,2026-07-20T13:39:14.448374+00:00,True,46,['Man'],Engineering,Native English speaker,Higher tertiary education degree (Master's level),About once a day,D,1,83.0,D,0,70.0,C,0,86.0,C,0,79.0,D,1,79.0,B,0,77.0,B,1,88.0,A,1,83.0,B,1,64.0,A,1,81.0,B,0,62.0,C,0,66.0,6,76.5,6.33,4.0,4.0,4.0,3.0,4.0,1.0,2.0,5.0,2.0,4.0,2.0,65.0,5.0,6.0,5.0,6.0,6.0,5.0,6.0,6.0,1.62,8.0,8.0,7.0,12.0,12.0,8.0,9.17,4.0,4.0,2.0,3.0,4.0,4.0,3.83,4.0,4.0,3.0,3.0,3.0,4.0,3.0,3.0,3.12,1,1,1,17,12,6,12,12,6,12,3,,,I sense checked some of the answers,,None
5c0cb29e1b80df00017843d2,ai,2026-07-20T13:41:19.004834+00:00,True,34,['Woman'],Homemaker,Native English speaker,Higher tertiary education degree (Master's level),About once a week,A,0,52.0,C,0,98.0,C,0,100.0,C,0,100.0,D,1,77.0,D,0,49.0,D,0,73.0,D,0,58.0,B,1,100.0,C,0,60.0,D,1,100.0,B,1,100.0,4,80.58,20.5,5.0,1.0,5.0,1.0,5.0,1.0,5.0,5.0,1.0,5.0,5.0,90.0,7.0,7.0,7.0,7.0,7.0,7.0,7.0,5.0,2.75,16.0,14.0,12.0,16.0,7.0,1.0,11.0,5.0,5.0,1.0,1.0,5.0,5.0,5.0,4.0,4.0,4.0,5.0,5.0,3.0,5.0,5.0,4.38,0,1,1,16,6,6,3,6,6,6,4,,,I selected what I felt best suited the option after reading the scenario and exercise. I also used the help of the AI,,Good survey
613a37819b27acb95e432628,ai,2026-07-20T13:55:55.761169+00:00,True,29,['Woman'],Procurement Officer,Native English speaker,Lower tertiary education degree (Bachelor's level),A few times a week,D,1,95.0,A,0,34.0,D,0,91.0,B,0,96.0,D,1,91.0,B,0,99.0,B,1,94.0,C,0,70.0,C,0,100.0,D,0,96.0,D,1,87.0,B,1,80.0,5,86.08,5.69,4.0,2.0,5.0,1.0,3.0,2.0,4.0,5.0,2.0,4.0,1.0,80.0,6.0,6.0,6.0,6.0,3.0,4.0,4.0,3.0,0.75,17.0,3.0,7.0,17.0,9.0,3.0,9.33,2.0,2.0,4.0,4.0,2.0,2.0,2.0,4.0,4.0,2.0,3.0,4.0,3.0,4.0,4.0,3.5,1,1,1,30,10,8,8,10,6,10,4,,,"I gave the AI the context and sometimes the questions, asked it to expand on the questions and also asked it to do things to help me understand things more.",,
69f6512526e29f5893e6c203,ai,2026-07-20T14:00:26.445191+00:00,True,25,['Woman'],Unemployed,Fully fluent,Higher tertiary education degree (Master's level),Several times a day,D,1,64.0,B,1,49.0,D,0,33.0,A,1,90.0,D,1,92.0,B,0,83.0,B,1,83.0,D,0,50.0,B,1,79.0,D,0,45.0,D,1,64.0,D,0,59.0,7,65.92,20.43,3.0,2.0,5.0,1.0,4.0,2.0,4.0,5.0,1.0,4.0,1.0,82.5,5.0,7.0,5.0,7.0,4.0,5.0,3.0,3.0,0.88,20.0,3.0,10.0,10.0,20.0,15.0,13.0,3.0,4.0,2.0,3.0,5.0,4.0,3.83,2.0,3.0,1.0,1.0,3.0,5.0,3.0,3.0,2.12,1,1,1,51,11,8,10,6,4,1,5,,,"I read all scenarios carefully, I had some doubts after reading, but I tried to give as much detailed instructions as possible to the AI. After I got the response from the AI, I tried to understand why and what the reasons behind that to the best of my capabilities.",,"I encountered some technical issues during the study, the AI could not answer one of my questions, it stopped at reasoning until I copy pasted the question again. "
6a0dca3aabf1a745cf2fc4d8,ai,2026-07-20T14:04:22.408859+00:00,True,52,['Woman'],health care worker,Fully fluent,Lower tertiary education degree (Bachelor's level),A few times a week,D,1,80.0,A,0,81.0,A,1,83.0,D,0,77.0,D,1,80.0,C,1,83.0,B,1,75.0,A,1,80.0,B,1,73.0,A,1,83.0,B,0,73.0,D,0,73.0,8,78.42,3.62,5.0,1.0,5.0,1.0,5.0,1.0,5.0,5.0,1.0,5.0,1.0,100.0,7.0,1.0,1.0,7.0,4.0,7.0,7.0,6.0,1.0,17.0,11.0,11.0,16.0,15.0,5.0,12.5,1.0,3.0,4.0,4.0,4.0,3.0,2.5,5.0,3.0,5.0,5.0,5.0,1.0,5.0,5.0,4.75,1,0,1,17,12,10,11,12,10,11,4,,,,,no
69f251f0d23a0b8b82cab811,ai,2026-07-20T14:08:07.470706+00:00,True,48,['Man'],Software Engineer,Native English speaker,Vocational college degree,Several times a day,A,0,99.0,A,0,97.0,A,1,100.0,C,0,90.0,D,1,100.0,B,0,100.0,D,0,89.0,D,0,55.0,B,1,67.0,D,0,97.0,B,0,29.0,D,0,96.0,3,84.92,5.44,5.0,1.0,5.0,1.0,3.0,1.0,5.0,5.0,1.0,5.0,1.0,95.0,7.0,7.0,7.0,7.0,5.0,6.0,3.0,6.0,2.0,17.0,3.0,4.0,19.0,20.0,1.0,10.67,4.0,5.0,1.0,1.0,4.0,4.0,4.5,5.0,3.0,4.0,4.0,5.0,2.0,5.0,5.0,4.38,1,1,1,14,12,12,12,12,6,12,4,,,Let AI do its reasoning while I checked what my answers would be. Then see if they match my expectations.,,
55d22025cc2b18000c0b9d9c,ai,2026-07-20T14:11:04.793089+00:00,True,29,['Man'],Operations assistant,Native English speaker,Lower tertiary education degree (Bachelor's level),About once a day,D,1,87.0,C,0,69.0,D,0,54.0,D,0,77.0,D,1,68.0,B,0,7.0,D,0,22.0,D,0,17.0,B,1,16.0,A,1,67.0,D,1,77.0,B,1,35.0,6,49.67,17.33,3.0,4.0,4.0,1.0,2.0,4.0,5.0,5.0,3.0,4.0,1.0,62.5,3.0,6.0,3.0,6.0,2.0,2.0,3.0,2.0,-0.62,17.0,6.0,12.0,7.0,15.0,19.0,12.67,1.0,2.0,5.0,4.0,1.0,3.0,1.67,4.0,4.0,1.0,2.0,5.0,5.0,5.0,4.0,3.25,1,1,1,25,12,8,9,8,4,6,4,,,"If the scenario or the question seemed quite complex, I'd ensure I cross referenced the statements that the AI gave me with the scenario I was presented, as sometimes they can invent rules that are completely wrong. Even then, I wasn't always sure if I was second guessing myself or the AI!
",,
6a180ce2e153fafcb23cb3cc,ai,2026-07-20T14:12:05.324840+00:00,True,34,['Man'],Microbiology/Accountancy,Native English speaker,Lower tertiary education degree (Bachelor's level),Several times a day,D,1,62.0,A,0,77.0,D,0,69.0,B,0,64.0,A,0,69.0,C,1,81.0,B,1,76.0,A,1,75.0,B,1,73.0,D,0,74.0,D,1,81.0,B,1,68.0,7,72.42,3.11,4.0,1.0,5.0,1.0,4.0,1.0,5.0,5.0,1.0,4.0,2.0,90.0,6.0,7.0,6.0,6.0,4.0,5.0,2.0,2.0,0.75,18.0,2.0,12.0,15.0,18.0,15.0,13.33,3.0,3.0,3.0,3.0,3.0,3.0,3.0,4.0,4.0,4.0,4.0,5.0,2.0,4.0,4.0,4.12,1,1,1,19,10,8,12,11,4,11,4,,,"At first it was to take in the scenario and then proceed back to the questions, it sometimes meant double or triple reading due to how much inforamtion needed to be balanced. Then it was a case of feeding it to the AI and seeing if what I thought matched up with it's responses and if necessary check the AI's interpretation.",,
69fb9150ffbd80e33acb2237,ai,2026-07-20T14:15:33.746037+00:00,True,40,['Man'],Senior Data Analyst,Fully fluent,Higher tertiary education degree (Master's level),Several times a day,D,1,94.0,D,0,81.0,A,1,100.0,C,0,97.0,D,1,100.0,B,0,100.0,D,0,100.0,A,1,100.0,B,1,100.0,D,0,100.0,B,0,100.0,D,0,100.0,5,97.67,1.94,5.0,2.0,1.0,1.0,4.0,1.0,5.0,5.0,3.0,5.0,1.0,80.0,7.0,6.0,6.0,7.0,5.0,6.0,7.0,5.0,2.12,17.0,5.0,1.0,19.0,9.0,1.0,8.67,4.0,5.0,1.0,1.0,4.0,5.0,4.67,5.0,3.0,4.0,4.0,5.0,5.0,4.0,5.0,3.88,0,1,1,17,12,10,11,12,9,12,5,,,strictly logic constraint matrix checks,,"fast, accurate, helpful, clrear collabotaor"
6a05f983071b3fb2a0e01414,ai,2026-07-20T14:18:50.446781+00:00,True,28,['Man'],Data Analyst,Native English speaker,Lower tertiary education degree (Bachelor's level),About once a day,D,1,64.0,A,0,58.0,D,0,58.0,C,0,35.0,D,1,83.0,C,1,62.0,D,0,72.0,A,1,69.0,C,0,61.0,A,1,68.0,B,0,62.0,D,0,43.0,5,61.25,13.63,2.0,2.0,4.0,1.0,3.0,4.0,3.0,5.0,2.0,2.0,3.0,55.0,3.0,2.0,5.0,5.0,3.0,4.0,3.0,3.0,-0.5,18.0,7.0,8.0,13.0,16.0,5.0,11.17,4.0,4.0,2.0,2.0,4.0,4.0,4.0,2.0,2.0,2.0,1.0,4.0,4.0,3.0,4.0,2.5,1,1,1,43,10,8,9,8,6,7,5,,,"Initially, I came up with my own conclusion then cross referenced. I often noticed there were discrepancies, and challenged them. The next two scenarios I felt were harder and more fatiguing, so I asked the AI to give their conclusion which I then read and challenged myself. Where I wasn't sure, I got the AI to check its answers again more thoroughly. ",,
6a15aecec496a8f5acb7ea17,ai,2026-07-20T14:19:59.261908+00:00,True,27,['Woman'],Accountant,Native English speaker,Lower tertiary education degree (Bachelor's level),Several times a day,A,0,70.0,D,0,75.0,D,0,84.0,A,1,39.0,D,1,100.0,B,0,88.0,B,1,81.0,D,0,99.0,B,1,61.0,A,1,66.0,B,0,65.0,D,0,73.0,5,75.08,-9.74,4.0,2.0,5.0,1.0,4.0,2.0,5.0,5.0,2.0,3.0,2.0,80.0,6.0,7.0,6.0,5.0,4.0,6.0,5.0,3.0,1.25,12.0,2.0,1.0,10.0,11.0,8.0,7.33,4.0,4.0,2.0,1.0,4.0,5.0,4.33,4.0,4.0,2.0,1.0,5.0,4.0,4.0,4.0,3.25,1,1,1,27,12,9,12,10,7,9,4,,,"I briefly read the scenario and considered potential solutions, and checked this aligned with what the AI had said. However, sometimes the scenario was very complex and I found it difficult to verify, so I had to trust the AI.",,
5e1e6eccd727e91c36a943fd,ai,2026-07-20T14:20:37.306950+00:00,True,51,['Man'],Retail Manager,Native English speaker,Lower tertiary education degree (Bachelor's level),Several times a day,D,1,93.0,C,0,56.0,A,1,94.0,B,0,70.0,D,1,94.0,B,0,86.0,D,0,93.0,B,0,91.0,B,1,78.0,D,0,52.0,D,1,71.0,D,0,83.0,5,80.08,10.14,5.0,1.0,5.0,1.0,5.0,1.0,3.0,5.0,1.0,5.0,1.0,95.0,7.0,7.0,5.0,7.0,4.0,6.0,6.0,5.0,1.88,3.0,1.0,1.0,19.0,7.0,1.0,5.33,1.0,5.0,1.0,1.0,5.0,5.0,4.33,5.0,4.0,4.0,4.0,5.0,1.0,5.0,5.0,4.62,1,1,1,50,12,12,12,12,10,10,5,,,"Double checking, asking for confidence percentages and full explanations. ",,
6a148943d63fe1ecc3e2970d,ai,2026-07-20T14:37:42.195914+00:00,True,23,['Man'],Engineer,Native English speaker,Higher tertiary education degree (Master's level),A few times a week,D,1,77.0,B,1,75.0,D,0,79.0,C,0,80.0,D,1,81.0,B,0,74.0,B,1,83.0,A,1,83.0,B,1,73.0,A,1,81.0,B,0,81.0,D,0,86.0,7,79.42,-1.0,4.0,2.0,4.0,1.0,4.0,2.0,4.0,5.0,2.0,4.0,1.0,80.0,6.0,6.0,5.0,6.0,4.0,5.0,5.0,5.0,1.25,16.0,3.0,6.0,18.0,15.0,2.0,10.0,4.0,4.0,2.0,2.0,3.0,4.0,3.83,5.0,3.0,4.0,4.0,4.0,2.0,5.0,4.0,4.12,1,1,1,35,11,8,9,11,7,8,4,,,Read through the text to make sure the Ai was correct and asked the AI to double check and evaluate its answers against other outcomes ,,All good 
6a15c95975b2d293de75ed8c,ai,2026-07-20T14:40:43.592774+00:00,True,25,['Man'],Civil Service,Native English speaker,Lower tertiary education degree (Bachelor's level),About once a day,D,1,100.0,C,0,100.0,D,0,100.0,D,0,100.0,D,1,100.0,B,0,100.0,B,1,100.0,D,0,100.0,B,1,100.0,D,0,100.0,D,1,100.0,A,0,100.0,5,100.0,0.0,4.0,1.0,5.0,1.0,5.0,1.0,5.0,5.0,1.0,5.0,1.0,97.5,7.0,7.0,7.0,7.0,4.0,5.0,5.0,6.0,2.0,3.0,1.0,1.0,17.0,2.0,1.0,4.17,3.0,3.0,2.0,2.0,4.0,4.0,3.67,5.0,5.0,5.0,5.0,4.0,2.0,5.0,4.0,4.62,1,1,1,15,11,1,11,12,0,8,3,,,I basically delegated the solving to the AI then read the answer to see if the reasoning made sense which it always did. And when I made a mistake they declared they did not have sufficient information to make a judgement which reinforced my trust in the AI.,,I thought it performed very well.
6a063e75051be6d8504d339b,ai,2026-07-20T14:42:38.712722+00:00,True,31,['Woman'],Data Analyst,Native English speaker,Doctoral degree,Several times a day,D,1,98.0,A,0,99.0,B,0,92.0,C,0,99.0,D,1,100.0,D,0,100.0,D,0,98.0,C,0,99.0,C,0,100.0,A,1,98.0,D,1,98.0,D,0,99.0,4,98.33,0.25,5.0,1.0,2.0,1.0,5.0,2.0,5.0,5.0,3.0,5.0,1.0,85.0,7.0,7.0,7.0,7.0,7.0,7.0,7.0,7.0,3.0,10.0,10.0,10.0,19.0,13.0,5.0,11.17,4.0,4.0,1.0,2.0,5.0,5.0,4.5,5.0,4.0,5.0,5.0,5.0,3.0,4.0,5.0,4.5,1,1,1,13,12,12,11,12,12,12,5,,,Using Critical Thinking,,Not at all
6a062356e11b977c2d0a0eef,ai,2026-07-20T14:43:54.213540+00:00,True,40,['Woman'],Legal professional,Native English speaker,Higher tertiary education degree (Master's level),Several times a day,D,1,23.0,D,0,32.0,B,0,15.0,D,0,46.0,D,1,35.0,B,0,28.0,B,1,29.0,D,0,32.0,B,1,38.0,D,0,35.0,B,0,35.0,B,1,39.0,5,32.25,0.94,2.0,2.0,4.0,2.0,3.0,5.0,4.0,5.0,3.0,1.0,2.0,50.0,3.0,6.0,2.0,3.0,4.0,3.0,2.0,2.0,-0.88,13.0,2.0,2.0,16.0,10.0,14.0,9.5,3.0,3.0,2.0,4.0,4.0,4.0,3.33,1.0,1.0,1.0,1.0,4.0,4.0,3.0,2.0,1.88,1,1,1,27,9,9,9,9,12,6,3,,,I asked AI to double-check,,
6a01c4c8248651c0157c76c5,ai,2026-07-20T14:45:19.995499+00:00,True,31,['Man'],Director,Native English speaker,Lower tertiary education degree (Bachelor's level),Several times a day,D,1,56.0,A,0,98.0,A,1,91.0,B,0,96.0,A,0,91.0,D,0,96.0,B,1,77.0,A,1,83.0,B,1,84.0,A,1,89.0,A,0,98.0,D,0,96.0,6,87.92,-15.83,5.0,2.0,5.0,1.0,4.0,1.0,4.0,5.0,1.0,4.0,1.0,90.0,7.0,6.0,6.0,7.0,5.0,6.0,7.0,7.0,2.38,14.0,4.0,1.0,17.0,12.0,2.0,8.33,4.0,5.0,1.0,2.0,5.0,4.0,4.5,5.0,4.0,5.0,5.0,5.0,1.0,5.0,5.0,4.88,1,1,1,19,10,8,10,10,5,10,4,,,I checked my answers by asking AI.,,It was simple and easy to navigate
69ebc08476719be8a035de6d,ai,2026-07-20T14:52:45.550618+00:00,True,58,['Man'],engineer,Native English speaker,Lower tertiary education degree (Bachelor's level),About once a week,D,1,85.0,D,0,90.0,A,1,84.0,D,0,84.0,D,1,91.0,B,0,95.0,B,1,93.0,A,1,90.0,B,1,93.0,D,0,97.0,D,1,93.0,B,1,94.0,8,90.75,-1.12,3.0,2.0,4.0,1.0,4.0,3.0,4.0,5.0,1.0,4.0,1.0,77.5,6.0,6.0,6.0,6.0,5.0,5.0,4.0,4.0,1.25,4.0,2.0,3.0,17.0,16.0,2.0,7.33,3.0,4.0,1.0,1.0,4.0,4.0,4.17,3.0,4.0,3.0,3.0,4.0,3.0,4.0,4.0,3.5,1,1,1,29,12,7,12,12,3,12,3,,,I relied on the AI tool entirely,,It seemed to work well
6a20323741d57a440c33f2fc,ai,2026-07-20T14:52:52.186269+00:00,True,27,['Woman'],Customer Care Expert,Fully fluent,Lower tertiary education degree (Bachelor's level),Several times a day,D,1,100.0,A,0,76.0,A,1,100.0,B,0,65.0,D,1,100.0,B,0,100.0,D,0,100.0,B,0,85.0,B,1,67.0,D,0,73.0,B,0,43.0,B,1,63.0,5,81.0,8.57,3.0,3.0,4.0,1.0,3.0,3.0,2.0,5.0,3.0,4.0,1.0,62.5,6.0,5.0,6.0,4.0,2.0,3.0,2.0,1.0,-0.38,16.0,1.0,20.0,18.0,12.0,1.0,11.33,4.0,5.0,2.0,1.0,5.0,4.0,4.5,4.0,3.0,2.0,4.0,3.0,4.0,3.0,4.0,3.12,1,1,1,21,12,12,7,9,12,12,4,,,,,
6151e69a392433707e7a9dfb,ai,2026-07-20T14:56:34.844541+00:00,True,28,['Man'],Audio Engineer,Native English speaker,Lower tertiary education degree (Bachelor's level),Several times a day,D,1,57.0,C,0,56.0,D,0,77.0,B,0,50.0,D,1,80.0,C,1,89.0,D,0,88.0,C,0,78.0,B,1,84.0,D,0,66.0,D,1,77.0,B,1,52.0,6,71.17,4.0,4.0,2.0,4.0,1.0,4.0,2.0,4.0,5.0,2.0,4.0,2.0,77.5,6.0,5.0,5.0,5.0,4.0,5.0,5.0,5.0,1.0,18.0,2.0,13.0,19.0,19.0,10.0,13.5,4.0,4.0,1.0,1.0,5.0,4.0,4.5,4.0,3.0,2.0,2.0,4.0,4.0,4.0,4.0,3.12,1,1,1,14,10,7,8,10,7,8,5,,,"I copied the full scenario and asked the AI to check each constraint step by step. I then compared the AI's answer against the scenario myself, especially availability, timing, cost and whether any counterexample schedule was possible.",,"The AI was useful for organising the information quickly, but I still needed to verify its reasoning because it sometimes overlooked constraints or made scheduling errors."
6a0f4efa4c1c3cea7f8f090a,ai,2026-07-20T14:58:50.992103+00:00,True,25,['Man'],AI Trainer,Native English speaker,Lower tertiary education degree (Bachelor's level),A few times a week,D,1,96.0,D,0,22.0,A,1,100.0,D,0,39.0,D,1,95.0,B,0,100.0,B,1,100.0,D,0,61.0,C,0,100.0,D,0,58.0,D,1,38.0,B,1,0.0,6,67.42,8.17,2.0,2.0,4.0,1.0,4.0,4.0,4.0,5.0,2.0,4.0,2.0,67.5,6.0,7.0,4.0,6.0,4.0,5.0,5.0,4.0,1.12,9.0,1.0,2.0,13.0,11.0,2.0,6.33,2.0,3.0,4.0,4.0,2.0,2.0,2.17,2.0,4.0,1.0,1.0,4.0,5.0,4.0,2.0,2.38,1,1,1,25,10,8,10,6,8,4,4,,,Initially I questioned the AI to make sure but then I trusted it too much and did not ask extra questions for a few until I realised it was providing incorrect suggestions and I made sure to question it heavily towards the end.,,I assume it was set to provide correct answers on only some of the questions and on others you had to challenge it to find the correct answer. Although on one it changed to all four answer choices and clearly had no idea what the answer was. 
69ff773caae9f9dfb3fc081c,ai,2026-07-20T14:59:32.769339+00:00,True,27,['Man'],Auditor,Native English speaker,Higher tertiary education degree (Master's level),Several times a day,D,1,93.0,B,1,94.0,D,0,100.0,A,1,89.0,D,1,100.0,B,0,100.0,B,1,100.0,D,0,88.0,D,0,92.0,D,0,90.0,B,0,100.0,D,0,91.0,5,94.75,0.77,3.0,1.0,5.0,1.0,3.0,1.0,5.0,5.0,1.0,5.0,1.0,90.0,6.0,7.0,5.0,7.0,3.0,3.0,1.0,1.0,0.12,20.0,1.0,10.0,20.0,15.0,12.0,13.0,4.0,5.0,1.0,3.0,5.0,5.0,4.5,4.0,4.0,2.0,3.0,4.0,5.0,4.0,3.0,3.12,1,0,1,17,12,6,12,10,3,11,3,,,"I worked out the answers to the best of my ability, asked the LLM and evaluated its answers",,
66fad26e4b07f6149ceb136d,ai,2026-07-20T15:01:01.722980+00:00,True,43,['Man'],Theatre Production,Native English speaker,Higher tertiary education degree (Master's level),A few times a week,D,1,73.0,D,0,60.0,D,0,70.0,B,0,70.0,D,1,78.0,C,1,83.0,B,1,74.0,C,0,58.0,C,0,82.0,D,0,64.0,A,0,53.0,D,0,61.0,4,68.83,12.25,4.0,2.0,4.0,2.0,3.0,2.0,4.0,5.0,2.0,3.0,3.0,67.5,6.0,4.0,6.0,4.0,5.0,6.0,3.0,3.0,0.62,15.0,13.0,15.0,12.0,13.0,14.0,13.67,4.0,4.0,1.0,2.0,3.0,4.0,4.0,4.0,3.0,4.0,4.0,5.0,3.0,4.0,5.0,4.0,1,1,1,25,9,6,9,10,7,10,4,,,"I began to trust the AI assistant more as the task progressed. At the beginning I tried to solve the problems completely by myself, but as we progressed I put more and more trust into the AI and only really half checked whether they were right, particularly if the AI's reasoning appeared to be sound. ",,"It took me a turn to realise that the AI needed to have the information given to them and it was not able to see what I saw, but then I found a method and a working pattern with the AI. "
6a24daa3f97e30d2143a085a,ai,2026-07-20T15:09:54.347361+00:00,True,35,['Woman'],pharmacist,Native English speaker,Higher tertiary education degree (Master's level),A few times a week,D,1,3.0,A,0,11.0,D,0,8.0,C,0,9.0,D,1,99.0,B,0,100.0,D,0,7.0,B,0,70.0,B,1,70.0,A,1,24.0,A,0,17.0,C,0,59.0,4,39.75,13.88,4.0,3.0,3.0,2.0,3.0,2.0,4.0,5.0,2.0,3.0,4.0,60.0,5.0,5.0,5.0,5.0,4.0,4.0,5.0,3.0,0.5,13.0,2.0,6.0,16.0,16.0,13.0,11.0,2.0,2.0,3.0,3.0,3.0,5.0,3.0,3.0,3.0,2.0,2.0,4.0,4.0,3.0,4.0,2.88,1,1,1,19,10,8,6,7,3,6,3,,,"I tried to understand the scenarios, but some were very wordy and hard to get my head around. For the first two scenarios, i highly depended on AI for the answers. For the last scenario, i used my own knowledge more as i understood the scenario better, and used AIs prompts to help solidy my answer",,
6a21da4f7725746be976f70f,ai,2026-07-20T15:12:36.157939+00:00,True,30,['Man'],Software Engineer,Native English speaker,Higher tertiary education degree (Master's level),Several times a day,D,1,98.0,A,0,96.0,A,1,94.0,C,0,97.0,D,1,95.0,B,0,95.0,B,1,93.0,C,0,96.0,B,1,100.0,B,0,100.0,B,0,98.0,B,1,96.0,6,96.5,-1.0,4.0,2.0,5.0,1.0,4.0,2.0,5.0,5.0,1.0,5.0,1.0,90.0,7.0,6.0,7.0,7.0,7.0,7.0,6.0,6.0,2.62,10.0,8.0,10.0,19.0,11.0,3.0,10.17,4.0,4.0,2.0,3.0,5.0,3.0,3.83,4.0,3.0,4.0,4.0,4.0,3.0,4.0,3.0,3.62,1,1,1,15,12,12,12,9,9,12,4,,,I used RAG style prompting to get answers by making the AI answer from provided information and nothing else.,,no comments
6a1f2648e8f22a561550e699,ai,2026-07-20T15:16:23.578123+00:00,True,44,['Man'],IT Channel Manager,Native English speaker,Vocational college degree,A few times a week,D,1,85.0,C,0,92.0,D,0,85.0,A,1,56.0,D,1,100.0,B,0,100.0,B,1,96.0,A,1,70.0,B,1,96.0,D,0,91.0,B,0,74.0,D,0,59.0,6,83.67,0.33,4.0,2.0,4.0,1.0,4.0,2.0,3.0,5.0,2.0,4.0,2.0,75.0,6.0,2.0,6.0,4.0,3.0,3.0,3.0,5.0,0.0,18.0,3.0,17.0,14.0,13.0,13.0,13.0,4.0,2.0,3.0,3.0,2.0,3.0,2.83,4.0,4.0,4.0,4.0,4.0,2.0,5.0,3.0,4.0,1,1,1,16,12,6,12,12,3,12,2,,,"I gave the AI the input info and read a quick overview and fact checked a couple of things, but not in detail or depth",,none
6a11601203137aea7dacc186,ai,2026-07-20T15:24:27.408335+00:00,True,36,['Man'],healthcare assitant,Native English speaker,Lower tertiary education degree (Bachelor's level),About once a day,D,1,80.0,C,0,93.0,C,0,64.0,C,0,69.0,D,1,87.0,B,0,83.0,B,1,83.0,A,1,89.0,B,1,95.0,A,1,75.0,A,0,89.0,B,1,91.0,7,83.17,6.11,3.0,4.0,3.0,2.0,4.0,4.0,2.0,5.0,4.0,4.0,2.0,50.0,6.0,5.0,6.0,4.0,5.0,6.0,6.0,2.0,1.0,13.0,12.0,14.0,14.0,16.0,13.0,13.67,4.0,4.0,2.0,4.0,4.0,4.0,3.67,4.0,4.0,2.0,2.0,3.0,2.0,4.0,4.0,3.38,1,0,1,30,12,7,10,4,9,1,5,,,i crossed the dates and compared with ai resultd,,no
6a0c537b5ea99e16c2db1324,ai,2026-07-20T15:26:47.448010+00:00,True,19,['Man'],Student,Native English speaker,Upper secondary school / High school,About once a week,A,0,100.0,C,0,32.0,D,0,100.0,B,0,19.0,D,1,100.0,D,0,100.0,D,0,93.0,D,0,100.0,B,1,100.0,D,0,66.0,D,1,100.0,B,1,25.0,4,77.92,5.0,5.0,1.0,5.0,1.0,5.0,1.0,5.0,5.0,1.0,4.0,1.0,97.5,7.0,7.0,7.0,7.0,1.0,1.0,4.0,4.0,0.75,15.0,1.0,5.0,20.0,15.0,10.0,11.0,4.0,4.0,2.0,2.0,5.0,4.0,4.17,5.0,3.0,4.0,4.0,5.0,2.0,5.0,4.0,4.25,1,1,1,15,12,8,12,10,5,12,4,,,"Tried solving without AI, then making the AI solve it. If we had the same answers, I didn't bother checking and was confident. If we had different answers, I used the AI's answer after checking the logic.",,
6a1de887b7cd6b85f4db6cf2,ai,2026-07-20T15:42:48.353090+00:00,True,28,['Woman'],Primary Teacher,Native English speaker,Lower tertiary education degree (Bachelor's level),Several times a day,D,1,84.0,A,0,96.0,C,0,82.0,B,0,87.0,D,1,99.0,B,0,97.0,D,0,91.0,D,0,93.0,C,0,100.0,A,1,89.0,B,0,84.0,D,0,87.0,3,90.75,-0.11,4.0,2.0,4.0,1.0,3.0,1.0,4.0,5.0,1.0,5.0,1.0,85.0,5.0,3.0,2.0,5.0,1.0,1.0,5.0,5.0,-0.62,7.0,4.0,4.0,19.0,8.0,2.0,7.33,3.0,4.0,2.0,2.0,4.0,4.0,3.83,5.0,2.0,4.0,4.0,4.0,2.0,4.0,3.0,3.75,1,1,1,20,10,6,3,12,5,12,4,,,I gave AI the information from the scenario. Allowed the AI tool to summarise the information and then posed the question.,,
602252fc987b513210335173,ai,2026-07-21T08:58:03.387446+00:00,True,30,['Woman'],Senior Payroll Specialist,Fully fluent,Lower tertiary education degree (Bachelor's level),About once a day,D,1,98.0,B,1,99.0,C,0,98.0,B,0,77.0,D,1,97.0,B,0,80.0,B,1,72.0,C,0,59.0,B,1,91.0,A,1,99.0,B,0,81.0,D,0,79.0,6,85.83,13.67,4.0,1.0,5.0,1.0,5.0,1.0,5.0,5.0,3.0,5.0,1.0,92.5,7.0,7.0,7.0,7.0,7.0,7.0,7.0,7.0,3.0,4.0,1.0,1.0,17.0,2.0,1.0,4.33,3.0,4.0,3.0,2.0,4.0,4.0,3.67,5.0,5.0,4.0,4.0,5.0,2.0,5.0,5.0,4.62,0,1,1,14,10,2,12,12,0,12,2,,,"Added the scenario for the AI to understand the background then got the AI to answer the question, I asked the question first then provided the scenario and compared if the answer was the same ",,
60dc63cf94238618c443b2d9,ai,2026-07-21T09:00:27.786165+00:00,True,34,['Woman'],unemployed,Native English speaker,Lower tertiary education degree (Bachelor's level),Less than once a month,A,0,77.0,A,0,76.0,D,0,89.0,C,0,80.0,D,1,76.0,D,0,18.0,D,0,86.0,D,0,61.0,D,0,83.0,D,0,92.0,D,1,90.0,D,0,88.0,2,76.33,8.0,1.0,4.0,3.0,2.0,3.0,2.0,4.0,5.0,2.0,3.0,2.0,55.0,5.0,3.0,4.0,3.0,2.0,2.0,2.0,2.0,-1.12,5.0,1.0,5.0,13.0,6.0,4.0,5.67,3.0,3.0,2.0,2.0,3.0,3.0,3.33,3.0,3.0,3.0,3.0,4.0,4.0,3.0,2.0,2.88,1,1,1,22,12,4,12,7,0,10,1,,,none,,
62e25115fb932baf4a93173f,ai,2026-07-21T09:04:36.287965+00:00,True,34,['Man'],Planning - Local Authority,Native English speaker,Vocational college degree,About once a day,A,0,82.0,B,1,79.0,A,1,73.0,A,1,81.0,D,1,72.0,B,0,75.0,D,0,51.0,B,0,62.0,B,1,72.0,A,1,76.0,A,0,88.0,A,0,47.0,6,71.5,8.0,5.0,1.0,5.0,1.0,5.0,1.0,5.0,5.0,1.0,5.0,1.0,100.0,7.0,7.0,7.0,7.0,4.0,5.0,5.0,6.0,2.0,7.0,3.0,3.0,16.0,6.0,1.0,6.0,1.0,1.0,4.0,4.0,3.0,2.0,1.83,5.0,4.0,5.0,5.0,4.0,2.0,5.0,5.0,4.62,1,1,1,19,7,3,8,10,4,10,2,,,"To be honest, I trusted that the AI knew what it was doing. I am aware that it can sometimes be incorrect and hallucinate its answers but I have low confidence for these kinds of problem solving scenarios, so I was happy to go long with the AI recommendation and just trust that it would be right more often than not.",,"It certainly seemed like a competent model, although through the study I did wonder if this model was set up to be deliberately bad to see if human users could spot the errors it was making. I think it did a fine job but I didn't spend too much time double checking its answers. I do believe in general the AI is trustworthy and I wouldn't put too much doubt into its performance."
614714ff71b7fab77e0a8ef6,ai,2026-07-21T09:08:21.652635+00:00,True,44,['Woman'],project manager,Native English speaker,Lower tertiary education degree (Bachelor's level),A few times a week,D,1,100.0,A,0,99.0,A,1,100.0,A,1,99.0,D,1,99.0,C,1,100.0,B,1,100.0,C,0,100.0,B,1,99.0,D,0,99.0,B,0,100.0,D,0,99.0,7,99.5,0.17,5.0,1.0,5.0,1.0,5.0,3.0,5.0,5.0,1.0,5.0,1.0,95.0,7.0,7.0,7.0,7.0,7.0,7.0,7.0,7.0,3.0,2.0,1.0,11.0,20.0,1.0,1.0,6.0,3.0,3.0,2.0,4.0,4.0,3.0,3.17,5.0,4.0,5.0,5.0,5.0,1.0,5.0,5.0,4.88,1,1,1,27,11,6,10,12,0,9,3,,,"i trusted AI, so i used the guide and confidently knew it knew what it was doing",,"i enjoy using AI, i trust it. "
6a33b4c44efab6e3d08691d7,ai,2026-07-21T09:09:24.450611+00:00,True,26,['Man'],Personal Trainer,Fully fluent,Upper secondary school / High school,Several times a day,A,0,90.0,D,0,96.0,D,0,100.0,D,0,86.0,D,1,92.0,D,0,83.0,D,0,90.0,D,0,100.0,C,0,100.0,A,1,100.0,D,1,97.0,D,0,100.0,3,94.5,2.44,4.0,1.0,5.0,1.0,4.0,1.0,5.0,5.0,1.0,5.0,1.0,95.0,7.0,6.0,7.0,7.0,5.0,5.0,4.0,6.0,1.88,5.0,1.0,1.0,20.0,6.0,1.0,5.67,2.0,3.0,4.0,3.0,4.0,4.0,3.0,5.0,5.0,4.0,5.0,5.0,3.0,5.0,5.0,4.62,1,1,1,14,10,8,12,12,7,12,4,,,"Read both task and answers, get AI's opinion",,
5f3ec93efbd299158253f283,ai,2026-07-21T09:20:17.900137+00:00,True,54,['Man'],accountant,Native English speaker,Lower tertiary education degree (Bachelor's level),A few times a week,A,0,89.0,B,1,80.0,A,1,82.0,A,1,68.0,D,1,95.0,B,0,93.0,B,1,93.0,D,0,66.0,B,1,91.0,A,1,75.0,D,1,74.0,C,0,94.0,8,83.33,-3.25,4.0,1.0,5.0,1.0,4.0,2.0,4.0,5.0,1.0,5.0,1.0,90.0,5.0,7.0,7.0,7.0,4.0,6.0,6.0,6.0,2.0,19.0,2.0,8.0,17.0,4.0,5.0,9.17,2.0,3.0,3.0,3.0,4.0,4.0,3.17,5.0,4.0,4.0,4.0,5.0,2.0,5.0,4.0,4.38,1,1,1,14,11,2,11,12,0,12,3,,,"i found the tasks too complicated to solve on my own within the time specified. if i had tried then it would have taken me hours., so i had to rely on the AI. I was satisfied that it had fully reasoned how it got to its conclusions so i trusted its output without checking the answers thoroughly.",,i thought the AI did a great job in solving the problems and i really appreciated having it available to help.
6a0f6dad60f4e6d19724e737,ai,2026-07-21T09:20:47.591253+00:00,True,31,['Man'],Cybersecurity expert,Fully fluent,Higher tertiary education degree (Master's level),Several times a day,C,0,97.0,B,1,64.0,A,1,80.0,A,1,93.0,D,1,98.0,B,0,98.0,D,0,98.0,A,1,98.0,B,1,97.0,A,1,98.0,D,1,98.0,B,1,96.0,9,92.92,-6.33,4.0,2.0,5.0,2.0,4.0,1.0,4.0,5.0,2.0,3.0,1.0,80.0,5.0,4.0,3.0,2.0,2.0,5.0,5.0,5.0,-0.12,15.0,4.0,4.0,17.0,15.0,1.0,9.33,3.0,3.0,4.0,5.0,4.0,3.0,2.67,4.0,3.0,2.0,2.0,4.0,3.0,3.0,3.0,3.0,1,1,1,20,12,12,12,8,12,8,5,,,"I used my logic, asides following the AI, I also thought about the answers before the AI responded and I only used the AI's response if it was the same with mine. Except ones i wasn't sure about ",,
63d7b16595cb392c4501cc1e,ai,2026-07-21T09:24:21.677288+00:00,True,38,['Woman'],collections manager,Native English speaker,Vocational college degree,About once a day,D,1,100.0,B,1,100.0,B,0,99.0,C,0,98.0,D,1,100.0,B,0,100.0,B,1,99.0,D,0,97.0,B,1,100.0,D,0,100.0,B,0,97.0,D,0,99.0,5,99.08,1.23,5.0,1.0,5.0,1.0,5.0,1.0,5.0,5.0,1.0,5.0,1.0,100.0,7.0,7.0,7.0,7.0,5.0,7.0,7.0,7.0,2.75,4.0,1.0,1.0,20.0,10.0,1.0,6.17,1.0,1.0,5.0,5.0,1.0,1.0,1.0,5.0,5.0,5.0,5.0,5.0,1.0,5.0,5.0,5.0,1,1,1,16,12,1,11,12,0,12,2,,,none i just went off what ai said,,
6a1602689050cce832321f97,ai,2026-07-21T09:29:50.716474+00:00,True,30,['Woman'],Financial manager,Native English speaker,Higher tertiary education degree (Master's level),Several times a day,D,1,100.0,C,0,100.0,A,1,100.0,D,0,100.0,D,1,98.0,C,1,100.0,D,0,100.0,A,1,97.0,B,1,98.0,D,0,100.0,B,0,96.0,B,1,99.0,7,99.0,-0.34,5.0,1.0,5.0,1.0,5.0,1.0,5.0,5.0,1.0,5.0,1.0,100.0,7.0,7.0,7.0,7.0,7.0,7.0,7.0,7.0,3.0,2.0,1.0,1.0,20.0,2.0,2.0,4.67,4.0,4.0,2.0,3.0,5.0,4.0,4.0,5.0,5.0,5.0,5.0,5.0,1.0,5.0,5.0,5.0,1,1,1,18,12,12,12,12,12,12,5,,,"The AI was sufficient and correct, I asked it in every step of the way to get the right answers.",,none
5ee10c33a3011311034f2cb1,ai,2026-07-21T09:33:42.938275+00:00,True,33,['Man'],Customer service manager,Native English speaker,Higher tertiary education degree (Master's level),Several times a day,B,0,100.0,B,1,100.0,C,0,100.0,C,0,100.0,D,1,100.0,B,0,99.0,B,1,100.0,B,0,100.0,B,1,100.0,B,0,99.0,B,0,98.0,B,1,100.0,5,99.67,0.57,1.0,5.0,1.0,5.0,1.0,5.0,2.0,5.0,5.0,1.0,4.0,5.0,3.0,6.0,4.0,1.0,2.0,4.0,2.0,2.0,-1.0,3.0,4.0,16.0,1.0,1.0,20.0,7.5,1.0,1.0,5.0,5.0,1.0,1.0,1.0,3.0,3.0,1.0,2.0,3.0,4.0,3.0,2.0,2.38,0,1,1,21,12,10,12,3,8,4,5,,,"On a daily basis I feed the data I use into AI to compile answers and help. The userinterface for this ai is really bad however, so I didn't even realise if/when I actually moved onto the next message, as when I'd initially submit my answers, it would display a prompt in read asking me to prompt AI at least once before proceeding, so I thought it hadn't captured the initial response. ",,Tests like this in future need a clear marker identifying to the subject what question number they're on. 
5fbf90f025a567296d943c7e,ai,2026-07-21T09:39:07.579684+00:00,True,43,['Man'],unemployed,Native English speaker,Lower tertiary education degree (Bachelor's level),Several times a day,D,1,57.0,C,0,78.0,D,0,11.0,A,1,3.0,D,1,95.0,B,0,22.0,D,0,88.0,B,0,11.0,B,1,75.0,D,0,94.0,B,0,92.0,D,0,90.0,4,59.67,-3.25,2.0,4.0,3.0,2.0,4.0,5.0,4.0,5.0,3.0,2.0,2.0,47.5,5.0,3.0,5.0,4.0,4.0,5.0,5.0,4.0,0.38,19.0,3.0,6.0,8.0,19.0,17.0,12.0,1.0,1.0,4.0,4.0,1.0,1.0,1.33,2.0,2.0,1.0,2.0,2.0,4.0,4.0,3.0,2.25,1,1,1,36,10,4,10,8,0,6,5,,,"I tried to read the scenario carefully to try and understand it, I really needed the AI's help. I tried to read the AI's responses and compare it from what I understood from the text. I also asked the AI to double check  until I was fairly confident that the AI was giving the correct answers. If there was any confusion on the part of the AI I asked why so I could understand the thinking behind it.",,I feel the AI needed to be asked several times before it gave the correct answer sometimes so as I went through the tasks when I realised this I did a lot more double checking as I went along as I felt the AI was less reliable than I first thought. I therefore asked clarifying questions so I could understand the answers to increase my confidence.
6054cdc28222dc1ca6f58d8c,ai,2026-07-21T09:47:33.035772+00:00,True,37,['Woman'],Carer,Native English speaker,Upper secondary school / High school,A few times a week,D,1,69.0,B,1,82.0,A,1,89.0,C,0,85.0,D,1,33.0,B,0,77.0,B,1,61.0,D,0,93.0,B,1,84.0,D,0,58.0,D,1,55.0,B,1,86.0,8,72.67,-8.38,5.0,2.0,5.0,1.0,5.0,1.0,5.0,5.0,2.0,5.0,3.0,90.0,6.0,5.0,7.0,7.0,5.0,7.0,6.0,6.0,2.12,15.0,15.0,5.0,16.0,15.0,13.0,13.17,4.0,4.0,2.0,2.0,4.0,4.0,4.0,5.0,4.0,4.0,5.0,5.0,4.0,5.0,5.0,4.38,1,1,1,28,10,7,12,8,5,5,5,,,"I tried to answer it myself, think what do I think the answer is then put it in AI and see if my answer was the same or different, if I agree with AI why or process to get to the answer.",,I found it very smooth to us the AI
6a0c810fde5e00323faefdfb,ai,2026-07-21T09:50:01.323341+00:00,True,41,['Man'],Composer,Native English speaker,Lower tertiary education degree (Bachelor's level),Several times a day,D,1,77.0,C,0,84.0,A,1,86.0,D,0,82.0,D,1,97.0,B,0,97.0,D,0,96.0,C,0,84.0,B,1,92.0,A,1,49.0,B,0,85.0,D,0,90.0,5,84.92,-8.09,3.0,1.0,5.0,1.0,4.0,1.0,5.0,5.0,1.0,5.0,1.0,92.5,7.0,7.0,7.0,7.0,4.0,4.0,3.0,2.0,1.12,15.0,1.0,4.0,17.0,11.0,8.0,9.33,4.0,4.0,1.0,2.0,5.0,4.0,4.33,4.0,4.0,4.0,4.0,4.0,2.0,5.0,5.0,4.25,1,1,1,14,12,3,12,12,3,10,4,,,"Organisational tasks such as this are really tough for me. My brain does not work that way. I relied heavily on the AI for that reason, but I did attempt to check its reasoning whenever possible.",,
66bc9847760de03da07d1f28,ai,2026-07-21T09:55:05.176539+00:00,True,30,['Non-binary'],Sales assistant,Native English speaker,Lower tertiary education degree (Bachelor's level),About once a day,D,1,82.0,B,1,87.0,A,1,87.0,A,1,90.0,D,1,82.0,B,0,90.0,B,1,84.0,A,1,86.0,B,1,85.0,B,0,84.0,D,1,85.0,D,0,88.0,9,85.83,-2.0,3.0,2.0,4.0,1.0,3.0,2.0,4.0,5.0,4.0,4.0,2.0,67.5,5.0,6.0,6.0,6.0,5.0,4.0,4.0,4.0,1.0,8.0,2.0,5.0,9.0,3.0,2.0,4.83,3.0,3.0,2.0,4.0,3.0,4.0,3.17,3.0,3.0,3.0,3.0,5.0,3.0,4.0,3.0,3.38,1,1,1,16,10,10,6,10,6,10,3,,,,,
6a11a434b06823950a4448a5,ai,2026-07-21T09:56:28.943253+00:00,True,25,['Man'],IT specialist,Native English speaker,Vocational college degree,Several times a day,D,1,84.0,B,1,78.0,D,0,81.0,B,0,88.0,D,1,83.0,C,1,71.0,D,0,59.0,D,0,76.0,B,1,74.0,D,0,62.0,B,0,55.0,D,0,84.0,5,74.58,5.86,4.0,2.0,4.0,1.0,4.0,3.0,5.0,5.0,2.0,2.0,2.0,72.5,5.0,6.0,6.0,5.0,4.0,5.0,4.0,5.0,1.0,10.0,11.0,9.0,12.0,10.0,12.0,10.67,4.0,4.0,1.0,1.0,5.0,5.0,4.67,4.0,4.0,1.0,3.0,4.0,3.0,4.0,4.0,3.38,1,0,1,43,10,7,8,8,5,8,5,,,"I tried to ensure the AI fully understood the scenario accurately first, then I asked it to give me the answer and cross check multiple times till the answer and logic is consistent.",,None right now.
6a2181d1f0ad377a924abd5d,ai,2026-07-21T10:06:46.363451+00:00,True,27,['Man'],Self-employed,Native English speaker,Upper secondary school / High school,About once a day,D,1,89.0,B,1,91.0,D,0,90.0,D,0,70.0,D,1,96.0,B,0,90.0,B,1,90.0,A,1,92.0,C,0,89.0,A,1,88.0,D,1,92.0,A,0,69.0,7,87.17,9.54,3.0,1.0,4.0,1.0,4.0,1.0,5.0,5.0,1.0,5.0,1.0,90.0,6.0,6.0,7.0,6.0,5.0,6.0,5.0,5.0,1.75,7.0,1.0,4.0,14.0,4.0,7.0,6.17,4.0,3.0,3.0,2.0,5.0,4.0,3.83,5.0,5.0,5.0,5.0,5.0,3.0,5.0,5.0,4.75,1,1,1,16,11,8,11,11,7,11,3,,,"I only checked a couple AI answers, before putting more faith into it. I had to switch up the prompts during the 'only for this question' questions since they messed with the AI's understanding. ",,
6a21935e44fa7ca6cd47ffd1,ai,2026-07-21T10:08:06.587011+00:00,True,31,['Woman'],Recruitment Officer,Native English speaker,Lower tertiary education degree (Bachelor's level),About once a day,D,1,58.0,D,0,58.0,D,0,41.0,B,0,52.0,D,1,58.0,B,0,62.0,D,0,70.0,A,1,24.0,B,1,48.0,A,1,47.0,D,1,47.0,A,0,49.0,6,51.17,-8.33,3.0,4.0,4.0,1.0,3.0,4.0,4.0,5.0,2.0,3.0,2.0,60.0,6.0,6.0,5.0,4.0,4.0,4.0,4.0,4.0,0.62,4.0,1.0,7.0,11.0,3.0,9.0,5.83,3.0,3.0,2.0,3.0,4.0,4.0,3.5,4.0,4.0,2.0,3.0,4.0,3.0,5.0,4.0,3.62,1,1,1,18,12,8,12,7,4,8,4,,,"Asking the AI the questions, then taking the time it went through to look at the information and then cross check it's reasoning.",,N/A
6346d9fda71cffd6c403c4a2,ai,2026-07-21T10:08:16.561309+00:00,True,29,['Man'],Unemployed,Conversationally fluent,Higher tertiary education degree (Master's level),Several times a day,D,1,44.0,A,0,43.0,A,1,63.0,B,0,76.0,D,1,91.0,B,0,39.0,B,1,65.0,C,0,60.0,B,1,81.0,D,0,40.0,D,1,71.0,B,1,37.0,7,59.17,12.97,4.0,3.0,4.0,2.0,4.0,2.0,4.0,5.0,2.0,4.0,2.0,72.5,7.0,5.0,5.0,3.0,3.0,6.0,5.0,4.0,0.75,9.0,5.0,9.0,7.0,9.0,6.0,7.5,2.0,4.0,2.0,2.0,2.0,4.0,3.33,4.0,2.0,4.0,4.0,5.0,3.0,5.0,4.0,3.88,1,1,1,15,8,4,7,9,6,10,2,,,"I read the questions and tried to look out for clues on how to answer them while reading the scenarios afterwards, and it helped. ",,none
60a6e4db0fb2c1d91fc00724,ai,2026-07-21T10:08:36.754659+00:00,True,40,['Woman'],Finishing Operator- Print Unit/ Education exam board,Native English speaker,Lower tertiary education degree (Bachelor's level),A few times a week,D,1,80.0,B,1,89.0,D,0,95.0,B,0,95.0,A,0,93.0,D,0,89.0,D,0,92.0,A,1,95.0,B,1,94.0,A,1,92.0,D,1,95.0,A,0,94.0,6,91.92,-2.17,5.0,1.0,5.0,1.0,5.0,1.0,5.0,5.0,1.0,5.0,2.0,97.5,7.0,7.0,7.0,7.0,6.0,7.0,6.0,6.0,2.62,3.0,2.0,8.0,19.0,11.0,1.0,7.33,3.0,3.0,2.0,2.0,4.0,3.0,3.5,5.0,5.0,4.0,4.0,5.0,3.0,4.0,5.0,4.38,0,1,1,17,9,7,10,11,4,11,3,,,reading through the A'I'S conclusion.,,
66cdeb8a1b24ca4b3267616c,ai,2026-07-21T10:11:27.461125+00:00,True,30,['Woman'],Retail worker,Native English speaker,Upper secondary school / High school,A few times a week,D,1,40.0,B,1,89.0,A,1,73.0,D,0,87.0,D,1,100.0,D,0,24.0,D,0,100.0,B,0,58.0,B,1,84.0,C,0,79.0,C,0,96.0,B,1,99.0,6,77.42,6.83,5.0,4.0,3.0,2.0,4.0,3.0,2.0,4.0,4.0,4.0,3.0,55.0,7.0,7.0,6.0,6.0,6.0,6.0,6.0,6.0,2.25,11.0,10.0,10.0,8.0,9.0,11.0,9.83,2.0,3.0,4.0,4.0,5.0,2.0,2.67,4.0,4.0,4.0,3.0,3.0,2.0,3.0,4.0,3.62,1,1,0,24,9,5,12,10,5,11,4,,,I just worked soley with AI to get the awnsers  i needed. ,,
668a563a0991d87c8cc08069,ai,2026-07-21T10:16:33.797175+00:00,True,45,['Woman'],IT support,Native English speaker,Vocational college degree,A few times a week,D,1,76.0,A,0,64.0,D,0,100.0,C,0,98.0,D,1,99.0,B,0,91.0,A,0,57.0,D,0,71.0,B,1,70.0,A,1,89.0,D,1,66.0,D,0,65.0,5,78.83,2.0,3.0,2.0,4.0,1.0,4.0,2.0,5.0,5.0,1.0,5.0,1.0,85.0,7.0,7.0,7.0,5.0,5.0,5.0,5.0,5.0,1.75,20.0,2.0,6.0,18.0,3.0,1.0,8.33,2.0,2.0,4.0,4.0,2.0,2.0,2.0,5.0,3.0,4.0,4.0,4.0,3.0,5.0,5.0,4.12,1,1,1,25,12,9,10,12,2,12,4,,,"i read through the scenario first, ""trying"" to make sense of it LOL.  Then I read the questions one by one and after inputting them into AI for an answer, I referred back to the scenario to try and check if the information AI gave was correct.  Some situations were so complex I wasn't fully able to follow along, and that's why on some questions I wasn't 100% sure if the answer we gave was correct.",,
637e1c5a4cf3a6a0f0acd67c,ai,2026-07-21T10:18:34.834833+00:00,True,35,['Man'],Housing Manager,Native English speaker,Vocational college degree,About once a day,D,1,90.0,B,1,92.0,D,0,89.0,D,0,90.0,D,1,94.0,B,0,93.0,B,1,93.0,D,0,93.0,B,1,90.0,A,1,91.0,D,1,93.0,D,0,92.0,7,91.67,0.46,4.0,1.0,5.0,2.0,4.0,1.0,5.0,5.0,1.0,4.0,1.0,90.0,7.0,7.0,7.0,7.0,4.0,4.0,5.0,5.0,1.75,2.0,2.0,2.0,19.0,2.0,10.0,6.17,3.0,4.0,2.0,2.0,4.0,4.0,3.83,4.0,3.0,3.0,4.0,4.0,3.0,5.0,4.0,3.75,1,1,1,26,12,12,12,12,2,12,1,,,I relied heavily on the AI and did not check it's answers.,,
69f48670cedd5791181362cb,ai,2026-07-21T10:22:39.892597+00:00,True,41,['Man'],Full Time Carer,Native English speaker,Lower tertiary education degree (Bachelor's level),Several times a day,B,0,89.0,B,1,96.0,A,1,93.0,A,1,86.0,D,1,88.0,B,0,96.0,D,0,96.0,A,1,89.0,B,1,100.0,D,0,87.0,D,1,99.0,A,0,90.0,7,92.42,1.4,2.0,4.0,2.0,3.0,2.0,5.0,3.0,5.0,3.0,2.0,3.0,32.5,4.0,5.0,4.0,3.0,4.0,4.0,5.0,4.0,0.12,16.0,8.0,10.0,16.0,16.0,14.0,13.33,4.0,4.0,2.0,3.0,4.0,4.0,3.83,2.0,3.0,2.0,2.0,2.0,2.0,2.0,2.0,2.38,1,1,1,21,9,7,9,5,9,5,4,,,"I used the AI's reasoning to double check over the answers,, and realised more often than not they had either misunderstood the question or calculated wrong somewhere, so it was only really with my workings out that I realised that most seemed incorrect.",,
676ed6c97f59dba5a786886d,ai,2026-07-21T10:23:54.715906+00:00,True,43,['Man'],Designer,Native English speaker,Higher tertiary education degree (Master's level),About once a day,D,1,60.0,A,0,54.0,A,1,97.0,D,0,16.0,A,0,87.0,D,0,93.0,B,1,96.0,C,0,79.0,B,1,85.0,A,1,75.0,A,0,78.0,B,1,92.0,6,76.0,16.33,3.0,4.0,3.0,2.0,4.0,2.0,4.0,5.0,4.0,3.0,4.0,52.5,6.0,3.0,3.0,4.0,3.0,3.0,4.0,3.0,-0.38,19.0,2.0,15.0,13.0,18.0,4.0,11.83,2.0,3.0,2.0,2.0,4.0,2.0,3.17,3.0,2.0,1.0,2.0,2.0,4.0,4.0,3.0,2.38,1,1,1,22,11,7,10,6,4,6,4,,,I checked the scenarios to understand the context and then prompted the AI to help me in making up my mind. the scenarios were complex with a lot of information so I had to rely on the AI  to a great extent.  To improve my performance I asked for the AI's confidence level in the result before double checking. If the confidence was too low I would change my answer accordingly.,,"The Ai sounded more confident than it should! When asked for its confidence in the answer the answers were often very low. However, do to the amount of information processing needed to understand the scenario and the questions, I had to rely on it but adapt my answers where there were unknown."
669677d986a5a20026bbf20e,ai,2026-07-21T10:24:28.033092+00:00,True,60,['Woman'],retired teacher,Native English speaker,Higher tertiary education degree (Master's level),A few times a month,A,0,78.0,D,0,74.0,B,0,78.0,D,0,52.0,D,1,91.0,D,0,66.0,D,0,81.0,D,0,78.0,C,0,61.0,A,1,93.0,A,0,68.0,D,0,28.0,2,70.67,25.6,1.0,5.0,2.0,4.0,3.0,4.0,2.0,5.0,2.0,1.0,3.0,27.5,6.0,3.0,5.0,2.0,4.0,5.0,4.0,3.0,0.0,19.0,8.0,16.0,3.0,12.0,19.0,12.83,3.0,4.0,2.0,2.0,4.0,4.0,3.83,1.0,2.0,2.0,1.0,4.0,5.0,4.0,1.0,2.0,1,1,1,29,10,2,10,6,2,6,3,,,I tried to refer back tot he source material and question the AI to check its reasoning and challenge,,I wasn't sure I could trust it but yet I wanted to trust it.
69ea247da4f33d963f6377bd,ai,2026-07-21T10:32:16.638994+00:00,True,62,['Man'],Solutions Architect,Native English speaker,Higher tertiary education degree (Master's level),Several times a day,A,0,89.0,A,0,92.0,A,1,87.0,D,0,64.0,D,1,94.0,C,1,91.0,C,0,98.0,C,0,95.0,B,1,85.0,A,1,92.0,B,0,93.0,B,1,94.0,6,89.5,2.0,4.0,1.0,4.0,3.0,5.0,2.0,4.0,5.0,2.0,4.0,3.0,75.0,7.0,5.0,6.0,6.0,5.0,6.0,6.0,7.0,2.0,17.0,10.0,7.0,12.0,14.0,2.0,10.33,4.0,4.0,2.0,2.0,5.0,4.0,4.17,5.0,2.0,4.0,4.0,5.0,2.0,4.0,4.0,4.0,1,1,1,23,8,6,10,8,4,10,4,,,I reviewed the final suggestions provided by AI and looked to verify the results by reviewing the source information.,,
68493ffd97ee0ae8c1f6683e,ai,2026-07-21T10:33:54.378488+00:00,True,30,['Man'],Financial adviser,Native English speaker,Lower tertiary education degree (Bachelor's level),Several times a day,D,1,90.0,B,1,69.0,A,1,81.0,A,1,56.0,D,1,96.0,B,0,51.0,B,1,69.0,A,1,63.0,B,1,51.0,A,1,69.0,B,0,75.0,B,1,70.0,10,70.0,8.4,5.0,1.0,5.0,1.0,5.0,1.0,5.0,5.0,1.0,5.0,1.0,100.0,7.0,7.0,7.0,7.0,7.0,7.0,6.0,6.0,2.75,6.0,4.0,3.0,16.0,18.0,2.0,8.17,3.0,3.0,2.0,2.0,4.0,4.0,3.67,4.0,4.0,5.0,5.0,5.0,2.0,4.0,4.0,4.38,1,1,1,14,11,7,10,8,4,7,4,,,Try to understand and validate AI answers from my reasoning,,None
6a1f03c7db3ac189886daa83,ai,2026-07-21T10:43:18.364345+00:00,True,30,['Man'],director,Native English speaker,Higher tertiary education degree (Master's level),Several times a day,A,0,83.0,C,0,89.0,A,1,93.0,B,0,94.0,D,1,89.0,B,0,96.0,B,1,86.0,B,0,96.0,B,1,95.0,D,0,94.0,B,0,88.0,D,0,95.0,4,91.5,-1.12,5.0,1.0,5.0,1.0,5.0,1.0,5.0,5.0,1.0,5.0,1.0,100.0,7.0,7.0,7.0,7.0,7.0,7.0,7.0,7.0,3.0,3.0,1.0,6.0,19.0,8.0,1.0,6.33,5.0,5.0,5.0,1.0,5.0,5.0,4.33,4.0,2.0,4.0,4.0,4.0,1.0,4.0,4.0,3.88,1,0,1,26,12,10,8,12,10,7,3,,,i copied and paste the question to the AI bot provided,,
69ffbea27516957e550655d3,ai,2026-07-21T10:43:31.073197+00:00,True,33,['Man'],Public Relations,Native English speaker,Vocational college degree,About once a day,D,1,72.0,D,0,97.0,D,0,96.0,D,0,89.0,D,1,100.0,B,0,86.0,B,1,85.0,A,1,88.0,B,1,79.0,D,0,92.0,D,1,82.0,B,1,62.0,7,85.67,-10.86,4.0,1.0,5.0,1.0,4.0,2.0,5.0,5.0,1.0,4.0,1.0,90.0,6.0,6.0,7.0,7.0,4.0,4.0,5.0,5.0,1.5,17.0,1.0,3.0,15.0,15.0,5.0,9.33,2.0,3.0,3.0,3.0,4.0,2.0,2.83,4.0,3.0,3.0,3.0,5.0,4.0,4.0,4.0,3.5,1,1,1,45,9,6,8,9,3,8,3,,,"Although it was a lot of information to take in, I did try and pull out key parts of the scenario and clarify with the AI at times to see if the answer was actually correct. I did mostly rely on the AI to solve these issues though. ",,
69fb31c7fd922d9f38394582,ai,2026-07-21T10:46:00.555223+00:00,True,49,['Woman'],accounts manager ,Native English speaker,Lower tertiary education degree (Bachelor's level),About once a day,A,0,92.0,A,0,95.0,A,1,94.0,A,1,96.0,D,1,94.0,C,1,91.0,B,1,87.0,A,1,94.0,C,0,93.0,A,1,95.0,D,1,91.0,D,0,91.0,8,92.75,0.0,5.0,5.0,5.0,5.0,5.0,5.0,5.0,5.0,3.0,4.0,5.0,52.5,7.0,7.0,1.0,1.0,3.0,3.0,6.0,6.0,0.25,14.0,10.0,14.0,8.0,15.0,15.0,12.67,4.0,4.0,4.0,4.0,4.0,3.0,3.17,5.0,5.0,5.0,5.0,5.0,2.0,3.0,2.0,4.25,1,1,1,43,8,5,12,10,4,12,4,,,I used the ai tool to add prompts to get the answers i needed and by copying and pasting i got the actually detais i needed to answer the queastions ,,they were very detailed anc comrehensive deep dive into all 
66718bbb61a1ad0225968d18,ai,2026-07-21T10:46:13.864997+00:00,True,27,['Woman'],Copywriter and Content Manager,Native English speaker,Lower tertiary education degree (Bachelor's level),Several times a day,D,1,37.0,C,0,71.0,A,1,23.0,D,0,82.0,D,1,90.0,A,0,52.0,B,1,80.0,D,0,82.0,C,0,58.0,A,1,68.0,D,1,65.0,B,1,89.0,7,66.42,-4.43,3.0,2.0,4.0,4.0,4.0,2.0,3.0,5.0,3.0,4.0,3.0,60.0,6.0,5.0,5.0,5.0,4.0,5.0,5.0,5.0,1.0,16.0,7.0,2.0,16.0,17.0,7.0,10.83,2.0,4.0,1.0,2.0,5.0,4.0,4.0,4.0,3.0,3.0,3.0,3.0,3.0,2.0,3.0,3.0,0,1,1,20,8,6,6,8,7,6,4,,,"I liked the idea of setting out the scenario to the AI bot first, for their familiarity, after reading it myself. Then I would propose the two statements to it section by section and ask for the rationale behind the choices if it was not what I thought. ",,"The thinking stages were interesting to see how it was working it out, but i would make the text a little bigger so it's easier to read and follow along. "
6a2688815956a47ca8d505ca,ai,2026-07-21T10:52:04.916180+00:00,True,38,['Woman'],Creative Director,Native English speaker,Lower tertiary education degree (Bachelor's level),About once a week,A,0,75.0,D,0,77.0,A,1,81.0,B,0,79.0,D,1,77.0,B,0,80.0,B,1,66.0,A,1,87.0,B,1,78.0,D,0,81.0,D,1,83.0,D,0,82.0,6,78.83,-0.33,5.0,1.0,5.0,1.0,5.0,1.0,5.0,5.0,1.0,5.0,1.0,100.0,7.0,7.0,7.0,7.0,5.0,5.0,5.0,5.0,2.0,16.0,2.0,17.0,12.0,5.0,1.0,8.83,5.0,5.0,1.0,1.0,5.0,5.0,5.0,4.0,3.0,3.0,3.0,4.0,1.0,5.0,4.0,3.88,1,1,1,14,12,8,12,12,6,12,3,,,I was erasing the old scenarious when beginning to work on the new ones so there is not information pollution--as if starting a new chat for each scenario.,,I am very curious to see their answers checked and participating in more tests like these again. Thank you for the opportunity! :+)
60da18693053b2c1d420085f,ai,2026-07-21T10:55:59.907698+00:00,True,33,['Woman'],Senior Customer Service Advisor ,Native English speaker,Vocational college degree,A few times a week,B,0,39.0,D,0,28.0,D,0,93.0,B,0,29.0,A,0,93.0,B,0,77.0,A,0,44.0,C,0,91.0,B,1,75.0,D,0,84.0,D,1,76.0,C,0,47.0,2,64.67,13.0,3.0,1.0,5.0,1.0,4.0,1.0,4.0,5.0,1.0,4.0,3.0,82.5,6.0,5.0,7.0,7.0,4.0,4.0,2.0,2.0,0.62,17.0,2.0,2.0,17.0,10.0,3.0,8.5,4.0,3.0,2.0,1.0,5.0,4.0,4.17,3.0,2.0,2.0,2.0,4.0,5.0,2.0,3.0,2.38,1,1,1,22,8,6,7,7,6,8,2,,,I didn't use any strategies,,
6a142cdec2bab559d61afe46,ai,2026-07-21T10:57:25.958798+00:00,True,36,['Man'],Consultant,Native English speaker,Lower tertiary education degree (Bachelor's level),Several times a day,D,1,100.0,A,0,100.0,A,1,86.0,A,1,100.0,D,1,100.0,C,1,87.0,B,1,97.0,D,0,92.0,B,1,95.0,A,1,88.0,D,1,87.0,B,1,100.0,10,94.33,-2.0,4.0,1.0,5.0,2.0,4.0,2.0,4.0,5.0,2.0,4.0,2.0,80.0,6.0,6.0,6.0,7.0,4.0,4.0,5.0,5.0,1.38,13.0,8.0,4.0,14.0,13.0,2.0,9.0,4.0,4.0,2.0,2.0,4.0,4.0,4.0,5.0,5.0,4.0,4.0,4.0,2.0,4.0,5.0,4.38,1,1,1,16,10,7,9,11,9,10,4,,,ASked to double check their working if i didnt agree and checked their reasonining,,
6a00f63a7116be2797d122a9,ai,2026-07-21T11:02:52.743388+00:00,True,36,['Woman'],Personal assistant,Fully fluent,Lower tertiary education degree (Bachelor's level),A few times a week,D,1,88.0,D,0,99.0,D,0,99.0,B,0,45.0,A,0,98.0,B,0,75.0,D,0,58.0,A,1,4.0,B,1,66.0,D,0,93.0,D,1,14.0,D,0,45.0,4,65.33,-33.5,4.0,4.0,3.0,3.0,5.0,5.0,4.0,5.0,5.0,2.0,1.0,50.0,6.0,2.0,4.0,1.0,4.0,4.0,4.0,1.0,-0.75,20.0,1.0,1.0,9.0,10.0,14.0,9.17,2.0,5.0,1.0,1.0,5.0,4.0,4.33,2.0,3.0,1.0,1.0,4.0,5.0,2.0,2.0,2.0,1,1,1,25,12,12,12,8,7,6,3,,,"ask the ai if it was sure, look myself and try to solve",,
6614fb6af3c5aa23b962ea2d,ai,2026-07-21T11:08:15.482626+00:00,True,58,['Man'],RETIRED CLERK,Native English speaker,Upper secondary school / High school,About once a week,A,0,15.0,B,1,38.0,D,0,44.0,B,0,41.0,D,1,42.0,B,0,44.0,B,1,8.0,A,1,100.0,C,0,43.0,D,0,100.0,A,0,22.0,D,0,0.0,4,41.42,8.38,3.0,1.0,4.0,1.0,4.0,1.0,4.0,5.0,1.0,4.0,1.0,85.0,6.0,6.0,5.0,5.0,6.0,6.0,4.0,5.0,1.38,20.0,4.0,18.0,9.0,20.0,16.0,14.5,4.0,4.0,1.0,2.0,4.0,4.0,4.17,4.0,4.0,3.0,4.0,5.0,2.0,5.0,5.0,4.25,1,1,1,21,6,3,6,6,4,8,2,,,USED SCENARIO GIVE THEN SOUGHT SUMMARY AND THEN USED AI TO SUMMARISE ANSWER LEVEL OF CONFIDENCE IN AI RESPOINSE WAS BASED ON QUALITY OF AI ANSER ,,TRUSTED AI TO ANALYSE BUT NOT ALWAYS CONFIDENT AI  WAS CORRECT IN CONCLUSIONS
6a0351dea82c3941d87ce46c,ai,2026-07-21T11:08:28.049834+00:00,True,23,['Man'],Student,Native English speaker,Lower tertiary education degree (Bachelor's level),Several times a day,A,0,100.0,C,0,99.0,D,0,100.0,C,0,85.0,D,1,96.0,B,0,92.0,D,0,97.0,C,0,90.0,B,1,98.0,B,0,95.0,D,1,88.0,D,0,100.0,3,95.0,-1.33,3.0,3.0,5.0,1.0,4.0,2.0,5.0,5.0,1.0,5.0,1.0,85.0,5.0,6.0,6.0,3.0,3.0,3.0,5.0,5.0,0.5,3.0,2.0,14.0,13.0,4.0,3.0,6.5,2.0,2.0,4.0,4.0,3.0,2.0,2.17,5.0,4.0,4.0,4.0,5.0,4.0,5.0,5.0,4.25,1,1,1,15,11,8,11,12,4,12,2,,,I tried understanding the differences between each question and reading some of the AI's thought processes on how they got the answer. Some I tried to fact check with the question if reasonable for a human to solve.,,Thought this was a good AI where it detailed its problem solving ability and thinking processes which made me trust it more.
6a1d5035af8f2677814eebd2,ai,2026-07-21T11:10:58.402562+00:00,True,45,['Woman'],designer,Fully fluent,Upper secondary school / High school,A few times a week,D,1,91.0,B,1,87.0,A,1,88.0,B,0,90.0,D,1,67.0,B,0,69.0,D,0,79.0,A,1,89.0,B,1,75.0,A,1,74.0,B,0,73.0,D,0,60.0,7,78.5,7.37,4.0,3.0,5.0,1.0,4.0,2.0,5.0,5.0,3.0,4.0,3.0,75.0,6.0,6.0,6.0,6.0,5.0,6.0,5.0,6.0,1.75,13.0,4.0,12.0,13.0,11.0,3.0,9.33,4.0,2.0,3.0,3.0,3.0,3.0,3.0,4.0,3.0,3.0,3.0,4.0,3.0,4.0,4.0,3.5,1,1,1,14,10,3,11,12,4,12,4,,,check my answers,,NA
6a00fa4092ac27e2db73d8eb,ai,2026-07-21T11:13:47.090994+00:00,True,34,['Woman'],treatment coordinator,Native English speaker,Vocational college degree,About once a day,D,1,91.0,A,0,88.0,A,1,89.0,C,0,78.0,D,1,35.0,B,0,81.0,D,0,81.0,D,0,61.0,B,1,74.0,A,1,91.0,D,1,68.0,D,0,92.0,6,77.42,-5.5,5.0,2.0,3.0,3.0,4.0,3.0,4.0,5.0,4.0,5.0,4.0,62.5,6.0,6.0,7.0,7.0,7.0,7.0,7.0,7.0,2.75,18.0,18.0,6.0,16.0,18.0,5.0,13.5,3.0,4.0,2.0,2.0,4.0,4.0,3.83,5.0,3.0,4.0,4.0,4.0,2.0,3.0,5.0,4.0,1,1,1,38,12,5,12,12,5,7,2,,,"ai is a massive help, this was hard ",,i enjoyed this
69e8d5e7f1abaa500ce31a11,ai,2026-07-21T11:15:02.512553+00:00,True,33,['Woman'],partner of company,Native English speaker,Lower tertiary education degree (Bachelor's level),About once a day,D,1,59.0,B,1,58.0,A,1,39.0,A,1,57.0,A,0,90.0,C,1,91.0,D,0,74.0,D,0,93.0,B,1,83.0,A,1,58.0,B,0,80.0,D,0,72.0,7,71.17,-18.23,3.0,1.0,5.0,2.0,3.0,2.0,4.0,5.0,1.0,4.0,2.0,77.5,6.0,6.0,6.0,6.0,2.0,1.0,4.0,1.0,0.0,14.0,2.0,2.0,13.0,12.0,3.0,7.67,5.0,5.0,1.0,1.0,4.0,5.0,4.83,5.0,5.0,4.0,3.0,4.0,5.0,3.0,3.0,3.5,1,1,1,17,9,10,10,12,6,12,3,,,I mainly summarised information and then read it a couple times and sometimes asked follow ups. ,,
6a03481ce47e292cca49df5c,ai,2026-07-21T11:18:05.844482+00:00,True,34,['Man'],Legal practitioner,Fully fluent,Higher tertiary education degree (Master's level),Several times a day,D,1,92.0,A,0,92.0,D,0,86.0,D,0,89.0,A,0,64.0,B,0,90.0,C,0,86.0,D,0,84.0,B,1,82.0,D,0,88.0,B,0,86.0,D,0,93.0,2,86.0,1.2,4.0,2.0,4.0,1.0,4.0,1.0,4.0,5.0,1.0,4.0,1.0,85.0,6.0,6.0,6.0,6.0,5.0,5.0,5.0,5.0,1.5,13.0,13.0,9.0,17.0,16.0,3.0,11.83,3.0,4.0,2.0,2.0,5.0,5.0,4.17,4.0,3.0,4.0,4.0,4.0,3.0,4.0,4.0,3.75,1,1,1,14,12,10,7,12,12,10,4,,,,,
5929c96027ea400001301061,ai,2026-07-21T11:18:27.227495+00:00,True,54,['Man'],Karate instructor,Native English speaker,Doctoral degree,Several times a day,D,1,99.0,B,1,98.0,A,1,99.0,D,0,99.0,D,1,100.0,C,1,99.0,B,1,100.0,A,1,99.0,B,1,100.0,A,1,100.0,D,1,100.0,B,1,100.0,11,99.42,0.45,5.0,1.0,5.0,1.0,3.0,1.0,5.0,5.0,1.0,5.0,1.0,95.0,7.0,7.0,7.0,7.0,4.0,6.0,5.0,7.0,2.25,1.0,1.0,4.0,20.0,1.0,1.0,4.67,3.0,3.0,2.0,3.0,4.0,3.0,3.33,5.0,4.0,5.0,5.0,5.0,1.0,5.0,5.0,4.88,1,1,1,13,12,6,12,12,4,12,2,,,I just copied the scenario and questions into the AI chat and relied on the answers,,
67252ccdf91cf97c0989172d,ai,2026-07-21T11:25:47.490453+00:00,True,24,['Man'],Self-employed freelance media,Native English speaker,Vocational college degree,About once a day,D,1,100.0,D,0,96.0,D,0,100.0,B,0,92.0,D,1,100.0,B,0,100.0,D,0,97.0,D,0,87.0,B,1,100.0,A,1,100.0,D,1,100.0,D,0,100.0,5,97.67,4.0,4.0,1.0,5.0,1.0,5.0,2.0,5.0,5.0,1.0,5.0,1.0,95.0,7.0,7.0,7.0,7.0,4.0,6.0,6.0,6.0,2.25,3.0,1.0,1.0,20.0,2.0,1.0,4.67,5.0,5.0,1.0,1.0,5.0,5.0,5.0,5.0,5.0,4.0,4.0,5.0,2.0,5.0,5.0,4.62,1,1,1,23,10,8,10,10,8,8,5,,,I made the AI double check everything and checked answers myself.,,was very interesting as sometimes it needed to correct itself as not every answer was the same the first time.
6a245c90cdf34a9b43add620,ai,2026-07-21T11:33:46.989302+00:00,True,62,['Woman'],Administrator,Native English speaker,Upper secondary school / High school,About once a day,C,0,90.0,C,0,92.0,B,0,83.0,A,1,97.0,D,1,84.0,D,0,85.0,D,0,91.0,C,0,94.0,B,1,52.0,B,0,80.0,A,0,89.0,B,1,84.0,4,85.08,-8.75,4.0,1.0,4.0,2.0,4.0,2.0,5.0,5.0,3.0,4.0,4.0,72.5,6.0,5.0,6.0,6.0,5.0,6.0,5.0,5.0,1.5,14.0,10.0,7.0,13.0,9.0,2.0,9.17,3.0,4.0,3.0,4.0,4.0,4.0,3.33,4.0,5.0,4.0,4.0,5.0,4.0,4.0,5.0,4.12,1,1,1,18,12,12,12,12,6,12,2,,,using AI,,none
5bdee6652f49a40001c440c0,ai,2026-07-21T11:39:32.651282+00:00,True,29,['Woman'],Lab Technician ,Native English speaker,Higher tertiary education degree (Master's level),About once a day,A,0,82.0,A,0,72.0,D,0,83.0,B,0,72.0,D,1,86.0,B,0,78.0,B,1,88.0,A,1,87.0,B,1,61.0,D,0,74.0,D,1,82.0,B,1,73.0,6,78.17,2.67,4.0,2.0,5.0,1.0,4.0,2.0,5.0,5.0,2.0,4.0,2.0,82.5,6.0,4.0,6.0,3.0,4.0,6.0,3.0,4.0,0.5,6.0,3.0,6.0,10.0,7.0,12.0,7.33,2.0,3.0,2.0,2.0,4.0,3.0,3.33,3.0,2.0,4.0,4.0,4.0,4.0,3.0,4.0,3.25,1,1,1,25,12,4,9,10,5,12,2,,,"I briefly read over its reasoning to see if it didn't understand it, but honestly i put the trust in AI like how I normally do when I use it. Unless its glaringly obvious, i do trust AI for tasks like this. I feel it can keep track better of the little things more than me",,
69e66fedb8e42d3cd50f9519,ai,2026-07-21T11:43:17.367918+00:00,True,30,['Woman'],Civil Servant,Native English speaker,Lower tertiary education degree (Bachelor's level),A few times a week,D,1,75.0,A,0,70.0,A,1,74.0,D,0,0.0,D,1,74.0,D,0,76.0,B,1,69.0,A,1,74.0,B,1,67.0,D,0,77.0,B,0,79.0,D,0,78.0,6,67.75,8.83,4.0,3.0,3.0,3.0,3.0,2.0,5.0,5.0,3.0,3.0,2.0,62.5,4.0,4.0,6.0,4.0,3.0,4.0,4.0,4.0,0.12,13.0,1.0,10.0,10.0,10.0,10.0,9.0,2.0,3.0,2.0,1.0,4.0,2.0,3.33,3.0,2.0,1.0,1.0,3.0,5.0,3.0,4.0,2.25,1,1,1,15,5,3,10,7,3,12,2,,,I generally copied and pasted the scenario's and then the questions to get the answers.,,
5f5bb87a0093333445af65f2,ai,2026-07-21T11:46:37.347195+00:00,True,42,['Man'],Supervisor,Native English speaker,Lower tertiary education degree (Bachelor's level),Several times a day,D,1,82.0,C,0,90.0,D,0,80.0,D,0,87.0,D,1,86.0,C,1,92.0,C,0,87.0,A,1,89.0,B,1,93.0,D,0,92.0,A,0,89.0,D,0,75.0,5,86.83,2.69,4.0,1.0,5.0,2.0,4.0,2.0,4.0,5.0,1.0,4.0,3.0,80.0,6.0,6.0,7.0,7.0,5.0,5.0,5.0,4.0,1.62,15.0,13.0,6.0,16.0,13.0,10.0,12.17,4.0,4.0,1.0,2.0,4.0,4.0,4.17,5.0,2.0,4.0,4.0,5.0,2.0,5.0,4.0,4.12,1,1,1,19,10,9,10,11,10,12,3,,,"I trusted the AI responses in most cases, but even after using the convenient 'copy' feature, some checking was required.",,I did trust the AI more than I thought I would as the answers were very comprehensive.
69fa5d8d659152a4924ade4d,ai,2026-07-21T11:47:39.605955+00:00,True,33,['Man'],Mandarin Teacher,Fully fluent,Higher tertiary education degree (Master's level),Several times a day,D,1,100.0,D,0,100.0,D,0,100.0,B,0,100.0,A,0,100.0,B,0,100.0,B,1,100.0,A,1,100.0,B,1,100.0,D,0,100.0,B,0,100.0,D,0,100.0,4,100.0,0.0,4.0,2.0,4.0,1.0,3.0,1.0,4.0,5.0,3.0,4.0,1.0,77.5,6.0,6.0,6.0,6.0,6.0,5.0,6.0,5.0,1.75,4.0,2.0,5.0,17.0,4.0,3.0,5.83,1.0,4.0,3.0,4.0,4.0,4.0,3.0,5.0,4.0,5.0,5.0,5.0,2.0,5.0,5.0,4.75,1,1,1,14,12,5,12,11,3,10,2,,,Copied and pasted to AI. And manually checked some keywords to see that AI is not checking the wrong scenarios,,
5bc690392885710001a0bb76,ai,2026-07-21T11:48:15.809737+00:00,True,61,['Woman'],retired,Native English speaker,Upper secondary school / High school,About once a week,D,1,79.0,B,1,72.0,D,0,60.0,C,0,77.0,D,1,41.0,C,1,71.0,B,1,73.0,D,0,34.0,B,1,75.0,C,0,6.0,D,1,74.0,D,0,73.0,7,61.25,19.29,4.0,2.0,4.0,1.0,4.0,1.0,5.0,5.0,1.0,4.0,1.0,87.5,6.0,6.0,6.0,6.0,5.0,5.0,5.0,3.0,1.25,7.0,2.0,10.0,10.0,5.0,12.0,7.67,1.0,2.0,4.0,4.0,2.0,1.0,1.67,4.0,3.0,4.0,4.0,5.0,4.0,5.0,4.0,3.88,0,1,1,25,10,5,8,9,0,9,3,,,I relied on the AI as it was too long and complicated to work it out myself.  If I had been allowed to switch tabs I would checked through other sources to validate the AI's answers,,
69bd43b3638c297e98b9f8df,ai,2026-07-21T11:52:49.602935+00:00,True,24,['Man'],freelancer,Native English speaker,Lower tertiary education degree (Bachelor's level),Several times a day,A,0,100.0,A,0,100.0,D,0,100.0,C,0,100.0,A,0,100.0,B,0,100.0,A,0,100.0,A,1,100.0,C,0,100.0,D,0,98.0,A,0,100.0,A,0,98.0,1,99.67,0.36,5.0,1.0,5.0,1.0,5.0,1.0,5.0,5.0,1.0,5.0,1.0,100.0,7.0,7.0,7.0,7.0,7.0,7.0,7.0,7.0,3.0,15.0,1.0,10.0,20.0,10.0,1.0,9.5,3.0,4.0,1.0,3.0,5.0,3.0,3.83,5.0,2.0,5.0,5.0,5.0,2.0,4.0,5.0,4.38,1,1,1,14,12,6,0,12,8,3,5,,,I interacted with the AI as if it were a real human in order to make it easier. I also double-checked the answers it gave me to make sure of what I'm answering,,none
6a4da2ed98dcae617c8a7857,ai,2026-07-21T12:00:45.282224+00:00,True,20,['Man'],Student,Native English speaker,Upper secondary school / High school,A few times a week,D,1,24.0,A,0,62.0,D,0,37.0,B,0,38.0,D,1,96.0,C,1,54.0,D,0,96.0,A,1,74.0,B,1,24.0,D,0,72.0,D,1,79.0,B,1,55.0,7,59.25,-3.0,4.0,2.0,4.0,2.0,4.0,3.0,4.0,5.0,2.0,4.0,3.0,70.0,6.0,7.0,5.0,6.0,4.0,4.0,2.0,3.0,0.62,14.0,1.0,9.0,12.0,13.0,9.0,9.67,3.0,3.0,2.0,3.0,4.0,4.0,3.5,4.0,3.0,4.0,4.0,4.0,2.0,5.0,4.0,4.0,1,1,1,20,11,10,9,10,7,9,3,,,"Check/skim the scenario then look at AI logic/any simple slip ups
",,
640106276a808bdba519eb05,ai,2026-07-21T12:05:51.960413+00:00,True,25,['Man'],Video Editor,Native English speaker,Vocational college degree,A few times a week,C,0,76.0,A,0,80.0,D,0,100.0,B,0,78.0,D,1,84.0,B,0,100.0,B,1,82.0,C,0,61.0,B,1,26.0,D,0,55.0,B,0,100.0,D,0,83.0,3,77.08,-17.44,1.0,2.0,2.0,3.0,1.0,5.0,3.0,5.0,5.0,2.0,3.0,27.5,2.0,4.0,1.0,4.0,2.0,2.0,4.0,4.0,-1.12,15.0,1.0,5.0,9.0,6.0,16.0,8.67,3.0,3.0,3.0,3.0,4.0,4.0,3.33,2.0,2.0,1.0,2.0,2.0,4.0,3.0,3.0,2.12,1,1,1,29,10,8,6,6,8,7,3,,,,,
66b370883fc774c23e102c46,ai,2026-07-21T12:08:04.681813+00:00,True,28,['Man'],Payroll Specialist,Native English speaker,Upper secondary school / High school,A few times a week,A,0,100.0,A,0,100.0,A,1,100.0,B,0,100.0,A,0,100.0,A,0,100.0,B,1,100.0,C,0,100.0,B,1,100.0,D,0,100.0,D,1,100.0,D,0,100.0,4,100.0,0.0,5.0,1.0,5.0,1.0,5.0,1.0,5.0,5.0,1.0,5.0,1.0,100.0,7.0,7.0,7.0,7.0,5.0,5.0,6.0,6.0,2.25,1.0,1.0,1.0,20.0,2.0,1.0,4.33,2.0,2.0,4.0,4.0,4.0,2.0,2.33,5.0,5.0,5.0,5.0,5.0,1.0,5.0,5.0,5.0,1,1,1,13,12,12,12,12,12,12,2,,,"I didn't, I trusted the AI answers. I quickly scanned the text to ensure the AI was answering with reference to the correct text, but aside from that, I had faith in the AI answering correctly. I am very confident that I would have been able to solve the questions alone without the use of AI, however this would have been very time consuming.",,N/A
6a0aed9a06391bae485433ba,ai,2026-07-21T12:16:59.010084+00:00,True,28,['Woman'],Retail Manager,Native English speaker,Lower tertiary education degree (Bachelor's level),Several times a day,A,0,44.0,B,1,100.0,A,1,100.0,B,0,100.0,D,1,100.0,B,0,100.0,D,0,100.0,A,1,100.0,B,1,100.0,D,0,100.0,D,1,100.0,D,0,100.0,6,95.33,9.33,5.0,1.0,5.0,1.0,5.0,1.0,5.0,5.0,2.0,5.0,1.0,97.5,7.0,7.0,7.0,7.0,5.0,6.0,4.0,5.0,2.0,2.0,1.0,1.0,20.0,3.0,1.0,4.67,3.0,4.0,4.0,5.0,2.0,3.0,2.5,5.0,3.0,4.0,4.0,4.0,1.0,5.0,5.0,4.38,1,1,1,18,12,6,10,11,2,12,4,,,I didnt really use any strategies as I put all my trust into the AI ,,
671cbe3cf696c5952e41ddb7,ai,2026-07-21T12:21:21.183534+00:00,True,26,['Woman'],analyst,Native English speaker,Lower tertiary education degree (Bachelor's level),About once a day,D,1,69.0,A,0,75.0,A,1,78.0,D,0,77.0,D,1,79.0,B,0,82.0,B,1,78.0,D,0,70.0,B,1,76.0,D,0,79.0,D,1,80.0,D,0,65.0,6,75.67,2.0,4.0,3.0,4.0,4.0,3.0,2.0,3.0,5.0,3.0,3.0,4.0,52.5,5.0,5.0,5.0,5.0,5.0,5.0,5.0,5.0,1.0,8.0,3.0,5.0,15.0,9.0,5.0,7.5,2.0,3.0,3.0,3.0,3.0,3.0,2.83,4.0,4.0,3.0,4.0,4.0,3.0,4.0,4.0,3.75,1,0,1,14,10,5,6,5,3,4,2,,,NA,,NA
6a0c2610d6081bf92e4be74d,ai,2026-07-21T12:21:56.356981+00:00,True,38,['Man'],PhD student,Fully fluent,Higher tertiary education degree (Master's level),A few times a week,D,1,78.0,C,0,70.0,D,0,71.0,A,1,77.0,D,1,98.0,D,0,98.0,B,1,99.0,D,0,79.0,B,1,33.0,A,1,53.0,D,1,51.0,D,0,8.0,7,67.92,4.66,2.0,1.0,4.0,1.0,3.0,1.0,3.0,5.0,1.0,5.0,1.0,80.0,4.0,6.0,6.0,6.0,5.0,4.0,3.0,2.0,0.5,18.0,5.0,10.0,15.0,18.0,13.0,13.17,2.0,5.0,1.0,2.0,5.0,4.0,4.17,3.0,2.0,2.0,2.0,4.0,3.0,5.0,5.0,3.25,1,1,1,51,12,3,8,9,3,9,4,,,"1. Quick understanding on the scenario: Re-explain the task into simpler language. Reorganize whole statements into bite-size facts and possibilities. Visualize them into table so I can map the current condition. 
2. Question understanding: Ensure the model answer one question at a time, not all questions at one time. In other word, I need to truly follow the reasoning.",,The gap on using AI as assistant is our full control on the its reasoning. We should genuinely follow each step of reasoning by identifying and articulating the main problem into bite-size information.
6772635d620fb499e8d268e6,ai,2026-07-21T12:22:18.022776+00:00,True,30,['Man'],Care worker,Native English speaker,Higher tertiary education degree (Master's level),Several times a day,C,0,95.0,B,1,97.0,C,0,87.0,A,1,77.0,A,0,99.0,C,1,65.0,B,1,62.0,C,0,86.0,A,0,84.0,C,0,98.0,C,0,90.0,C,0,93.0,4,86.08,-16.25,5.0,2.0,5.0,1.0,5.0,1.0,5.0,5.0,1.0,5.0,1.0,97.5,7.0,7.0,7.0,7.0,6.0,7.0,5.0,4.0,2.25,11.0,14.0,4.0,17.0,20.0,1.0,11.17,3.0,5.0,3.0,1.0,5.0,3.0,4.0,5.0,5.0,5.0,5.0,5.0,4.0,4.0,5.0,4.5,0,1,1,17,12,10,12,12,10,12,5,,,Recheck my answers,,Everything went well. 
659c01027a942e6d4d2bd6a4,ai,2026-07-21T12:29:34.451798+00:00,True,47,['Woman'],office manager ,Native English speaker,Upper secondary school / High school,About once a week,D,1,77.0,A,0,85.0,A,1,91.0,C,0,85.0,D,1,85.0,B,0,91.0,B,1,72.0,D,0,69.0,B,1,66.0,A,1,55.0,D,1,73.0,A,0,43.0,7,74.33,-0.46,4.0,1.0,4.0,1.0,4.0,3.0,4.0,5.0,1.0,3.0,3.0,75.0,4.0,6.0,6.0,5.0,5.0,5.0,5.0,5.0,1.12,8.0,8.0,5.0,14.0,8.0,2.0,7.5,4.0,4.0,1.0,1.0,4.0,4.0,4.33,3.0,3.0,3.0,3.0,4.0,3.0,3.0,3.0,3.12,1,1,1,20,9,6,9,6,2,10,4,,,,,
5d8e154af2858200171fdb95,ai,2026-07-21T12:30:10.533566+00:00,True,40,['Woman'],Business Manager,Native English speaker,Lower tertiary education degree (Bachelor's level),A few times a week,D,1,74.0,C,0,87.0,D,0,89.0,D,0,67.0,A,0,89.0,B,0,100.0,B,1,97.0,B,0,84.0,B,1,100.0,C,0,77.0,B,0,98.0,B,1,44.0,4,83.83,-7.62,4.0,1.0,5.0,1.0,4.0,1.0,5.0,5.0,1.0,5.0,1.0,95.0,6.0,7.0,7.0,6.0,4.0,6.0,4.0,4.0,1.5,19.0,3.0,4.0,18.0,16.0,2.0,10.33,3.0,4.0,3.0,2.0,4.0,3.0,3.5,4.0,3.0,4.0,4.0,5.0,3.0,4.0,5.0,4.0,1,1,1,18,10,8,10,10,10,10,5,,,I asked AI for advice and compared its notes for accuracy against the question.,,
6a0cd3904db1482540e9dede,ai,2026-07-21T12:35:22.903299+00:00,True,32,['Woman'],Information Technology/ IT Manager,Fully fluent,Higher tertiary education degree (Master's level),About once a day,A,0,96.0,A,0,85.0,D,0,93.0,B,0,74.0,D,1,92.0,D,0,75.0,D,0,86.0,D,0,72.0,B,1,95.0,D,0,89.0,D,1,89.0,D,0,79.0,3,85.42,8.78,4.0,1.0,4.0,2.0,5.0,1.0,4.0,5.0,1.0,4.0,2.0,85.0,7.0,6.0,6.0,6.0,5.0,5.0,5.0,4.0,1.5,17.0,4.0,3.0,16.0,13.0,1.0,9.0,4.0,4.0,1.0,2.0,5.0,4.0,4.33,5.0,3.0,4.0,4.0,5.0,1.0,5.0,5.0,4.5,1,1,1,18,12,7,12,12,6,12,4,,,"first, i put the scenario on AI to help it get the information on it and evaluate it, then i read it myself. after that i put the question and options in AI while reading them myself. at the end when AI give the answer i cross check it with scenario, question and options.",,"the AI was very efficient in evaluating the whole scenario and then after giving the answer to the given question, it also explains it."
6a15cd68dfe6b38127015329,ai,2026-07-21T12:41:16.009272+00:00,True,39,['Man'],Chef,Native English speaker,Lower tertiary education degree (Bachelor's level),Several times a day,D,1,53.0,B,1,38.0,A,1,48.0,B,0,73.0,A,0,53.0,B,0,53.0,B,1,52.0,A,1,65.0,C,0,81.0,D,0,82.0,D,1,79.0,D,0,71.0,6,62.33,-13.0,4.0,1.0,5.0,1.0,5.0,1.0,5.0,5.0,1.0,5.0,1.0,97.5,6.0,6.0,6.0,6.0,4.0,6.0,6.0,6.0,1.75,19.0,9.0,2.0,20.0,13.0,2.0,10.83,3.0,3.0,1.0,1.0,4.0,3.0,3.83,4.0,3.0,4.0,4.0,4.0,3.0,4.0,4.0,3.75,1,1,1,20,10,6,9,10,7,9,3,,,,,
66d26b17a28e77051a40fd99,ai,2026-07-21T12:43:47.924897+00:00,True,59,['Man'],unemloyed due to illness,Native English speaker,Upper secondary school / High school,A few times a week,D,1,81.0,B,1,76.0,D,0,73.0,B,0,82.0,D,1,87.0,B,0,80.0,B,1,83.0,A,1,81.0,B,1,85.0,A,1,83.0,D,1,80.0,D,0,81.0,8,81.0,3.0,1.0,1.0,5.0,1.0,5.0,1.0,5.0,5.0,1.0,5.0,1.0,90.0,7.0,6.0,7.0,6.0,6.0,6.0,6.0,5.0,2.12,5.0,3.0,4.0,17.0,5.0,5.0,6.5,3.0,2.0,2.0,3.0,5.0,4.0,3.5,5.0,1.0,5.0,5.0,5.0,3.0,5.0,5.0,4.25,1,1,1,26,6,0,11,12,0,12,1,,,i found putting the scenario in first worked best for the task,,i was quite amazed how in depth the calculations were and very impressed with the ai calculating the answers
5942d73df8bfc00001985c3c,ai,2026-07-21T12:47:52.936296+00:00,True,39,['Woman'],Sole Trader / Freelancer,Native English speaker,Lower tertiary education degree (Bachelor's level),A few times a week,A,0,66.0,A,0,60.0,D,0,68.0,B,0,68.0,D,1,45.0,B,0,62.0,D,0,45.0,A,1,55.0,B,1,65.0,D,0,63.0,A,0,82.0,B,1,66.0,4,62.08,-6.5,1.0,4.0,3.0,3.0,3.0,3.0,4.0,5.0,3.0,3.0,3.0,45.0,5.0,5.0,4.0,5.0,4.0,4.0,4.0,2.0,0.12,12.0,2.0,9.0,11.0,5.0,5.0,7.33,2.0,3.0,3.0,4.0,3.0,2.0,2.5,3.0,4.0,3.0,3.0,4.0,3.0,4.0,3.0,3.38,1,1,1,22,8,5,7,6,2,7,4,,,Pasting the exact questioning so there was no confusion of wording.,,No
6a12f9ea10383337fb6d1e8d,ai,2026-07-21T12:48:39.976000+00:00,True,37,['Woman'],Mental health,Native English speaker,Higher tertiary education degree (Master's level),Several times a day,C,0,48.0,C,0,52.0,C,0,58.0,B,0,56.0,C,0,56.0,C,1,70.0,D,0,100.0,D,0,15.0,D,0,56.0,A,1,54.0,D,1,70.0,C,0,55.0,3,57.5,9.56,1.0,4.0,1.0,2.0,3.0,2.0,3.0,5.0,3.0,2.0,4.0,37.5,2.0,3.0,3.0,5.0,3.0,6.0,4.0,4.0,-0.25,15.0,6.0,9.0,9.0,14.0,5.0,9.67,4.0,4.0,4.0,2.0,4.0,4.0,3.67,2.0,2.0,3.0,3.0,3.0,3.0,3.0,3.0,2.75,0,1,1,14,6,7,12,4,5,7,2,,,I used the AI tools and sometimes guessing,,
6a12ff970973e1f8a4525760,ai,2026-07-21T12:53:54.404422+00:00,True,35,['Man'],Engineer,Native English speaker,Lower tertiary education degree (Bachelor's level),Several times a day,D,1,99.0,D,0,100.0,D,0,98.0,B,0,0.0,D,1,100.0,A,0,100.0,B,1,100.0,A,1,100.0,B,1,100.0,D,0,100.0,D,1,99.0,D,0,100.0,6,91.33,16.67,5.0,1.0,5.0,1.0,5.0,1.0,5.0,5.0,1.0,5.0,1.0,100.0,6.0,6.0,6.0,7.0,5.0,6.0,6.0,6.0,2.0,8.0,6.0,9.0,13.0,8.0,3.0,7.83,3.0,4.0,2.0,2.0,5.0,5.0,4.17,5.0,4.0,4.0,4.0,4.0,1.0,5.0,5.0,4.5,1,1,1,18,12,5,12,12,6,12,4,,,I provided the information and randomly asked ai to verify the answer provided to give me confidence.,,
69fbb24e37c5184dceacd07a,ai,2026-07-21T13:11:46.327897+00:00,True,34,['Woman'],English Tutor,Native English speaker,Higher tertiary education degree (Master's level),About once a week,B,0,80.0,C,0,81.0,D,0,72.0,A,1,79.0,D,1,57.0,B,0,56.0,D,0,84.0,D,0,60.0,B,1,84.0,A,1,77.0,D,1,74.0,A,0,72.0,5,73.0,2.06,3.0,2.0,4.0,2.0,4.0,2.0,4.0,5.0,2.0,3.0,2.0,70.0,6.0,5.0,6.0,6.0,4.0,5.0,4.0,5.0,1.12,13.0,1.0,10.0,16.0,10.0,8.0,9.67,3.0,2.0,3.0,4.0,3.0,4.0,2.83,3.0,3.0,2.0,2.0,4.0,4.0,4.0,4.0,3.0,1,1,1,16,10,4,7,8,5,6,3,,,"I read through the AI generated answers to double check that the answers given seemed to be correct and in line with what was being asked- but I will admit this type of strategic planning does not come naturally to me, so I did feel like I may have missed some errors if that AI did make any",,N/A
5a991dd86475f900019fe4b6,ai,2026-07-21T13:24:24.160868+00:00,True,47,['Woman'],Receptionist,Native English speaker,Vocational college degree,A few times a month,A,0,86.0,A,0,85.0,B,0,82.0,A,1,92.0,D,1,91.0,D,0,87.0,D,0,89.0,A,1,85.0,C,0,86.0,D,0,89.0,D,1,87.0,A,0,85.0,4,87.0,2.62,4.0,2.0,4.0,1.0,4.0,2.0,4.0,5.0,2.0,4.0,2.0,77.5,6.0,6.0,6.0,6.0,5.0,5.0,5.0,4.0,1.38,13.0,3.0,4.0,15.0,10.0,4.0,8.17,2.0,3.0,3.0,4.0,3.0,3.0,2.67,4.0,4.0,4.0,4.0,4.0,4.0,5.0,4.0,3.88,1,1,1,15,9,2,9,9,1,9,3,,,clarify in my questioning that we were using the same information or grid,,
676f730d7b956c6dc4eb2102,ai,2026-07-21T13:40:19.061220+00:00,True,32,['Man'],Healthcare Assistant,Native English speaker,Higher tertiary education degree (Master's level),About once a day,A,0,73.0,A,0,93.0,A,1,94.0,B,0,86.0,D,1,67.0,B,0,97.0,B,1,91.0,D,0,76.0,D,0,96.0,A,1,97.0,D,1,97.0,A,0,97.0,5,88.67,0.91,5.0,1.0,5.0,1.0,3.0,2.0,5.0,5.0,1.0,5.0,2.0,90.0,7.0,7.0,7.0,7.0,7.0,7.0,7.0,5.0,2.75,10.0,1.0,10.0,19.0,20.0,1.0,10.17,3.0,4.0,2.0,1.0,5.0,4.0,4.17,5.0,3.0,5.0,5.0,5.0,1.0,5.0,5.0,4.75,0,1,1,14,9,8,10,12,8,10,1,,,I gave the AI the source scenerio and and asked the questions based of the scenerio,,"Pretty interactive and fast at organizing, generally fun to use"
69e69e80bc8af64a9f5e8f2b,ai,2026-07-21T13:48:49.902637+00:00,True,19,['Woman'],tutor,Fully fluent,Upper secondary school / High school,Several times a day,D,1,27.0,A,0,67.0,A,1,61.0,A,1,69.0,A,0,96.0,B,0,61.0,B,1,65.0,A,1,93.0,B,1,93.0,D,0,78.0,D,1,43.0,A,0,69.0,7,68.5,-9.77,5.0,3.0,4.0,2.0,4.0,2.0,5.0,5.0,3.0,4.0,2.0,75.0,4.0,2.0,6.0,5.0,5.0,5.0,6.0,6.0,0.88,8.0,1.0,4.0,10.0,10.0,7.0,6.67,3.0,4.0,2.0,2.0,5.0,3.0,3.83,4.0,3.0,2.0,2.0,5.0,4.0,2.0,4.0,3.0,1,1,1,22,3,3,5,7,3,8,3,,,ask if it is sure/repeat the process again ,,
69f3476a557b6eb0c17cdfd3,ai,2026-07-16T11:08:25.869210+00:00,True,18,['Man'],Student,Native English speaker,Vocational college degree,A few times a month,A,0,53.0,C,0,54.0,D,0,42.0,A,1,41.0,D,1,79.0,B,0,75.0,B,1,73.0,D,0,45.0,B,1,83.0,D,0,75.0,B,0,82.0,D,0,68.0,4,64.17,7.25,2.0,1.0,5.0,1.0,4.0,1.0,5.0,5.0,1.0,4.0,1.0,87.5,5.0,6.0,6.0,6.0,4.0,4.0,4.0,3.0,0.75,12.0,2.0,7.0,12.0,8.0,9.0,8.33,4.0,4.0,1.0,3.0,4.0,4.0,4.0,4.0,4.0,4.0,3.0,4.0,4.0,5.0,3.0,3.62,1,1,1,17,10,5,9,10,5,10,4,,,"I would come to a rough conclusion before checking what the AI thought, and work through it logically if our conclusions differed. It tended to be correct from what I could tell.",,
55f6be3a32af74000b17021c,ai,2026-07-16T11:13:03.980048+00:00,True,48,['Woman'],teacher,Native English speaker,Lower tertiary education degree (Bachelor's level),A few times a week,C,0,97.0,C,0,98.0,A,1,99.0,D,0,97.0,D,1,98.0,B,0,99.0,D,0,98.0,D,0,96.0,B,1,98.0,A,1,98.0,D,1,97.0,D,0,100.0,5,97.92,0.14,4.0,1.0,5.0,1.0,4.0,2.0,4.0,5.0,4.0,4.0,1.0,80.0,7.0,7.0,7.0,6.0,5.0,6.0,6.0,4.0,2.0,18.0,2.0,5.0,17.0,9.0,6.0,9.5,3.0,3.0,2.0,4.0,4.0,3.0,3.17,4.0,3.0,4.0,4.0,4.0,4.0,4.0,4.0,3.62,1,0,1,16,8,8,7,12,8,9,4,,,asked ai and then checked the answer afterwards,,none
5e11ff6f814bba8816cca900,ai,2026-07-16T11:23:05.575689+00:00,True,37,['Woman'],Finance Analyst,Native English speaker,Lower tertiary education degree (Bachelor's level),A few times a week,D,1,53.0,A,0,52.0,D,0,50.0,B,0,51.0,D,1,51.0,D,0,51.0,D,0,51.0,D,0,51.0,B,1,50.0,A,1,52.0,D,1,53.0,B,1,47.0,6,51.0,0.0,3.0,2.0,4.0,1.0,3.0,3.0,3.0,5.0,3.0,3.0,3.0,60.0,4.0,4.0,4.0,4.0,4.0,4.0,4.0,4.0,0.0,12.0,1.0,10.0,10.0,10.0,1.0,7.33,4.0,4.0,1.0,1.0,4.0,4.0,4.33,3.0,3.0,3.0,3.0,3.0,4.0,3.0,3.0,2.88,1,1,1,16,12,12,12,12,12,12,3,,,I used AI to help me.,,
6a1ec8f64f05ec5575287664,ai,2026-07-16T11:37:54.199741+00:00,True,26,['Woman'],Operations Manager,Native English speaker,Lower tertiary education degree (Bachelor's level),Several times a day,D,1,94.0,A,0,87.0,D,0,95.0,B,0,58.0,D,1,100.0,C,1,100.0,B,1,87.0,A,1,79.0,B,1,98.0,D,0,97.0,D,1,98.0,A,0,68.0,7,88.42,12.71,1.0,5.0,1.0,1.0,2.0,4.0,3.0,5.0,5.0,1.0,2.0,27.5,2.0,1.0,2.0,2.0,3.0,3.0,3.0,3.0,-1.62,20.0,1.0,13.0,4.0,16.0,14.0,11.33,4.0,2.0,3.0,2.0,4.0,2.0,3.17,1.0,1.0,1.0,1.0,2.0,5.0,1.0,1.0,1.12,1,1,1,40,10,8,7,2,1,1,5,,,,,
6a19937f21bff5970fb45bf5,ai,2026-07-16T12:16:36.754909+00:00,True,38,['Woman'],Human Resources,Fully fluent,Higher tertiary education degree (Master's level),About once a day,D,1,75.0,A,0,83.0,D,0,62.0,C,0,82.0,A,0,89.0,B,0,89.0,D,0,81.0,C,0,78.0,B,1,74.0,A,1,75.0,B,0,79.0,D,0,81.0,3,79.0,-5.78,3.0,1.0,5.0,1.0,5.0,1.0,5.0,5.0,1.0,5.0,1.0,95.0,5.0,6.0,6.0,6.0,5.0,6.0,2.0,2.0,0.75,4.0,1.0,10.0,16.0,4.0,3.0,6.33,4.0,4.0,2.0,2.0,5.0,5.0,4.33,4.0,3.0,4.0,4.0,5.0,2.0,5.0,4.0,4.12,1,0,1,19,11,11,10,12,9,12,3,,,I've asked additional questions a couple of times. I've went back to the original case and checked the answers most of the times. ,,"To be honest, once you've given AI the task, it is very tempting not to check the results, especially when the case is quite complex. It also makes it hard to check the answers, cause it would take much longer to sort it out on your own. It results in a sense of unease when submitting the answers, cause you feel like you are relying on something you don't fully grasp"
66de0fe631ea4b3facbc2d37,ai,2026-07-16T12:43:26.381494+00:00,True,66,['Woman'],Administrator,Native English speaker,Lower tertiary education degree (Bachelor's level),Several times a day,A,0,87.0,C,0,90.0,D,0,80.0,C,0,89.0,D,1,97.0,B,0,98.0,B,1,89.0,D,0,90.0,B,1,91.0,A,1,87.0,D,1,81.0,B,1,91.0,6,89.17,0.33,5.0,1.0,5.0,1.0,4.0,1.0,5.0,5.0,1.0,5.0,1.0,97.5,7.0,7.0,7.0,7.0,7.0,7.0,6.0,7.0,2.88,18.0,5.0,7.0,18.0,17.0,4.0,11.5,3.0,4.0,2.0,2.0,4.0,4.0,3.83,5.0,4.0,4.0,4.0,5.0,1.0,5.0,5.0,4.62,1,1,1,14,12,5,8,12,6,12,4,,,I read the problems and the scenarios and took an estimate of what i thought would be the right answer. Some were quite clear what the correct answer would be but on the more complicated ones i took the lead from the AI and doubled checked some of the answers.,,
6760595cc33a17ad769453b4,ai,2026-07-17T10:54:15.080659+00:00,True,20,['Woman'],student,Native English speaker,Vocational college degree,About once a day,D,1,27.0,C,0,21.0,D,0,34.0,D,0,35.0,D,1,35.0,B,0,28.0,D,0,23.0,D,0,44.0,D,0,81.0,B,0,76.0,B,0,63.0,B,1,72.0,3,44.92,-0.33,2.0,2.0,4.0,1.0,2.0,5.0,4.0,5.0,3.0,4.0,2.0,57.5,6.0,3.0,3.0,5.0,3.0,4.0,3.0,4.0,-0.12,6.0,1.0,5.0,9.0,9.0,12.0,7.0,3.0,4.0,2.0,2.0,3.0,3.0,3.5,2.0,2.0,1.0,2.0,3.0,4.0,5.0,2.0,2.38,1,1,1,23,11,12,12,7,1,9,5,,,I asked it the questions and then asked if it was sure because the answers often changed,,
6a22f3e9176d5e2456f908b0,ai,2026-07-17T11:03:48.919171+00:00,True,30,['Man'],Unemployed,Native English speaker,Doctoral degree,About once a day,D,1,58.0,A,0,36.0,D,0,7.0,D,0,72.0,D,1,100.0,B,0,62.0,B,1,81.0,D,0,68.0,B,1,28.0,A,1,35.0,B,0,45.0,A,0,45.0,5,53.08,12.54,2.0,3.0,4.0,1.0,4.0,4.0,4.0,5.0,1.0,4.0,1.0,70.0,4.0,3.0,3.0,4.0,3.0,3.0,3.0,3.0,-0.75,14.0,3.0,3.0,15.0,9.0,7.0,8.5,4.0,4.0,2.0,2.0,4.0,4.0,4.0,4.0,3.0,3.0,4.0,2.0,2.0,5.0,3.0,3.5,1,0,1,23,12,6,12,10,3,4,2,,,Initially just went with AI answers but then noticed it sometimes gave different answers if asked the same question twice so started double checking to make sure they matched.,,
6a218dae2f1b98857277d1de,ai,2026-07-17T11:31:22.708259+00:00,True,21,['Woman'],Student,Native English speaker,Upper secondary school / High school,A few times a week,D,1,50.0,D,0,44.0,B,0,79.0,D,0,75.0,D,1,39.0,C,1,86.0,D,0,40.0,A,1,60.0,B,1,70.0,D,0,84.0,D,1,85.0,D,0,80.0,6,66.0,-2.0,2.0,4.0,3.0,2.0,4.0,2.0,3.0,5.0,2.0,1.0,2.0,52.5,5.0,1.0,2.0,1.0,3.0,4.0,3.0,4.0,-1.12,14.0,1.0,1.0,10.0,10.0,12.0,8.0,1.0,1.0,5.0,5.0,2.0,1.0,1.17,3.0,4.0,2.0,3.0,2.0,4.0,3.0,3.0,2.75,1,1,1,13,10,5,10,10,5,9,2,,,i found the tasks super confusing so I mostly relied on AI,,
6a1dae952d20ecda007b5877,ai,2026-07-17T12:05:57.937690+00:00,True,33,['Man'],construction,Native English speaker,Higher tertiary education degree (Master's level),Several times a day,A,0,44.0,A,0,76.0,D,0,85.0,B,0,79.0,D,1,77.0,C,1,81.0,C,0,81.0,C,0,83.0,B,1,74.0,D,0,77.0,D,1,81.0,B,1,80.0,5,76.5,3.6,4.0,1.0,5.0,2.0,5.0,2.0,4.0,5.0,2.0,4.0,1.0,85.0,6.0,6.0,5.0,6.0,5.0,6.0,5.0,5.0,1.5,20.0,3.0,7.0,20.0,19.0,10.0,13.17,4.0,4.0,2.0,2.0,4.0,2.0,3.67,5.0,2.0,4.0,4.0,5.0,4.0,4.0,4.0,3.75,1,0,1,14,12,8,12,10,3,10,3,,,,,
60e48eec877235a629691790,ai,2026-07-17T12:40:44.759609+00:00,True,38,['Woman'],Teacher,Native English speaker,Doctoral degree,About once a week,A,0,87.0,A,0,75.0,D,0,83.0,B,0,87.0,D,1,100.0,B,0,100.0,B,1,100.0,A,1,76.0,C,0,100.0,D,0,84.0,B,0,100.0,D,0,54.0,3,87.17,6.44,4.0,1.0,4.0,4.0,4.0,4.0,3.0,5.0,4.0,4.0,4.0,55.0,6.0,6.0,7.0,5.0,4.0,4.0,2.0,1.0,0.38,6.0,6.0,6.0,16.0,3.0,3.0,6.67,4.0,4.0,3.0,3.0,5.0,4.0,3.83,4.0,4.0,5.0,5.0,5.0,1.0,4.0,5.0,4.62,1,1,1,16,12,6,12,10,6,10,4,,,trust in the AI but did read through the response,,none
