participantId,condition,savedAt,completed,age,gender,profession,fluency,education,ai_use,ypc_02_answer,ypc_02_correct,ypc_02_confidence,ypc_03_answer,ypc_03_correct,ypc_03_confidence,ypc_05_answer,ypc_05_correct,ypc_05_confidence,ypc_06_answer,ypc_06_correct,ypc_06_confidence,car_racing_01_answer,car_racing_01_correct,car_racing_01_confidence,car_racing_02_answer,car_racing_02_correct,car_racing_02_confidence,car_racing_03_answer,car_racing_03_correct,car_racing_03_confidence,car_racing_05_answer,car_racing_05_correct,car_racing_05_confidence,graduation_party_01_answer,graduation_party_01_correct,graduation_party_01_confidence,graduation_party_05_answer,graduation_party_05_correct,graduation_party_05_confidence,graduation_party_06_answer,graduation_party_06_correct,graduation_party_06_confidence,graduation_party_07_answer,graduation_party_07_correct,graduation_party_07_confidence,n_correct,mean_confidence,metacog_sensitivity,sus_1,sus_2,sus_3,sus_4,sus_5,sus_6,sus_7,sus_8,sus_9,sus_10,sus_11,sus_aggregate,ueq_1,ueq_2,ueq_3,ueq_4,ueq_5,ueq_6,ueq_7,ueq_8,ueq_aggregate,tlx_1,tlx_2,tlx_3,tlx_4,tlx_5,tlx_6,tlx_aggregate,nfc_1,nfc_2,nfc_3,nfc_4,nfc_5,nfc_6,nfc_aggregate,trust_1,trust_2,trust_3,trust_4,trust_5,trust_6,trust_7,trust_8,trust_aggregate,attn_instruction,attn_post,attn_sus,msgs_to_ai,pre_with_ai,pre_without_ai,pre_ai_alone,post_with_ai,post_without_ai,post_ai_alone,I usually double-checked AI-generated answers before relying on them.,The multiple alternatives reply shown in this study changed how I interacted with the AI.,The multiple alternatives reply helped me evaluate the AI’s answer more carefully.,"Which strategies did you use to solve the tasks, check your answers, or improve your performance, if any?","How, if at all, did the multiple alternatives reply changed the way you interacted with the AI?","If you have any further comments about your interaction with the AI, please share them here."
612a1e54112f947dc881398a,alternatives,2026-08-14T09:34:34.231838+00:00,True,27,['Man'],Teaching Assistant,Native English speaker,Lower tertiary education degree (Bachelor's level),About once a day,D,1,84.0,A,0,87.0,D,0,83.0,D,0,77.0,D,1,100.0,D,0,88.0,D,0,86.0,C,0,53.0,B,1,75.0,D,0,75.0,B,0,84.0,D,0,81.0,3,81.08,7.0,3.0,1.0,4.0,1.0,4.0,2.0,4.0,5.0,1.0,5.0,1.0,85.0,6.0,6.0,5.0,7.0,4.0,4.0,4.0,4.0,1.0,16.0,1.0,5.0,15.0,15.0,12.0,10.67,4.0,2.0,3.0,4.0,3.0,4.0,3.0,5.0,4.0,4.0,4.0,4.0,2.0,4.0,4.0,4.12,1,1,1,13,12,8,6,8,6,8,3,4,4,I noted down some pieces on information,The alternative replies made me go back through and check the scenarios again,
6a023f4680391bcad5d12a8e,alternatives,2026-08-14T09:41:07.476465+00:00,True,35,['Man'],Editor,Native English speaker,Lower tertiary education degree (Bachelor's level),About once a week,D,1,94.0,B,1,42.0,A,1,67.0,A,1,28.0,D,1,84.0,B,0,85.0,B,1,82.0,B,0,38.0,C,0,40.0,A,1,87.0,D,1,33.0,B,1,30.0,9,59.17,6.44,3.0,2.0,4.0,2.0,3.0,2.0,4.0,5.0,2.0,2.0,2.0,65.0,5.0,6.0,5.0,6.0,4.0,5.0,3.0,4.0,0.75,14.0,3.0,6.0,9.0,10.0,9.0,8.5,3.0,3.0,2.0,3.0,2.0,3.0,3.0,3.0,2.0,3.0,3.0,4.0,3.0,5.0,4.0,3.38,1,0,1,13,10,8,10,8,3,8,2,2,2,Very little as the scenarios were so complex I had to just trust whichever AI response felt most in depth and thought out.,It made it hard to trust one over the other and not being able to ask follow up questions to one specific AI model made it difficult to interrogate conflicting answers.,N/A
5b0f27321e55760001b9a8a5,alternatives,2026-08-14T09:47:53.893939+00:00,True,45,['Woman'],Business Analyst ,Native English speaker,Lower tertiary education degree (Bachelor's level),Several times a day,D,1,82.0,C,0,64.0,D,0,80.0,D,0,68.0,D,1,98.0,B,0,92.0,B,1,75.0,D,0,59.0,B,1,89.0,D,0,66.0,B,0,75.0,D,0,73.0,4,76.75,13.88,4.0,1.0,4.0,2.0,4.0,3.0,4.0,5.0,2.0,4.0,2.0,75.0,6.0,6.0,5.0,4.0,5.0,6.0,5.0,4.0,1.12,16.0,4.0,3.0,8.0,16.0,13.0,10.0,4.0,5.0,3.0,2.0,4.0,3.0,3.83,4.0,2.0,2.0,2.0,4.0,4.0,4.0,4.0,3.0,1,1,1,22,12,6,12,10,2,10,5,4,5,"Tried to double check the answers given to me by AI, timings are not my strong point however","absolutely, it made me question both of them",I enjoyed this task
6a05af046f4fff8e7c4bf65f,alternatives,2026-08-14T09:52:53.798113+00:00,True,29,['Woman'],Customer service,Native English speaker,Lower tertiary education degree (Bachelor's level),A few times a week,D,1,95.0,C,0,71.0,D,0,88.0,D,0,93.0,A,0,92.0,C,1,100.0,D,0,74.0,C,0,80.0,B,1,89.0,D,0,89.0,B,0,91.0,D,0,73.0,3,86.25,11.22,3.0,1.0,5.0,1.0,4.0,3.0,4.0,5.0,1.0,5.0,2.0,82.5,6.0,5.0,5.0,5.0,3.0,3.0,3.0,4.0,0.25,15.0,1.0,12.0,15.0,14.0,4.0,10.17,4.0,4.0,2.0,2.0,5.0,4.0,4.17,3.0,4.0,2.0,3.0,2.0,2.0,4.0,4.0,3.25,1,1,1,19,12,10,9,10,8,9,4,5,3,"Asked the AI, double checked myself with the text, or made the AI quote the relevant text to speed up the checking.",It made me want to double check more often as there were a lot of inconsistencies between the 2 agents,
5c0f6121a166d700013881ec,alternatives,2026-08-14T09:54:07.161532+00:00,True,34,['Man'],Self Employed,Fully fluent,Lower tertiary education degree (Bachelor's level),Several times a day,D,1,65.0,C,0,70.0,A,1,68.0,A,1,64.0,D,1,96.0,B,0,100.0,B,1,60.0,D,0,90.0,B,1,75.0,D,0,87.0,D,1,81.0,B,1,89.0,8,78.75,-12.0,4.0,2.0,4.0,1.0,4.0,3.0,4.0,5.0,2.0,4.0,2.0,75.0,5.0,5.0,5.0,5.0,4.0,4.0,4.0,4.0,0.5,15.0,1.0,1.0,10.0,10.0,12.0,8.17,3.0,3.0,4.0,2.0,4.0,3.0,3.17,4.0,3.0,1.0,4.0,4.0,2.0,4.0,4.0,3.5,1,1,1,24,10,8,7,6,4,5,5,3,3,I looked over the information provided and made sure to double check if AI was sure or pointed out facts about the scheduling/event it might have ommited.,The AI would give me different answers to start with on both response A and B and I had to trigger it to re-assess its findings.,
6a14f818ca7d49f469ab3163,alternatives,2026-08-14T09:55:49.725148+00:00,True,45,['Man'],Unemployed,Native English speaker,Upper secondary school / High school,Several times a day,D,1,91.0,C,0,100.0,D,0,89.0,C,0,87.0,A,0,96.0,B,0,92.0,D,0,66.0,D,0,57.0,B,1,100.0,D,0,71.0,B,0,99.0,D,0,79.0,2,85.58,11.9,5.0,2.0,5.0,2.0,4.0,3.0,3.0,5.0,2.0,5.0,1.0,80.0,5.0,6.0,5.0,5.0,6.0,6.0,6.0,5.0,1.5,19.0,3.0,6.0,13.0,19.0,5.0,10.83,4.0,2.0,2.0,2.0,4.0,4.0,3.67,5.0,2.0,2.0,3.0,5.0,2.0,4.0,4.0,3.62,1,1,1,19,10,6,12,8,3,6,5,5,5,"I asked the questions, then evaluated both responses, any differences, i questioned to see if they would result in a different answer",i had to be more thorough especially when given different answers,
69f1386d8f8e9af4ec5759a7,alternatives,2026-08-14T10:14:52.635672+00:00,True,30,['Woman'],Artist,Native English speaker,Lower tertiary education degree (Bachelor's level),About once a day,A,0,51.0,D,0,70.0,D,0,38.0,D,0,72.0,D,1,94.0,D,0,34.0,D,0,97.0,A,1,51.0,B,1,53.0,D,0,76.0,D,1,100.0,D,0,19.0,4,62.92,17.38,3.0,3.0,4.0,1.0,3.0,2.0,5.0,5.0,2.0,3.0,1.0,72.5,6.0,4.0,5.0,3.0,4.0,6.0,4.0,3.0,0.38,17.0,3.0,3.0,14.0,18.0,6.0,10.17,3.0,3.0,2.0,2.0,4.0,3.0,3.5,4.0,4.0,2.0,2.0,4.0,4.0,4.0,3.0,3.12,1,1,1,34,8,6,9,8,7,9,3,4,4,i tried to get the AI to focus on specific by asking about a certain part only copying the part i thought was relevant.  I would often obtain my own answer and ask the AI if it agreed. I would then assess its reasoning.  If both AI answers were different i would question the answers.,It made me double check answers and think twice about what i was writing as if they were contradicting i wouldn't know what to believe.  It made me rely on myself more.,
61472242d56808cc5a4c94d9,alternatives,2026-08-14T10:18:37.848576+00:00,True,32,['Woman'],sales assistant,Native English speaker,Upper secondary school / High school,Less than once a month,C,0,96.0,A,0,69.0,D,0,100.0,C,0,95.0,D,1,93.0,D,0,86.0,A,0,59.0,D,0,60.0,B,1,100.0,A,1,98.0,D,1,74.0,D,0,100.0,4,85.83,8.12,3.0,2.0,4.0,2.0,4.0,1.0,4.0,5.0,1.0,4.0,1.0,80.0,4.0,5.0,5.0,5.0,4.0,4.0,4.0,5.0,0.5,20.0,20.0,6.0,20.0,20.0,8.0,15.67,3.0,3.0,3.0,2.0,4.0,4.0,3.5,3.0,3.0,2.0,2.0,3.0,4.0,2.0,2.0,2.38,1,1,1,16,8,5,12,6,3,6,3,4,4,i read the questions and tried to mentally work them out while AI was also working on the answers also.,They sometimes confused me.,
6a06ee4535f3599505bc54f6,alternatives,2026-08-14T10:29:01.206465+00:00,True,32,['Man'],Software Engineer,Native English speaker,Lower tertiary education degree (Bachelor's level),Several times a day,A,0,21.0,A,0,66.0,C,0,21.0,C,0,12.0,A,0,40.0,D,0,64.0,B,1,32.0,A,1,54.0,A,0,35.0,B,0,46.0,D,1,76.0,A,0,19.0,3,40.5,18.0,5.0,2.0,5.0,1.0,5.0,1.0,4.0,5.0,1.0,5.0,1.0,95.0,7.0,5.0,6.0,4.0,7.0,7.0,6.0,6.0,2.0,20.0,3.0,6.0,9.0,19.0,1.0,9.67,5.0,5.0,1.0,1.0,5.0,5.0,5.0,4.0,2.0,4.0,4.0,5.0,1.0,4.0,4.0,4.0,1,1,1,21,6,3,10,3,1,10,5,5,5,"I read the scenarios. I read the statements. I assessed them myself. I came up with a hypothesis. I prompted the AI. I read both responses. Tested them with my hypothesis and if I doubted anything, I reread the scenario. I factored in the responses in mine and chose what I thought was the best answer.",It did not change. It only gave me dynamic perspectives.,Thank you for having me as part of this study group. All the best in your research!
59d6165050f88f000161e951,alternatives,2026-08-14T10:35:28.245261+00:00,True,32,['Woman'],Teacher,Native English speaker,Higher tertiary education degree (Master's level),About once a day,A,0,72.0,B,1,71.0,B,0,100.0,A,1,93.0,D,1,93.0,B,0,58.0,B,1,100.0,B,0,76.0,C,0,97.0,C,0,100.0,A,0,97.0,C,0,100.0,4,88.08,1.75,2.0,2.0,4.0,2.0,3.0,3.0,4.0,5.0,3.0,4.0,2.0,62.5,6.0,5.0,5.0,5.0,3.0,3.0,6.0,4.0,0.62,1.0,1.0,3.0,16.0,3.0,3.0,4.5,2.0,2.0,4.0,4.0,3.0,3.0,2.33,4.0,4.0,3.0,2.0,4.0,4.0,3.0,3.0,3.12,1,1,1,15,12,5,12,9,8,8,2,3,3,,,
6a01ff6376140a39df37af06,alternatives,2026-08-14T10:48:51.531757+00:00,True,65,['Man'],project manager,Native English speaker,Higher tertiary education degree (Master's level),Several times a day,D,1,68.0,B,1,36.0,D,0,74.0,C,0,68.0,D,1,66.0,B,0,72.0,B,1,72.0,D,0,75.0,B,1,61.0,A,1,69.0,B,0,75.0,D,0,84.0,6,68.33,-12.67,3.0,4.0,3.0,1.0,3.0,4.0,4.0,5.0,3.0,4.0,2.0,57.5,6.0,6.0,5.0,5.0,4.0,5.0,6.0,6.0,1.38,20.0,17.0,14.0,12.0,16.0,20.0,16.5,5.0,5.0,1.0,5.0,5.0,5.0,4.33,4.0,3.0,3.0,3.0,5.0,3.0,5.0,4.0,3.75,1,1,1,39,8,8,10,8,10,6,5,4,5,"Double checked incorrect answers. In real situation, I would use other AIs ",Kept changing until both responses were aligned. Not ideal strategy.,Interesting and complex scenarios. AI responses were in line with what I was expecting.
69ee224d4896c8720f0ed466,alternatives,2026-08-14T10:55:51.839415+00:00,True,51,['Man'],Business Owner,Native English speaker,Lower tertiary education degree (Bachelor's level),Several times a day,D,1,45.0,D,0,46.0,A,1,53.0,C,0,52.0,D,1,50.0,B,0,45.0,B,1,50.0,A,1,47.0,B,1,48.0,D,0,47.0,D,1,49.0,A,0,48.0,7,48.33,1.26,3.0,1.0,5.0,1.0,4.0,4.0,5.0,5.0,3.0,4.0,1.0,77.5,4.0,2.0,5.0,5.0,5.0,5.0,4.0,2.0,0.0,16.0,1.0,10.0,4.0,6.0,14.0,8.5,4.0,4.0,1.0,1.0,5.0,5.0,4.67,3.0,2.0,3.0,3.0,4.0,3.0,4.0,4.0,3.25,1,1,1,36,6,0,0,7,0,0,4,4,3,"I compared the two and I asked for them to double-check to reach a consensus. As I had surrendered to the AI doing the heavy-lifting, I trusted their final agreement.",In so much as it was a reminder that AI can get it wrong.,
6a0b2039dd72f88d56961a7c,alternatives,2026-08-14T11:10:02.774329+00:00,True,43,['Man'],Video producer,Native English speaker,Lower tertiary education degree (Bachelor's level),Less than once a month,D,1,93.0,B,1,10.0,A,1,91.0,A,1,95.0,D,1,88.0,B,0,92.0,D,0,48.0,B,0,56.0,B,1,96.0,D,0,55.0,B,0,62.0,D,0,94.0,6,73.33,11.0,4.0,1.0,5.0,1.0,5.0,1.0,5.0,5.0,1.0,5.0,1.0,97.5,7.0,7.0,7.0,7.0,4.0,4.0,5.0,5.0,1.75,12.0,1.0,2.0,14.0,13.0,3.0,7.5,2.0,2.0,3.0,3.0,4.0,3.0,2.83,4.0,3.0,2.0,2.0,3.0,3.0,4.0,4.0,3.12,1,1,1,69,10,2,10,7,1,5,5,5,5,I basically just asked questions multiple times to try and gauge which answers were more consistently given,It didn't really change my strategy,
603ceb8f82d6b0a88e6cb99a,alternatives,2026-08-14T11:22:37.599262+00:00,True,55,['Woman'],operations manager,Native English speaker,Lower tertiary education degree (Bachelor's level),Several times a day,C,0,67.0,A,0,72.0,D,0,65.0,D,0,75.0,D,1,70.0,D,0,35.0,B,1,80.0,D,0,78.0,B,1,85.0,D,0,49.0,B,0,80.0,B,1,65.0,4,68.42,9.88,3.0,1.0,4.0,1.0,4.0,1.0,4.0,5.0,1.0,4.0,1.0,85.0,5.0,5.0,5.0,5.0,5.0,5.0,5.0,5.0,1.0,5.0,2.0,3.0,17.0,5.0,2.0,5.67,1.0,1.0,5.0,5.0,1.0,1.0,1.0,4.0,4.0,4.0,4.0,4.0,2.0,4.0,4.0,4.0,1,1,1,27,10,5,12,9,5,10,1,2,3,I just used the AI answers,I tended to use the first column answers,
6a04a03cd33b0d59049eb5fa,alternatives,2026-08-14T11:27:27.759420+00:00,True,21,['Woman'],Marketing,Native English speaker,Higher tertiary education degree (Master's level),Never,A,0,35.0,B,1,75.0,D,0,62.0,A,1,62.0,A,0,68.0,B,0,53.0,B,1,30.0,D,0,64.0,B,1,65.0,D,0,54.0,B,0,72.0,D,0,39.0,4,56.58,2.12,2.0,3.0,4.0,2.0,4.0,5.0,4.0,5.0,4.0,2.0,1.0,52.5,4.0,5.0,4.0,4.0,2.0,4.0,2.0,5.0,-0.25,9.0,1.0,20.0,5.0,6.0,13.0,9.0,4.0,4.0,2.0,2.0,4.0,4.0,4.0,1.0,1.0,1.0,1.0,4.0,5.0,2.0,3.0,1.75,1,1,1,14,7,8,7,6,5,4,3,5,5,,,
69fedf9f76ae1cce5911453a,alternatives,2026-08-14T12:01:31.155666+00:00,True,32,['Man'],agriculture,Native English speaker,Higher tertiary education degree (Master's level),A few times a month,D,1,60.0,A,0,48.0,A,1,58.0,B,0,48.0,D,1,65.0,B,0,75.0,B,1,44.0,A,1,57.0,B,1,100.0,A,1,100.0,B,0,17.0,B,1,100.0,8,64.33,26.0,5.0,2.0,4.0,2.0,5.0,3.0,5.0,5.0,4.0,4.0,3.0,72.5,6.0,5.0,6.0,6.0,5.0,7.0,7.0,7.0,2.12,17.0,14.0,4.0,15.0,8.0,14.0,12.0,3.0,4.0,4.0,4.0,4.0,3.0,3.0,4.0,4.0,5.0,5.0,4.0,4.0,4.0,5.0,4.12,1,1,1,25,7,2,7,10,9,9,4,4,4,i just went with my gut,,
6a08d7ebd6444314bbbf1112,alternatives,2026-08-14T12:02:52.193562+00:00,True,37,['Man'],IT Manager,Native English speaker,Lower tertiary education degree (Bachelor's level),Several times a day,D,1,83.0,A,0,86.0,A,1,86.0,D,0,75.0,B,0,93.0,B,0,94.0,D,0,90.0,D,0,92.0,B,1,87.0,A,1,98.0,D,1,88.0,A,0,93.0,5,88.75,-0.6,5.0,1.0,5.0,1.0,5.0,1.0,5.0,5.0,1.0,5.0,1.0,100.0,7.0,7.0,7.0,7.0,4.0,4.0,6.0,6.0,2.0,2.0,1.0,3.0,14.0,1.0,2.0,3.83,5.0,5.0,1.0,1.0,5.0,5.0,5.0,5.0,4.0,2.0,4.0,4.0,5.0,4.0,5.0,3.62,1,1,1,20,12,3,12,8,2,8,4,4,5,"I asked it to give me a confidence level and I based it on that, stupidly, I trusted the response on the left since the confidence level was quite high, it wasn't until the last few questions that I decided to check both answers",It made me question the AI response,
6601a00c30582f248a36232c,alternatives,2026-08-14T12:03:36.345141+00:00,True,43,['Woman'],Senior Systems Analyst,Fully fluent,Lower tertiary education degree (Bachelor's level),Several times a day,D,1,98.0,C,0,98.0,D,0,99.0,D,0,5.0,B,0,98.0,B,0,99.0,C,0,98.0,B,0,80.0,C,0,41.0,D,0,99.0,D,1,93.0,B,1,91.0,3,83.25,14.33,4.0,2.0,4.0,1.0,4.0,3.0,4.0,5.0,2.0,2.0,1.0,72.5,7.0,6.0,7.0,5.0,6.0,5.0,5.0,6.0,1.88,19.0,6.0,1.0,15.0,20.0,4.0,10.83,4.0,4.0,3.0,4.0,5.0,4.0,3.67,4.0,2.0,4.0,5.0,5.0,1.0,5.0,5.0,4.38,1,1,1,15,12,6,12,9,2,10,5,5,5,Have an answer before AI provided an answer then choose the answer  that has an explanantion that best suits my onw reasoning ,it made me read the given the description output thoroughly and more carefully,
5cacc30ef7db0100175998e7,alternatives,2026-08-14T12:05:30.324989+00:00,True,26,['Man'],Bar Tender,Native English speaker,Lower tertiary education degree (Bachelor's level),About once a day,A,0,47.0,B,1,15.0,D,0,81.0,D,0,73.0,B,0,31.0,C,1,73.0,D,0,91.0,C,0,67.0,B,1,60.0,A,1,68.0,D,1,28.0,D,0,68.0,5,58.5,-16.63,1.0,5.0,1.0,3.0,1.0,5.0,1.0,5.0,5.0,1.0,2.0,12.5,4.0,6.0,2.0,7.0,4.0,2.0,4.0,5.0,0.25,2.0,3.0,3.0,4.0,3.0,8.0,3.83,4.0,4.0,1.0,1.0,1.0,5.0,4.0,4.0,5.0,1.0,1.0,4.0,5.0,4.0,1.0,2.62,0,1,1,19,11,0,0,4,4,3,3,2,3,Brain mathematics,Didn't really do anything,AI should never be used
69ed80361ac67e060ad6e85e,alternatives,2026-08-14T12:13:45.508674+00:00,True,41,['Man'],Banking,Fully fluent,Lower tertiary education degree (Bachelor's level),About once a day,D,1,76.0,B,1,81.0,A,1,73.0,B,0,83.0,D,1,78.0,B,0,79.0,D,0,76.0,A,1,69.0,B,1,74.0,D,0,80.0,D,1,78.0,B,1,84.0,8,77.58,-2.88,4.0,3.0,4.0,1.0,4.0,3.0,4.0,5.0,2.0,4.0,2.0,72.5,6.0,4.0,5.0,4.0,5.0,6.0,6.0,6.0,1.25,16.0,2.0,9.0,16.0,16.0,10.0,11.5,4.0,3.0,2.0,3.0,4.0,3.0,3.5,4.0,4.0,4.0,4.0,4.0,4.0,3.0,4.0,3.62,1,1,1,32,9,6,8,10,6,8,5,5,5,I compared both AI  responses and checked them against the scenario rules.,Different answers made me ask follow_up questions and check the reasoning more carefully.,"The AI was helpful, but conflicting responses sometimes made the task confusing."
66ef7a5b05edfd0f5bed68a6,alternatives,2026-08-14T12:17:20.514248+00:00,True,32,['Woman'],support worker,Native English speaker,Vocational college degree,About once a week,D,1,30.0,A,0,70.0,D,0,68.0,D,0,26.0,D,1,81.0,B,0,76.0,D,0,70.0,A,1,43.0,B,1,98.0,D,0,76.0,D,1,66.0,D,0,93.0,5,66.42,-4.83,4.0,2.0,4.0,2.0,3.0,3.0,3.0,5.0,2.0,3.0,3.0,62.5,5.0,3.0,5.0,4.0,3.0,4.0,4.0,3.0,-0.12,18.0,3.0,9.0,13.0,15.0,17.0,12.5,1.0,2.0,4.0,3.0,2.0,2.0,2.0,3.0,2.0,2.0,1.0,4.0,4.0,3.0,3.0,2.5,1,1,1,17,10,5,8,6,3,8,2,3,4,i used what i thought was correct on my own then finally decided the correct answers with the help of AI,,
68123a73ba06c472ccd5edb8,alternatives,2026-08-14T12:24:02.976763+00:00,True,46,['Woman'],Food Entrepreneur,Native English speaker,Higher tertiary education degree (Master's level),About once a day,D,1,90.0,D,0,61.0,A,1,95.0,B,0,96.0,A,0,91.0,B,0,90.0,D,0,48.0,A,1,87.0,A,0,63.0,A,1,89.0,B,0,90.0,B,1,86.0,5,82.17,12.4,4.0,1.0,4.0,1.0,4.0,2.0,4.0,5.0,1.0,4.0,1.0,85.0,6.0,7.0,6.0,6.0,5.0,6.0,6.0,5.0,1.88,13.0,3.0,7.0,14.0,11.0,13.0,10.17,2.0,3.0,4.0,4.0,4.0,3.0,2.67,5.0,3.0,2.0,4.0,4.0,3.0,2.0,3.0,3.25,1,1,1,18,11,8,11,10,6,10,4,2,5,"I would copy-paste the question and scenario, read through the scenario myself, and when it came to the answers the AI gave that I was doubtful of... I would double-check",No not really,
5fb281433a31c686f0ec3ecb,alternatives,2026-08-14T12:32:49.188015+00:00,True,50,['Man'],civil servant,Native English speaker,Lower tertiary education degree (Bachelor's level),A few times a week,D,1,87.0,A,0,60.0,A,1,81.0,C,0,21.0,A,0,28.0,B,0,73.0,B,1,66.0,A,1,32.0,C,0,24.0,C,0,13.0,A,0,23.0,C,0,15.0,4,43.58,34.38,3.0,2.0,4.0,2.0,3.0,4.0,3.0,5.0,2.0,3.0,2.0,60.0,4.0,4.0,4.0,3.0,4.0,4.0,4.0,4.0,-0.12,2.0,2.0,6.0,9.0,4.0,2.0,4.17,3.0,3.0,3.0,3.0,3.0,3.0,3.0,3.0,3.0,3.0,3.0,3.0,3.0,4.0,4.0,3.25,1,1,1,19,12,3,12,7,4,7,3,3,3,None,it remained the same,none
66e1961788c0c89fa75ecb42,alternatives,2026-08-14T13:11:14.584637+00:00,True,49,['Woman'],Theatre and tv and film access manager,Native English speaker,Lower tertiary education degree (Bachelor's level),Several times a day,D,1,43.0,A,0,51.0,D,0,47.0,D,0,59.0,D,1,46.0,D,0,31.0,D,0,57.0,A,1,38.0,B,1,47.0,A,1,49.0,A,0,44.0,D,0,34.0,5,45.5,-1.54,2.0,4.0,3.0,2.0,3.0,3.0,4.0,5.0,4.0,3.0,3.0,47.5,4.0,4.0,4.0,4.0,4.0,4.0,4.0,4.0,0.0,18.0,10.0,5.0,9.0,19.0,14.0,12.5,4.0,3.0,2.0,2.0,4.0,3.0,3.67,3.0,2.0,2.0,2.0,3.0,4.0,3.0,3.0,2.5,1,0,1,17,10,6,9,6,3,2,4,2,3,,yes ,
6a05ee899cecc3b8b6d7f6a9,alternatives,2026-08-14T13:22:42.312325+00:00,True,36,['Man'],Research fellow,Fully fluent,Doctoral degree,Several times a day,B,0,97.0,B,1,96.0,D,0,100.0,D,0,95.0,D,1,100.0,C,1,100.0,B,1,100.0,D,0,100.0,B,1,100.0,A,1,100.0,B,0,94.0,D,0,100.0,6,98.5,1.67,3.0,4.0,4.0,1.0,3.0,3.0,4.0,5.0,2.0,5.0,4.0,62.5,6.0,3.0,5.0,5.0,4.0,5.0,4.0,5.0,0.62,20.0,18.0,12.0,20.0,17.0,10.0,16.17,2.0,5.0,1.0,2.0,5.0,4.0,4.17,4.0,3.0,3.0,4.0,2.0,1.0,5.0,5.0,3.88,1,1,1,61,12,10,11,12,6,8,5,5,5,"Summarise, resolve the contradiction, double-check the reasoning and re-evaluate responses","Very much, pushed me analyse and challenge the AI",Quite a demanding task and AI was designed well to handle it. 
6a09d6941d61d7f9899ff0ac,alternatives,2026-08-14T13:26:16.515122+00:00,True,30,['Non-binary'],Freelance Graphic Designer,Fully fluent,Lower tertiary education degree (Bachelor's level),About once a week,D,1,95.0,B,1,85.0,B,0,62.0,B,0,66.0,D,1,100.0,B,0,92.0,B,1,97.0,D,0,38.0,B,1,80.0,D,0,100.0,B,0,75.0,D,0,30.0,5,76.67,25.26,3.0,2.0,5.0,1.0,5.0,1.0,5.0,5.0,3.0,5.0,1.0,87.5,6.0,7.0,3.0,2.0,4.0,6.0,7.0,7.0,1.25,20.0,1.0,1.0,11.0,11.0,13.0,9.5,2.0,1.0,4.0,3.0,4.0,2.0,2.33,2.0,3.0,2.0,2.0,4.0,4.0,2.0,4.0,2.62,1,1,1,29,9,4,10,6,3,4,4,4,5,I asked AI to give me information using imagery and tables. I have adhd and huge blocks of text makes it hard for me to understand what's going on,"Slightly, I could compare.",
6a491aa7aaf10918bfb6954d,alternatives,2026-08-16T15:57:12.906772+00:00,True,24,['Man'],Data analyst,Fully fluent,Vocational college degree,About once a day,D,1,17.0,A,0,37.0,D,0,31.0,B,0,61.0,D,1,61.0,B,0,68.0,D,0,36.0,D,0,8.0,B,1,57.0,A,1,59.0,B,0,66.0,D,0,9.0,4,42.5,9.0,3.0,3.0,3.0,3.0,3.0,3.0,3.0,5.0,3.0,3.0,3.0,50.0,4.0,4.0,4.0,4.0,4.0,4.0,4.0,4.0,0.0,9.0,2.0,15.0,7.0,4.0,13.0,8.33,3.0,3.0,3.0,3.0,3.0,3.0,3.0,3.0,3.0,3.0,3.0,3.0,3.0,3.0,3.0,3.0,1,1,1,14,10,6,2,7,3,3,3,4,4,I take in the first reply from AI and second one and compare.,They made me think about what would be the more realistic answer.,
6a2be100ca70eb388aa5dee3,alternatives,2026-08-16T15:58:55.995468+00:00,True,24,['Woman'],Student,Native English speaker,Upper secondary school / High school,A few times a week,A,0,42.0,C,0,42.0,D,0,40.0,C,0,40.0,D,1,52.0,B,0,37.0,B,1,36.0,A,1,63.0,B,1,26.0,D,0,57.0,A,0,49.0,B,1,49.0,5,44.42,1.34,5.0,1.0,5.0,1.0,3.0,2.0,5.0,5.0,2.0,4.0,2.0,85.0,5.0,6.0,6.0,6.0,3.0,3.0,3.0,4.0,0.5,4.0,1.0,5.0,15.0,4.0,2.0,5.17,4.0,2.0,3.0,4.0,3.0,3.0,2.83,4.0,3.0,4.0,3.0,5.0,3.0,4.0,4.0,3.75,1,1,1,13,10,5,12,10,5,12,1,1,3,,,
5f84e472052cf81ae5752252,alternatives,2026-08-16T16:13:27.051413+00:00,True,35,['Woman'],psychotherapist,Native English speaker,Higher tertiary education degree (Master's level),Less than once a month,D,1,63.0,A,0,30.0,D,0,33.0,D,0,32.0,D,1,67.0,B,0,77.0,D,0,66.0,B,0,13.0,B,1,21.0,D,0,68.0,B,0,64.0,D,0,40.0,3,47.83,3.33,2.0,3.0,3.0,1.0,3.0,4.0,3.0,5.0,3.0,2.0,3.0,47.5,4.0,2.0,4.0,4.0,1.0,1.0,2.0,2.0,-1.5,19.0,3.0,8.0,4.0,10.0,15.0,9.83,2.0,4.0,2.0,3.0,3.0,3.0,3.17,2.0,1.0,1.0,2.0,4.0,5.0,4.0,2.0,2.12,1,1,1,18,6,6,6,6,2,6,4,5,5,tried to confirm or disprove the AI's answers,made me think more critically,n/a
5fb3eee93064870009d4ed30,alternatives,2026-08-16T16:16:04.339142+00:00,True,68,['Woman'],Retired salesperson,Native English speaker,Lower tertiary education degree (Bachelor's level),Several times a day,A,0,49.0,A,0,40.0,D,0,100.0,B,0,99.0,D,1,100.0,B,0,100.0,B,1,100.0,A,1,99.0,A,0,100.0,A,1,100.0,D,1,100.0,D,0,0.0,5,82.25,30.09,3.0,1.0,5.0,1.0,5.0,1.0,5.0,5.0,1.0,5.0,1.0,95.0,7.0,7.0,7.0,7.0,5.0,7.0,1.0,1.0,1.25,14.0,1.0,1.0,14.0,14.0,1.0,7.5,4.0,4.0,3.0,2.0,2.0,4.0,3.5,5.0,4.0,4.0,4.0,5.0,1.0,4.0,5.0,4.5,1,1,1,31,10,2,6,8,0,6,5,1,3,I normally got the two bots to review their replies if they did not agree. On my own CGPT I have written as an instruction to always checks its answers and sources,It didn't as I'm happy and used to chatting with AI to review its own output,AI bot B seemed a lot slower answering - but still made changes when it checked itself.
629dd4199343d7710fcdb39c,alternatives,2026-08-16T16:19:37.884690+00:00,True,34,['Man'],Data analyst,Native English speaker,Higher tertiary education degree (Master's level),Never,A,0,34.0,B,1,63.0,D,0,62.0,D,0,57.0,D,1,100.0,C,1,74.0,B,1,91.0,B,0,86.0,B,1,73.0,A,1,83.0,D,1,83.0,D,0,100.0,7,75.5,13.2,1.0,4.0,3.0,1.0,3.0,4.0,3.0,5.0,4.0,3.0,1.0,47.5,4.0,5.0,3.0,6.0,3.0,3.0,1.0,1.0,-0.75,20.0,2.0,1.0,6.0,17.0,19.0,10.83,4.0,5.0,1.0,2.0,5.0,4.0,4.5,1.0,1.0,1.0,1.0,2.0,5.0,2.0,1.0,1.25,1,1,1,16,6,6,2,6,4,7,4,1,4,I compared the AI's final answers and then checked their reasoning. After this I followed my own reasoning to see if it matched the AI's answers.,"If the AIs agreed then it made me more likely to trust the answers, although I would still check them.",
5c5ff87f8c0552000109d7de,alternatives,2026-08-16T16:22:32.573358+00:00,True,33,['Woman'],Dispensary Assistant ,Native English speaker,Upper secondary school / High school,About once a day,D,1,13.0,A,0,11.0,D,0,17.0,B,0,49.0,D,1,97.0,B,0,77.0,B,1,50.0,A,1,72.0,B,1,47.0,D,0,18.0,D,1,0.0,D,0,47.0,6,41.5,10.0,1.0,2.0,4.0,2.0,1.0,5.0,3.0,5.0,3.0,3.0,1.0,47.5,4.0,2.0,6.0,2.0,3.0,2.0,4.0,2.0,-0.88,20.0,20.0,6.0,10.0,16.0,20.0,15.33,1.0,1.0,5.0,5.0,2.0,1.0,1.17,1.0,1.0,1.0,1.0,4.0,5.0,3.0,1.0,1.62,1,1,1,22,9,5,8,6,1,7,2,2,3,"I didn't have any strategies, the questions were hard so I didn't understand how to come up with the answer with all the questions but one 1. ",I interacted with it in the same way,None
6a25b8b3be3afd2e1c895f96,alternatives,2026-08-16T16:22:45.508178+00:00,True,32,['Woman'],Account Manager,Native English speaker,Lower tertiary education degree (Bachelor's level),Several times a day,D,1,20.0,B,1,7.0,D,0,71.0,D,0,36.0,D,1,82.0,B,0,83.0,D,0,69.0,B,0,68.0,B,1,65.0,D,0,54.0,D,1,16.0,D,0,18.0,5,49.08,-19.0,1.0,5.0,1.0,1.0,1.0,5.0,1.0,5.0,5.0,1.0,3.0,15.0,2.0,1.0,1.0,1.0,3.0,3.0,3.0,2.0,-2.0,20.0,6.0,6.0,5.0,15.0,14.0,11.0,3.0,4.0,2.0,2.0,4.0,4.0,3.83,1.0,1.0,1.0,1.0,1.0,5.0,1.0,1.0,1.0,1,1,1,22,10,5,10,4,2,5,3,5,3,"I struggled to be honest, there were too many factors to figure out without a pen and paper to write it down and figure it out myself, occasionally I spotted an error in one of the AI answers, but sometimes it was a reasonable guess",I tried to figure out which was wrong but it was pretty difficult to do so as there was so much info,
5f1f36c5321e4e10385f1ad8,alternatives,2026-08-16T16:42:58.367711+00:00,True,38,['Woman'],Teacher,Native English speaker,Lower tertiary education degree (Bachelor's level),A few times a week,A,0,13.0,A,0,19.0,A,1,65.0,C,0,14.0,D,1,78.0,B,0,80.0,D,0,65.0,B,0,22.0,C,0,12.0,A,1,8.0,A,0,24.0,B,1,36.0,4,36.33,15.62,3.0,2.0,4.0,1.0,3.0,4.0,4.0,5.0,2.0,4.0,2.0,67.5,5.0,4.0,6.0,5.0,2.0,5.0,5.0,5.0,0.62,20.0,1.0,11.0,7.0,20.0,17.0,12.67,4.0,4.0,1.0,1.0,4.0,4.0,4.33,2.0,2.0,2.0,2.0,4.0,3.0,3.0,3.0,2.62,1,1,1,14,6,6,6,4,0,6,5,4,4,,,
6a207b2c1a84a11c40e28dd0,alternatives,2026-08-16T16:44:37.659192+00:00,True,32,['Woman'],Fundraiser,Fully fluent,Higher tertiary education degree (Master's level),A few times a week,D,1,62.0,A,0,69.0,D,0,73.0,B,0,68.0,D,1,71.0,B,0,67.0,D,0,49.0,B,0,56.0,D,0,46.0,A,1,48.0,D,1,51.0,D,0,77.0,4,61.42,-5.12,3.0,3.0,3.0,3.0,3.0,4.0,3.0,5.0,3.0,2.0,3.0,45.0,4.0,4.0,4.0,4.0,4.0,4.0,4.0,4.0,0.0,16.0,1.0,9.0,12.0,13.0,17.0,11.33,3.0,3.0,4.0,3.0,3.0,3.0,2.83,4.0,3.0,4.0,4.0,4.0,3.0,3.0,3.0,3.5,1,1,1,17,10,8,10,8,4,8,4,3,3,Tried to solve myself as well,not really,
659d52af923c07a8e1aac79a,alternatives,2026-08-16T16:53:33.077399+00:00,True,47,['Woman'],education,Native English speaker,Vocational college degree,Several times a day,B,0,46.0,A,0,52.0,C,0,53.0,A,1,50.0,B,0,55.0,D,0,42.0,B,1,61.0,A,1,57.0,C,0,52.0,C,0,47.0,A,0,49.0,D,0,48.0,3,51.0,6.67,5.0,3.0,3.0,3.0,3.0,3.0,3.0,5.0,3.0,5.0,5.0,55.0,7.0,7.0,7.0,7.0,7.0,7.0,7.0,7.0,3.0,20.0,19.0,19.0,10.0,19.0,18.0,17.5,1.0,5.0,3.0,3.0,3.0,3.0,3.0,5.0,5.0,5.0,5.0,5.0,3.0,3.0,4.0,4.38,1,1,1,13,12,6,12,6,0,12,5,5,5,asked ai to simplify ,made me think more ,thank you
63e8a4efd541d6d1d3f2bb89,alternatives,2026-08-16T17:05:59.281380+00:00,True,32,['Woman'],Stay at home mum,Native English speaker,Lower tertiary education degree (Bachelor's level),About once a day,B,0,100.0,D,0,88.0,A,1,100.0,B,0,88.0,D,1,100.0,D,0,100.0,B,1,86.0,A,1,79.0,C,0,82.0,D,0,26.0,D,1,73.0,A,0,15.0,5,78.08,16.31,2.0,4.0,3.0,1.0,2.0,4.0,4.0,5.0,4.0,3.0,1.0,50.0,4.0,4.0,4.0,4.0,4.0,4.0,4.0,4.0,0.0,16.0,1.0,13.0,10.0,15.0,16.0,11.83,4.0,4.0,1.0,1.0,5.0,4.0,4.5,2.0,1.0,1.0,1.0,3.0,4.0,4.0,3.0,2.12,1,1,1,35,11,10,10,8,5,8,4,5,5,I tried to use the AI as a first answer/sense check and then checked the responses. I actually overruled the AI at one point then realised on another question that I had misunderstood the meaning in the table and the AI could have been right. I think I probably trusted the AI a bit more after that!,Any discrepancies between the two highlighted to me that I should be carefully checking both responses/ the correct answer.,
6551469abe377d3646c6cd6e,alternatives,2026-08-16T17:12:43.444283+00:00,True,25,['Man'],retail,Native English speaker,Lower tertiary education degree (Bachelor's level),Several times a day,D,1,57.0,B,1,60.0,D,0,36.0,D,0,51.0,D,1,69.0,B,0,64.0,D,0,57.0,A,1,65.0,B,1,67.0,A,1,67.0,B,0,44.0,D,0,72.0,6,59.08,10.17,3.0,2.0,4.0,2.0,4.0,2.0,3.0,5.0,2.0,3.0,2.0,67.5,5.0,4.0,5.0,5.0,4.0,5.0,6.0,5.0,0.88,7.0,6.0,3.0,9.0,12.0,9.0,7.67,1.0,2.0,4.0,5.0,2.0,2.0,1.67,4.0,2.0,4.0,3.0,4.0,2.0,5.0,4.0,3.75,1,1,1,18,7,2,8,6,3,9,3,2,3,mainly relied on the AI.,i had to quickly double check over it,
63e5412532b6ef655b596338,alternatives,2026-08-16T17:12:54.789717+00:00,True,30,['Man'],Unemployed,Native English speaker,Vocational college degree,Several times a day,A,0,74.0,D,0,67.0,D,0,37.0,C,0,48.0,A,0,65.0,C,1,26.0,D,0,15.0,A,1,30.0,B,1,58.0,C,0,66.0,A,0,19.0,A,0,81.0,3,48.83,-14.44,2.0,2.0,4.0,1.0,4.0,5.0,5.0,5.0,3.0,4.0,1.0,67.5,3.0,5.0,5.0,6.0,3.0,3.0,4.0,2.0,-0.12,16.0,2.0,6.0,10.0,8.0,14.0,9.33,2.0,2.0,4.0,4.0,3.0,2.0,2.17,3.0,4.0,1.0,2.0,3.0,4.0,2.0,4.0,2.62,1,1,1,16,7,3,5,4,0,6,2,3,4,I used their reasonings to make me question my own and double check what I thought the answer would be,"Yeah, it made me realise that they can sometimes be wrong and I shouldn't always trust their answers",I do not
6a01c1a9359a62df3c7e44cb,alternatives,2026-08-16T17:14:17.279943+00:00,True,45,['Man'],Tutor,Native English speaker,Vocational college degree,About once a day,D,1,100.0,A,0,100.0,D,0,100.0,A,1,100.0,D,1,100.0,D,0,100.0,D,0,100.0,A,1,100.0,B,1,100.0,A,1,100.0,B,0,100.0,D,0,100.0,6,100.0,0.0,4.0,2.0,4.0,1.0,4.0,3.0,4.0,5.0,1.0,4.0,1.0,80.0,5.0,6.0,7.0,6.0,6.0,6.0,5.0,5.0,1.75,12.0,8.0,10.0,14.0,9.0,4.0,9.5,3.0,4.0,2.0,2.0,5.0,4.0,4.0,4.0,4.0,2.0,3.0,5.0,4.0,4.0,4.0,3.5,1,1,1,33,10,8,9,10,8,7,4,5,5,check both AI outputs against each other to cross-reference and tally both answers,multiple outputs gave me data to cross-reference,
6a105589ebb19a9c0de90949,alternatives,2026-08-16T17:15:00.516805+00:00,True,44,['Man'],HRM,Fully fluent,Higher tertiary education degree (Master's level),Several times a day,A,0,82.0,D,0,86.0,D,0,82.0,D,0,73.0,D,1,99.0,B,0,100.0,B,1,98.0,C,0,100.0,B,1,100.0,D,0,100.0,B,0,100.0,D,0,100.0,3,93.33,7.56,4.0,1.0,5.0,1.0,4.0,3.0,5.0,5.0,2.0,4.0,1.0,85.0,4.0,4.0,4.0,4.0,4.0,4.0,4.0,4.0,0.0,10.0,15.0,10.0,16.0,17.0,1.0,11.5,4.0,4.0,4.0,2.0,4.0,4.0,3.67,4.0,3.0,3.0,3.0,4.0,3.0,4.0,4.0,3.5,1,1,1,49,10,5,12,9,4,10,4,5,5,I consistently compared the response from both AI and also cross check their answers with each other,it changed it significantly.,NA
5aafe2a9fb22320001babb3a,alternatives,2026-08-16T17:16:05.615131+00:00,True,32,['Man'],Influencer,Native English speaker,Lower tertiary education degree (Bachelor's level),A few times a week,D,1,66.0,D,0,81.0,D,0,100.0,C,0,100.0,D,1,95.0,C,1,53.0,B,1,54.0,D,0,68.0,B,1,100.0,D,0,53.0,D,1,52.0,C,0,43.0,6,72.08,-4.17,3.0,1.0,4.0,4.0,3.0,4.0,5.0,5.0,3.0,5.0,1.0,67.5,5.0,3.0,4.0,4.0,3.0,5.0,6.0,5.0,0.38,12.0,7.0,1.0,18.0,10.0,5.0,8.83,4.0,3.0,2.0,2.0,3.0,3.0,3.5,3.0,2.0,4.0,3.0,4.0,3.0,3.0,4.0,3.25,1,1,1,18,9,8,8,6,4,6,3,4,5,"I told the ai, that I receive different answers, and told it to revaluate and try to find the best answer.","I had to ask the AI to be honest and not give me a answer that aint true, and I had to tell it that I received an answer that is different.",
6a15d35d97c9ae5e06f572af,alternatives,2026-08-16T17:21:44.614816+00:00,True,31,['Man'],Project Manager,Native English speaker,Higher tertiary education degree (Master's level),Several times a day,D,1,100.0,A,0,100.0,D,0,100.0,D,0,84.0,D,1,77.0,D,0,96.0,B,1,100.0,D,0,95.0,B,1,100.0,D,0,100.0,B,0,100.0,B,1,100.0,5,96.0,-1.03,4.0,3.0,4.0,2.0,4.0,1.0,4.0,5.0,2.0,5.0,2.0,77.5,6.0,7.0,6.0,7.0,6.0,6.0,6.0,6.0,2.25,8.0,10.0,10.0,18.0,14.0,3.0,10.5,4.0,4.0,3.0,2.0,5.0,5.0,4.17,4.0,3.0,4.0,4.0,4.0,3.0,3.0,3.0,3.5,0,1,1,29,10,12,12,12,12,12,5,4,4,Reading and understandig what i was doing and gong through them thoroughly before answering.,Choose carefully ,very helpful
69f10174456b2d60465d8350,alternatives,2026-08-16T17:27:16.520191+00:00,True,48,['Man'],manager,Native English speaker,Vocational college degree,Several times a day,D,1,55.0,C,0,0.0,A,1,92.0,D,0,26.0,D,1,92.0,C,1,53.0,D,0,46.0,A,1,92.0,B,1,57.0,D,0,100.0,D,1,25.0,D,0,43.0,7,56.75,23.57,4.0,2.0,5.0,1.0,4.0,3.0,5.0,5.0,1.0,5.0,2.0,85.0,7.0,1.0,7.0,4.0,4.0,7.0,6.0,6.0,1.25,20.0,1.0,10.0,20.0,20.0,15.0,14.33,4.0,5.0,1.0,1.0,5.0,5.0,4.83,5.0,3.0,3.0,4.0,3.0,1.0,5.0,5.0,4.12,1,1,1,25,12,5,12,9,2,9,5,5,5,"once i realised ai was giving different answers, i read both to try and understand the differences and then matched them up to my won as best as i could",i stopper blindly trusting the answers,
6a58b015795466b0e827a675,alternatives,2026-08-16T17:27:25.230921+00:00,True,33,['Woman'],Creative designer and network manager,Fully fluent,Lower tertiary education degree (Bachelor's level),Several times a day,D,1,100.0,A,0,100.0,D,0,100.0,A,1,100.0,D,1,100.0,B,0,100.0,B,1,100.0,D,0,100.0,B,1,100.0,D,0,100.0,B,0,64.0,D,0,100.0,5,97.0,5.14,4.0,1.0,4.0,2.0,4.0,4.0,4.0,5.0,2.0,4.0,1.0,75.0,5.0,5.0,6.0,4.0,5.0,5.0,5.0,5.0,1.0,20.0,1.0,9.0,20.0,20.0,1.0,11.83,1.0,3.0,4.0,2.0,3.0,4.0,2.83,3.0,3.0,3.0,3.0,5.0,1.0,5.0,4.0,3.88,1,1,1,32,12,10,12,7,3,10,4,4,4,I asked the AI more questions on the answer provided so it can check back on the answers given,It made me second guess its answers. I had to check the scenarios more ,
5f392fae9168cc472f0468f6,alternatives,2026-08-16T17:30:56.987865+00:00,True,78,['Man'],Teacher,Native English speaker,Doctoral degree,A few times a month,D,1,92.0,D,0,75.0,A,1,89.0,B,0,77.0,D,1,100.0,C,1,100.0,D,0,94.0,B,0,84.0,B,1,85.0,D,0,89.0,D,1,89.0,D,0,89.0,6,88.58,7.83,3.0,1.0,5.0,1.0,4.0,1.0,5.0,5.0,1.0,3.0,1.0,87.5,5.0,6.0,6.0,6.0,3.0,5.0,4.0,4.0,0.88,15.0,5.0,6.0,13.0,15.0,15.0,11.5,4.0,4.0,1.0,1.0,4.0,4.0,4.33,4.0,3.0,3.0,3.0,5.0,4.0,4.0,3.0,3.38,1,1,1,26,12,10,5,12,8,12,2,3,2,At the beginning I worked out my answere then rechecked (and changed) them after I got the AI answers. Later I asked AI first then did a quick check .,I don't think it changed anything,The temptation is to just accept the AI answer especially when I saw that it had the right answer and I the wrong one early on.
6676d41ded1cb587040780e3,alternatives,2026-08-16T17:35:35.483846+00:00,True,30,['Woman'],Hidden harm recovery practitioner,Fully fluent,Higher tertiary education degree (Master's level),About once a day,C,0,88.0,D,0,77.0,D,0,15.0,A,1,51.0,D,1,100.0,C,1,88.0,D,0,32.0,C,0,91.0,B,1,85.0,A,1,94.0,D,1,78.0,A,0,18.0,6,68.08,29.17,3.0,3.0,4.0,2.0,4.0,3.0,4.0,5.0,4.0,3.0,3.0,57.5,5.0,6.0,6.0,5.0,3.0,6.0,2.0,4.0,0.62,20.0,10.0,1.0,20.0,9.0,9.0,11.5,2.0,3.0,4.0,3.0,3.0,2.0,2.5,4.0,3.0,3.0,3.0,3.0,4.0,2.0,3.0,2.88,1,1,1,18,9,10,6,6,1,3,3,2,2,rereading the scenario and trying to solve it myself,they made me reaslise that AI cant be trusted without double checking the answers,
69162d60bbb2b3e0981e6521,alternatives,2026-08-16T17:36:02.475255+00:00,True,37,['Man'],Healthcare Assistant,Native English speaker,Higher tertiary education degree (Master's level),Several times a day,A,0,65.0,A,0,59.0,D,0,44.0,B,0,63.0,B,0,43.0,A,0,51.0,B,1,68.0,C,0,56.0,A,0,45.0,D,0,70.0,D,1,69.0,D,0,16.0,2,54.08,17.3,4.0,2.0,4.0,3.0,3.0,3.0,3.0,3.0,2.0,4.0,3.0,62.5,6.0,6.0,6.0,6.0,6.0,6.0,6.0,6.0,2.0,19.0,7.0,7.0,17.0,16.0,3.0,11.5,2.0,4.0,4.0,4.0,4.0,4.0,3.0,3.0,3.0,3.0,4.0,4.0,3.0,4.0,4.0,3.5,1,1,0,21,10,8,12,6,8,6,4,5,4,including direct prompt ,postive ,none
6a07fdc3d6f0cebc8d73922e,alternatives,2026-08-16T17:36:12.768930+00:00,True,44,['Woman'],Accountant,Native English speaker,Lower tertiary education degree (Bachelor's level),Several times a day,A,0,71.0,B,1,59.0,A,1,78.0,B,0,37.0,D,1,92.0,C,1,82.0,B,1,90.0,D,0,88.0,B,1,72.0,D,0,74.0,B,0,74.0,D,0,96.0,6,76.08,5.5,2.0,2.0,4.0,1.0,4.0,5.0,5.0,5.0,1.0,5.0,1.0,75.0,5.0,6.0,4.0,5.0,4.0,5.0,3.0,3.0,0.38,13.0,2.0,8.0,16.0,16.0,9.0,10.67,4.0,4.0,1.0,1.0,4.0,4.0,4.33,3.0,2.0,1.0,2.0,4.0,4.0,3.0,4.0,2.62,1,1,1,17,12,8,12,10,4,8,5,5,5,"I looked at both answers. If they agreed, I glanced over the reasoning and agreed with what they said. If they differed, I looked at each of their reasoning to determine which one I thought was correct.",Absolutely - it made me realise that it was interpreting the information differently.,
55d51a6b8ce09000127d4821,alternatives,2026-08-16T17:37:01.436878+00:00,True,36,['Man'],Marketer,Native English speaker,Lower tertiary education degree (Bachelor's level),About once a day,D,1,49.0,D,0,40.0,B,0,0.0,D,0,21.0,D,1,39.0,B,0,54.0,D,0,40.0,D,0,3.0,B,1,57.0,D,0,40.0,B,0,55.0,D,0,47.0,3,37.08,15.0,3.0,1.0,4.0,1.0,4.0,1.0,4.0,5.0,1.0,3.0,2.0,80.0,4.0,5.0,5.0,5.0,2.0,2.0,3.0,3.0,-0.38,18.0,1.0,4.0,5.0,7.0,9.0,7.33,2.0,2.0,3.0,3.0,3.0,2.0,2.5,4.0,2.0,2.0,2.0,4.0,5.0,4.0,4.0,2.88,1,1,1,29,8,1,8,4,1,4,4,4,3,"If the assistants thought differently about one of the questions, then I would ask them both to recheck this particular question. ","It showed me that AI models can think differently and that although they sound confident, they aren't necessarily giving me the correct answer. ",
69fd21146ec1cd3f5cf58aa2,alternatives,2026-08-16T17:39:29.369957+00:00,True,27,['Woman'],Scientist,Native English speaker,Higher tertiary education degree (Master's level),A few times a week,D,1,47.0,D,0,46.0,D,0,83.0,D,0,77.0,D,1,100.0,B,0,100.0,D,0,43.0,A,1,81.0,C,0,47.0,D,0,47.0,C,0,38.0,D,0,44.0,3,62.75,17.67,3.0,4.0,4.0,1.0,3.0,5.0,4.0,5.0,2.0,5.0,1.0,65.0,6.0,5.0,5.0,4.0,6.0,5.0,4.0,6.0,1.12,18.0,3.0,1.0,13.0,12.0,8.0,9.17,4.0,4.0,1.0,1.0,3.0,3.0,4.0,3.0,2.0,1.0,1.0,4.0,4.0,2.0,4.0,2.38,1,1,1,27,8,11,10,8,9,8,5,4,4,"Follow-up, added details. Reasoning behind. ",When they disagreed with each other I questioned the reliability more,
6a1c84e1bb1c82a05c2deead,alternatives,2026-08-16T17:54:35.559540+00:00,True,25,['Man'],Sustainability analyst,Native English speaker,Lower tertiary education degree (Bachelor's level),Several times a day,D,1,73.0,B,1,68.0,A,1,74.0,C,0,90.0,D,1,22.0,B,0,99.0,C,0,69.0,B,0,88.0,B,1,100.0,D,0,100.0,C,0,55.0,D,0,70.0,5,75.67,-14.17,4.0,4.0,2.0,3.0,3.0,4.0,4.0,3.0,2.0,2.0,2.0,50.0,5.0,5.0,3.0,6.0,4.0,3.0,4.0,4.0,0.25,16.0,4.0,9.0,16.0,15.0,13.0,12.17,4.0,3.0,2.0,5.0,3.0,5.0,3.33,5.0,5.0,4.0,4.0,4.0,5.0,5.0,4.0,4.0,1,1,0,24,11,9,11,10,9,11,4,5,4,I would ask follow uo questions if i was not sure.,"It wsa nice to see alternative perspectives with similar answers, it was reassuring.",N/A
69fc8055319a58b14e700432,alternatives,2026-08-16T18:30:36.769495+00:00,True,44,['Woman'],Primary school learning assistant/student,Native English speaker,Vocational college degree,A few times a week,D,1,98.0,D,0,53.0,A,1,65.0,D,0,54.0,D,1,82.0,B,0,85.0,B,1,90.0,D,0,59.0,B,1,98.0,D,0,96.0,D,1,80.0,D,0,67.0,6,77.25,16.5,4.0,2.0,4.0,2.0,4.0,3.0,3.0,5.0,2.0,3.0,2.0,67.5,5.0,4.0,5.0,4.0,4.0,6.0,5.0,5.0,0.75,16.0,1.0,6.0,12.0,16.0,10.0,10.17,3.0,3.0,2.0,3.0,3.0,4.0,3.33,4.0,3.0,2.0,3.0,5.0,3.0,4.0,4.0,3.5,1,1,1,43,10,7,8,8,5,7,4,4,4,I considered the reasoning and how they compared between the responses where the AIs had disagreed,I questioned the reasoning at times partly using arguments from the other AI,
6a21c6513a6c4fe6762d46bd,alternatives,2026-08-16T19:21:40.358421+00:00,True,34,['Man'],Managing Director,Native English speaker,Upper secondary school / High school,Several times a day,D,1,95.0,A,0,90.0,A,1,95.0,B,0,90.0,D,1,97.0,B,0,71.0,B,1,91.0,B,0,69.0,B,1,98.0,D,0,71.0,B,0,88.0,D,0,83.0,5,86.5,14.91,4.0,1.0,5.0,1.0,3.0,3.0,5.0,5.0,1.0,5.0,1.0,87.5,5.0,7.0,5.0,5.0,4.0,5.0,2.0,3.0,0.5,12.0,2.0,5.0,15.0,12.0,2.0,8.0,4.0,5.0,2.0,2.0,5.0,4.0,4.33,5.0,3.0,3.0,4.0,4.0,5.0,5.0,4.0,3.62,1,1,1,21,12,6,12,11,5,7,5,5,5,"I compared both answers and if there was an inconsistency, I would prompt the AI to review the other's answer from their own deductions, sometimes using the logic from the other answer to help assist and check it's working out.","Again, similar to the above, the multiple alternatives meant that I had a choice in terms of what I thought could be the right answer. When it comes to advanced planning or organisation, with a lot of calculation, it's important to review answers properly. In the best case scenario with more time, you could work it out yourself as well",
6023f94d1951e70ae21770ec,alternatives,2026-08-16T19:22:39.198699+00:00,True,38,['Man'],analyst,Native English speaker,Lower tertiary education degree (Bachelor's level),Several times a day,D,1,84.0,B,1,75.0,D,0,69.0,A,1,66.0,D,1,94.0,B,0,69.0,B,1,64.0,A,1,65.0,C,0,73.0,D,0,100.0,B,0,100.0,D,0,70.0,6,77.42,-5.5,3.0,2.0,3.0,3.0,3.0,4.0,4.0,5.0,3.0,4.0,2.0,57.5,6.0,5.0,6.0,6.0,6.0,6.0,5.0,5.0,1.62,13.0,1.0,4.0,9.0,12.0,5.0,7.33,3.0,4.0,3.0,3.0,4.0,4.0,3.5,5.0,3.0,3.0,2.0,3.0,2.0,4.0,4.0,3.5,1,1,1,22,8,1,12,10,7,7,5,4,4,just tried to see logical reasoning of both assistants,I trusted one assistant more than other,na
67673a7ecec3cd778dfbd91f,alternatives,2026-08-16T19:24:41.433143+00:00,True,39,['Woman'],care manager,Native English speaker,Lower tertiary education degree (Bachelor's level),Several times a day,D,1,96.0,D,0,38.0,C,0,32.0,B,0,87.0,D,1,87.0,C,1,43.0,B,1,100.0,D,0,39.0,B,1,56.0,D,0,89.0,D,1,75.0,B,1,28.0,7,64.17,12.29,4.0,3.0,4.0,3.0,4.0,3.0,3.0,5.0,4.0,3.0,3.0,55.0,7.0,6.0,5.0,6.0,6.0,7.0,7.0,6.0,2.25,20.0,1.0,20.0,9.0,1.0,20.0,11.83,4.0,4.0,2.0,2.0,4.0,4.0,4.0,4.0,3.0,4.0,4.0,4.0,3.0,3.0,4.0,3.62,0,0,1,13,6,1,7,3,1,3,4,4,4,i made sure to read all the reasoning before deciding on my answer,it was a little confusing so i feel i didn't interact with it like i usually would but i felt the answers gave me enough detail to make my choice,
6694751cee786dace40d4112,alternatives,2026-08-16T19:27:43.161800+00:00,True,30,['Woman'],director,Native English speaker,Higher tertiary education degree (Master's level),Several times a day,C,0,47.0,C,0,96.0,D,0,86.0,D,0,50.0,A,0,70.0,C,1,79.0,D,0,43.0,A,1,38.0,C,0,77.0,D,0,94.0,D,1,37.0,A,0,33.0,3,62.5,-14.89,3.0,1.0,3.0,1.0,4.0,1.0,5.0,5.0,1.0,3.0,1.0,82.5,4.0,4.0,6.0,6.0,3.0,5.0,5.0,4.0,0.62,12.0,3.0,5.0,12.0,10.0,1.0,7.17,3.0,3.0,4.0,2.0,5.0,4.0,3.5,3.0,2.0,3.0,3.0,5.0,4.0,3.0,3.0,3.0,1,1,1,16,10,3,7,7,2,7,3,3,3,I read through the scenario,no,
60c39b2c50f631d28eb09b60,alternatives,2026-08-16T19:29:18.672530+00:00,True,44,['Woman'],Editor,Native English speaker,Vocational college degree,About once a day,B,0,66.0,D,0,47.0,D,0,100.0,B,0,36.0,D,1,99.0,B,0,72.0,B,1,97.0,D,0,95.0,A,0,80.0,A,1,81.0,A,0,77.0,B,1,83.0,4,77.75,18.38,3.0,4.0,4.0,4.0,3.0,3.0,1.0,5.0,4.0,2.0,3.0,37.5,7.0,3.0,6.0,5.0,6.0,6.0,6.0,6.0,1.62,17.0,2.0,10.0,8.0,17.0,4.0,9.67,4.0,4.0,1.0,2.0,5.0,4.0,4.33,3.0,2.0,2.0,1.0,5.0,4.0,4.0,2.0,2.62,1,1,1,24,8,6,10,6,4,10,4,4,4,I asked the question in a specific way so that I could understand the answer. Then I compared them with my initial thoughts. ,It make me consider things a little more. ,
69ece68ef03e274276ba73c8,alternatives,2026-08-16T19:30:06.890943+00:00,True,48,['Man'],brickie,Native English speaker,Basic education / Middle school,Several times a day,D,1,98.0,D,0,97.0,D,0,76.0,B,0,100.0,D,1,97.0,B,0,98.0,D,0,95.0,A,1,96.0,B,1,97.0,D,0,97.0,B,0,97.0,B,1,97.0,5,95.42,2.71,4.0,2.0,4.0,3.0,4.0,4.0,4.0,5.0,3.0,4.0,3.0,62.5,4.0,5.0,4.0,6.0,5.0,5.0,4.0,5.0,0.75,19.0,3.0,16.0,15.0,15.0,16.0,14.0,4.0,4.0,5.0,2.0,4.0,3.0,3.33,4.0,4.0,3.0,4.0,4.0,3.0,3.0,3.0,3.5,1,1,1,25,12,12,12,10,10,10,4,3,3,if in doubt guess,neither,
598f22af33481c000164d359,alternatives,2026-08-16T19:34:34.433510+00:00,True,55,['Woman'],teacher,Native English speaker,Higher tertiary education degree (Master's level),About once a day,D,1,91.0,D,0,34.0,D,0,93.0,C,0,37.0,D,1,92.0,B,0,97.0,B,1,75.0,C,0,97.0,B,1,97.0,D,0,96.0,B,0,90.0,D,0,79.0,4,81.5,10.88,4.0,1.0,5.0,1.0,5.0,4.0,5.0,5.0,2.0,5.0,1.0,87.5,6.0,6.0,5.0,5.0,6.0,7.0,6.0,5.0,1.75,9.0,2.0,2.0,17.0,14.0,3.0,7.83,5.0,5.0,1.0,1.0,5.0,5.0,5.0,4.0,3.0,3.0,3.0,5.0,4.0,4.0,3.0,3.38,1,1,1,48,2,10,10,8,2,8,5,4,4,"When given alternative answers I asked AI to double check as many times as necessary until they reached the same one, which they did most of the time",I got AI to double check as many times as I felt necessary,Made me realise AI can be incorrect and should be double checked
6a101293fd6e7c493e3b4ff7,alternatives,2026-08-16T19:35:36.642441+00:00,True,21,['Prefer not to disclose'],apprentice biomedical scientist,Native English speaker,Lower tertiary education degree (Bachelor's level),Less than once a month,A,0,52.0,D,0,52.0,A,1,52.0,A,1,43.0,D,1,29.0,D,0,67.0,D,0,17.0,A,1,67.0,B,1,23.0,D,0,1.0,A,0,68.0,B,1,49.0,6,43.33,1.0,2.0,1.0,4.0,1.0,4.0,3.0,5.0,5.0,3.0,3.0,1.0,72.5,5.0,6.0,5.0,4.0,1.0,2.0,4.0,2.0,-0.38,6.0,1.0,19.0,6.0,10.0,3.0,7.5,5.0,4.0,2.0,3.0,3.0,4.0,3.83,3.0,3.0,3.0,2.0,4.0,4.0,4.0,2.0,2.88,1,1,1,20,1,1,4,5,8,12,5,4,3,let the ai understand the scenario and see what it thinks about the statements simply.,compared how comprehensive they sounded.,
6a14c4f28aee84ae414353a5,alternatives,2026-08-16T19:36:59.502863+00:00,True,26,['Woman'],teacher,Native English speaker,Higher tertiary education degree (Master's level),Several times a day,D,1,95.0,B,1,32.0,A,1,30.0,A,1,96.0,D,1,97.0,B,0,95.0,D,0,100.0,D,0,95.0,B,1,86.0,D,0,87.0,B,0,91.0,B,1,97.0,7,83.42,-17.46,4.0,1.0,4.0,1.0,4.0,2.0,5.0,5.0,1.0,4.0,2.0,85.0,6.0,7.0,5.0,7.0,4.0,4.0,5.0,4.0,1.25,17.0,18.0,4.0,17.0,19.0,3.0,13.0,2.0,3.0,2.0,3.0,3.0,2.0,2.83,5.0,2.0,4.0,3.0,3.0,2.0,2.0,4.0,3.38,1,1,1,20,1,12,8,10,4,9,5,3,5,if they were both different i asked them to check again,"yes, get ai to check their answers",
60154af277ec314fd8fe1449,alternatives,2026-08-16T19:37:44.761229+00:00,True,29,['Woman'],strategy manager,Native English speaker,Lower tertiary education degree (Bachelor's level),About once a day,D,1,100.0,D,0,67.0,D,0,72.0,A,1,90.0,D,1,27.0,B,0,85.0,B,1,56.0,A,1,22.0,B,1,67.0,A,1,71.0,D,1,81.0,B,1,33.0,9,64.25,-13.89,3.0,2.0,4.0,2.0,3.0,4.0,4.0,5.0,2.0,4.0,2.0,65.0,6.0,5.0,5.0,6.0,3.0,5.0,5.0,5.0,1.0,20.0,2.0,15.0,7.0,16.0,20.0,13.33,4.0,4.0,2.0,2.0,4.0,4.0,4.0,3.0,2.0,2.0,2.0,4.0,4.0,3.0,4.0,2.75,1,1,1,26,7,4,3,3,7,4,4,4,4,Comparing the two models answers against each other and looking in more detail when they differed,It made me more cautious in trusting the answers given,
6a01fb37db575dd348af07d1,alternatives,2026-08-16T19:41:26.818036+00:00,True,30,['Woman'],Lettings Valuer,Native English speaker,Vocational college degree,About once a week,B,0,68.0,A,0,71.0,A,1,51.0,A,1,29.0,D,1,100.0,B,0,80.0,B,1,79.0,D,0,85.0,B,1,74.0,A,1,66.0,D,1,56.0,D,0,51.0,7,67.5,-6.0,3.0,4.0,3.0,4.0,4.0,4.0,3.0,5.0,4.0,2.0,4.0,37.5,4.0,3.0,3.0,4.0,5.0,5.0,4.0,5.0,0.12,18.0,2.0,10.0,10.0,16.0,11.0,11.17,4.0,4.0,1.0,2.0,4.0,4.0,4.17,2.0,2.0,2.0,2.0,4.0,5.0,2.0,2.0,2.12,1,1,1,17,9,8,12,7,4,8,3,4,5,Checking both the statements and the scenario and working out each scenario to see if it matched the AI answers.,It made me double check their workings out to see if any were corret,
676db977f398d4be462fca83,alternatives,2026-08-16T19:42:52.776443+00:00,True,32,['Woman'],Deputy Manager,Native English speaker,Higher tertiary education degree (Master's level),A few times a week,C,0,89.0,A,0,94.0,D,0,92.0,A,1,96.0,D,1,88.0,B,0,87.0,B,1,71.0,D,0,12.0,B,1,100.0,D,0,26.0,D,1,86.0,D,0,34.0,5,72.92,26.2,2.0,5.0,3.0,2.0,3.0,5.0,2.0,5.0,3.0,2.0,4.0,32.5,2.0,4.0,5.0,3.0,6.0,5.0,4.0,3.0,0.0,18.0,2.0,2.0,6.0,19.0,15.0,10.33,3.0,4.0,1.0,1.0,4.0,4.0,4.17,2.0,2.0,2.0,3.0,5.0,4.0,4.0,4.0,3.0,1,1,1,32,8,5,12,5,12,12,4,4,5,I compared both answers to find similarities and challenged to see if the responses then became different,i started to get a bit overwhelmed and confuised,
69f48669f09bb26f32069f27,alternatives,2026-08-16T19:44:02.416679+00:00,True,40,['Woman'],Import clearance clerk,Native English speaker,Upper secondary school / High school,A few times a week,D,1,33.0,D,0,79.0,C,0,96.0,A,1,68.0,D,1,98.0,B,0,97.0,D,0,67.0,D,0,74.0,B,1,98.0,A,1,97.0,B,0,97.0,D,0,47.0,5,79.25,-0.77,2.0,1.0,5.0,1.0,4.0,5.0,5.0,5.0,1.0,3.0,1.0,75.0,3.0,7.0,7.0,7.0,1.0,1.0,1.0,5.0,0.0,16.0,1.0,1.0,17.0,2.0,1.0,6.33,1.0,3.0,4.0,2.0,4.0,3.0,2.83,2.0,4.0,2.0,2.0,5.0,4.0,5.0,4.0,3.25,1,1,1,18,12,6,12,8,2,8,3,4,5,"Just reading the scenario and then trying to logically work through it to find the answer, then checking to see if AI agreed with what I thought the answer was.",It didn't change the way I interacted but it did make me question the answers more since on alot they each gave a different answer.,
60745654775360c343322bd9,alternatives,2026-08-16T19:52:31.216758+00:00,True,30,['Woman'],Teacher,Native English speaker,Higher tertiary education degree (Master's level),A few times a week,D,1,73.0,A,0,60.0,A,1,83.0,B,0,30.0,D,1,89.0,B,0,75.0,B,1,83.0,D,0,33.0,B,1,54.0,D,0,66.0,D,1,59.0,D,0,46.0,6,62.58,21.83,4.0,2.0,5.0,1.0,4.0,4.0,3.0,5.0,2.0,5.0,2.0,75.0,5.0,4.0,5.0,5.0,5.0,5.0,5.0,4.0,0.75,13.0,7.0,8.0,9.0,7.0,8.0,8.67,2.0,2.0,2.0,2.0,2.0,2.0,2.67,4.0,3.0,4.0,3.0,4.0,4.0,4.0,3.0,3.38,1,1,1,26,9,6,10,7,5,6,4,2,4,I asked for working or to recheck calculations.,It made me question the truth when replies were different.,
56b6e2fcf2fc70000c32f9d5,alternatives,2026-08-16T19:54:06.613369+00:00,True,51,['Woman'],Teacher,Native English speaker,Higher tertiary education degree (Master's level),About once a day,D,1,78.0,A,0,73.0,D,0,71.0,D,0,2.0,D,1,50.0,B,0,76.0,D,0,86.0,D,0,75.0,B,1,77.0,D,0,74.0,B,0,77.0,D,0,75.0,3,67.83,0.67,2.0,4.0,2.0,3.0,2.0,5.0,2.0,5.0,4.0,2.0,3.0,27.5,3.0,3.0,3.0,3.0,2.0,2.0,2.0,2.0,-1.5,11.0,1.0,5.0,4.0,4.0,10.0,5.83,2.0,1.0,3.0,3.0,2.0,3.0,2.33,1.0,1.0,1.0,1.0,3.0,5.0,3.0,1.0,1.5,1,1,1,38,10,2,10,8,0,6,3,5,4,I asked Ai to try to concur with the answers it provided and analyse further for error in its workings ,I tried to make it more analytical. I also lost trust in the answers and consequently lost confidence in my own answers,
69e7da37fa7a6441a477386f,alternatives,2026-08-16T19:54:28.956462+00:00,True,38,['Woman'],Academic Skills Manager,Native English speaker,Higher tertiary education degree (Master's level),Several times a day,A,0,72.0,B,1,79.0,A,1,90.0,A,1,85.0,D,1,95.0,B,0,83.0,D,0,75.0,B,0,84.0,C,0,85.0,D,0,92.0,D,1,72.0,D,0,23.0,5,77.92,10.77,4.0,1.0,5.0,1.0,4.0,1.0,5.0,5.0,1.0,5.0,1.0,95.0,4.0,5.0,6.0,7.0,3.0,6.0,4.0,5.0,1.0,17.0,3.0,3.0,17.0,11.0,3.0,9.0,5.0,5.0,5.0,2.0,4.0,3.0,3.67,4.0,4.0,2.0,4.0,5.0,2.0,5.0,5.0,4.12,1,1,1,26,,,10,6,3,9,2,5,4,I would re read the scenario and try to see if it matched the answers or not in my opinion,It forced me to be more critical of the models reponse ,I seemed to prefer B
65c242831388550b0a42bd25,alternatives,2026-08-16T20:11:44.123135+00:00,True,48,['Woman'],Teacher,Native English speaker,Higher tertiary education degree (Master's level),A few times a week,A,0,93.0,A,0,92.0,D,0,37.0,A,1,96.0,A,0,95.0,B,0,89.0,B,1,41.0,D,0,36.0,B,1,70.0,A,1,65.0,A,0,35.0,D,0,76.0,4,68.75,-1.12,4.0,1.0,4.0,1.0,4.0,2.0,5.0,5.0,1.0,4.0,1.0,87.5,6.0,5.0,4.0,5.0,4.0,4.0,4.0,5.0,0.62,19.0,1.0,4.0,13.0,10.0,1.0,8.0,4.0,4.0,2.0,2.0,4.0,4.0,4.0,4.0,3.0,4.0,4.0,4.0,2.0,4.0,4.0,3.88,1,1,1,39,10,6,8,7,2,7,4,5,5,prompting and querying,encouraged questionning,NA
6a07658dda0017a86f04f995,alternatives,2026-08-16T20:14:44.831360+00:00,True,22,['Man'],scientist,Native English speaker,Lower tertiary education degree (Bachelor's level),Several times a day,D,1,91.0,C,0,92.0,A,1,87.0,A,1,89.0,D,1,85.0,B,0,87.0,B,1,100.0,D,0,92.0,B,1,100.0,D,0,94.0,D,1,84.0,B,1,100.0,8,91.75,0.75,5.0,2.0,4.0,2.0,5.0,3.0,3.0,5.0,2.0,3.0,4.0,67.5,6.0,6.0,6.0,5.0,7.0,6.0,5.0,7.0,2.0,16.0,13.0,9.0,18.0,17.0,6.0,13.17,3.0,4.0,4.0,4.0,4.0,4.0,3.17,3.0,4.0,4.0,4.0,4.0,3.0,4.0,4.0,3.75,1,1,1,65,10,8,9,10,7,2,5,5,5,i asked questions over and over and even had to ask for stepwise procedure and make the two AI evaluate each other's answer,"yes, it did especially having them give incorrect answers",i love that this has changed my perception about ai given anwers
6761e75cf22f2b17fc157335,alternatives,2026-08-16T20:21:57.277902+00:00,True,24,['Man'],Pharmaceutical Quality Control Inspector ,Native English speaker,Lower tertiary education degree (Bachelor's level),About once a day,D,1,100.0,A,0,19.0,D,0,86.0,D,0,34.0,D,1,94.0,B,0,27.0,B,1,81.0,A,1,74.0,B,1,26.0,D,0,68.0,D,1,24.0,B,1,66.0,7,58.25,19.63,2.0,4.0,2.0,1.0,2.0,5.0,3.0,5.0,4.0,2.0,4.0,32.5,3.0,3.0,4.0,2.0,3.0,6.0,5.0,1.0,-0.62,8.0,1.0,14.0,16.0,11.0,1.0,8.5,4.0,5.0,2.0,1.0,5.0,4.0,4.5,2.0,5.0,2.0,1.0,4.0,5.0,2.0,2.0,2.38,1,1,1,21,12,10,7,12,9,11,5,2,4,"I got the AI reply, checked it with reference to the scenario, then made my final choices using both the AI and my own intuition","I think it made me a bit more sceptical, because the AI sometimes changed its mind after the initial response, after I asked it to double check its answers",
6a257563faa98b484c52eb69,alternatives,2026-08-16T20:28:45.346759+00:00,True,19,['Woman'],Student,Native English speaker,Upper secondary school / High school,Several times a day,D,1,53.0,D,0,58.0,A,1,84.0,B,0,55.0,D,1,96.0,D,0,98.0,A,0,98.0,A,1,87.0,B,1,100.0,A,1,95.0,A,0,11.0,B,1,72.0,7,75.58,19.86,5.0,1.0,5.0,1.0,5.0,1.0,5.0,5.0,1.0,5.0,1.0,100.0,7.0,7.0,7.0,7.0,7.0,7.0,7.0,7.0,3.0,20.0,3.0,20.0,10.0,11.0,15.0,13.17,3.0,3.0,4.0,3.0,3.0,3.0,2.83,5.0,2.0,2.0,4.0,3.0,1.0,4.0,5.0,3.75,1,1,1,19,12,8,12,10,2,8,4,5,5,"I usually read both A I responses and if they were conflicted, i went with the more detailed one.",I was able to see different perspectives side by side and choose which looked better,
5c3e562ebff5620001e34dd5,alternatives,2026-08-16T20:29:19.006405+00:00,True,36,['Woman'],Architect,Native English speaker,Higher tertiary education degree (Master's level),A few times a month,D,1,100.0,B,1,24.0,D,0,100.0,D,0,33.0,D,1,100.0,A,0,43.0,D,0,46.0,D,0,84.0,B,1,0.0,A,1,10.0,B,0,16.0,D,0,0.0,5,46.33,0.8,2.0,4.0,2.0,1.0,1.0,5.0,3.0,5.0,4.0,1.0,3.0,30.0,4.0,4.0,4.0,4.0,4.0,4.0,4.0,4.0,0.0,20.0,1.0,18.0,6.0,20.0,20.0,14.17,4.0,4.0,2.0,2.0,4.0,4.0,4.0,2.0,2.0,1.0,1.0,1.0,5.0,2.0,1.0,1.38,1,1,1,16,6,6,6,4,4,4,4,5,1,"I put the questions into the AI to help me understand the scenario information and questions, and then checked between the AI responses and the scenario information.","It made me more suspicious of it, it made them both feel very poor quality, like they were just guessing, because their answers were not the same as each other.",It was very annoying that they gave such different answers to true/false questions. Essentially not helpful.
5951a92fcea3470001827a18,alternatives,2026-08-16T20:37:15.731300+00:00,True,45,['Woman'],Customer services,Native English speaker,Vocational college degree,Several times a day,D,1,3.0,D,0,0.0,D,0,97.0,A,1,97.0,D,1,97.0,A,0,73.0,D,0,52.0,D,0,47.0,A,0,44.0,D,0,52.0,D,1,97.0,D,0,73.0,4,61.0,18.75,5.0,5.0,5.0,5.0,5.0,4.0,5.0,5.0,4.0,3.0,1.0,60.0,5.0,6.0,6.0,6.0,5.0,7.0,7.0,7.0,2.12,16.0,1.0,1.0,15.0,1.0,1.0,5.83,1.0,5.0,1.0,1.0,5.0,5.0,4.33,3.0,2.0,2.0,2.0,4.0,4.0,4.0,4.0,2.88,1,1,1,17,12,8,8,7,5,9,3,4,4,Read response and judge how well AI seemed to grasp question and what answer was received. ,Unsure.,
5fb3c41de0ad7503ae17b2e9,alternatives,2026-08-16T20:37:42.906076+00:00,True,52,['Man'],HR Manager,Native English speaker,Higher tertiary education degree (Master's level),A few times a week,A,0,78.0,B,1,29.0,D,0,50.0,B,0,43.0,A,0,75.0,B,0,54.0,D,0,46.0,A,1,71.0,C,0,49.0,D,0,79.0,B,0,49.0,B,1,50.0,3,56.08,-8.11,2.0,3.0,3.0,2.0,3.0,2.0,4.0,5.0,3.0,2.0,3.0,52.5,5.0,5.0,5.0,4.0,4.0,5.0,5.0,5.0,0.75,12.0,5.0,8.0,12.0,15.0,10.0,10.33,2.0,3.0,3.0,3.0,4.0,4.0,3.17,2.0,2.0,2.0,3.0,4.0,5.0,3.0,3.0,2.5,1,1,1,16,8,6,7,9,6,7,4,5,5,,,
5b39fe0206f9f90001fb91c8,alternatives,2026-08-16T20:40:07.666272+00:00,True,30,['Man'],Marketing,Fully fluent,Higher tertiary education degree (Master's level),Several times a day,A,0,57.0,A,0,58.0,A,1,42.0,B,0,55.0,D,1,100.0,B,0,100.0,B,1,100.0,A,1,100.0,B,1,72.0,A,1,100.0,B,0,100.0,D,0,77.0,6,80.08,11.17,2.0,2.0,4.0,3.0,3.0,3.0,3.0,5.0,3.0,3.0,3.0,52.5,4.0,5.0,3.0,5.0,3.0,4.0,5.0,5.0,0.25,14.0,7.0,6.0,10.0,11.0,10.0,9.67,3.0,3.0,2.0,2.0,3.0,3.0,3.33,4.0,4.0,2.0,2.0,2.0,4.0,3.0,2.0,2.62,1,1,1,13,1,3,10,8,5,4,3,2,2,No strategies,No difference,No comments
5999aedebbe8480001796677,alternatives,2026-08-16T20:42:22.689885+00:00,True,42,['Woman'],Specialist nurse,Native English speaker,Higher tertiary education degree (Master's level),About once a day,D,1,53.0,A,0,33.0,D,0,22.0,C,0,4.0,D,1,73.0,A,0,68.0,A,0,6.0,D,0,7.0,A,0,9.0,A,1,6.0,D,1,4.0,D,0,7.0,4,24.33,14.5,3.0,2.0,4.0,4.0,4.0,4.0,4.0,5.0,1.0,3.0,3.0,60.0,5.0,5.0,5.0,6.0,3.0,5.0,5.0,5.0,0.88,17.0,2.0,3.0,5.0,15.0,4.0,7.67,3.0,3.0,3.0,3.0,3.0,3.0,3.0,3.0,3.0,3.0,3.0,3.0,3.0,3.0,3.0,3.0,1,1,1,19,8,4,10,6,2,9,4,4,4,none,no,
60c5165878a82f763c29536a,alternatives,2026-08-16T20:46:16.272663+00:00,True,30,['Man'],teaching assitant,Native English speaker,Lower tertiary education degree (Bachelor's level),Several times a day,D,1,57.0,C,0,66.0,D,0,100.0,B,0,49.0,D,1,100.0,D,0,49.0,D,0,100.0,D,0,0.0,B,1,100.0,A,1,100.0,D,1,100.0,A,0,51.0,5,72.67,32.11,5.0,1.0,5.0,1.0,5.0,1.0,4.0,5.0,1.0,4.0,2.0,92.5,6.0,6.0,6.0,6.0,6.0,6.0,6.0,6.0,2.0,16.0,1.0,9.0,16.0,16.0,12.0,11.67,3.0,3.0,3.0,3.0,3.0,3.0,3.0,4.0,2.0,4.0,4.0,4.0,3.0,4.0,4.0,3.62,0,1,1,16,12,4,12,6,0,10,1,5,5,I mainly copied and pasted the scenario and the questions to the AI. If bot AI responses matched ten I moved the slider to 100% certain but if they ad a different answer then I reduced the slider to 60% or less. ,When AI gave me multiple alternatives it helped me compare the answers more easily. If both agreed I felt certain but if they disagreed I was more cautious and adjusted the slider lower.,The AI was extremely helpful and I liked both of their responses even if they gave different answer to each other sometimes. 
6a072733481f9ae0a474664e,alternatives,2026-08-16T20:47:32.704712+00:00,True,39,['Woman'],Transport Officer,Native English speaker,Upper secondary school / High school,A few times a week,D,1,100.0,A,0,69.0,D,0,100.0,D,0,43.0,D,1,100.0,C,1,50.0,B,1,100.0,D,0,79.0,C,0,74.0,D,0,100.0,D,1,77.0,D,0,100.0,5,82.67,4.69,4.0,2.0,5.0,1.0,4.0,3.0,4.0,5.0,4.0,4.0,2.0,72.5,6.0,6.0,6.0,5.0,4.0,5.0,6.0,5.0,1.38,8.0,1.0,1.0,20.0,7.0,5.0,7.0,3.0,2.0,4.0,4.0,2.0,4.0,2.5,4.0,3.0,3.0,3.0,4.0,3.0,3.0,4.0,3.38,1,1,1,27,12,6,12,9,6,10,5,4,4,I tended to choose the answer that gave me details to their reasoning,It made me read the answers more carefully to see which one I agreed with the most,None
58bfee7de5869400018f5e9e,alternatives,2026-08-16T20:48:20.578588+00:00,True,40,['Man'],financial analyst,Fully fluent,Higher tertiary education degree (Master's level),Several times a day,D,1,30.0,A,0,83.0,A,1,84.0,C,0,69.0,D,1,69.0,B,0,85.0,B,1,58.0,D,0,27.0,D,0,31.0,D,0,79.0,A,0,59.0,B,1,86.0,5,63.33,3.54,2.0,4.0,3.0,2.0,2.0,4.0,3.0,5.0,4.0,2.0,2.0,40.0,5.0,3.0,4.0,3.0,4.0,5.0,4.0,6.0,0.25,12.0,3.0,7.0,14.0,14.0,15.0,10.83,4.0,2.0,4.0,4.0,3.0,2.0,2.5,4.0,4.0,3.0,4.0,5.0,2.0,5.0,4.0,4.12,0,1,1,18,9,4,8,6,3,5,2,4,3,I tried to notice if option A or B was better,It was confusing when the answer was not the same between both alternatives,none
542bdb6dfdf99b324ea37c3a,alternatives,2026-08-16T20:49:20.594430+00:00,True,55,['Man'],trader,Native English speaker,Lower tertiary education degree (Bachelor's level),Less than once a month,B,0,19.0,B,1,7.0,C,0,51.0,C,0,20.0,D,1,55.0,B,0,30.0,B,1,55.0,A,1,43.0,B,1,22.0,C,0,23.0,A,0,30.0,A,0,37.0,5,32.67,6.4,1.0,4.0,3.0,3.0,3.0,3.0,2.0,5.0,3.0,2.0,3.0,37.5,4.0,4.0,4.0,4.0,4.0,4.0,4.0,4.0,0.0,13.0,1.0,10.0,6.0,10.0,8.0,8.0,3.0,3.0,2.0,2.0,3.0,3.0,3.33,2.0,2.0,2.0,2.0,3.0,4.0,3.0,2.0,2.25,1,1,1,14,4,6,6,3,6,6,2,3,3,gut reaction,not really,
631758454de096e38f669093,alternatives,2026-08-16T20:49:55.244166+00:00,True,22,['Man'],Student,Native English speaker,Vocational college degree,A few times a week,D,1,5.0,D,0,21.0,A,1,22.0,B,0,17.0,C,0,74.0,D,0,64.0,B,1,61.0,A,1,10.0,C,0,2.0,A,1,10.0,B,0,0.0,B,1,4.0,6,24.17,-11.0,3.0,2.0,5.0,2.0,4.0,4.0,5.0,5.0,2.0,4.0,1.0,75.0,6.0,7.0,6.0,6.0,3.0,2.0,5.0,3.0,0.75,17.0,2.0,3.0,1.0,6.0,14.0,7.17,3.0,4.0,2.0,2.0,3.0,4.0,3.67,4.0,3.0,2.0,2.0,4.0,4.0,4.0,5.0,3.25,1,1,1,15,8,2,6,6,0,6,4,5,4,,,
677c00e0f6d8cdcff534ecb7,alternatives,2026-08-16T20:51:37.732193+00:00,True,25,['Woman'],HR Assistant,Native English speaker,Higher tertiary education degree (Master's level),Several times a day,D,1,61.0,B,1,80.0,D,0,75.0,A,1,70.0,D,1,98.0,B,0,97.0,B,1,78.0,D,0,83.0,B,1,85.0,A,1,71.0,D,1,94.0,A,0,74.0,8,80.5,-2.62,5.0,1.0,4.0,1.0,4.0,1.0,5.0,5.0,1.0,4.0,1.0,92.5,7.0,7.0,6.0,7.0,4.0,6.0,5.0,7.0,2.12,11.0,1.0,17.0,20.0,14.0,1.0,10.67,5.0,4.0,1.0,3.0,5.0,1.0,3.83,5.0,1.0,4.0,5.0,5.0,2.0,5.0,5.0,4.25,1,1,1,21,12,7,12,9,2,8,3,4,5,"I tried to compare both AI responses before going with either answer. For example, if both the first and second AI model had differing answers, I would revisit the scenario, read through it and try to come up with an answer. Or, I would ask it to rework the answer. Additionally, when the responses were differing, I reread them and used the one that was the most convincing in the way it reasoned. ",I think that it made me a bit more flexible in the way that I considered whether either statement was true. I think that it made me think a little bit harder than I would normally if I were using an AI model to plan things or events out. I usually just copy and paste things into an AI model and let it work things out because I'm quite bad at planning things.,I liked how useful the ai model was in trying to come up with an answer. I thought both the first and the second ai model was quite clever and used 'idiot language' (simplifed terms) which I really appreciated. I thought it was good that I did not have to really keep prompting the ai model to nudge it towards an answer. 
644a9152838d4d270af3b94f,alternatives,2026-08-16T20:52:08.925061+00:00,True,50,['Man'],manager,Native English speaker,Lower tertiary education degree (Bachelor's level),About once a week,D,1,84.0,D,0,95.0,D,0,92.0,D,0,84.0,D,1,96.0,B,0,79.0,D,0,80.0,D,0,60.0,B,1,90.0,D,0,82.0,B,0,90.0,B,1,83.0,4,84.58,5.5,1.0,4.0,2.0,2.0,2.0,4.0,3.0,5.0,4.0,2.0,3.0,32.5,3.0,3.0,3.0,2.0,1.0,3.0,4.0,5.0,-1.0,15.0,7.0,13.0,13.0,13.0,14.0,12.5,3.0,4.0,2.0,2.0,4.0,4.0,3.83,2.0,2.0,1.0,2.0,2.0,5.0,3.0,2.0,1.88,1,1,1,31,8,5,10,6,1,10,3,5,4,if the answesrs different I pretended I had answered one of them and saw if one of them changed their mind. if the didn't i would say I think the other response was correct and see if the other AI changed it's mind.,"yes, i used them against each other to see if it changed minds/responses.",have a good day.
5dcdbf658d32d102ba69e839,alternatives,2026-08-16T20:52:25.052123+00:00,True,41,['Woman'],Teaching,Native English speaker,Lower tertiary education degree (Bachelor's level),About once a day,C,0,48.0,D,0,28.0,C,0,30.0,C,0,38.0,B,0,29.0,A,0,30.0,B,1,29.0,A,1,19.0,B,1,51.0,A,1,25.0,D,1,23.0,C,0,29.0,5,31.58,-3.74,3.0,4.0,2.0,3.0,4.0,3.0,4.0,5.0,2.0,3.0,2.0,55.0,5.0,4.0,5.0,4.0,3.0,5.0,4.0,5.0,0.38,20.0,2.0,2.0,9.0,16.0,1.0,8.33,3.0,3.0,2.0,3.0,3.0,3.0,3.17,4.0,3.0,3.0,3.0,5.0,3.0,4.0,4.0,3.62,1,1,1,14,12,6,12,7,4,12,5,5,5,I looked at the Ai answers and then went back through the scenario to check what I thought.,I found it quite difficult to wrap my head around the multiple answers but it meant I was extra vigilant,
69ea564f2751bfb18c2c7c79,alternatives,2026-08-16T20:53:03.023947+00:00,True,29,['Man'],marketing,Native English speaker,Higher tertiary education degree (Master's level),About once a day,B,0,66.0,C,0,71.0,C,0,64.0,D,0,30.0,D,1,69.0,B,0,67.0,B,1,51.0,C,0,52.0,B,1,54.0,A,1,35.0,A,0,39.0,B,1,26.0,5,52.0,-8.57,3.0,3.0,4.0,1.0,4.0,4.0,4.0,5.0,3.0,3.0,2.0,62.5,5.0,5.0,6.0,3.0,4.0,4.0,5.0,4.0,0.5,16.0,11.0,13.0,10.0,7.0,13.0,11.67,3.0,3.0,3.0,3.0,5.0,3.0,3.33,3.0,4.0,2.0,3.0,5.0,5.0,4.0,4.0,3.25,1,1,1,29,10,9,12,8,7,11,4,4,5,comparing the two ai answers and seeing for myself ,i used both replies to build the correct answer,
671ac509e93a57b5220b3d4e,alternatives,2026-08-16T20:54:08.768372+00:00,True,35,['Woman'],admiistrative,Fully fluent,Higher tertiary education degree (Master's level),A few times a month,C,0,73.0,B,1,33.0,C,0,80.0,C,0,100.0,A,0,90.0,A,0,73.0,A,0,90.0,C,0,49.0,B,1,77.0,C,0,56.0,C,0,36.0,C,0,62.0,2,68.25,-15.9,4.0,1.0,5.0,1.0,5.0,2.0,5.0,5.0,3.0,1.0,5.0,70.0,3.0,3.0,4.0,2.0,3.0,2.0,4.0,2.0,-1.12,8.0,7.0,8.0,1.0,12.0,4.0,6.67,1.0,1.0,1.0,1.0,1.0,1.0,2.33,1.0,1.0,2.0,1.0,1.0,1.0,1.0,1.0,1.62,1,0,1,14,12,10,12,9,8,9,3,3,2,checking both response,confusing,none
60e02be4699a3f5cbe314e99,alternatives,2026-08-16T20:55:35.870884+00:00,True,56,['Woman'],Learning Support Assistant,Native English speaker,Vocational college degree,Several times a day,D,1,99.0,D,0,100.0,D,0,71.0,B,0,68.0,D,1,100.0,D,0,60.0,B,1,85.0,A,1,68.0,B,1,100.0,A,1,100.0,B,0,58.0,D,0,100.0,6,84.08,15.83,4.0,3.0,5.0,1.0,5.0,4.0,3.0,5.0,3.0,2.0,4.0,60.0,6.0,5.0,5.0,3.0,4.0,6.0,5.0,4.0,0.75,19.0,2.0,3.0,15.0,18.0,17.0,12.33,2.0,1.0,4.0,4.0,2.0,4.0,2.17,2.0,2.0,2.0,2.0,4.0,4.0,4.0,3.0,2.62,1,1,1,18,8,3,8,3,0,6,4,5,5,"I gave the AI a chance to agree or disagree with the answer given, asked it to recheck it's answers. I prompted it to explain the answer simply
",I wanted them both to check the answers and wanted both of them to come to the same conclusions,none
59961863004c4f0001cc864a,alternatives,2026-08-16T20:56:04.589241+00:00,True,46,['Woman'],IT Manager,Native English speaker,Lower tertiary education degree (Bachelor's level),About once a day,D,1,78.0,B,1,53.0,A,1,67.0,A,1,66.0,D,1,96.0,B,0,77.0,D,0,66.0,C,0,87.0,B,1,79.0,A,1,85.0,B,0,87.0,D,0,70.0,7,75.92,-2.54,2.0,3.0,2.0,2.0,2.0,5.0,3.0,5.0,3.0,2.0,3.0,37.5,5.0,6.0,3.0,3.0,4.0,4.0,5.0,5.0,0.38,15.0,9.0,14.0,14.0,9.0,16.0,12.83,3.0,4.0,2.0,3.0,3.0,4.0,3.5,3.0,2.0,2.0,2.0,2.0,4.0,3.0,2.0,2.25,1,1,1,31,10,6,10,10,3,6,3,5,5,I waited for both AIs to agree.,I kept asking til both agreed.,
6a1d92c4c92c72064143d2b0,alternatives,2026-08-16T20:57:16.230252+00:00,True,35,['Woman'],Self employed ,Native English speaker,Lower tertiary education degree (Bachelor's level),Several times a day,A,0,72.0,A,0,65.0,D,0,70.0,B,0,69.0,D,1,100.0,D,0,100.0,B,1,92.0,A,1,49.0,B,1,65.0,D,0,73.0,D,1,81.0,B,1,54.0,6,74.17,-1.33,5.0,1.0,5.0,1.0,3.0,3.0,5.0,5.0,4.0,3.0,1.0,77.5,6.0,7.0,4.0,7.0,6.0,6.0,4.0,7.0,1.88,10.0,1.0,1.0,10.0,20.0,7.0,8.17,3.0,3.0,3.0,1.0,4.0,3.0,3.5,4.0,4.0,4.0,3.0,4.0,5.0,4.0,4.0,3.5,1,1,1,22,12,10,12,10,9,5,5,5,5,'asking questions from different angles to be certain of the answer. Reading the questions myself ans scenarios not just relying on the AIs answer. ,,
69fb5b3f4a9a2b584b72f80f,alternatives,2026-08-16T20:58:25.361902+00:00,True,35,['Woman'],Designer,Fully fluent,Lower tertiary education degree (Bachelor's level),Several times a day,C,0,28.0,D,0,64.0,A,1,27.0,A,1,57.0,D,1,62.0,B,0,64.0,D,0,64.0,A,1,55.0,B,1,61.0,A,1,59.0,D,1,59.0,D,0,22.0,7,51.83,5.89,2.0,3.0,3.0,2.0,2.0,5.0,3.0,5.0,3.0,3.0,3.0,42.5,5.0,4.0,3.0,2.0,3.0,3.0,2.0,3.0,-0.88,15.0,12.0,17.0,10.0,10.0,10.0,12.33,3.0,3.0,2.0,3.0,3.0,3.0,3.17,3.0,2.0,2.0,3.0,4.0,4.0,3.0,3.0,2.75,1,1,1,22,5,4,7,3,3,4,4,4,2,"When different responses were generated, I asked both models again. Or I start a new chat (thinking long chat may affect the ai's judgement, memories and understandings)",No,No
6752efd86136ec83b4e576bc,alternatives,2026-08-16T21:00:05.177800+00:00,True,35,['Man'],Sales Analyst,Native English speaker,Lower tertiary education degree (Bachelor's level),Several times a day,D,1,81.0,D,0,89.0,D,0,75.0,B,0,27.0,D,1,100.0,D,0,32.0,B,1,78.0,A,1,79.0,C,0,60.0,A,1,30.0,D,1,89.0,D,0,68.0,6,67.33,17.67,4.0,2.0,4.0,1.0,2.0,2.0,4.0,5.0,1.0,4.0,1.0,77.5,5.0,4.0,4.0,4.0,4.0,4.0,4.0,4.0,0.12,9.0,2.0,7.0,20.0,12.0,1.0,8.5,3.0,4.0,2.0,1.0,4.0,4.0,4.0,4.0,3.0,4.0,4.0,5.0,1.0,4.0,4.0,4.12,1,1,1,13,12,9,12,9,6,7,5,4,4,"Basic crosschecking of the ai answers to what I already know about the scenario. Also, there was a scenario the ai highlighted a part I completely missed.",It made me to be looking for correlated answers as a strong signal.,No further comments
57b6dfafe2d5a60001099543,alternatives,2026-08-16T21:00:06.974045+00:00,True,42,['Woman'],Business Manager,Native English speaker,Lower tertiary education degree (Bachelor's level),A few times a week,D,1,97.0,D,0,82.0,D,0,93.0,D,0,82.0,D,1,100.0,C,1,27.0,B,1,79.0,C,0,42.0,B,1,72.0,D,0,67.0,D,1,80.0,D,0,24.0,6,70.42,10.83,3.0,2.0,4.0,4.0,4.0,2.0,2.0,5.0,1.0,3.0,1.0,65.0,5.0,6.0,5.0,5.0,4.0,5.0,5.0,4.0,0.88,15.0,2.0,8.0,6.0,14.0,4.0,8.17,2.0,3.0,3.0,2.0,4.0,3.0,3.17,3.0,2.0,2.0,2.0,2.0,2.0,3.0,3.0,2.62,1,1,1,15,12,4,12,8,3,5,2,4,4,ask AI to recheck,it made me more uncertain when the answers differed,n/a
6768758c4deabe73a9da9a5e,alternatives,2026-08-16T21:00:13.293818+00:00,True,29,['Woman'],Teacher,Native English speaker,Higher tertiary education degree (Master's level),A few times a month,A,0,84.0,A,0,62.0,A,1,81.0,B,0,94.0,D,1,100.0,B,0,100.0,D,0,100.0,D,0,60.0,B,1,100.0,D,0,100.0,B,0,71.0,D,0,77.0,3,85.75,10.56,2.0,3.0,4.0,2.0,3.0,5.0,4.0,5.0,3.0,3.0,2.0,52.5,6.0,6.0,5.0,5.0,5.0,5.0,4.0,4.0,1.0,20.0,1.0,1.0,6.0,20.0,16.0,10.67,4.0,4.0,2.0,2.0,4.0,4.0,4.0,2.0,2.0,2.0,2.0,5.0,4.0,2.0,2.0,2.38,1,0,1,27,7,2,11,6,0,7,3,4,4,I found the tables easier to understand so often cross referenced these to highlight abnormalities between the two AI systems.,it made me want clearer tables so I could see where the inaccuracies were.,
6a034d39ee8639d4c7a0cdd8,alternatives,2026-08-16T21:03:39.017356+00:00,True,36,['Woman'],Analyst,Native English speaker,Higher tertiary education degree (Master's level),A few times a week,D,1,83.0,A,0,75.0,D,0,72.0,A,1,40.0,D,1,71.0,D,0,59.0,B,1,75.0,D,0,47.0,A,0,41.0,A,1,74.0,D,1,63.0,D,0,65.0,6,63.75,7.83,5.0,1.0,5.0,1.0,5.0,1.0,5.0,5.0,1.0,5.0,1.0,100.0,7.0,7.0,7.0,7.0,6.0,7.0,7.0,7.0,2.88,18.0,14.0,13.0,14.0,16.0,12.0,14.5,4.0,4.0,3.0,2.0,4.0,3.0,3.67,5.0,3.0,4.0,3.0,5.0,4.0,5.0,5.0,4.0,1,1,1,13,10,9,10,9,7,10,4,5,5,Used some of my logic but used it mainly to evaluate the AI's suggestions,I didn't take anything for granted and it allowed me to scrutanise their answers,I loved the double response approach!
69ff14a9f746a9d2108f74d0,alternatives,2026-08-16T21:04:25.478419+00:00,True,36,['Man'],cook,Conversationally fluent,Lower tertiary education degree (Bachelor's level),A few times a week,D,1,100.0,A,0,100.0,D,0,100.0,B,0,87.0,D,1,94.0,B,0,100.0,D,0,92.0,A,1,67.0,B,1,100.0,A,1,81.0,D,1,100.0,D,0,100.0,6,93.42,-6.17,4.0,2.0,5.0,1.0,5.0,2.0,5.0,5.0,1.0,5.0,2.0,90.0,7.0,6.0,7.0,6.0,5.0,5.0,6.0,5.0,1.88,15.0,5.0,7.0,14.0,10.0,3.0,9.0,5.0,5.0,1.0,1.0,5.0,5.0,5.0,5.0,3.0,3.0,4.0,5.0,3.0,4.0,4.0,3.88,0,1,1,14,10,7,12,10,5,10,3,5,5,"If the multiple alternatives are giving me opposite answers, that is the only time I checked the scenario and see where is the best answer. By doing so, I save time.",I feel more confident about my answers.,"AI is great as a tool and I hope that the people who are in the frontrunner of developing AI will make sure that it will not developed too quick, too soon that us humans are not prepared and equipped for what is becoming of AI. "
6a1d9d56cfece324378b6731,alternatives,2026-08-16T21:04:27.578942+00:00,True,46,['Woman'],Administrative Manager,Native English speaker,Lower tertiary education degree (Bachelor's level),Several times a day,D,1,100.0,D,0,100.0,D,0,100.0,A,1,100.0,D,1,100.0,A,0,100.0,D,0,0.0,D,0,100.0,A,0,100.0,D,0,27.0,A,0,100.0,A,0,7.0,3,77.83,29.56,3.0,4.0,3.0,2.0,3.0,2.0,4.0,5.0,3.0,4.0,3.0,57.5,5.0,4.0,6.0,5.0,5.0,6.0,6.0,6.0,1.38,18.0,1.0,8.0,14.0,15.0,14.0,11.67,4.0,4.0,2.0,2.0,5.0,4.0,4.17,4.0,2.0,3.0,4.0,5.0,3.0,5.0,4.0,3.75,1,1,1,20,11,8,10,9,4,9,3,4,5,"I would review both answers and check for agreement between them. If the outputs were in agreement, I would quickly scan the logic of the reasoning and generally follow the recommendation of the AI. ","Where the outputs differed, I would ask further questions to ascertain which model/version had made the mistake and read the reasoning and scenarioin more depth. I had lower confidence in these responses.",None
6a009fb698bfd622eca974a9,alternatives,2026-08-16T21:04:28.920347+00:00,True,33,['Man'],Creative Lead at a Video Production Company,Native English speaker,Lower tertiary education degree (Bachelor's level),Several times a day,D,1,100.0,A,0,64.0,D,0,100.0,D,0,58.0,D,1,100.0,D,0,93.0,D,0,91.0,C,0,76.0,B,1,100.0,D,0,100.0,D,1,100.0,D,0,100.0,4,90.17,14.75,2.0,1.0,4.0,1.0,4.0,5.0,4.0,5.0,3.0,2.0,3.0,57.5,2.0,4.0,5.0,3.0,2.0,4.0,3.0,2.0,-0.88,13.0,1.0,1.0,13.0,17.0,13.0,9.67,4.0,4.0,2.0,2.0,4.0,4.0,4.0,2.0,2.0,1.0,2.0,4.0,4.0,3.0,2.0,2.25,1,1,1,31,10,5,10,7,2,5,4,3,4,I asked the AI to double check and made sure that it was understanding the questions and the statements,It made me disregard one of them when I saw that it was consistently incorrect,
6a1f21e58f39c832ba2d163a,alternatives,2026-08-16T21:05:01.587337+00:00,True,37,['Woman'],unemployed,Native English speaker,Lower tertiary education degree (Bachelor's level),About once a day,D,1,73.0,C,0,77.0,C,0,74.0,C,0,54.0,C,0,53.0,D,0,28.0,C,0,72.0,A,1,54.0,C,0,51.0,C,0,49.0,A,0,53.0,C,0,42.0,2,56.67,8.2,5.0,3.0,4.0,4.0,5.0,2.0,5.0,5.0,2.0,5.0,2.0,77.5,5.0,5.0,5.0,5.0,5.0,5.0,5.0,5.0,1.0,13.0,4.0,4.0,12.0,13.0,3.0,8.17,3.0,4.0,3.0,3.0,4.0,4.0,3.5,5.0,4.0,4.0,4.0,4.0,2.0,4.0,4.0,4.12,0,1,1,13,,,7,7,4,4,3,2,4,logical reasoning,no,impressive
69fa52e3a42b2256bfe76c97,alternatives,2026-08-16T21:05:24.632224+00:00,True,43,['Woman'],Teacher/Tutor,Native English speaker,Higher tertiary education degree (Master's level),Several times a day,D,1,3.0,D,0,10.0,A,1,11.0,D,0,3.0,D,1,5.0,B,0,5.0,D,0,6.0,B,0,8.0,B,1,13.0,D,0,8.0,D,1,10.0,B,1,9.0,6,7.58,1.83,3.0,2.0,4.0,2.0,3.0,3.0,4.0,5.0,2.0,3.0,2.0,65.0,2.0,4.0,3.0,3.0,2.0,3.0,3.0,3.0,-1.12,19.0,4.0,17.0,13.0,12.0,20.0,14.17,3.0,3.0,3.0,3.0,3.0,2.0,2.83,2.0,3.0,1.0,1.0,4.0,5.0,3.0,3.0,2.25,1,1,1,24,8,4,10,3,5,4,4,5,4,I would normally go back and write out all the information and figure it out myself and not rely on AI at all,It made me choose of the AI's over the other- not ideal because that AI could really be wrong too,fustrating!
6604764cc6719060ae2f667c,alternatives,2026-08-16T21:05:29.921743+00:00,True,51,['Woman'],vulnerable customer suport agent for llyods banking group,Native English speaker,Vocational college degree,Several times a day,D,1,76.0,A,0,59.0,A,1,87.0,D,0,23.0,D,1,49.0,B,0,49.0,B,1,48.0,D,0,74.0,B,1,82.0,A,1,95.0,B,0,33.0,D,0,65.0,6,61.67,22.33,5.0,2.0,3.0,1.0,3.0,3.0,3.0,5.0,3.0,3.0,4.0,60.0,5.0,5.0,4.0,5.0,5.0,4.0,5.0,6.0,0.88,20.0,8.0,9.0,13.0,18.0,3.0,11.83,3.0,2.0,3.0,3.0,3.0,4.0,3.0,4.0,3.0,4.0,4.0,5.0,2.0,4.0,4.0,4.0,0,1,1,35,9,5,12,6,3,12,4,4,4,tried to ask ai more than just the question ,,
67d01671bd666a9fb9c603fb,alternatives,2026-08-16T21:05:49.648029+00:00,True,37,['Woman'],Metallurgist,Fully fluent,Higher tertiary education degree (Master's level),Several times a day,D,1,87.0,B,1,47.0,D,0,74.0,D,0,100.0,C,0,100.0,C,1,89.0,C,0,100.0,C,0,70.0,A,0,84.0,D,0,100.0,D,1,100.0,D,0,100.0,4,87.58,-10.25,5.0,2.0,5.0,1.0,4.0,2.0,5.0,5.0,1.0,4.0,1.0,90.0,6.0,2.0,6.0,6.0,5.0,5.0,6.0,6.0,1.25,14.0,13.0,11.0,12.0,14.0,8.0,12.0,4.0,5.0,1.0,1.0,4.0,5.0,4.67,4.0,3.0,4.0,4.0,4.0,1.0,5.0,5.0,4.25,1,1,1,26,10,8,12,8,6,10,2,3,3,Double check the responses from AI if they are diffreent from each other.,N/A,N/a
6a038221e63d68a1f45e2060,alternatives,2026-08-16T21:06:31.333171+00:00,True,28,['Woman'],Physician Associate,Native English speaker,Higher tertiary education degree (Master's level),A few times a week,A,0,100.0,C,0,72.0,D,0,46.0,B,0,100.0,A,0,92.0,B,0,62.0,B,1,100.0,D,0,77.0,C,0,100.0,A,1,28.0,D,1,66.0,B,1,100.0,4,78.58,-7.62,2.0,4.0,3.0,3.0,4.0,4.0,3.0,5.0,2.0,3.0,2.0,50.0,3.0,1.0,2.0,3.0,5.0,5.0,4.0,3.0,-0.75,20.0,1.0,15.0,8.0,20.0,20.0,14.0,2.0,3.0,5.0,3.0,3.0,2.0,2.33,3.0,2.0,1.0,4.0,2.0,3.0,3.0,3.0,2.62,1,1,1,27,8,3,6,5,2,4,3,5,2,just compare d,it made me double check if the answers deviated from one and other ,n/a
5eaae0b28ba2df0570296c3a,alternatives,2026-08-16T21:08:24.086697+00:00,True,46,['Man'],Train driver,Native English speaker,Vocational college degree,Several times a day,B,0,40.0,A,0,61.0,A,1,80.0,D,0,66.0,D,1,83.0,D,0,74.0,B,1,71.0,A,1,64.0,B,1,65.0,A,1,59.0,D,1,60.0,D,0,37.0,7,63.33,13.26,3.0,4.0,3.0,1.0,3.0,3.0,4.0,5.0,3.0,3.0,3.0,55.0,4.0,6.0,6.0,6.0,3.0,6.0,5.0,4.0,1.0,13.0,1.0,1.0,13.0,13.0,11.0,8.67,1.0,1.0,5.0,5.0,1.0,1.0,1.0,3.0,3.0,3.0,3.0,4.0,3.0,4.0,4.0,3.38,1,1,1,13,10,5,10,8,6,8,4,1,5,Check details against what the AI was quoting,Lost trust with some answers,
66cdcee5b3f3d7136c690de0,alternatives,2026-08-16T21:10:33.627001+00:00,True,21,['Woman'],Student,Native English speaker,Upper secondary school / High school,A few times a month,B,0,88.0,D,0,23.0,D,0,87.0,D,0,73.0,D,1,95.0,B,0,81.0,D,0,83.0,D,0,91.0,B,1,10.0,D,0,12.0,D,1,12.0,B,1,0.0,4,54.58,-38.0,2.0,2.0,3.0,1.0,2.0,4.0,4.0,5.0,3.0,4.0,1.0,60.0,2.0,4.0,5.0,3.0,2.0,3.0,4.0,3.0,-0.75,11.0,1.0,14.0,15.0,14.0,9.0,10.67,4.0,4.0,2.0,2.0,4.0,4.0,4.0,1.0,2.0,1.0,1.0,2.0,5.0,3.0,1.0,1.5,1,1,1,24,7,4,5,10,8,6,4,4,4,worked it out myself first,made me more doubtful,
6446839f023ba8de55365437,alternatives,2026-08-16T21:16:23.557630+00:00,True,23,['Woman'],support worker,Native English speaker,Higher tertiary education degree (Master's level),Several times a day,D,1,96.0,A,0,97.0,D,0,97.0,B,0,98.0,D,1,100.0,B,0,98.0,D,0,98.0,A,1,93.0,B,1,97.0,A,1,98.0,D,1,93.0,D,0,69.0,6,94.5,3.33,5.0,1.0,5.0,1.0,5.0,3.0,5.0,5.0,1.0,4.0,1.0,92.5,7.0,7.0,7.0,7.0,7.0,7.0,7.0,6.0,2.88,16.0,2.0,13.0,10.0,14.0,7.0,10.33,3.0,3.0,1.0,1.0,4.0,4.0,4.0,4.0,3.0,3.0,3.0,4.0,4.0,4.0,5.0,3.5,1,1,1,25,8,6,8,10,8,8,5,4,4,i double checked and also asked more than once,it confused me but asking twice i reached a common reply from both,the b assistant seemed more reliable 
6658b1d67df7606690e4d6da,alternatives,2026-08-16T21:16:47.200091+00:00,True,38,['Woman'],Student,Native English speaker,Vocational college degree,A few times a week,D,1,92.0,D,0,62.0,A,1,64.0,C,0,38.0,D,1,95.0,D,0,72.0,D,0,97.0,C,0,97.0,B,1,97.0,D,0,93.0,D,1,78.0,D,0,96.0,5,81.75,5.91,4.0,1.0,5.0,1.0,4.0,3.0,5.0,5.0,1.0,4.0,1.0,87.5,5.0,5.0,5.0,6.0,4.0,6.0,5.0,5.0,1.12,14.0,6.0,10.0,13.0,13.0,13.0,11.5,3.0,3.0,2.0,2.0,4.0,3.0,3.5,4.0,4.0,3.0,3.0,4.0,3.0,4.0,4.0,3.62,1,1,1,19,10,8,8,9,6,9,5,3,5,I made sure i looked at reasonings from both AI systems but first reached a conclusion of my own ,No,
6676b999f1116e55d774817f,alternatives,2026-08-16T21:19:18.576097+00:00,True,29,['Woman'],Admin Assistant,Native English speaker,Vocational college degree,About once a week,D,1,0.0,B,1,0.0,A,1,0.0,D,0,100.0,D,1,100.0,B,0,0.0,B,1,100.0,A,1,0.0,C,0,100.0,A,1,0.0,D,1,0.0,D,0,100.0,8,41.67,-50.0,1.0,2.0,4.0,1.0,2.0,3.0,4.0,5.0,2.0,3.0,1.0,62.5,4.0,6.0,4.0,5.0,2.0,2.0,3.0,2.0,-0.5,20.0,14.0,1.0,15.0,15.0,10.0,12.5,2.0,1.0,5.0,3.0,2.0,2.0,1.83,4.0,3.0,1.0,2.0,4.0,4.0,4.0,4.0,3.0,1,1,1,16,10,5,12,6,0,10,3,3,4,Checking my answers against Ai's,Made me second guess,The unsure / certain toggle did not work. I was unsure about almost every question.
6043a1dc4c33ef37c64f0812,alternatives,2026-08-16T21:23:39.305376+00:00,True,40,['Man'],MANAGER,Native English speaker,Upper secondary school / High school,Several times a day,D,1,78.0,B,1,0.0,B,0,100.0,A,1,80.0,A,0,100.0,B,0,45.0,B,1,100.0,A,1,100.0,C,0,55.0,D,0,100.0,B,0,75.0,D,0,65.0,5,74.83,-5.54,4.0,2.0,4.0,1.0,3.0,4.0,4.0,5.0,1.0,4.0,1.0,75.0,6.0,5.0,6.0,6.0,5.0,5.0,5.0,5.0,1.38,20.0,12.0,15.0,18.0,20.0,16.0,16.83,2.0,2.0,4.0,5.0,4.0,1.0,2.0,4.0,2.0,2.0,2.0,4.0,4.0,3.0,4.0,2.88,1,1,1,26,8,6,10,5,2,7,4,4,5,i tried to stick to my own answers but used the ai responses to reason and decide if it made sense to stick or change.,"yes for sure it made me worry a bit more about answers especially when they differed, i was much more cautious and read the reasoning",
6126c376b030f1ef149929fb,alternatives,2026-08-16T21:27:27.894927+00:00,True,49,['Woman'],Real Estate Manager,Fully fluent,Lower tertiary education degree (Bachelor's level),About once a week,A,0,100.0,B,1,81.0,D,0,100.0,D,0,100.0,A,0,100.0,B,0,100.0,B,1,96.0,C,0,83.0,B,1,100.0,D,0,100.0,B,0,100.0,D,0,99.0,3,96.58,-5.67,2.0,4.0,2.0,2.0,3.0,5.0,2.0,5.0,5.0,1.0,4.0,25.0,5.0,5.0,4.0,5.0,4.0,5.0,4.0,4.0,0.5,20.0,20.0,10.0,2.0,20.0,20.0,15.33,1.0,2.0,2.0,4.0,2.0,2.0,2.17,1.0,1.0,1.0,1.0,5.0,5.0,5.0,4.0,2.38,1,1,1,37,12,6,12,10,0,6,4,5,5,I question the AI answers if they did not match and to see the evidence then checked against the text and made a decision.,Yes it did change it and I had to question the result when they did not match each other however I also then lost confidence in the one answer being correct.,
69f1565fdf85268879a918d9,alternatives,2026-08-16T22:08:43.974701+00:00,True,21,['Man'],Self employed,Native English speaker,Upper secondary school / High school,About once a day,D,1,42.0,A,0,82.0,D,0,85.0,D,0,91.0,A,0,76.0,B,0,77.0,D,0,78.0,B,0,23.0,B,1,75.0,A,1,83.0,B,0,81.0,D,0,21.0,3,67.83,-1.56,4.0,1.0,5.0,2.0,3.0,2.0,5.0,5.0,1.0,4.0,1.0,85.0,6.0,6.0,5.0,6.0,5.0,5.0,4.0,4.0,1.12,9.0,2.0,7.0,13.0,8.0,1.0,6.67,4.0,4.0,2.0,2.0,4.0,4.0,4.0,5.0,3.0,3.0,4.0,3.0,4.0,4.0,4.0,3.5,1,1,1,24,10,8,10,10,6,10,5,5,5,"I tried to sanity check and get the Ai to explain its reasoning, especially when I saw that it came back with different responses. Upon doing this I found that the Ai was usually more accurate with its second responses.",I double checked the working and got the ai to double check and explain its reasoning,n/a
5c61d9cd6f57a000014a8fc4,alternatives,2026-08-16T22:11:32.881138+00:00,True,31,['Man'],Consultant,Native English speaker,Lower tertiary education degree (Bachelor's level),Several times a day,D,1,100.0,B,1,49.0,D,0,100.0,A,1,58.0,D,1,100.0,B,0,100.0,D,0,100.0,B,0,100.0,B,1,100.0,D,0,16.0,B,0,100.0,B,1,90.0,6,84.42,-3.17,2.0,2.0,4.0,1.0,4.0,2.0,4.0,5.0,1.0,4.0,1.0,77.5,5.0,3.0,2.0,2.0,3.0,3.0,3.0,4.0,-0.88,6.0,1.0,1.0,10.0,5.0,2.0,4.17,1.0,2.0,4.0,5.0,3.0,1.0,1.67,2.0,2.0,2.0,2.0,3.0,5.0,4.0,1.0,2.12,1,1,1,20,12,6,12,7,1,1,2,5,5,"Prompting the AI to recheck it's workings and telling it that I think it's wrong, for it to then find out that it was the case.","When one said one thing, the other said the other thing, I then felt like I lost trust in the AI and needed the calculations rechecked",I relied on it way too much
69fe38e9e844d3c492e41d0a,alternatives,2026-08-16T22:20:27.979973+00:00,True,23,['Man'],Learning Mentor,Native English speaker,Lower tertiary education degree (Bachelor's level),About once a day,A,0,21.0,D,0,17.0,A,1,73.0,B,0,22.0,D,1,100.0,B,0,86.0,D,0,95.0,C,0,85.0,B,1,19.0,A,1,67.0,B,0,82.0,D,0,23.0,4,57.5,10.88,2.0,3.0,4.0,1.0,3.0,2.0,4.0,5.0,3.0,4.0,2.0,65.0,4.0,6.0,5.0,6.0,4.0,4.0,4.0,4.0,0.62,14.0,6.0,8.0,10.0,13.0,13.0,10.67,3.0,4.0,2.0,3.0,4.0,3.0,3.5,3.0,3.0,4.0,4.0,4.0,4.0,5.0,4.0,3.62,1,1,1,14,10,3,12,8,2,10,2,3,4,,,
66c0382392286c820e1d3623,alternatives,2026-08-16T22:23:55.857245+00:00,True,26,['Woman'],Adminisator,Native English speaker,Lower tertiary education degree (Bachelor's level),A few times a week,D,1,99.0,B,1,12.0,D,0,93.0,B,0,91.0,D,1,23.0,B,0,14.0,D,0,8.0,C,0,80.0,B,1,96.0,D,0,6.0,D,1,98.0,D,0,27.0,5,53.92,20.03,5.0,1.0,5.0,1.0,5.0,2.0,5.0,5.0,1.0,5.0,1.0,97.5,5.0,5.0,5.0,5.0,5.0,7.0,1.0,4.0,0.62,4.0,1.0,2.0,3.0,1.0,3.0,2.33,1.0,3.0,1.0,3.0,4.0,3.0,3.17,5.0,2.0,3.0,3.0,5.0,3.0,3.0,3.0,3.38,1,1,1,31,12,1,6,8,0,6,1,5,4,i asked ai how it got the answers if both responses gave different answers ,made me question the ai and wonder why it gave different answers as i assumed both ai would give the same answer,
6a08dbc70f88fa516082241a,alternatives,2026-08-16T22:27:18.023094+00:00,True,29,['Man'],IT Engineer,Native English speaker,Higher tertiary education degree (Master's level),Several times a day,D,1,95.0,B,1,41.0,D,0,70.0,C,0,65.0,B,0,41.0,B,0,61.0,B,1,63.0,A,1,71.0,A,0,71.0,A,1,68.0,D,1,57.0,A,0,26.0,6,60.75,10.17,5.0,4.0,5.0,3.0,4.0,2.0,4.0,5.0,3.0,5.0,4.0,67.5,6.0,6.0,4.0,6.0,7.0,3.0,4.0,5.0,1.12,17.0,13.0,7.0,14.0,18.0,6.0,12.5,2.0,4.0,1.0,2.0,5.0,4.0,4.0,5.0,4.0,5.0,4.0,4.0,2.0,4.0,5.0,4.38,1,1,1,16,12,10,12,10,6,11,5,4,5,calculations and critical thinking,it clearly demonstrated the scerios,n/a
6a16ec054f5cdd315b2611c6,alternatives,2026-08-16T22:31:36.594511+00:00,True,37,['Man'],Financial Adviser,Native English speaker,Lower tertiary education degree (Bachelor's level),Several times a day,B,0,84.0,C,0,100.0,D,0,100.0,B,0,100.0,D,1,98.0,B,0,100.0,D,0,97.0,B,0,100.0,B,1,100.0,A,1,98.0,A,0,78.0,C,0,27.0,3,90.17,11.33,5.0,1.0,3.0,5.0,4.0,2.0,4.0,5.0,3.0,5.0,5.0,62.5,7.0,6.0,7.0,7.0,5.0,7.0,6.0,6.0,2.38,18.0,15.0,5.0,17.0,12.0,1.0,11.33,3.0,5.0,1.0,1.0,4.0,5.0,4.5,5.0,3.0,5.0,5.0,5.0,1.0,5.0,5.0,4.75,1,0,1,17,12,11,12,12,10,12,5,4,5,I prompted the AI and compared it with my Ideas,,
6a00570a56fddee15037bdd3,alternatives,2026-08-16T22:32:50.882228+00:00,True,24,['Man'],IT Operations Lead,Native English speaker,Lower tertiary education degree (Bachelor's level),A few times a week,D,1,100.0,B,1,65.0,D,0,100.0,D,0,48.0,D,1,100.0,B,0,100.0,D,0,100.0,C,0,24.0,C,0,100.0,D,0,100.0,D,1,100.0,A,0,100.0,4,86.42,7.25,4.0,2.0,5.0,1.0,3.0,3.0,5.0,5.0,1.0,4.0,2.0,80.0,6.0,7.0,6.0,7.0,4.0,6.0,2.0,5.0,1.38,20.0,1.0,3.0,18.0,15.0,1.0,9.67,1.0,1.0,3.0,5.0,3.0,3.0,2.0,4.0,3.0,3.0,4.0,4.0,1.0,4.0,5.0,4.0,1,1,1,14,12,4,8,10,1,8,1,3,3,,,
6a00d06c4d9e56ae1a375643,alternatives,2026-08-16T22:39:22.895629+00:00,True,24,['Man'],Retail manager ,Native English speaker,Upper secondary school / High school,A few times a week,D,1,100.0,A,0,35.0,A,1,78.0,D,0,64.0,D,1,98.0,B,0,35.0,A,0,97.0,D,0,100.0,B,1,100.0,A,1,71.0,D,1,37.0,C,0,66.0,6,73.42,14.5,3.0,1.0,3.0,1.0,4.0,4.0,4.0,5.0,3.0,4.0,2.0,67.5,5.0,6.0,7.0,7.0,5.0,6.0,5.0,5.0,1.75,7.0,1.0,7.0,13.0,8.0,1.0,6.17,4.0,4.0,2.0,2.0,4.0,4.0,4.0,4.0,3.0,3.0,3.0,4.0,4.0,4.0,3.0,3.25,1,0,1,19,10,6,8,7,8,9,4,3,3,i just used simple deduction reading both replies and cross examining the answers they had given me and looking for overlaps and mistakes in each's answers to find the correct solution,,
5c3fa8f562ada90001275f5e,alternatives,2026-08-16T22:45:06.774539+00:00,True,31,['Woman'],Policy Advisor ,Native English speaker,Doctoral degree,A few times a week,D,1,93.0,A,0,87.0,B,0,95.0,B,0,95.0,D,1,97.0,C,1,100.0,B,1,67.0,C,0,100.0,B,1,83.0,A,1,85.0,B,0,63.0,D,0,34.0,6,83.25,8.5,4.0,2.0,5.0,2.0,4.0,3.0,4.0,5.0,1.0,4.0,2.0,77.5,4.0,6.0,7.0,6.0,4.0,5.0,5.0,4.0,1.12,18.0,1.0,5.0,5.0,12.0,5.0,7.67,3.0,3.0,2.0,2.0,3.0,3.0,3.33,4.0,4.0,2.0,3.0,5.0,4.0,3.0,4.0,3.38,1,1,1,17,9,6,9,6,4,5,5,4,4,Tried to come up with my own answers and double checking them with the AI answers,It made me look at certain logic the AI models applied,
6a0b2e634890878fbf46baad,alternatives,2026-08-16T22:46:35.390443+00:00,True,47,['Man'],Data Strategy ,Native English speaker,Higher tertiary education degree (Master's level),About once a day,D,1,95.0,D,0,99.0,D,0,96.0,D,0,94.0,D,1,100.0,B,0,100.0,B,1,99.0,A,1,59.0,B,1,99.0,A,1,92.0,D,1,81.0,D,0,83.0,7,91.42,-5.11,5.0,1.0,5.0,1.0,5.0,3.0,3.0,5.0,1.0,4.0,1.0,87.5,7.0,6.0,6.0,7.0,5.0,7.0,5.0,6.0,2.12,17.0,3.0,4.0,17.0,13.0,4.0,9.67,5.0,4.0,1.0,1.0,5.0,4.0,4.67,4.0,2.0,4.0,3.0,5.0,2.0,4.0,4.0,3.75,1,1,1,25,10,6,3,10,8,8,5,4,4,I fed the AI the background then asked the questions. I then worked through the logic to make sure it was correct,the different AI gave different answers so I checked those. If they both agreed I still checked but was happier to accept the answer,they both porvided different logic and answers f
6a1b23ab6edd3063c9739989,alternatives,2026-08-16T22:47:22.470759+00:00,True,18,['Woman'],Head Of Copy,Native English speaker,Lower tertiary education degree (Bachelor's level),Less than once a month,D,1,88.0,B,1,26.0,D,0,59.0,B,0,51.0,D,1,74.0,D,0,73.0,D,0,76.0,D,0,72.0,B,1,87.0,D,0,81.0,B,0,27.0,D,0,75.0,4,65.75,4.5,1.0,4.0,2.0,3.0,2.0,5.0,2.0,5.0,5.0,3.0,4.0,22.5,4.0,2.0,3.0,4.0,3.0,6.0,7.0,4.0,0.12,15.0,5.0,17.0,18.0,18.0,20.0,15.5,4.0,5.0,2.0,2.0,5.0,5.0,4.5,1.0,1.0,1.0,3.0,4.0,5.0,2.0,1.0,1.75,1,1,1,16,6,6,1,4,8,2,4,5,5,"I read through the ""reasoning"" section and tried to see if the AI's ""thought"" process was sensible.",If I got two different answers I asked the AI to re run its last prompt so I could see if there was an outlier.,"It was interesting to see how often they agreed with one another, they normally did, but when they didn't, it was hard to figure out which one was right! I think it goes to show that AI needs human supervision."
6a1f447463e5c07aabec8187,alternatives,2026-08-16T22:51:47.604109+00:00,True,25,['Woman'],waitress,Native English speaker,Lower tertiary education degree (Bachelor's level),About once a day,D,1,85.0,A,0,42.0,D,0,72.0,A,1,68.0,D,1,88.0,B,0,92.0,B,1,80.0,D,0,33.0,A,0,10.0,D,0,80.0,D,1,79.0,D,0,89.0,5,68.17,20.29,4.0,2.0,5.0,2.0,4.0,4.0,4.0,5.0,2.0,4.0,2.0,72.5,6.0,5.0,6.0,6.0,3.0,5.0,4.0,5.0,1.0,7.0,2.0,10.0,18.0,13.0,15.0,10.83,2.0,3.0,4.0,4.0,4.0,4.0,2.83,4.0,2.0,2.0,2.0,5.0,5.0,4.0,2.0,2.75,1,1,1,48,10,10,10,8,10,6,4,5,5,when the 2 AI alternatives did not agree i had to double check the data myself. i tried to question the Ai's answer and also compared each AI alternative's answer against each other. i also made sure to remind the AI to be accurate and consider alternatives. eventually i was satisfied when both alternatives agreed. ,it showed me the flaws of the Ai so i knew when to scrutinise the answer. if both AI agreed then i spent less time checking the answer. ,
6a22567ab2a834da2f8e9057,alternatives,2026-08-16T23:04:59.428268+00:00,True,19,['Man'],unemployed,Native English speaker,Upper secondary school / High school,About once a day,D,1,100.0,D,0,100.0,D,0,100.0,B,0,100.0,D,1,100.0,B,0,100.0,B,1,100.0,D,0,0.0,B,1,100.0,A,1,100.0,B,0,84.0,D,0,80.0,5,88.67,19.43,4.0,1.0,5.0,1.0,5.0,3.0,4.0,5.0,1.0,5.0,3.0,85.0,5.0,7.0,4.0,7.0,4.0,5.0,6.0,6.0,1.5,20.0,10.0,3.0,10.0,6.0,20.0,11.5,1.0,2.0,5.0,4.0,3.0,3.0,2.0,4.0,4.0,3.0,5.0,5.0,3.0,5.0,5.0,4.25,1,1,1,22,9,2,12,12,1,12,3,5,4,"I occasionally asked the AI questions about what they think and I replied sometimes with AI 1 response to AI 2 and see how they interact with it and what sentiments they hold and if they change their mind, I may be unsure about some aspects generally speaking I believe they were effective tools in assisting me with this task.","It made me think more when they had different answers, to recall the scenarios and evaluate the information at hand and compare it to what the question is asking, so using AI as the tool for 'thinking' and reasoning really helped, but when they had different answers I assumed there was something I was missing so it made me double check more often.","It was an interesting study, It made me realise how dependent I was on the AI during this course of scenarios and questions, I enjoyed it overall I believe it was an effective way to gather information in a comprehensible format, I only asked further questions when necessary, but overall it was mental evaluation of the answers the AI has provided, which really helped. "
660c14cb05dd9faa6eda805a,alternatives,2026-08-16T23:07:13.075672+00:00,True,23,['Woman'],Gallery Assistant ,Native English speaker,Vocational college degree,A few times a month,D,1,59.0,C,0,72.0,A,1,37.0,C,0,79.0,D,1,93.0,A,0,77.0,A,0,72.0,C,0,15.0,A,0,78.0,D,0,19.0,D,1,45.0,C,0,14.0,4,55.0,5.25,1.0,3.0,3.0,1.0,2.0,3.0,4.0,5.0,3.0,1.0,2.0,47.5,4.0,6.0,3.0,4.0,2.0,2.0,2.0,2.0,-0.88,16.0,1.0,1.0,17.0,15.0,11.0,10.17,3.0,4.0,2.0,3.0,3.0,4.0,3.5,2.0,2.0,1.0,1.0,4.0,5.0,1.0,1.0,1.62,1,1,1,25,7,5,7,7,4,8,5,4,4,"Think of my own answer, compare the answers and try and get the logic explained of decisions so i could check it","when they gave different answers, had to be more attentive and not trust it ",
69848da89da918a45ff78e1d,alternatives,2026-08-16T23:13:33.134443+00:00,True,28,['Woman'],Corporate Governance Assistant,Native English speaker,Higher tertiary education degree (Master's level),A few times a week,D,1,70.0,D,0,94.0,D,0,100.0,D,0,79.0,D,1,96.0,C,1,90.0,B,1,93.0,A,1,60.0,B,1,67.0,D,0,71.0,D,1,90.0,A,0,70.0,7,81.67,-1.94,3.0,1.0,5.0,2.0,5.0,2.0,4.0,5.0,2.0,4.0,4.0,75.0,5.0,5.0,5.0,5.0,5.0,6.0,6.0,5.0,1.25,20.0,9.0,13.0,18.0,19.0,10.0,14.83,3.0,3.0,2.0,2.0,4.0,2.0,3.33,3.0,3.0,3.0,3.0,4.0,2.0,2.0,3.0,3.12,1,1,1,20,10,8,6,11,6,6,5,5,5,I first checked the differences between both responses and then re-read the scenario to decipher the answer,"I noticed a difference in the responses that made me wary of the following responses. Because I noticed that in some scenarios, one response seemed to do better than the other, I paid closer attention to the response with the better track record",
6a05a78f5dceb1b1abe2dc52,alternatives,2026-08-16T23:21:36.762350+00:00,True,18,['Woman'],Student,Native English speaker,Upper secondary school / High school,A few times a week,D,1,68.0,B,1,55.0,B,0,100.0,C,0,20.0,D,1,88.0,D,0,100.0,D,0,94.0,B,0,82.0,B,1,46.0,A,1,0.0,D,1,41.0,A,0,71.0,6,63.75,-28.17,2.0,2.0,4.0,1.0,4.0,3.0,4.0,5.0,1.0,2.0,1.0,70.0,4.0,6.0,4.0,6.0,3.0,5.0,5.0,4.0,0.62,18.0,7.0,11.0,17.0,14.0,11.0,13.0,3.0,3.0,3.0,2.0,4.0,3.0,3.33,2.0,4.0,1.0,2.0,4.0,4.0,2.0,3.0,2.5,1,1,1,40,10,11,,8,10,8,3,4,5,I relied on myself for most of the questions and sometimes if I thought it would take too long I asked AI to do it for me or if I was having trouble. I also asked AI for tables and summarised info. By the end I compared Responses A and B to make sure there were the same and realised B kept changing its answers so I declared A more reliable.,"When they would get things wrong, it made me trust them less, so I wouldn't be as confident with my answers.",
6a158d28cf874d1b7eab9575,alternatives,2026-08-17T08:07:28.259405+00:00,True,43,['Man'],Marketing,Native English speaker,Upper secondary school / High school,About once a day,D,1,100.0,A,0,100.0,D,0,100.0,D,0,59.0,A,0,100.0,B,0,87.0,B,1,100.0,A,1,49.0,C,0,75.0,A,1,100.0,B,0,100.0,A,0,100.0,4,89.17,-2.88,4.0,2.0,4.0,2.0,5.0,3.0,4.0,5.0,2.0,3.0,2.0,72.5,6.0,6.0,7.0,7.0,4.0,5.0,6.0,7.0,2.0,15.0,1.0,9.0,14.0,11.0,3.0,8.83,3.0,4.0,2.0,2.0,4.0,4.0,3.83,4.0,3.0,3.0,4.0,4.0,3.0,5.0,4.0,3.75,1,1,1,20,12,2,12,10,0,10,2,4,4,They were a bit too complicated for me to understand,Hedged my bets,
6a05c37ffa65471def84e817,alternatives,2026-08-17T08:30:57.936587+00:00,True,36,['Man'],HEALTH CARE WORKER,Native English speaker,Higher tertiary education degree (Master's level),Several times a day,D,1,100.0,D,0,100.0,A,1,98.0,D,0,94.0,D,1,100.0,C,1,100.0,B,1,46.0,A,1,100.0,B,1,100.0,D,0,100.0,B,0,44.0,D,0,100.0,7,90.17,4.4,5.0,1.0,5.0,1.0,5.0,1.0,5.0,5.0,1.0,5.0,1.0,100.0,7.0,7.0,7.0,7.0,7.0,7.0,7.0,7.0,3.0,20.0,1.0,1.0,20.0,20.0,1.0,10.5,5.0,5.0,1.0,1.0,5.0,5.0,5.0,5.0,5.0,5.0,5.0,5.0,1.0,5.0,5.0,5.0,1,1,1,14,12,10,12,10,10,10,5,1,5,i read through again carefully and also look at the AI with slow response,none,
69fa27f897bf4caf2d505098,alternatives,2026-08-17T08:42:50.190465+00:00,True,20,['Man'],Videographer,Native English speaker,Upper secondary school / High school,A few times a week,C,0,10.0,A,0,19.0,D,0,80.0,B,0,43.0,A,0,68.0,B,0,86.0,D,0,31.0,D,0,87.0,B,1,78.0,A,1,35.0,B,0,34.0,B,1,37.0,3,50.67,-0.89,3.0,3.0,4.0,2.0,2.0,4.0,4.0,5.0,3.0,4.0,2.0,57.5,5.0,5.0,4.0,4.0,3.0,3.0,4.0,4.0,0.0,7.0,7.0,8.0,12.0,7.0,8.0,8.17,3.0,3.0,3.0,3.0,3.0,3.0,3.0,3.0,2.0,2.0,2.0,2.0,4.0,3.0,3.0,2.38,1,1,1,17,7,4,3,6,2,5,4,3,4,i looked back over the scenario using AI answer,they made me double check,
60dfa6a5a12413b99195c3de,alternatives,2026-08-17T08:45:00.584054+00:00,True,24,['Woman'],Support Worker,Native English speaker,Lower tertiary education degree (Bachelor's level),A few times a month,A,0,26.0,A,0,33.0,A,1,51.0,B,0,70.0,D,1,75.0,B,0,32.0,D,0,63.0,D,0,74.0,B,1,31.0,D,0,0.0,D,1,79.0,A,0,22.0,4,46.33,19.0,1.0,3.0,3.0,2.0,2.0,5.0,4.0,5.0,3.0,1.0,3.0,37.5,4.0,5.0,3.0,2.0,2.0,1.0,1.0,1.0,-1.62,15.0,7.0,8.0,11.0,5.0,20.0,11.0,3.0,3.0,2.0,2.0,3.0,3.0,3.33,1.0,2.0,2.0,1.0,1.0,5.0,1.0,1.0,1.25,1,1,1,16,10,3,6,4,1,5,3,4,3,"I looked for any overlap in the final answer even if they weren't the same. E.g., if response A said 1 is correct and 2 in incorrect but response B said that both are correct, I'd just assume that at least 1 is correct and 2 is kind of 50/50.",Made me realise that AI can lie and can be wrong.,No.
697e00ccb24e2ade3421a2d3,alternatives,2026-08-17T08:53:11.077430+00:00,True,30,['Woman'],HR Manager,Fully fluent,Higher tertiary education degree (Master's level),About once a day,D,1,86.0,A,0,100.0,A,1,84.0,B,0,86.0,D,1,79.0,B,0,83.0,B,1,78.0,A,1,79.0,B,1,83.0,A,1,86.0,B,0,84.0,C,0,29.0,7,79.75,5.74,4.0,2.0,4.0,2.0,4.0,3.0,3.0,5.0,3.0,4.0,3.0,65.0,6.0,6.0,6.0,5.0,5.0,6.0,6.0,5.0,1.62,17.0,5.0,7.0,19.0,8.0,3.0,9.83,2.0,2.0,4.0,4.0,3.0,3.0,2.33,4.0,3.0,3.0,4.0,4.0,3.0,4.0,4.0,3.62,1,1,1,15,10,2,6,12,6,12,3,3,5,,,
53a18b8ffdf99b79ca51df6e,alternatives,2026-08-17T08:59:56.956600+00:00,True,48,['Woman'],Administrator,Native English speaker,Upper secondary school / High school,Several times a day,D,1,98.0,B,1,73.0,B,0,80.0,B,0,67.0,D,1,99.0,B,0,90.0,B,1,89.0,A,1,81.0,B,1,98.0,D,0,89.0,D,1,83.0,D,0,97.0,7,87.0,4.11,4.0,3.0,5.0,1.0,5.0,2.0,5.0,5.0,1.0,3.0,3.0,80.0,7.0,7.0,7.0,7.0,5.0,7.0,7.0,7.0,2.75,18.0,2.0,7.0,14.0,18.0,9.0,11.33,4.0,4.0,1.0,1.0,5.0,3.0,4.33,4.0,2.0,3.0,3.0,5.0,4.0,4.0,4.0,3.38,1,1,1,14,10,6,10,10,2,9,5,5,3,I tried to fact check the parts where the two AI disagreed with each other to make my final decision,if they both agreed I felt more secure that they were right,none
667130c07398403120cb2bc4,alternatives,2026-08-17T09:00:42.644992+00:00,True,39,['Man'],Pharmacist,Conversationally fluent,Higher tertiary education degree (Master's level),About once a day,D,1,57.0,D,0,8.0,D,0,99.0,D,0,26.0,B,0,99.0,B,0,99.0,B,1,98.0,D,0,98.0,B,1,98.0,D,0,36.0,B,0,99.0,D,0,98.0,3,76.25,10.78,3.0,2.0,4.0,1.0,2.0,2.0,4.0,5.0,3.0,3.0,1.0,67.5,6.0,2.0,5.0,5.0,5.0,4.0,4.0,3.0,0.25,20.0,2.0,4.0,4.0,9.0,7.0,7.67,3.0,3.0,4.0,3.0,4.0,4.0,3.17,4.0,2.0,3.0,2.0,5.0,2.0,3.0,3.0,3.25,0,1,1,25,9,0,8,7,2,6,3,4,4,,"It offers different ways of logic thinking, and also shows double check is needed of ai-generated answer",
672b24390a9c197eb61f2f72,alternatives,2026-08-17T09:56:17.010439+00:00,True,54,['Man'],Handyman,Fully fluent,Upper secondary school / High school,Several times a day,A,0,26.0,D,0,73.0,C,0,65.0,B,0,30.0,D,1,78.0,B,0,34.0,D,0,66.0,D,0,70.0,B,1,74.0,D,0,49.0,D,1,54.0,D,0,60.0,3,56.58,16.11,4.0,2.0,4.0,1.0,4.0,3.0,4.0,5.0,2.0,4.0,2.0,75.0,5.0,4.0,5.0,5.0,5.0,6.0,6.0,4.0,1.0,8.0,2.0,3.0,14.0,5.0,2.0,5.67,4.0,4.0,2.0,3.0,4.0,3.0,3.67,4.0,4.0,4.0,4.0,4.0,2.0,4.0,4.0,4.0,1,1,1,16,7,2,7,7,2,7,3,2,3,"if both AI agreed , i went with that choice , if there was s disagreements i tried to check each AI agreement with the facts listed to see if i could see or spot any errors","i tended to look at the answers first , if there was difference only then did i review the replies in detail",
671cdd2146a2a9d3d0535132,alternatives,2026-08-17T10:20:13.388010+00:00,True,35,['Man'],Programmer,Fully fluent,Lower tertiary education degree (Bachelor's level),Several times a day,A,0,51.0,C,0,55.0,A,1,52.0,B,0,52.0,D,1,100.0,B,0,100.0,B,1,70.0,A,1,49.0,B,1,100.0,D,0,100.0,D,1,26.0,B,1,47.0,7,66.83,-8.17,3.0,1.0,5.0,1.0,5.0,4.0,5.0,5.0,3.0,2.0,2.0,72.5,6.0,4.0,3.0,4.0,4.0,5.0,5.0,6.0,0.62,16.0,15.0,12.0,10.0,12.0,13.0,13.0,4.0,4.0,1.0,2.0,4.0,3.0,4.0,2.0,2.0,2.0,3.0,2.0,3.0,4.0,3.0,2.62,1,1,1,18,12,8,7,7,7,4,4,5,4,,,
6a1edc2c42116f4499c0e8c8,alternatives,2026-08-17T10:27:57.396242+00:00,True,36,['Woman'],Procurement ,Native English speaker,Lower tertiary education degree (Bachelor's level),About once a day,A,0,96.0,D,0,100.0,D,0,100.0,A,1,100.0,D,1,90.0,D,0,27.0,B,1,30.0,D,0,98.0,C,0,100.0,A,1,49.0,A,0,61.0,A,0,52.0,4,75.25,-12.0,5.0,1.0,5.0,1.0,4.0,2.0,5.0,5.0,1.0,5.0,2.0,92.5,5.0,7.0,6.0,5.0,4.0,5.0,3.0,5.0,1.0,14.0,17.0,5.0,18.0,17.0,1.0,12.0,1.0,4.0,4.0,5.0,3.0,2.0,2.17,4.0,4.0,4.0,3.0,5.0,1.0,5.0,5.0,4.38,0,1,1,18,12,2,7,8,6,9,5,5,5,"I would compare AI responses, and try and add reasoning from myself",If both were the same i would accept the response,
6a18b22fae75cabad16d1c34,alternatives,2026-08-17T10:34:00.122258+00:00,True,21,['Man'],students,Native English speaker,Lower tertiary education degree (Bachelor's level),About once a day,D,1,72.0,A,0,67.0,C,0,70.0,C,0,64.0,A,0,64.0,D,0,98.0,B,1,73.0,C,0,53.0,B,1,69.0,D,0,67.0,B,0,65.0,C,0,78.0,3,70.0,1.78,4.0,1.0,5.0,5.0,5.0,2.0,3.0,5.0,4.0,4.0,2.0,67.5,5.0,5.0,5.0,5.0,5.0,5.0,5.0,5.0,1.0,10.0,3.0,8.0,14.0,8.0,4.0,7.83,4.0,3.0,3.0,3.0,3.0,3.0,3.17,4.0,4.0,4.0,3.0,3.0,4.0,4.0,4.0,3.5,1,1,1,19,12,6,12,7,4,9,3,3,3,,,
6a0465dbc4519ab0aa7db764,alternatives,2026-08-17T10:35:46.270594+00:00,True,50,['Man'],Business Director,Native English speaker,Lower tertiary education degree (Bachelor's level),Several times a day,D,1,81.0,D,0,70.0,D,0,94.0,D,0,72.0,D,1,79.0,D,0,80.0,D,0,84.0,D,0,91.0,D,0,51.0,D,0,53.0,D,1,87.0,D,0,86.0,3,77.33,6.67,4.0,3.0,3.0,3.0,4.0,3.0,3.0,5.0,3.0,3.0,4.0,52.5,6.0,5.0,5.0,5.0,4.0,5.0,5.0,5.0,1.0,16.0,15.0,7.0,16.0,20.0,14.0,14.67,2.0,4.0,3.0,3.0,4.0,4.0,3.33,4.0,2.0,4.0,4.0,5.0,3.0,5.0,5.0,4.0,0,1,1,25,9,6,10,8,5,9,4,4,5,Ask for their condience levels on % basis.,It acted as a good comparison and view of inconsistency.,A good study. It illustrates to me how two tools can have different opinions.
6a2199e15b03d651347b9916,alternatives,2026-08-17T10:39:23.581783+00:00,True,35,['Man'],Admin :ead,Native English speaker,Upper secondary school / High school,A few times a month,B,0,73.0,A,0,100.0,B,0,41.0,B,0,52.0,D,1,100.0,B,0,100.0,D,0,80.0,D,0,11.0,C,0,100.0,D,0,100.0,D,1,90.0,D,0,87.0,2,77.83,20.6,4.0,1.0,5.0,1.0,5.0,4.0,5.0,5.0,2.0,5.0,2.0,85.0,5.0,7.0,2.0,6.0,4.0,7.0,3.0,5.0,0.88,20.0,2.0,5.0,7.0,17.0,14.0,10.83,5.0,5.0,1.0,1.0,5.0,4.0,4.83,4.0,2.0,4.0,5.0,4.0,4.0,5.0,4.0,3.75,1,1,1,29,10,7,8,8,4,11,4,2,5,Used them to lower the reading and comprehension part of the task. Relied solely on questions I did not fully understand. I asked leading questions based on what I had believed answers were.,I trusted one more than the other.,
6a0f047a86b88ad53907a7ca,alternatives,2026-08-17T10:42:46.930977+00:00,True,29,['Woman'],Project Manager,Native English speaker,Lower tertiary education degree (Bachelor's level),A few times a week,A,0,44.0,C,0,30.0,A,1,65.0,C,0,39.0,D,1,80.0,B,0,78.0,D,0,17.0,A,1,52.0,B,1,79.0,A,1,76.0,B,0,57.0,B,1,33.0,6,54.17,20.0,2.0,2.0,3.0,4.0,4.0,5.0,4.0,5.0,3.0,3.0,1.0,52.5,4.0,6.0,3.0,5.0,1.0,1.0,4.0,3.0,-0.62,7.0,1.0,5.0,10.0,7.0,12.0,7.0,1.0,1.0,5.0,5.0,1.0,1.0,1.0,3.0,2.0,1.0,1.0,3.0,4.0,2.0,1.0,1.88,1,1,1,30,9,6,9,5,4,5,2,2,2,I sometimes questioned the AI and asked for further explanation.,"It did not really change much, maybe questioning more if the two responses were very different.",
6471e0a407b30a4f171dbd35,alternatives,2026-08-17T10:46:50.826073+00:00,True,57,['Woman'],Lecturer,Native English speaker,Doctoral degree,Several times a day,D,1,96.0,A,0,71.0,D,0,72.0,C,0,75.0,D,1,100.0,C,1,84.0,C,0,85.0,D,0,98.0,B,1,82.0,A,1,89.0,B,0,96.0,B,1,99.0,6,87.25,8.83,3.0,1.0,5.0,1.0,5.0,3.0,5.0,5.0,1.0,5.0,1.0,90.0,5.0,5.0,5.0,6.0,3.0,4.0,4.0,3.0,0.38,16.0,1.0,7.0,10.0,14.0,18.0,11.0,3.0,4.0,1.0,1.0,5.0,4.0,4.33,3.0,3.0,3.0,3.0,5.0,4.0,5.0,4.0,3.5,1,1,1,22,12,8,12,6,4,3,4,5,5,I started each time by asking Ai to solve but then I used it to produce schedules to help me,I had expected them to produce same responses so i had to work harder than expected,no thanks
698b045589588a7dea2bef84,alternatives,2026-08-17T10:52:21.820646+00:00,True,27,['Man'],IT Manager,Native English speaker,Lower tertiary education degree (Bachelor's level),Several times a day,D,1,90.0,C,0,88.0,D,0,96.0,A,1,89.0,D,1,96.0,D,0,89.0,D,0,93.0,D,0,96.0,B,1,89.0,A,1,88.0,B,0,87.0,A,0,90.0,5,90.92,-0.89,4.0,1.0,5.0,4.0,4.0,3.0,5.0,5.0,3.0,4.0,2.0,72.5,6.0,7.0,5.0,6.0,5.0,6.0,5.0,6.0,1.75,15.0,9.0,5.0,13.0,20.0,2.0,10.67,2.0,4.0,2.0,2.0,4.0,4.0,3.67,4.0,4.0,4.0,4.0,4.0,2.0,5.0,4.0,4.12,1,1,1,18,12,8,12,12,6,12,4,3,4,"I go through he scenario after sending it to the AI, then i go through the question, pick my answer and compare it to the AI own","come of the alternatives were contrasting, so I had to determine with one is correct",
6a0cd3ed8bba7edfec81cbc8,alternatives,2026-08-17T11:03:11.280805+00:00,True,22,['Man'],Technology,Fully fluent,Higher tertiary education degree (Master's level),A few times a week,D,1,91.0,B,1,91.0,A,1,96.0,A,1,94.0,D,1,91.0,A,0,94.0,B,1,94.0,C,0,94.0,B,1,89.0,A,1,89.0,B,0,91.0,A,0,89.0,8,91.92,-0.12,5.0,2.0,4.0,3.0,4.0,2.0,4.0,5.0,2.0,4.0,4.0,70.0,6.0,5.0,5.0,6.0,6.0,6.0,6.0,6.0,1.75,18.0,17.0,1.0,20.0,20.0,1.0,12.83,4.0,4.0,2.0,2.0,4.0,4.0,4.0,4.0,2.0,4.0,4.0,4.0,2.0,4.0,4.0,3.75,1,1,1,16,8,7,,9,7,6,4,4,4,"I applied careful observation, proper assessment",No,
6a05bed431af49069330ecf5,alternatives,2026-08-18T05:51:01.805015+00:00,True,24,['Man'],"Business owner, finance",Native English speaker,Lower tertiary education degree (Bachelor's level),Several times a day,D,1,76.0,A,0,26.0,D,0,100.0,A,1,79.0,D,1,87.0,B,0,100.0,D,0,49.0,B,0,64.0,B,1,100.0,A,1,70.0,D,1,78.0,D,0,82.0,6,75.92,11.5,5.0,2.0,5.0,4.0,4.0,3.0,4.0,5.0,2.0,4.0,3.0,70.0,6.0,6.0,6.0,4.0,3.0,6.0,5.0,6.0,1.25,20.0,5.0,1.0,18.0,20.0,18.0,13.67,1.0,5.0,1.0,1.0,5.0,5.0,4.33,4.0,4.0,3.0,3.0,3.0,5.0,4.0,5.0,3.38,1,1,1,23,12,11,12,6,6,4,5,5,5,"I checked the answers that the ai’s gave. There were times where I could answer quickly, as I already had an answer in my mind. There were other times when I would carefully compare the two ai with my own beliefs and see where we disagreed. ","The multiple ai’s were interesting in the different perspectives they took. They were not always helpful in expressing why they came to the conclusion that they came to, but I got a decent idea of what they meant. ",I thought that the ai’s could have done a little more to explain themselves when it came to evaluating the statements. They sometimes skipped steps in reasoning that I thought were tricky to understand.
69f1f9fe2aeb480ab8168d0f,alternatives,2026-08-18T05:57:50.065328+00:00,True,39,['Woman'],homemaker,Fully fluent,Lower tertiary education degree (Bachelor's level),About once a day,D,1,81.0,B,1,82.0,A,1,82.0,D,0,85.0,D,1,94.0,B,0,86.0,A,0,93.0,C,0,92.0,B,1,97.0,D,0,94.0,B,0,84.0,D,0,81.0,5,87.58,-0.66,4.0,2.0,4.0,1.0,3.0,4.0,4.0,5.0,3.0,4.0,1.0,70.0,7.0,7.0,7.0,7.0,5.0,5.0,5.0,5.0,2.0,20.0,4.0,3.0,16.0,20.0,17.0,13.33,4.0,2.0,5.0,5.0,2.0,4.0,2.33,4.0,3.0,2.0,4.0,4.0,3.0,4.0,4.0,3.5,1,1,1,18,12,6,12,10,8,10,4,4,4,thinking and analyzing,it made me realize that AI can give false answers ,no
6a06f5c82ef7206c2ae0a838,alternatives,2026-08-18T06:05:43.842345+00:00,True,35,['Man'],Retail Specialist,Native English speaker,Vocational college degree,A few times a month,D,1,84.0,C,0,78.0,D,0,76.0,B,0,66.0,A,0,68.0,B,0,80.0,B,1,67.0,C,0,80.0,B,1,67.0,A,1,32.0,D,1,68.0,A,0,66.0,5,69.33,-9.83,3.0,4.0,2.0,3.0,4.0,3.0,3.0,5.0,3.0,3.0,3.0,47.5,3.0,4.0,3.0,4.0,5.0,4.0,5.0,4.0,0.0,15.0,3.0,5.0,6.0,9.0,3.0,6.83,3.0,4.0,3.0,3.0,4.0,3.0,3.33,2.0,3.0,3.0,3.0,2.0,3.0,3.0,3.0,2.75,1,1,1,15,6,2,5,4,2,6,3,2,2,I didn't use any stratergy,I trusted the first response more than the 2nd,No
66a208fff5715f2926f70289,alternatives,2026-08-18T06:10:16.018010+00:00,True,42,['Man'],salesman,Native English speaker,Vocational college degree,Several times a day,D,1,100.0,C,0,100.0,D,0,99.0,D,0,100.0,D,1,100.0,B,0,100.0,D,0,100.0,D,0,51.0,B,1,100.0,D,0,100.0,B,0,73.0,D,0,80.0,3,91.92,10.78,5.0,1.0,5.0,1.0,5.0,1.0,5.0,5.0,5.0,5.0,1.0,90.0,7.0,7.0,6.0,7.0,7.0,7.0,7.0,7.0,2.88,20.0,20.0,1.0,16.0,20.0,1.0,13.0,5.0,5.0,1.0,1.0,5.0,5.0,5.0,4.0,1.0,4.0,4.0,4.0,2.0,4.0,4.0,3.62,1,1,1,24,12,5,12,7,3,7,4,4,5,"i read what each ai answered, double checked myself, and if still unsure i asked the ai's if they were sure, i believed option b was most accurate as always went into detail",it didn't change the way i interacted at all,no further comments about my interaction with ai
6647553d43a5c4dd9a129193,alternatives,2026-08-18T06:19:08.572906+00:00,True,36,['Woman'],Civil Servant,Native English speaker,Lower tertiary education degree (Bachelor's level),Several times a day,A,0,34.0,D,0,88.0,D,0,77.0,A,1,100.0,D,1,100.0,D,0,68.0,B,1,86.0,D,0,100.0,B,1,81.0,D,0,77.0,D,1,92.0,D,0,24.0,5,77.25,24.94,3.0,2.0,4.0,1.0,4.0,3.0,4.0,5.0,2.0,4.0,1.0,75.0,5.0,5.0,4.0,5.0,5.0,3.0,4.0,4.0,0.38,15.0,3.0,6.0,17.0,9.0,5.0,9.17,2.0,3.0,3.0,4.0,2.0,3.0,2.5,4.0,1.0,1.0,1.0,4.0,4.0,4.0,4.0,2.62,1,1,1,18,12,12,12,10,5,8,2,4,5,I'd ask them to re-read and spell out the question more concisely. and also asked them to break down the question for my understanding - in turn making it clear to them tepp. ,It terrified me at first because i tend to just rely on what AI is saying! Though i do know from personal experiecne it can be wrong ,Really interesting study. Good luck with it.
69fe15dbdae228494b7e163c,alternatives,2026-08-18T06:19:09.426725+00:00,True,33,['Woman'],product manager,Fully fluent,Lower tertiary education degree (Bachelor's level),Several times a day,A,0,85.0,A,0,75.0,D,0,97.0,A,1,93.0,D,1,98.0,B,0,100.0,B,1,96.0,A,1,98.0,B,1,100.0,A,1,90.0,D,1,91.0,D,0,97.0,7,93.33,4.34,4.0,2.0,4.0,1.0,4.0,1.0,4.0,5.0,3.0,4.0,1.0,80.0,6.0,5.0,5.0,6.0,5.0,5.0,5.0,5.0,1.25,13.0,2.0,15.0,13.0,17.0,8.0,11.33,2.0,4.0,4.0,3.0,4.0,4.0,3.17,4.0,3.0,3.0,3.0,4.0,2.0,4.0,3.0,3.5,0,1,1,15,2,12,0,10,6,10,4,4,4,checked the answer and relied on the most detailed with a clear reasoning behind it,quite a bit as I've got 2 complete different answers that made me go and check the facts,nope
5a9012adf053610001718912,alternatives,2026-08-18T06:21:16.894037+00:00,True,50,['Woman'],Theatre Supervisor,Native English speaker,Upper secondary school / High school,A few times a week,D,1,96.0,C,0,93.0,A,1,92.0,D,0,86.0,D,1,100.0,B,0,100.0,B,1,94.0,B,0,100.0,B,1,92.0,B,0,49.0,B,0,52.0,B,1,94.0,6,87.33,14.67,3.0,3.0,4.0,1.0,4.0,4.0,5.0,5.0,2.0,4.0,2.0,70.0,6.0,5.0,6.0,4.0,5.0,5.0,4.0,4.0,0.88,17.0,4.0,10.0,18.0,7.0,1.0,9.5,3.0,4.0,1.0,5.0,5.0,4.0,3.67,3.0,3.0,3.0,4.0,4.0,3.0,4.0,4.0,3.5,1,1,1,20,12,6,12,9,2,9,4,4,5,"double checked when the two options differed, and triple checked when they concluded the same on the second attempt","yes, it made me question it more than i usually would",None
6a019609213326e427f7e358,alternatives,2026-08-18T06:33:12.143753+00:00,True,55,['Man'],self employed,Fully fluent,Higher tertiary education degree (Master's level),Several times a day,D,1,22.0,C,0,0.0,A,1,61.0,D,0,0.0,D,1,74.0,D,0,86.0,D,0,79.0,D,0,81.0,B,1,57.0,D,0,72.0,B,0,70.0,D,0,63.0,4,55.42,-2.88,4.0,3.0,2.0,3.0,3.0,4.0,2.0,5.0,3.0,3.0,4.0,42.5,5.0,5.0,5.0,5.0,5.0,5.0,5.0,5.0,1.0,14.0,5.0,13.0,9.0,10.0,5.0,9.33,3.0,4.0,2.0,3.0,4.0,5.0,3.83,3.0,2.0,2.0,3.0,4.0,3.0,3.0,4.0,3.0,1,1,1,17,12,10,12,10,4,10,3,5,4,,Definitely opened my eyes up to the possibility of error or multiple interpretation of facts,Was enlightening
54f5a98cfdf99b2e7ccaeb91,alternatives,2026-08-18T06:37:32.480710+00:00,True,36,['Man'],"Sales Strategy, Global TV Distribution",Native English speaker,Lower tertiary education degree (Bachelor's level),Several times a day,D,1,100.0,A,0,77.0,A,1,72.0,D,0,18.0,D,1,93.0,B,0,100.0,B,1,79.0,A,1,78.0,B,1,75.0,D,0,13.0,B,0,18.0,D,0,85.0,6,67.33,31.0,3.0,3.0,4.0,1.0,4.0,3.0,5.0,5.0,3.0,4.0,4.0,65.0,5.0,3.0,3.0,3.0,4.0,5.0,4.0,4.0,-0.12,16.0,3.0,1.0,14.0,17.0,14.0,10.83,1.0,2.0,4.0,5.0,2.0,2.0,1.67,4.0,3.0,3.0,2.0,4.0,2.0,5.0,5.0,3.75,1,1,1,31,12,9,11,8,5,7,5,5,5,I tried to get the answers of both AI's to align. I tried where possible to understand the answer so I could tell AI if it might be wrong. ,It made me ask the AI lot's more questions and to explain itself. I had to be a bit more thoughtful and try to get it to poke holes in its own reasoning.,
6a194d2c84c40cb2a1a0e06a,alternatives,2026-08-18T06:46:35.831248+00:00,True,64,['Man'],Writer and Facilitator,Native English speaker,Lower tertiary education degree (Bachelor's level),Several times a day,A,0,100.0,A,0,100.0,D,0,100.0,D,0,100.0,D,1,100.0,D,0,0.0,B,1,83.0,A,1,100.0,B,1,100.0,A,1,100.0,D,1,100.0,D,0,100.0,6,90.25,13.83,4.0,2.0,4.0,1.0,4.0,2.0,4.0,5.0,1.0,5.0,5.0,75.0,5.0,6.0,7.0,7.0,5.0,7.0,6.0,7.0,2.25,10.0,10.0,9.0,16.0,9.0,7.0,10.17,5.0,5.0,1.0,1.0,5.0,5.0,5.0,4.0,2.0,1.0,1.0,5.0,3.0,5.0,5.0,3.25,1,1,1,45,8,4,12,11,2,6,4,5,5,"I struggled to use system in first 1-2 rounds, but then found it easier. Shared reasonings with each AI so that they could fill in the gaps in knowledge and approach. Even when agreed I still learned to check their solutions.",VERY much. Showed that AI assistants are not infallible. But sharing both reasonings with each AI wored.,"The most frustrating thing was to get the Proctor system t work and to learn how make the scales work. I started to use my own reasoning and then moved to relying on the reasoning of AI, as long as I shared current solutions with each AI"
63d141f040c855b7fb494d13,alternatives,2026-08-18T06:50:23.782357+00:00,True,34,['Woman'],personal assistant,Native English speaker,Vocational college degree,About once a day,D,1,66.0,A,0,26.0,D,0,100.0,D,0,7.0,D,1,28.0,A,0,100.0,D,0,22.0,D,0,38.0,C,0,28.0,A,1,100.0,D,1,43.0,B,1,73.0,5,52.58,16.14,4.0,1.0,5.0,1.0,5.0,2.0,5.0,5.0,3.0,4.0,1.0,87.5,7.0,5.0,6.0,7.0,4.0,4.0,6.0,6.0,1.62,13.0,1.0,8.0,13.0,20.0,1.0,9.33,1.0,1.0,4.0,4.0,2.0,2.0,1.67,4.0,3.0,2.0,2.0,5.0,2.0,2.0,5.0,3.38,1,1,1,30,12,5,10,7,0,8,3,4,4,I just relied on the AI to give me the main bulk of the information and asked any follow up questions if I thought something with their answer was off ,it made it a little more difficult if they gave different answers as I then had to challenge them to see why they were different ,
675ab3f6c12c9e3fd27046b3,alternatives,2026-08-18T06:50:45.897980+00:00,True,33,['Woman'],Lawyer,Native English speaker,Higher tertiary education degree (Master's level),Several times a day,D,1,91.0,A,0,88.0,D,0,73.0,B,0,93.0,D,1,19.0,B,0,84.0,B,1,29.0,A,1,32.0,B,1,90.0,D,0,86.0,D,1,79.0,D,0,93.0,6,71.42,-29.5,3.0,1.0,4.0,1.0,4.0,5.0,4.0,5.0,2.0,3.0,1.0,70.0,4.0,6.0,4.0,5.0,3.0,5.0,4.0,3.0,0.25,6.0,3.0,5.0,15.0,4.0,14.0,7.83,3.0,4.0,2.0,2.0,4.0,4.0,3.83,4.0,2.0,3.0,3.0,4.0,4.0,5.0,4.0,3.38,1,1,1,19,12,8,12,9,6,7,3,4,2,If both AI came up with the same answer I was fairly satisfied that it was correct. If they came up with a different answer I would go back and cross check the reasoning behind the answer to try and pick the correct one. ,As above. If they had the same answer I was more content that it was correct without having to properly review the reasoning. It was only if there was 2 sets of different answers that I was confused or unsure and would have to manually check the question. ,
6a21be8a98a32ca1859a6003,alternatives,2026-08-18T07:11:47.194266+00:00,True,24,['Man'],Recruiter,Native English speaker,Upper secondary school / High school,About once a week,D,1,51.0,C,0,51.0,A,1,57.0,A,1,100.0,A,0,51.0,D,0,16.0,D,0,59.0,A,1,5.0,B,1,85.0,A,1,61.0,D,1,72.0,A,0,74.0,7,56.83,11.37,1.0,3.0,3.0,1.0,3.0,4.0,3.0,5.0,3.0,3.0,1.0,52.5,5.0,4.0,4.0,4.0,4.0,4.0,4.0,2.0,-0.12,10.0,8.0,12.0,8.0,14.0,2.0,9.0,3.0,4.0,2.0,1.0,4.0,4.0,4.0,1.0,4.0,1.0,2.0,2.0,4.0,3.0,2.0,2.12,1,1,1,18,12,12,12,6,6,6,5,4,4,Cross checked it with the other AI and picked the one that seemed the most logical,I cross checked them as one may of picked up on something else that me and the other AI didnt,
697a53e8b315729705307e4b,alternatives,2026-08-11T09:25:21.232280+00:00,True,35,['Man'],Civil Servant,Native English speaker,Lower tertiary education degree (Bachelor's level),Several times a day,D,1,100.0,B,1,25.0,A,1,62.0,B,0,100.0,D,1,100.0,B,0,100.0,B,1,100.0,C,0,83.0,C,0,100.0,C,0,67.0,A,0,100.0,C,0,73.0,5,84.17,-11.6,1.0,1.0,5.0,1.0,5.0,5.0,5.0,5.0,1.0,4.0,1.0,77.5,7.0,7.0,7.0,7.0,5.0,6.0,1.0,1.0,1.12,13.0,1.0,1.0,20.0,13.0,1.0,8.17,4.0,4.0,1.0,1.0,4.0,5.0,4.5,2.0,1.0,2.0,2.0,5.0,3.0,2.0,5.0,2.75,1,1,1,13,12,8,11,8,4,8,2,5,5,"When the ai gave me 2 different answers, I read through both of their reasoning. When I saw that one of them made an assumption I did not have confidence in its final answer.","It made me question the ai's decision making more than I normally would. I would normally be inclined to agree with an ai output, however when I saw conflicting answers to the same question with the same context, I spent more time trying to understand where a mistake was made.",
6a0493b0ba30180995ebd884,alternatives,2026-08-11T09:30:55.983477+00:00,True,41,['Woman'],Staff Nurse,Native English speaker,Lower tertiary education degree (Bachelor's level),A few times a week,D,1,100.0,B,1,100.0,A,1,100.0,A,1,73.0,D,1,88.0,B,0,93.0,B,1,65.0,C,0,57.0,C,0,75.0,D,0,87.0,B,0,85.0,D,0,45.0,6,80.67,14.0,3.0,4.0,3.0,2.0,3.0,3.0,3.0,5.0,3.0,2.0,3.0,47.5,6.0,6.0,6.0,6.0,4.0,4.0,5.0,5.0,1.25,15.0,3.0,4.0,14.0,13.0,1.0,8.33,3.0,3.0,2.0,2.0,4.0,4.0,3.67,4.0,3.0,2.0,2.0,4.0,3.0,4.0,4.0,3.25,1,1,1,15,12,8,10,10,4,10,4,3,4,Re-reading the scenario to refresh my memory,It made me doubt if either was right,
5e3ddcf95556b204cb143eab,alternatives,2026-08-11T09:35:58.712049+00:00,True,32,['Woman'],MANAGER,Fully fluent,Higher tertiary education degree (Master's level),About once a week,D,1,98.0,A,0,60.0,C,0,32.0,D,0,61.0,D,1,83.0,B,0,67.0,B,1,91.0,A,1,9.0,B,1,78.0,D,0,83.0,D,1,56.0,A,0,63.0,6,65.08,8.17,2.0,4.0,2.0,4.0,3.0,5.0,3.0,5.0,2.0,2.0,4.0,32.5,4.0,4.0,5.0,3.0,4.0,3.0,4.0,5.0,0.0,20.0,20.0,15.0,7.0,19.0,17.0,16.33,3.0,4.0,2.0,3.0,2.0,4.0,3.33,3.0,2.0,2.0,3.0,2.0,1.0,2.0,2.0,2.62,1,1,1,25,5,6,4,4,5,5,4,2,3,i compared both answers and tried to find the logic behind them especially if answers were different for each assistant,dont know,no
66b90adf88e86b0a5e479b30,alternatives,2026-08-11T09:36:43.763801+00:00,True,23,['Woman'],Law Student,Native English speaker,Lower tertiary education degree (Bachelor's level),About once a day,A,0,15.0,B,1,70.0,D,0,96.0,C,0,76.0,D,1,100.0,B,0,100.0,B,1,100.0,C,0,51.0,B,1,78.0,A,1,32.0,B,0,100.0,D,0,67.0,5,73.75,3.86,4.0,4.0,4.0,4.0,5.0,4.0,5.0,5.0,4.0,4.0,4.0,55.0,7.0,7.0,6.0,6.0,6.0,6.0,7.0,5.0,2.25,16.0,5.0,3.0,13.0,16.0,20.0,12.17,3.0,4.0,4.0,4.0,4.0,3.0,3.0,4.0,5.0,5.0,4.0,4.0,2.0,3.0,4.0,4.12,1,1,1,22,11,11,12,10,5,11,4,3,3,,,
59d3ef2c078dbe000195117f,alternatives,2026-08-11T09:43:05.765467+00:00,True,51,['Woman'],accountant,Native English speaker,Vocational college degree,About once a day,D,1,100.0,C,0,46.0,A,1,100.0,D,0,78.0,D,1,100.0,C,1,74.0,B,1,57.0,B,0,35.0,B,1,85.0,D,0,51.0,D,1,100.0,A,0,96.0,7,76.83,26.8,4.0,1.0,5.0,1.0,5.0,1.0,4.0,5.0,1.0,5.0,1.0,95.0,6.0,6.0,6.0,7.0,7.0,6.0,6.0,6.0,2.25,14.0,1.0,6.0,14.0,17.0,1.0,8.83,5.0,5.0,1.0,1.0,5.0,5.0,5.0,4.0,2.0,1.0,2.0,5.0,1.0,4.0,4.0,3.38,1,1,1,53,10,3,10,8,2,8,2,5,4,I used the AI's own answers to challenge them on their answers,Both AI's had different answers to the questions so it was extra work trying to figure out which answer could be correct.,
6a082966a088c3426743f4bf,alternatives,2026-08-11T09:52:00.524598+00:00,True,26,['Man'],student,Native English speaker,Higher tertiary education degree (Master's level),Less than once a month,D,1,58.0,D,0,31.0,D,0,57.0,D,0,53.0,D,1,62.0,C,1,35.0,B,1,64.0,A,1,62.0,B,1,63.0,A,1,35.0,D,1,49.0,D,0,59.0,8,52.33,3.5,1.0,1.0,4.0,1.0,4.0,3.0,5.0,5.0,2.0,5.0,1.0,77.5,4.0,7.0,7.0,7.0,2.0,2.0,2.0,4.0,0.38,10.0,1.0,1.0,15.0,9.0,12.0,8.0,4.0,5.0,2.0,3.0,4.0,3.0,3.83,3.0,2.0,1.0,1.0,3.0,5.0,2.0,1.0,1.75,1,1,1,30,2,4,3,4,4,4,3,5,5,I checked any discrepencies between the models and would scan answers to check for logical fallacies.,"Made me evaluate more carefully, ask folow ups etc.",
601ecf037d641438c0840330,alternatives,2026-08-11T10:03:10.937301+00:00,True,44,['Woman'],Data technician,Native English speaker,Lower tertiary education degree (Bachelor's level),About once a day,D,1,65.0,C,0,37.0,A,1,82.0,C,0,34.0,D,1,93.0,B,0,63.0,B,1,78.0,B,0,32.0,B,1,68.0,D,0,50.0,A,0,64.0,B,1,50.0,6,59.67,26.0,1.0,5.0,1.0,3.0,2.0,5.0,1.0,5.0,5.0,1.0,2.0,15.0,5.0,1.0,3.0,1.0,4.0,4.0,2.0,2.0,-1.25,20.0,2.0,20.0,4.0,19.0,19.0,14.0,4.0,4.0,1.0,2.0,4.0,4.0,4.17,1.0,1.0,1.0,2.0,4.0,5.0,4.0,3.0,2.12,1,1,1,47,9,6,6,5,4,5,4,5,2,i tried to challenge where the 2 responses were different for them to give better rationales. ,it made me less confident that I was getting a good response. ,The task needed way longer than the time allotted to do it without resorting to guess work. 
6a08ca5af96ffba2293ddd28,alternatives,2026-08-13T08:47:30.507859+00:00,True,42,['Woman'],Banker,Native English speaker,Vocational college degree,About once a day,D,1,99.0,B,1,69.0,D,0,89.0,C,0,71.0,D,1,89.0,C,1,61.0,C,0,70.0,D,0,69.0,B,1,93.0,D,0,93.0,B,0,52.0,D,0,89.0,5,78.67,6.06,5.0,2.0,5.0,1.0,5.0,2.0,4.0,5.0,2.0,3.0,4.0,77.5,6.0,6.0,6.0,3.0,5.0,6.0,5.0,5.0,1.25,16.0,4.0,6.0,16.0,16.0,5.0,10.5,3.0,3.0,3.0,4.0,4.0,4.0,3.17,5.0,4.0,4.0,4.0,5.0,4.0,5.0,5.0,4.25,1,1,1,18,12,5,12,10,4,11,4,2,5,I reviewed the question to try to work out what i could on my own therrn reviewed ai to see if it was similar and the reasons why.,it gave me more to think about.,
6a02fc7306ae51f3107c53d0,alternatives,2026-08-13T12:50:39.434939+00:00,True,32,['Woman'],IT ,Native English speaker,Higher tertiary education degree (Master's level),Several times a day,D,1,44.0,A,0,28.0,D,0,9.0,B,0,22.0,A,0,28.0,C,1,34.0,D,0,25.0,A,1,70.0,B,1,57.0,A,1,20.0,D,1,60.0,D,0,57.0,6,37.83,19.33,1.0,2.0,3.0,2.0,2.0,5.0,2.0,5.0,4.0,2.0,2.0,37.5,4.0,4.0,4.0,4.0,4.0,4.0,4.0,4.0,0.0,8.0,2.0,12.0,12.0,9.0,15.0,9.67,1.0,2.0,4.0,4.0,3.0,3.0,2.17,1.0,1.0,1.0,1.0,1.0,4.0,2.0,2.0,1.38,1,1,1,16,8,4,8,5,0,5,3,2,2,"Used the majority answer, if they were different I used the one that had the best justification.","I read both, and used the majority answer",
6978c4474a942ca6d266d49b,alternatives,2026-08-18T13:18:14.986655+00:00,True,30,['Woman'],Police Officer,Native English speaker,Lower tertiary education degree (Bachelor's level),A few times a week,D,1,88.0,B,1,88.0,D,0,81.0,C,0,91.0,D,1,64.0,B,0,80.0,B,1,87.0,C,0,74.0,B,1,82.0,A,1,89.0,B,0,86.0,D,0,67.0,6,81.42,3.17,4.0,3.0,5.0,4.0,5.0,3.0,4.0,5.0,3.0,4.0,4.0,62.5,5.0,4.0,5.0,3.0,6.0,5.0,6.0,4.0,0.75,5.0,4.0,3.0,12.0,7.0,15.0,7.67,4.0,4.0,1.0,4.0,3.0,5.0,3.83,5.0,5.0,3.0,5.0,4.0,3.0,5.0,5.0,4.38,1,1,1,22,11,9,12,10,5,10,4,4,5,i checked the answers and confirmed they were correct,n/a,n.a
60ff109e2a8d5d4b4a835630,alternatives,2026-08-18T13:30:44.264500+00:00,True,30,['Woman'],Executive Assistant ,Native English speaker,Upper secondary school / High school,A few times a week,B,0,6.0,D,0,30.0,C,0,54.0,C,0,66.0,D,1,88.0,B,0,81.0,D,0,87.0,A,1,22.0,B,1,40.0,A,1,76.0,D,1,81.0,D,0,86.0,5,59.75,2.83,4.0,1.0,5.0,1.0,5.0,3.0,5.0,5.0,1.0,4.0,1.0,90.0,7.0,7.0,6.0,6.0,4.0,6.0,7.0,6.0,2.12,17.0,2.0,4.0,13.0,3.0,10.0,8.17,1.0,2.0,4.0,3.0,2.0,2.0,2.0,4.0,4.0,3.0,4.0,5.0,4.0,5.0,5.0,4.0,1,1,1,19,12,6,12,9,3,10,3,2,5,"If they both gave the same answer, then I felt confident. If they gave different answers I would read back on both and see which one seemed more correct. I would give the AI all the info at the beginning and then ask them the questions. ","Yes, I would be more carful if they gave two different answers. I would re read what they put down to see what made more sense ",NA
5c99d104490924000111bfcc,alternatives,2026-08-18T13:32:10.576404+00:00,True,46,['Man'],Educator,Native English speaker,Lower tertiary education degree (Bachelor's level),Several times a day,D,1,100.0,A,0,100.0,A,1,27.0,B,0,88.0,D,1,94.0,B,0,100.0,B,1,88.0,B,0,100.0,B,1,91.0,A,1,82.0,B,0,100.0,B,1,98.0,7,89.0,-14.74,4.0,2.0,4.0,3.0,4.0,5.0,4.0,5.0,3.0,3.0,3.0,57.5,6.0,6.0,6.0,6.0,6.0,6.0,6.0,6.0,2.0,11.0,4.0,6.0,12.0,7.0,1.0,6.83,5.0,4.0,4.0,2.0,4.0,4.0,3.83,4.0,2.0,3.0,3.0,4.0,4.0,4.0,5.0,3.38,1,1,1,26,12,6,,9,5,12,4,4,5,I asked for confidence levels from AI to help see which response was most likely.  I also asked AI to re-evaluate its response.,It changed several times and that lowered my confidence levels.,NA
69f4bd1e41af27997a51769e,alternatives,2026-08-18T13:34:24.630723+00:00,True,43,['Man'],Technical Account Manager,Native English speaker,Higher tertiary education degree (Master's level),Several times a day,B,0,0.0,C,0,0.0,A,1,0.0,A,1,0.0,A,0,0.0,B,0,100.0,D,0,100.0,B,0,100.0,B,1,100.0,A,1,100.0,D,1,0.0,B,1,100.0,6,50.0,0.0,3.0,3.0,3.0,3.0,5.0,3.0,3.0,5.0,1.0,5.0,1.0,70.0,4.0,7.0,4.0,7.0,4.0,4.0,1.0,4.0,0.38,20.0,1.0,9.0,15.0,10.0,1.0,9.33,1.0,1.0,5.0,5.0,1.0,1.0,1.0,1.0,1.0,1.0,1.0,3.0,5.0,3.0,1.0,1.5,1,1,1,17,12,7,12,4,0,4,5,1,1,none,none,
6a22345db1c9fc990edae263,alternatives,2026-08-18T13:38:19.693766+00:00,True,42,['Man'],Research scientist,Native English speaker,Doctoral degree,Less than once a month,D,1,100.0,A,0,100.0,B,0,49.0,C,0,73.0,D,1,100.0,B,0,100.0,B,1,100.0,A,1,48.0,B,1,75.0,A,1,46.0,D,1,100.0,D,0,100.0,7,82.58,-3.11,5.0,2.0,5.0,1.0,5.0,1.0,5.0,5.0,2.0,4.0,1.0,92.5,6.0,6.0,5.0,6.0,6.0,5.0,6.0,6.0,1.75,20.0,1.0,10.0,6.0,14.0,10.0,10.17,3.0,4.0,2.0,3.0,4.0,4.0,3.67,4.0,4.0,4.0,4.0,5.0,2.0,5.0,5.0,4.38,1,1,1,18,10,6,12,8,3,8,3,5,5,"If both AI chatbots gave the same answer, I didn't check. If there was a difference, I checked to the best of my ability and understanding.","It gave me more confidence that my answer was correct if both AI chatbots gave the same answer. When they gave different answers, it didn't really help, and I had to analyse the data on my own, which wasn't helpful.","It was very simple to use. I liked the way they showed their working; it was very transparent. You could see how they came up with the answer, which made it easier to check."
6a1ef1f4184a5f8238904bf4,alternatives,2026-08-18T13:38:42.801899+00:00,True,19,['Woman'],Actuary student,Native English speaker,Upper secondary school / High school,About once a week,C,0,77.0,B,1,2.0,A,1,34.0,B,0,91.0,D,1,96.0,B,0,68.0,B,1,49.0,A,1,24.0,B,1,95.0,D,0,100.0,B,0,46.0,D,0,25.0,6,58.92,-17.83,2.0,2.0,4.0,1.0,3.0,5.0,4.0,5.0,3.0,2.0,1.0,57.5,4.0,5.0,4.0,5.0,3.0,3.0,3.0,3.0,-0.25,17.0,6.0,3.0,20.0,17.0,16.0,13.17,2.0,2.0,4.0,3.0,4.0,3.0,2.67,2.0,2.0,1.0,1.0,3.0,5.0,3.0,2.0,1.88,1,1,1,17,12,12,12,6,8,5,3,4,4,,,
697cbad7849402bb0a689ecc,alternatives,2026-08-18T13:38:44.496711+00:00,True,32,['Man'],Software Developer,Conversationally fluent,Higher tertiary education degree (Master's level),Several times a day,D,1,28.0,D,0,33.0,D,0,41.0,A,1,51.0,D,1,52.0,B,0,100.0,B,1,100.0,D,0,34.0,B,1,100.0,A,1,55.0,D,1,100.0,D,0,100.0,7,66.17,7.83,4.0,1.0,4.0,1.0,5.0,1.0,5.0,5.0,1.0,4.0,4.0,85.0,6.0,5.0,6.0,7.0,6.0,6.0,6.0,6.0,2.0,20.0,7.0,7.0,20.0,15.0,1.0,11.67,4.0,5.0,1.0,1.0,5.0,5.0,4.83,5.0,4.0,4.0,4.0,4.0,2.0,5.0,5.0,4.38,1,1,1,18,11,7,12,6,8,3,4,5,5,I read both AI's answers and critiqued them to find the best one,It showed me that each of them had different reasoning mechanism,
6a04aecf042ae05708c21c53,alternatives,2026-08-18T13:39:14.658668+00:00,True,35,['Woman'],Tourism & Events Officer ,Native English speaker,Vocational college degree,A few times a week,D,1,95.0,A,0,57.0,A,1,100.0,D,0,100.0,D,1,97.0,D,0,74.0,D,0,80.0,A,1,100.0,B,1,75.0,A,1,66.0,B,0,97.0,B,1,100.0,7,86.75,8.83,5.0,2.0,4.0,1.0,4.0,1.0,4.0,5.0,3.0,4.0,1.0,82.5,5.0,6.0,7.0,7.0,5.0,7.0,6.0,5.0,2.0,14.0,1.0,8.0,18.0,17.0,3.0,10.17,3.0,3.0,2.0,2.0,4.0,3.0,3.5,4.0,3.0,4.0,3.0,4.0,4.0,4.0,4.0,3.5,1,1,1,21,10,4,12,10,3,7,3,3,5,"If the AI was in agreement I went with what they said, if they werent' I then read the information they both gave as their answers and then from that choose the answer I felt was correct",It made me use my brain to think about if I felt their answer was right when they weren't in agreement ,
5f666a0ad2f324242a45da71,alternatives,2026-08-18T13:47:23.978359+00:00,True,39,['Woman'],Security Analyst,Native English speaker,Lower tertiary education degree (Bachelor's level),Several times a day,D,1,96.0,D,0,40.0,D,0,80.0,B,0,72.0,D,1,100.0,B,0,85.0,B,1,99.0,A,1,97.0,B,1,95.0,A,1,97.0,D,1,90.0,A,0,77.0,7,85.67,25.49,5.0,1.0,5.0,1.0,5.0,3.0,5.0,5.0,3.0,5.0,1.0,90.0,4.0,7.0,4.0,7.0,4.0,4.0,5.0,5.0,1.0,7.0,3.0,1.0,20.0,4.0,3.0,6.33,3.0,3.0,1.0,1.0,5.0,5.0,4.33,5.0,3.0,2.0,2.0,3.0,1.0,5.0,5.0,3.75,1,1,1,26,12,5,12,10,5,5,5,5,5,I just told it when they were not agreeing with each other and to re-view the scenario and question and see if there something they can finally agree on lol,"It helped me understand that AI, as brilliant as it is, will give the wrong answer to something laid out of it plain as day and that sometimes you need to be double checking because it quite literally just makes things up even though you've given it everything it needs to get the answer right the first time.",n/a
6a1b7343b85414aa422d78b9,alternatives,2026-08-18T13:52:40.143408+00:00,True,21,['Woman'],Student,Native English speaker,Upper secondary school / High school,Never,D,1,66.0,D,0,17.0,D,0,26.0,D,0,19.0,D,1,88.0,A,0,68.0,B,1,72.0,A,1,71.0,B,1,84.0,D,0,78.0,D,1,43.0,C,0,55.0,6,57.25,26.83,2.0,2.0,4.0,2.0,3.0,5.0,2.0,5.0,4.0,3.0,4.0,42.5,5.0,5.0,4.0,3.0,3.0,3.0,3.0,2.0,-0.5,12.0,1.0,13.0,7.0,11.0,15.0,9.83,4.0,5.0,1.0,2.0,5.0,3.0,4.33,1.0,2.0,1.0,1.0,4.0,5.0,3.0,2.0,1.88,1,1,1,16,12,10,11,7,5,5,4,5,5,,,
69e76b18f44ae52b6f83185f,alternatives,2026-08-18T13:58:51.789506+00:00,True,18,['Man'],Student,Native English speaker,Upper secondary school / High school,Several times a day,D,1,100.0,A,0,100.0,A,1,100.0,A,1,100.0,D,1,100.0,B,0,100.0,D,0,100.0,A,1,100.0,B,1,100.0,D,0,100.0,D,1,100.0,C,0,100.0,7,100.0,0.0,5.0,1.0,5.0,1.0,4.0,5.0,5.0,5.0,3.0,5.0,1.0,82.5,7.0,7.0,6.0,6.0,4.0,4.0,7.0,6.0,1.88,12.0,9.0,11.0,20.0,14.0,8.0,12.33,5.0,4.0,1.0,1.0,5.0,5.0,4.83,4.0,2.0,1.0,2.0,5.0,4.0,4.0,4.0,3.0,1,1,1,31,12,8,12,11,4,8,5,3,5,If the ai's didnt give the same answers i would give them both the answers again and get them to reconsider their choices,it allowed me to compare both of them side by side but my interactions where much more formal and straight to the point,
6a04b80e14874cdbefac323f,alternatives,2026-08-18T14:13:29.822859+00:00,True,21,['Man'],Employed,Native English speaker,Lower tertiary education degree (Bachelor's level),About once a week,D,1,40.0,D,0,47.0,A,1,37.0,B,0,23.0,D,1,100.0,A,0,25.0,D,0,20.0,B,0,84.0,B,1,41.0,A,1,34.0,D,1,30.0,A,0,57.0,6,44.83,4.33,2.0,2.0,5.0,4.0,2.0,3.0,2.0,5.0,2.0,2.0,3.0,47.5,3.0,4.0,3.0,5.0,3.0,5.0,3.0,3.0,-0.38,12.0,1.0,4.0,18.0,7.0,1.0,7.17,4.0,3.0,3.0,2.0,4.0,3.0,3.5,3.0,4.0,2.0,3.0,4.0,4.0,3.0,4.0,3.12,1,1,1,14,12,8,8,6,12,6,5,4,4,proofread,,
5a0c4184fe645f0001e9f5dd,alternatives,2026-08-18T14:23:01.091064+00:00,True,42,['Woman'],Business Owner,Native English speaker,Lower tertiary education degree (Bachelor's level),Several times a day,D,1,83.0,C,0,0.0,D,0,91.0,D,0,46.0,D,1,100.0,B,0,87.0,D,0,48.0,D,0,48.0,B,1,97.0,D,0,7.0,B,0,10.0,D,0,66.0,3,56.92,48.56,3.0,2.0,4.0,1.0,5.0,3.0,4.0,5.0,1.0,5.0,1.0,82.5,5.0,6.0,6.0,2.0,4.0,4.0,4.0,2.0,0.12,20.0,1.0,14.0,11.0,19.0,17.0,13.67,2.0,3.0,2.0,3.0,4.0,3.0,3.17,3.0,2.0,1.0,3.0,5.0,3.0,3.0,3.0,2.88,1,1,1,47,6,5,6,6,3,6,5,5,5,"I checked what each AI gave as the answer, compared it to what I thought the answer was. Went back and forth sometimes to get clarification or check that the AI was correctly answering.","When the answers were conflicting, it made me more cautious. ",I tended to trust the version more that gave more consistent answers across the study.
6a0c6edb557807b3a0065dcd,alternatives,2026-08-18T14:39:38.727042+00:00,True,20,['Non-binary'],Student,Native English speaker,Upper secondary school / High school,Never,A,0,92.0,B,1,90.0,D,0,91.0,B,0,57.0,A,0,94.0,C,1,100.0,D,0,100.0,A,1,55.0,C,0,77.0,A,1,14.0,D,1,0.0,D,0,0.0,5,64.17,-21.2,1.0,1.0,5.0,1.0,4.0,2.0,5.0,5.0,1.0,3.0,1.0,80.0,6.0,7.0,7.0,7.0,3.0,2.0,3.0,3.0,0.75,20.0,1.0,18.0,10.0,15.0,18.0,13.67,3.0,2.0,2.0,3.0,4.0,2.0,3.0,3.0,4.0,1.0,1.0,5.0,5.0,3.0,2.0,2.5,1,1,1,22,6,6,0,6,4,0,5,4,5,"I tried to solve the task in a reasonable amount of time myself, then checked my answer with the ai afterwards to confirm. If I couldn't complete a task, or if it was taking too long, I would use the AI's answer without careful checking, for the sake of time.","It sometimes contradicted itself, where one answer understood the information incorrectly. On the first task, it thought one of the consultants could work more days than she actually could in one answer. This confirmed my distrust of AI generated information.",
6a44271bdfffd689f0762d81,alternatives,2026-08-18T14:54:57.847318+00:00,True,33,['Woman'],Finance Manager,Native English speaker,Higher tertiary education degree (Master's level),About once a day,D,1,78.0,D,0,81.0,D,0,87.0,D,0,87.0,D,1,86.0,C,1,69.0,D,0,77.0,C,0,27.0,B,1,81.0,A,1,79.0,D,1,83.0,D,0,82.0,6,76.42,5.83,3.0,3.0,4.0,2.0,4.0,5.0,4.0,5.0,3.0,4.0,2.0,60.0,5.0,6.0,4.0,4.0,5.0,6.0,5.0,5.0,1.0,17.0,1.0,7.0,18.0,15.0,12.0,11.67,4.0,4.0,2.0,2.0,3.0,4.0,3.83,2.0,4.0,1.0,2.0,3.0,4.0,4.0,4.0,2.75,1,1,1,19,12,10,12,10,8,8,4,5,5,"Asking AI to double check it's workings, and questioning specific outputs it gave.","Where they contradicted, I used them against one another to check answers.",
69f4a61347ac4d6e32a619d1,alternatives,2026-08-18T15:06:17.027450+00:00,True,30,['Man'],Manager,Native English speaker,Lower tertiary education degree (Bachelor's level),Several times a day,D,1,61.0,B,1,11.0,D,0,70.0,B,0,88.0,D,1,100.0,B,0,100.0,B,1,79.0,D,0,63.0,B,1,72.0,D,0,29.0,D,1,86.0,D,0,20.0,6,64.92,6.5,4.0,2.0,3.0,1.0,4.0,3.0,5.0,5.0,2.0,4.0,3.0,72.5,5.0,3.0,6.0,4.0,7.0,5.0,3.0,4.0,0.62,15.0,1.0,3.0,5.0,3.0,1.0,4.67,3.0,2.0,4.0,5.0,3.0,3.0,2.33,4.0,3.0,2.0,2.0,4.0,5.0,2.0,3.0,2.62,1,1,1,36,10,3,0,6,3,0,2,4,3,I pasted the scenarios and questions into AI and then also went through things myself ,I asked clarifying questions to get the ai to double check particularly where one reply said something different to the other,
6a0480ac461e8896e84534e2,alternatives,2026-08-18T16:58:30.424828+00:00,True,45,['Man'],IT SUPPORT,Native English speaker,Vocational college degree,Several times a day,D,1,25.0,C,0,49.0,D,0,31.0,C,0,66.0,D,1,58.0,D,0,69.0,D,0,84.0,D,0,54.0,B,1,82.0,D,0,86.0,A,0,51.0,A,0,84.0,3,61.58,-8.78,3.0,3.0,3.0,2.0,3.0,5.0,4.0,5.0,1.0,1.0,1.0,55.0,6.0,6.0,6.0,6.0,6.0,6.0,6.0,6.0,2.0,8.0,1.0,1.0,7.0,11.0,17.0,7.5,3.0,3.0,1.0,1.0,5.0,5.0,4.33,1.0,1.0,1.0,1.0,5.0,4.0,2.0,2.0,1.88,1,1,1,36,10,2,10,8,2,6,2,4,1,copying and pasting the text asking the ai to evaludate their condifence in their answers,i asked for them to check their answers,it was discouraging the way the AI's kept giving different answers.
