participantId,condition,savedAt,completed,age,gender,profession,fluency,education,ai_use,ypc_02_answer,ypc_02_correct,ypc_02_confidence,ypc_03_answer,ypc_03_correct,ypc_03_confidence,ypc_05_answer,ypc_05_correct,ypc_05_confidence,ypc_06_answer,ypc_06_correct,ypc_06_confidence,car_racing_01_answer,car_racing_01_correct,car_racing_01_confidence,car_racing_02_answer,car_racing_02_correct,car_racing_02_confidence,car_racing_03_answer,car_racing_03_correct,car_racing_03_confidence,car_racing_05_answer,car_racing_05_correct,car_racing_05_confidence,graduation_party_01_answer,graduation_party_01_correct,graduation_party_01_confidence,graduation_party_05_answer,graduation_party_05_correct,graduation_party_05_confidence,graduation_party_06_answer,graduation_party_06_correct,graduation_party_06_confidence,graduation_party_07_answer,graduation_party_07_correct,graduation_party_07_confidence,n_correct,mean_confidence,metacog_sensitivity,sus_1,sus_2,sus_3,sus_4,sus_5,sus_6,sus_7,sus_8,sus_9,sus_10,sus_11,sus_aggregate,ueq_1,ueq_2,ueq_3,ueq_4,ueq_5,ueq_6,ueq_7,ueq_8,ueq_aggregate,tlx_1,tlx_2,tlx_3,tlx_4,tlx_5,tlx_6,tlx_aggregate,nfc_1,nfc_2,nfc_3,nfc_4,nfc_5,nfc_6,nfc_aggregate,trust_1,trust_2,trust_3,trust_4,trust_5,trust_6,trust_7,trust_8,trust_aggregate,attn_instruction,attn_post,attn_sus,msgs_to_ai,pre_with_ai,pre_without_ai,pre_ai_alone,post_with_ai,post_without_ai,post_ai_alone,I usually double-checked AI-generated answers before relying on them.,The post task reflection shown in this study changed how I understand the task.,"Which strategies did you use to solve the tasks, check your answers, or improve your performance, if any?","How, if at all, did the post task reflection changed the way you understand the task?","If you have any further comments about your interaction with the AI, please share them here."
69ff99e1cd9b013439f9530d,reflection-task,2026-08-14T10:19:40.442599+00:00,True,31,['Man'],HR Manager,Native English speaker,Lower tertiary education degree (Bachelor's level),Several times a day,D,1,69.0,D,0,67.0,D,0,70.0,A,1,98.0,D,1,95.0,B,0,94.0,D,0,98.0,C,0,94.0,B,1,95.0,A,1,84.0,D,1,97.0,D,0,99.0,6,88.33,2.67,4.0,1.0,5.0,1.0,4.0,3.0,5.0,5.0,3.0,4.0,1.0,82.5,6.0,6.0,5.0,5.0,4.0,4.0,6.0,5.0,1.12,12.0,3.0,7.0,20.0,15.0,4.0,10.17,5.0,4.0,1.0,2.0,4.0,5.0,4.5,3.0,3.0,2.0,3.0,4.0,4.0,4.0,4.0,3.12,1,1,1,45,11,10,10,10,9,7,5,3,"I had the AI double check its findings and if it changed it's mind I would have it check again. If it couldn't give a clear answer I had it restart from the beginning, going over everything it had done. I asked for proof of its reasoning and to make sure there weren't any mistakes, errors or misunderstandings.",It had me thinking about what my thoughts were on the AI chat.,Nothing else to add.
5dcfaad2dd9a740c2493fc28,reflection-task,2026-08-14T10:32:34.189286+00:00,True,36,['Man'],Editor,Native English speaker,Lower tertiary education degree (Bachelor's level),A few times a week,D,1,11.0,A,0,15.0,A,1,27.0,C,0,68.0,D,1,63.0,B,0,93.0,D,0,63.0,A,1,61.0,B,1,82.0,A,1,14.0,D,1,75.0,D,0,70.0,7,53.5,-14.23,2.0,2.0,4.0,1.0,5.0,5.0,5.0,5.0,1.0,3.0,1.0,72.5,6.0,4.0,4.0,3.0,4.0,5.0,4.0,4.0,0.25,20.0,2.0,18.0,4.0,19.0,19.0,13.67,2.0,2.0,2.0,4.0,3.0,2.0,2.5,3.0,1.0,1.0,1.0,4.0,4.0,4.0,4.0,2.5,0,1,1,31,8,2,8,6,0,4,5,5,I used my own reasoning and logic and tried to match that up with the AI's answer and also asked it plenty of times to double and triple check the answers that it have gave me to ensure it came to the correct conclusions.,It made me have less confidence in myself because I struggled and also the AI because it gave me conflicting answers ,N/A
5c6e60b04e08ad00018cc995,reflection-task,2026-08-14T10:50:37.268688+00:00,True,60,['Woman'],lawyer,Native English speaker,Higher tertiary education degree (Master's level),A few times a week,D,1,98.0,A,0,48.0,A,1,42.0,B,0,60.0,D,1,98.0,D,0,96.0,B,1,65.0,C,0,76.0,B,1,96.0,D,0,97.0,B,0,30.0,A,0,98.0,5,75.33,7.66,4.0,2.0,4.0,2.0,4.0,2.0,4.0,5.0,2.0,5.0,3.0,75.0,6.0,6.0,6.0,6.0,6.0,6.0,6.0,6.0,2.0,20.0,7.0,20.0,4.0,16.0,20.0,14.5,4.0,4.0,2.0,2.0,4.0,4.0,4.0,4.0,4.0,4.0,4.0,4.0,3.0,4.0,5.0,4.0,1,1,1,50,8,5,12,7,4,12,4,3,I tried to consider the question myself but felt very rushed and didn't really have time. I used the AI to confirm or even provide answers,I only discovered these part way through. They were helpful as I could recall the questions in the earlier questions,I would have liked more time to understand the AI butit was all vey rushed
6a43ebbf2ae2c486a86a665b,reflection-task,2026-08-14T11:07:29.458533+00:00,True,45,['Man'],Operations manager,Native English speaker,Lower tertiary education degree (Bachelor's level),Several times a day,D,1,92.0,D,0,95.0,A,1,97.0,D,0,99.0,D,1,97.0,C,1,100.0,B,1,97.0,C,0,98.0,B,1,97.0,D,0,98.0,D,1,98.0,B,1,94.0,8,96.83,-1.0,5.0,5.0,5.0,5.0,5.0,5.0,5.0,5.0,5.0,5.0,4.0,52.5,2.0,3.0,7.0,7.0,7.0,7.0,6.0,5.0,1.5,19.0,19.0,19.0,19.0,18.0,19.0,18.83,5.0,5.0,5.0,5.0,3.0,5.0,3.33,5.0,5.0,5.0,5.0,5.0,5.0,5.0,5.0,4.5,1,1,1,14,10,10,9,10,10,8,5,5,The AI and my reasoning,Yes It did,None
6a256986c630c70c37dade5d,reflection-task,2026-08-14T11:18:12.105861+00:00,True,31,['Man'],information technology expert,Native English speaker,Lower tertiary education degree (Bachelor's level),Several times a day,D,1,78.0,D,0,58.0,D,0,79.0,D,0,79.0,D,1,71.0,B,0,79.0,B,1,88.0,D,0,87.0,B,1,72.0,A,1,87.0,D,1,78.0,D,0,78.0,6,77.83,2.33,4.0,2.0,5.0,4.0,4.0,3.0,3.0,5.0,4.0,3.0,3.0,57.5,6.0,6.0,4.0,5.0,5.0,7.0,6.0,5.0,1.5,12.0,16.0,5.0,12.0,10.0,5.0,10.0,4.0,4.0,2.0,3.0,4.0,4.0,3.83,4.0,4.0,4.0,3.0,4.0,3.0,5.0,4.0,3.88,1,1,1,43,9,7,11,10,3,7,1,4,asking the ai constantly,,
676053613a0bc18718ea31c1,reflection-task,2026-08-14T11:19:57.116008+00:00,True,23,['Woman'],housewife,Native English speaker,Upper secondary school / High school,Less than once a month,D,1,99.0,C,0,100.0,D,0,100.0,A,1,100.0,D,1,100.0,C,1,84.0,D,0,100.0,A,1,100.0,B,1,100.0,D,0,100.0,B,0,100.0,B,1,100.0,7,98.58,-2.43,1.0,1.0,5.0,1.0,5.0,1.0,5.0,5.0,1.0,5.0,1.0,90.0,7.0,7.0,7.0,7.0,1.0,1.0,1.0,1.0,0.0,20.0,1.0,4.0,18.0,20.0,16.0,13.17,1.0,1.0,1.0,5.0,1.0,1.0,1.67,5.0,3.0,5.0,5.0,5.0,3.0,5.0,3.0,4.25,1,1,1,25,12,6,12,12,1,12,1,5,none,it didnt ,
5adc587be0feeb0001ca9d0a,reflection-task,2026-08-14T11:38:45.649980+00:00,True,40,['Woman'],researcher and learning facilitator,Native English speaker,Higher tertiary education degree (Master's level),Several times a day,D,1,70.0,A,0,63.0,D,0,68.0,C,0,50.0,B,0,76.0,B,0,77.0,B,1,82.0,A,1,70.0,B,1,80.0,A,1,76.0,D,1,79.0,B,1,64.0,7,71.25,7.63,5.0,1.0,5.0,1.0,5.0,1.0,5.0,5.0,1.0,4.0,1.0,97.5,6.0,6.0,5.0,5.0,5.0,6.0,6.0,6.0,1.62,15.0,5.0,19.0,14.0,14.0,16.0,13.83,3.0,4.0,2.0,2.0,4.0,4.0,3.83,4.0,3.0,3.0,2.0,3.0,2.0,4.0,4.0,3.38,1,1,1,37,6,3,6,8,8,8,4,3,I asked the model for bullet points to extract the key points from the scenario. I also asked for it to justify any answers it gave so that I could fact check myself. I would have liked more time though ,It made me ensure that I truly understood the reasoning for my answers so that I could justify them. ,
663ba23f097e7f91190f09f4,reflection-task,2026-08-14T11:44:24.810598+00:00,True,28,['Man'],Customer Support ,Native English speaker,Upper secondary school / High school,About once a day,D,1,95.0,C,0,94.0,A,1,96.0,C,0,87.0,D,1,98.0,B,0,88.0,B,1,96.0,D,0,94.0,B,1,92.0,C,0,91.0,A,0,82.0,D,0,73.0,5,90.5,8.4,4.0,1.0,5.0,4.0,5.0,1.0,5.0,5.0,4.0,5.0,4.0,75.0,7.0,5.0,6.0,6.0,2.0,2.0,3.0,2.0,0.12,14.0,4.0,13.0,5.0,15.0,15.0,11.0,1.0,2.0,5.0,5.0,4.0,4.0,2.17,5.0,4.0,5.0,4.0,4.0,3.0,3.0,3.0,3.88,1,1,1,17,10,8,10,12,4,12,1,1,none I just trusted AI,Not at all,n/a
6a20a9015099db8796ac2b42,reflection-task,2026-08-14T11:46:51.490235+00:00,True,23,['Man'],financial analyst,Native English speaker,Higher tertiary education degree (Master's level),Several times a day,B,0,86.0,A,0,85.0,D,0,82.0,A,1,81.0,D,1,81.0,B,0,82.0,B,1,83.0,A,1,88.0,B,1,95.0,A,1,74.0,A,0,80.0,B,1,87.0,7,83.67,1.14,5.0,5.0,4.0,4.0,5.0,1.0,4.0,4.0,4.0,5.0,5.0,60.0,6.0,7.0,6.0,6.0,7.0,7.0,7.0,7.0,2.62,4.0,16.0,3.0,17.0,3.0,4.0,7.83,4.0,4.0,4.0,5.0,5.0,3.0,3.17,4.0,5.0,4.0,4.0,4.0,5.0,4.0,4.0,3.75,0,1,0,17,11,8,11,11,8,11,4,5,i listed the constraints compared each option and checked the schedule for consistency before choosing,it helped me notiicng the timing constraints and verify that myt reasoning was consistient across the task ,the ai was useful for summarizing the scenarios and checking calculation
576fc3462984e70001a97fc3,reflection-task,2026-08-14T11:58:58.596412+00:00,True,35,['Man'],Drama Teacher,Native English speaker,Lower tertiary education degree (Bachelor's level),Several times a day,D,1,83.0,A,0,88.0,D,0,93.0,A,1,68.0,D,1,100.0,C,1,88.0,B,1,88.0,D,0,79.0,B,1,87.0,A,1,88.0,D,1,77.0,D,0,98.0,8,86.42,-4.62,4.0,2.0,4.0,2.0,3.0,2.0,4.0,5.0,2.0,4.0,2.0,72.5,5.0,5.0,6.0,6.0,4.0,4.0,4.0,4.0,0.75,18.0,5.0,12.0,16.0,17.0,13.0,13.5,4.0,3.0,2.0,2.0,4.0,4.0,3.83,4.0,3.0,4.0,4.0,4.0,3.0,5.0,4.0,3.88,1,1,1,27,10,5,8,11,4,10,4,3,I tried to put my thoughts to the AI when I wasn't sure if I agreed or if I disagreed. This meant there was some working together to be confident with the answer.,I tried to take in more of the wording so that I could make my justification for the answer clearer.,
6a1b645c7ff6912c3579eeae,reflection-task,2026-08-14T12:01:36.984406+00:00,True,24,['Woman'],Banking,Native English speaker,Upper secondary school / High school,About once a day,D,1,63.0,D,0,17.0,A,1,71.0,A,1,17.0,D,1,59.0,B,0,18.0,B,1,20.0,D,0,96.0,C,0,39.0,D,0,100.0,D,1,43.0,D,0,100.0,6,53.58,-16.17,4.0,2.0,3.0,2.0,3.0,1.0,5.0,5.0,3.0,3.0,2.0,70.0,7.0,6.0,6.0,5.0,3.0,4.0,4.0,4.0,0.88,20.0,6.0,4.0,18.0,17.0,9.0,12.33,1.0,1.0,2.0,5.0,4.0,1.0,2.0,5.0,3.0,4.0,4.0,4.0,2.0,3.0,4.0,3.88,1,1,1,22,6,4,12,6,3,12,2,3,I checked with the AI system to see what they thought about things before I made up my mind. ,It made it clearly for me to understand how I understood the questions.,
6a33b6f5e3d9dff938626d9d,reflection-task,2026-08-14T12:13:11.673455+00:00,True,46,['Man'],admin,Fully fluent,Higher tertiary education degree (Master's level),About once a day,D,1,79.0,A,0,10.0,A,1,7.0,B,0,9.0,D,1,83.0,B,0,94.0,D,0,6.0,A,1,22.0,B,1,70.0,D,0,1.0,B,0,25.0,D,0,49.0,5,37.92,24.49,3.0,1.0,2.0,1.0,2.0,5.0,3.0,5.0,4.0,4.0,1.0,55.0,2.0,4.0,1.0,1.0,4.0,4.0,2.0,1.0,-1.62,19.0,8.0,10.0,2.0,10.0,15.0,10.67,2.0,1.0,3.0,3.0,4.0,3.0,2.67,1.0,4.0,1.0,1.0,4.0,4.0,3.0,1.0,2.12,1,1,1,42,8,4,11,7,0,6,2,1,"ask AI, challenge it",none,none
69fe1381557ad4d727e8c2fa,reflection-task,2026-08-14T12:19:09.804243+00:00,True,38,['Woman'],Product Manager,Fully fluent,Higher tertiary education degree (Master's level),Several times a day,B,0,72.0,B,1,80.0,D,0,51.0,D,0,48.0,D,1,99.0,D,0,98.0,D,0,86.0,D,0,97.0,A,0,100.0,D,0,62.0,B,0,71.0,D,0,66.0,2,77.5,14.4,4.0,2.0,5.0,3.0,4.0,4.0,4.0,5.0,2.0,4.0,3.0,67.5,7.0,6.0,6.0,6.0,4.0,7.0,6.0,5.0,1.88,20.0,15.0,17.0,20.0,20.0,6.0,16.33,4.0,4.0,1.0,2.0,4.0,4.0,4.17,4.0,4.0,4.0,4.0,4.0,1.0,3.0,4.0,4.0,1,1,1,13,10,2,10,12,5,12,4,4,,,
5efb4cfd797e7108c3823ae5,reflection-task,2026-08-14T12:24:04.784932+00:00,True,31,['Woman'],Innovation Space Manager,Fully fluent,Higher tertiary education degree (Master's level),Several times a day,D,1,79.0,D,0,84.0,A,1,57.0,D,0,42.0,D,1,88.0,B,0,78.0,B,1,86.0,A,1,65.0,D,0,84.0,A,1,81.0,D,1,79.0,D,0,32.0,7,71.25,12.43,4.0,2.0,4.0,2.0,4.0,2.0,4.0,5.0,1.0,4.0,2.0,77.5,6.0,6.0,6.0,7.0,4.0,5.0,4.0,4.0,1.25,18.0,6.0,16.0,11.0,16.0,13.0,13.33,4.0,4.0,1.0,2.0,4.0,4.0,4.17,4.0,4.0,3.0,4.0,5.0,3.0,4.0,4.0,3.88,1,1,1,17,11,10,11,11,8,11,4,2,"I tried to use AI as a tool rather than complete blind trust, but not always easy",It made me aware of the need to do a lot of the leg work myself,
60e39059c89cadf89f4e29eb,reflection-task,2026-08-14T12:35:19.046123+00:00,True,28,['Woman'],Administrator,Native English speaker,Higher tertiary education degree (Master's level),Several times a day,C,0,96.0,C,0,19.0,A,1,92.0,D,0,93.0,A,0,97.0,C,1,87.0,B,1,99.0,A,1,98.0,B,1,72.0,A,1,76.0,D,1,85.0,D,0,82.0,7,83.0,9.6,4.0,1.0,5.0,1.0,4.0,1.0,5.0,5.0,2.0,5.0,1.0,92.5,7.0,7.0,2.0,2.0,4.0,3.0,1.0,1.0,-0.62,12.0,7.0,6.0,19.0,3.0,5.0,8.67,2.0,1.0,4.0,4.0,1.0,1.0,1.5,4.0,5.0,5.0,5.0,5.0,1.0,5.0,5.0,4.88,1,1,1,27,12,10,12,12,3,12,1,4,I just relied on the ai chatbot,I felt like I shouldn't use the ai because it meant that my reflections would be poor as I was relying on the technology to do the task,no further comments
65651805d1afb42ba1a55476,reflection-task,2026-08-14T12:46:28.151949+00:00,True,54,['Man'],Distribution ,Fully fluent,Lower tertiary education degree (Bachelor's level),Several times a day,D,1,73.0,B,1,69.0,D,0,77.0,D,0,64.0,D,1,73.0,C,1,71.0,B,1,74.0,D,0,79.0,B,1,75.0,A,1,71.0,B,0,74.0,B,1,79.0,8,73.25,-0.38,4.0,2.0,4.0,4.0,4.0,4.0,4.0,5.0,2.0,4.0,3.0,62.5,6.0,6.0,5.0,5.0,4.0,5.0,4.0,4.0,0.88,20.0,20.0,20.0,6.0,20.0,20.0,17.67,3.0,4.0,4.0,3.0,4.0,3.0,3.17,4.0,3.0,3.0,3.0,4.0,4.0,4.0,4.0,3.38,1,1,1,14,10,6,8,10,6,10,5,3,Just do it as fast as I could coz the time allowed is too tight.,It helps reviewing the answers,
6a15a776d6937e1be30e13ab,reflection-task,2026-08-14T12:47:44.514770+00:00,True,32,['Man'],Education Officer,Native English speaker,Higher tertiary education degree (Master's level),About once a day,D,1,76.0,D,0,18.0,A,1,71.0,B,0,83.0,A,0,67.0,B,0,93.0,B,1,97.0,A,1,29.0,B,1,91.0,D,0,26.0,D,1,46.0,D,0,85.0,6,65.17,6.33,3.0,2.0,3.0,2.0,3.0,4.0,4.0,5.0,3.0,4.0,2.0,60.0,5.0,5.0,4.0,5.0,3.0,3.0,4.0,4.0,0.12,18.0,5.0,18.0,6.0,8.0,17.0,12.0,1.0,4.0,1.0,1.0,5.0,5.0,4.17,3.0,3.0,2.0,2.0,4.0,4.0,4.0,4.0,3.0,1,1,1,39,10,6,10,9,2,6,2,3,"I developed a methodology: I asked the AI the question and provided the additional information, and then I asked it twice to double check its answers. When it gave conflicting answers, I kept asking until it reached a consensus.",It made me realise that there was more than one way to complete the task: I was worried that my reliance on AI would mean my submission would be rejected for being invalid.,
6a0a3aad897b5c34a76e4f98,reflection-task,2026-08-14T13:09:37.916820+00:00,True,23,['Woman'],Unemployed right now. Student.,Native English speaker,Upper secondary school / High school,A few times a week,D,1,91.0,D,0,100.0,A,1,75.0,D,0,49.0,D,1,99.0,B,0,99.0,D,0,100.0,D,0,89.0,B,1,85.0,A,1,81.0,D,1,32.0,D,0,86.0,6,82.17,-10.0,5.0,1.0,5.0,1.0,4.0,1.0,5.0,5.0,1.0,5.0,1.0,97.5,7.0,7.0,7.0,7.0,4.0,5.0,5.0,5.0,1.88,20.0,6.0,10.0,10.0,10.0,20.0,12.67,1.0,2.0,3.0,3.0,3.0,2.0,2.33,5.0,3.0,4.0,4.0,5.0,2.0,5.0,5.0,4.38,1,1,1,33,12,6,12,12,4,12,5,3,"I read the tasks a couple times to understand them better. I tried working them out in my head before asking the AI to see if I was right or wrong. I asked the AI if it was sure, just in case. Then I read its explanation to see if it made sense to me",Not much.,
6a08f7fa9599d060886bef37,reflection-task,2026-08-14T13:14:32.660385+00:00,True,27,['Woman'],Technology,Fully fluent,Higher tertiary education degree (Master's level),A few times a week,D,1,96.0,B,1,96.0,A,1,97.0,A,1,95.0,D,1,96.0,B,0,93.0,D,0,91.0,A,1,95.0,B,1,96.0,B,0,96.0,D,1,97.0,B,1,93.0,9,95.08,2.33,5.0,3.0,4.0,3.0,4.0,3.0,4.0,5.0,5.0,5.0,4.0,60.0,7.0,4.0,7.0,5.0,5.0,5.0,5.0,3.0,1.12,17.0,17.0,8.0,18.0,19.0,8.0,14.5,3.0,4.0,2.0,2.0,4.0,5.0,4.0,4.0,2.0,4.0,4.0,4.0,2.0,4.0,4.0,3.75,1,1,1,18,9,8,7,8,7,6,5,4,"I broke scenarios into explicit constraints, checked each statement individually, used the AI to verify reasoning or evaluate",Writing justifications exposed hidden assumptions,
6a20c2beaba792630fa44aea,reflection-task,2026-08-14T13:25:59.691121+00:00,True,31,['Woman'],Manager / Customer Service,Native English speaker,Lower tertiary education degree (Bachelor's level),Less than once a month,D,1,31.0,B,1,66.0,A,1,78.0,D,0,28.0,D,1,86.0,B,0,91.0,D,0,84.0,C,0,83.0,B,1,86.0,D,0,80.0,B,0,56.0,B,1,75.0,6,70.33,0.0,1.0,2.0,4.0,2.0,3.0,3.0,4.0,5.0,3.0,2.0,2.0,55.0,5.0,3.0,6.0,5.0,3.0,4.0,2.0,2.0,-0.25,20.0,1.0,13.0,17.0,20.0,16.0,14.5,4.0,4.0,2.0,2.0,4.0,3.0,3.83,4.0,4.0,2.0,2.0,4.0,5.0,2.0,1.0,2.5,1,1,1,32,10,9,6,8,7,6,5,4,"I tried to use my own logic to solve the questions before asking AI for any help. I felt like I got better with certain scenarios as I went, but found some to be more difficult than others, especially the scheduling one with the work week. ","A little, I was not sure during the task if the AI agent was actually being helpful, or giving me some false information. I think it was possible the task was to see how much we trust or rely on Ai withouth cross checking information. ",Overall it went well - I did mention to the AI agent there was 1 scenario that did not match with the questions asked. I wasn't sure if this was on purpose or a mistake.
697b9cf8538b1071d7c63b06,reflection-task,2026-08-14T13:49:13.961594+00:00,True,31,['Woman'],artist,Native English speaker,Lower tertiary education degree (Bachelor's level),Several times a day,D,1,98.0,C,0,100.0,D,0,100.0,D,0,98.0,D,1,100.0,B,0,99.0,D,0,98.0,B,0,98.0,B,1,99.0,D,0,99.0,D,1,99.0,D,0,98.0,4,98.83,0.25,1.0,1.0,5.0,1.0,5.0,5.0,5.0,5.0,5.0,1.0,1.0,60.0,1.0,6.0,1.0,3.0,5.0,5.0,4.0,1.0,-0.75,20.0,20.0,17.0,14.0,20.0,10.0,16.83,1.0,5.0,1.0,1.0,5.0,5.0,4.33,1.0,1.0,1.0,1.0,1.0,4.0,1.0,1.0,1.12,1,1,1,57,12,6,12,10,10,12,5,3,i did not take's ai answer and tried writing prompts to proove it was wrong,it just was annoying to write and answer it ,it just was too slow at times
5fbfffc4e214a60ab1b745fd,reflection-task,2026-08-16T16:22:06.601578+00:00,True,29,['Woman'],Science technician,Native English speaker,Lower tertiary education degree (Bachelor's level),About once a week,D,1,82.0,D,0,48.0,A,1,50.0,D,0,67.0,D,1,90.0,C,1,25.0,B,1,31.0,C,0,25.0,C,0,49.0,D,0,87.0,B,0,65.0,D,0,26.0,5,53.75,3.17,3.0,1.0,5.0,1.0,4.0,1.0,4.0,5.0,2.0,4.0,2.0,82.5,7.0,7.0,7.0,7.0,4.0,4.0,1.0,1.0,0.75,20.0,1.0,10.0,4.0,20.0,1.0,9.33,3.0,4.0,2.0,2.0,4.0,3.0,3.67,3.0,3.0,2.0,2.0,4.0,4.0,3.0,4.0,2.88,1,1,1,26,8,0,5,6,0,6,3,3,"Tried by best at some of the scenarios, some just had too much information on to be able to work them out, asked AI each time to cheeck or get the answer",No,N/a
5b35824a975e260001e9b7a6,reflection-task,2026-08-16T16:49:59.500307+00:00,True,42,['Man'],Operations Manager - Banking,Native English speaker,Lower tertiary education degree (Bachelor's level),Several times a day,D,1,77.0,A,0,76.0,A,1,91.0,B,0,90.0,C,0,81.0,B,0,85.0,D,0,95.0,A,1,85.0,B,1,92.0,A,1,84.0,B,0,73.0,D,0,87.0,5,84.67,1.94,4.0,4.0,2.0,2.0,2.0,3.0,4.0,5.0,4.0,3.0,1.0,52.5,6.0,2.0,4.0,5.0,3.0,5.0,3.0,3.0,-0.12,18.0,17.0,10.0,13.0,17.0,15.0,15.0,5.0,5.0,1.0,1.0,4.0,5.0,4.83,4.0,2.0,3.0,4.0,4.0,2.0,5.0,5.0,3.88,1,1,1,24,8,5,5,10,2,10,4,2,Use lots of critical thinking and limit assumptions. Re-read material and re-read AI answers. Prompt the AI agent more for clarification or point out errors and inconsistencies.,"It didn't really at all, the AI agent and myself seemed to merge like we were on the same team or co-workers, it's difficult to fully explain, it was more of an experience, something native, like an inferior iphone or likewise.",N/A
6601b76d13817c7dc3117d2a,reflection-task,2026-08-16T16:58:55.865415+00:00,True,44,['Woman'],Teacher,Native English speaker,Higher tertiary education degree (Master's level),Several times a day,A,0,72.0,B,1,92.0,D,0,76.0,C,0,90.0,D,1,98.0,B,0,98.0,B,1,89.0,C,0,79.0,B,1,91.0,D,0,76.0,D,1,93.0,B,1,42.0,6,83.0,2.33,4.0,2.0,4.0,2.0,4.0,3.0,5.0,5.0,2.0,4.0,1.0,77.5,7.0,4.0,6.0,5.0,4.0,5.0,6.0,5.0,1.25,20.0,4.0,7.0,12.0,15.0,14.0,12.0,2.0,2.0,4.0,3.0,3.0,2.0,2.33,4.0,4.0,3.0,4.0,4.0,3.0,3.0,4.0,3.62,1,1,1,40,9,4,10,8,3,9,4,4,"pen and paper , in the beginning I worked harder but slowed down as the problems conntinued to come in such great detail, my interest started to wane thank God for the assistant",Maybe it was ok to be frustrated after all I dont feel so bad now having filled in the post questionnaire,This was a tough study for me. Best of luck with it
6a00d5c573b4d9e1206e38c3,reflection-task,2026-08-16T17:02:55.413314+00:00,True,30,['Woman'],events coordinator,Fully fluent,Lower tertiary education degree (Bachelor's level),Several times a day,D,1,85.0,D,0,81.0,A,1,95.0,D,0,65.0,D,1,62.0,B,0,94.0,B,1,100.0,B,0,55.0,B,1,40.0,D,0,63.0,D,1,70.0,A,0,57.0,6,72.25,6.17,5.0,5.0,5.0,4.0,4.0,4.0,4.0,4.0,4.0,4.0,4.0,52.5,7.0,7.0,7.0,7.0,6.0,3.0,4.0,2.0,1.38,20.0,3.0,20.0,6.0,20.0,20.0,14.83,2.0,2.0,4.0,1.0,3.0,2.0,2.67,5.0,2.0,5.0,5.0,5.0,4.0,5.0,5.0,4.25,1,1,0,29,10,5,12,6,0,12,5,5,,,
6a17294fd5b8e7f50710573e,reflection-task,2026-08-16T17:04:17.543956+00:00,True,26,['Man'],Student,Fully fluent,Higher tertiary education degree (Master's level),About once a day,D,1,100.0,C,0,100.0,D,0,100.0,B,0,100.0,D,1,100.0,C,1,100.0,B,1,100.0,D,0,99.0,B,1,100.0,D,0,100.0,B,0,100.0,D,0,100.0,5,99.92,0.14,2.0,2.0,5.0,1.0,4.0,1.0,5.0,5.0,1.0,5.0,1.0,87.5,7.0,7.0,7.0,7.0,3.0,7.0,5.0,5.0,2.0,20.0,1.0,5.0,15.0,10.0,5.0,9.33,3.0,3.0,2.0,2.0,3.0,4.0,3.5,4.0,2.0,4.0,4.0,4.0,3.0,3.0,4.0,3.5,1,1,1,29,12,6,10,12,0,10,3,4,I mainly just used the AI answer after looking into it myself and checking for errors.,I understand that I really need to step up my own organization game.,
5a4996b835c9d50001fdcdbf,reflection-task,2026-08-16T17:25:48.491077+00:00,True,44,['Woman'],Admin Officer,Native English speaker,Upper secondary school / High school,A few times a week,D,1,73.0,C,0,77.0,A,1,78.0,D,0,82.0,D,1,76.0,B,0,75.0,B,1,78.0,D,0,73.0,B,1,78.0,A,1,79.0,B,0,86.0,B,1,66.0,7,76.75,-3.17,4.0,2.0,5.0,4.0,4.0,2.0,4.0,5.0,3.0,4.0,2.0,70.0,6.0,6.0,6.0,6.0,6.0,6.0,6.0,6.0,2.0,14.0,3.0,8.0,14.0,15.0,14.0,11.33,4.0,4.0,4.0,4.0,4.0,5.0,3.5,4.0,3.0,4.0,4.0,4.0,4.0,5.0,4.0,3.75,1,1,1,18,10,5,10,10,12,12,4,4,I WORKED OUT WHAT WAS POISSIBLE BASED ON WHAT I WAS GIVE,IT DIDINT,
680e37dc68c49de2410f133d,reflection-task,2026-08-16T17:35:14.119544+00:00,True,51,['Woman'],Assistant Manager,Native English speaker,Vocational college degree,Several times a day,A,0,88.0,A,0,99.0,D,0,100.0,B,0,98.0,A,0,100.0,B,0,99.0,B,1,97.0,C,0,96.0,B,1,100.0,A,1,99.0,D,1,88.0,B,1,99.0,5,96.92,-0.54,5.0,1.0,5.0,1.0,5.0,1.0,5.0,5.0,1.0,5.0,1.0,100.0,7.0,7.0,7.0,7.0,6.0,7.0,4.0,6.0,2.38,17.0,2.0,7.0,14.0,18.0,13.0,11.83,2.0,3.0,4.0,3.0,4.0,2.0,2.67,5.0,2.0,4.0,2.0,5.0,1.0,4.0,5.0,4.0,1,1,1,41,12,4,12,12,3,12,4,4,I tried to do all the calculations in my head.  I found the rota ones fairly easy as I do this in my every day job so know to split the week into separate compartments and work from there.  Maths is not my strong point and therefore I checked my answers with AI a lot as I would tend to miss the obvious even though twice I was correct.,As I went through the study I started to realise what I was going to be asked and it made me slow down and think about how I was coming to conclusions and how to put them into words.,"Interesting survey, thank you!"
6a06f60afee0417ae606bca1,reflection-task,2026-08-16T17:42:07.884965+00:00,True,25,['Man'],cleaner,Native English speaker,Upper secondary school / High school,Several times a day,C,0,58.0,B,1,62.0,B,0,34.0,B,0,78.0,D,1,24.0,B,0,60.0,A,0,27.0,A,1,25.0,C,0,23.0,B,0,88.0,C,0,36.0,B,1,31.0,4,45.5,-15.0,3.0,5.0,3.0,3.0,4.0,2.0,4.0,5.0,2.0,2.0,4.0,50.0,6.0,1.0,4.0,1.0,3.0,4.0,6.0,3.0,-0.5,18.0,5.0,5.0,8.0,14.0,12.0,10.33,2.0,3.0,5.0,3.0,2.0,2.0,2.17,5.0,3.0,4.0,5.0,4.0,3.0,5.0,4.0,4.12,1,1,1,23,8,5,12,7,1,12,2,2,i reworded the questions you gave me to AI to put it in my own words ,i still dont understand the task very well it would have been impossible with AI ,
69f51ac40b8325daeec5b518,reflection-task,2026-08-16T17:43:19.759204+00:00,True,25,['Woman'],administration,Fully fluent,Vocational college degree,Several times a day,A,0,100.0,C,0,99.0,A,1,100.0,D,0,100.0,D,1,100.0,B,0,100.0,A,0,100.0,D,0,100.0,B,1,100.0,A,1,100.0,D,1,100.0,D,0,100.0,5,99.92,0.14,5.0,1.0,5.0,2.0,3.0,1.0,5.0,5.0,3.0,5.0,1.0,87.5,5.0,7.0,7.0,7.0,2.0,6.0,5.0,6.0,1.62,15.0,12.0,2.0,20.0,14.0,1.0,10.67,3.0,4.0,2.0,3.0,4.0,2.0,3.33,4.0,5.0,4.0,4.0,3.0,1.0,5.0,5.0,4.38,1,0,1,17,12,4,12,12,4,9,4,5,i trusted the ai system to understand the task at hand and make sure it read every detail of it gave reasonable working out and a correct answer,i understood it more as some of the scenarios were very long and detailed and there was no way i could remember it all,no more comments 
6a06362b6da286172b5a7281,reflection-task,2026-08-16T17:43:45.873263+00:00,True,24,['Man'],Self Employed,Native English speaker,Lower tertiary education degree (Bachelor's level),A few times a week,D,1,33.0,A,0,47.0,D,0,63.0,D,0,32.0,D,1,97.0,C,1,88.0,B,1,88.0,C,0,52.0,B,1,82.0,A,1,84.0,D,1,62.0,B,1,71.0,8,66.58,27.12,4.0,2.0,4.0,1.0,4.0,4.0,5.0,5.0,2.0,2.0,1.0,72.5,5.0,5.0,6.0,4.0,3.0,4.0,2.0,3.0,0.0,15.0,7.0,12.0,10.0,11.0,18.0,12.17,4.0,5.0,2.0,3.0,5.0,5.0,4.33,3.0,4.0,2.0,2.0,4.0,3.0,4.0,4.0,3.25,1,1,1,26,8,6,4,7,5,8,4,2,I prompted the AI and pushed back on points I thought could be contentious although the task was very long and to give each question serious consideration could have easily taken 2+ hours ,The post task reflection was hard to focus on when the questions were no longer present and whilst constantly switching between question contexts ,It would be lovely to have the questions concerning the same topic consecutively so that we can scroll back and make use of the general context outlined by the AI concerning the topic when we first encounter the question
67882337daf76c4bcb799f5b,reflection-task,2026-08-16T17:49:22.120447+00:00,True,25,['Man'],STUDENT,Native English speaker,Lower tertiary education degree (Bachelor's level),Several times a day,D,1,100.0,C,0,96.0,A,1,98.0,B,0,99.0,A,0,98.0,C,1,99.0,B,1,99.0,A,1,98.0,B,1,99.0,A,1,99.0,B,0,98.0,D,0,97.0,7,98.33,1.26,4.0,1.0,4.0,1.0,4.0,1.0,4.0,3.0,4.0,4.0,4.0,72.5,6.0,3.0,5.0,6.0,2.0,3.0,4.0,5.0,0.25,18.0,9.0,4.0,13.0,13.0,14.0,11.83,1.0,1.0,5.0,5.0,1.0,1.0,1.0,5.0,5.0,4.0,4.0,5.0,2.0,5.0,5.0,4.62,1,1,0,42,12,8,12,12,6,12,4,4,none,not much,none
66623e57cbfc608af24ef67a,reflection-task,2026-08-16T17:52:52.972114+00:00,True,26,['Man'],Manager,Native English speaker,Lower tertiary education degree (Bachelor's level),About once a day,A,0,69.0,C,0,68.0,D,0,98.0,D,0,96.0,D,1,100.0,D,0,98.0,B,1,98.0,D,0,98.0,C,0,49.0,D,0,100.0,D,1,99.0,D,0,98.0,3,89.25,13.0,1.0,4.0,3.0,1.0,3.0,5.0,4.0,5.0,3.0,3.0,4.0,42.5,4.0,6.0,5.0,1.0,1.0,2.0,4.0,4.0,-0.62,20.0,1.0,7.0,16.0,16.0,10.0,11.67,4.0,4.0,1.0,1.0,5.0,5.0,4.67,5.0,2.0,4.0,4.0,4.0,3.0,3.0,4.0,3.62,1,1,1,17,12,12,12,11,12,12,3,1,,,
6a1497259d26df68f0217f45,reflection-task,2026-08-16T17:55:14.299901+00:00,True,48,['Woman'],Lecturer,Native English speaker,Doctoral degree,About once a week,D,1,89.0,A,0,90.0,A,1,94.0,D,0,87.0,D,1,94.0,B,0,88.0,D,0,99.0,A,1,94.0,C,0,99.0,D,0,92.0,D,1,90.0,B,1,94.0,6,92.5,0.0,4.0,2.0,4.0,2.0,4.0,2.0,5.0,5.0,2.0,3.0,3.0,72.5,6.0,6.0,7.0,5.0,3.0,4.0,5.0,5.0,1.12,16.0,4.0,14.0,15.0,16.0,12.0,12.83,4.0,4.0,2.0,2.0,4.0,4.0,4.0,4.0,4.0,4.0,3.0,4.0,4.0,4.0,5.0,3.75,1,1,1,25,12,10,12,11,10,11,5,3,"I started out doing it myself first but then switched to AI and checking it, as it had been pretty reliable ",Not especially,I tried to look out for AI errors and I likely failed to spot them!!
665c302327136dcdb0c4a2e0,reflection-task,2026-08-16T17:56:11.052942+00:00,True,29,['Woman'],Account manager,Native English speaker,Lower tertiary education degree (Bachelor's level),A few times a week,D,1,86.0,A,0,81.0,A,1,81.0,B,0,65.0,D,1,78.0,B,0,98.0,B,1,81.0,A,1,83.0,B,1,85.0,A,1,72.0,B,0,73.0,B,1,80.0,8,80.25,1.5,5.0,5.0,4.0,3.0,5.0,4.0,4.0,5.0,3.0,4.0,4.0,57.5,6.0,7.0,6.0,7.0,7.0,5.0,2.0,3.0,1.38,19.0,10.0,17.0,18.0,19.0,8.0,15.17,5.0,4.0,4.0,3.0,5.0,4.0,3.83,5.0,4.0,4.0,5.0,5.0,4.0,3.0,4.0,4.0,1,1,1,28,8,6,10,10,5,6,5,4,I relied on the AI to give me the answers mostly ,it did not change anything ,
651abcc13ecbad9f2062ac4f,reflection-task,2026-08-16T18:04:27.359560+00:00,True,59,['Man'],It/Infrastructure Manager,Native English speaker,Vocational college degree,Several times a day,D,1,80.0,A,0,79.0,A,1,52.0,D,0,79.0,D,1,74.0,C,1,48.0,B,1,32.0,D,0,25.0,B,1,72.0,D,0,69.0,D,1,73.0,D,0,69.0,7,62.67,-2.63,4.0,1.0,5.0,1.0,5.0,1.0,4.0,5.0,1.0,5.0,1.0,95.0,7.0,7.0,7.0,7.0,4.0,7.0,4.0,5.0,2.0,20.0,1.0,16.0,10.0,20.0,3.0,11.67,4.0,5.0,1.0,1.0,5.0,5.0,4.83,5.0,4.0,4.0,4.0,5.0,5.0,4.0,2.0,3.62,1,1,1,30,8,3,8,6,3,7,5,4,I read the answers then the scenario after then the scenario again sometimes too,I was unsure of some of my answers and relied upon the AI though repeatedly asked it to recheck its answers,
637e3bedd8c3601a81a65889,reflection-task,2026-08-16T18:07:29.417836+00:00,True,55,['Man'],contract manager,Native English speaker,Lower tertiary education degree (Bachelor's level),A few times a week,D,1,97.0,C,0,93.0,D,0,96.0,C,0,10.0,D,1,100.0,B,0,100.0,B,1,100.0,B,0,99.0,B,1,91.0,D,0,95.0,B,0,92.0,D,0,92.0,4,88.75,12.38,5.0,1.0,5.0,1.0,5.0,1.0,5.0,5.0,1.0,5.0,1.0,100.0,7.0,7.0,7.0,7.0,4.0,5.0,5.0,5.0,1.88,17.0,2.0,9.0,18.0,17.0,11.0,12.33,3.0,3.0,1.0,2.0,3.0,3.0,3.5,5.0,5.0,4.0,5.0,5.0,1.0,5.0,5.0,4.88,1,1,1,22,12,2,12,11,2,11,4,5,I primarily relied on the AI finding the answer and validating it.  For some I determined the answer and asked the AI to validate it.,It made me consider other ways of achieving the correct outcome and reminded me of the need to compile a fuller justification for my answers.,
6a0620a6000e5c5d2bed8b50,reflection-task,2026-08-16T18:09:06.232438+00:00,True,38,['Man'],project manager,Native English speaker,Lower tertiary education degree (Bachelor's level),A few times a month,D,1,33.0,C,0,91.0,D,0,63.0,C,0,59.0,D,1,97.0,B,0,91.0,D,0,97.0,C,0,75.0,B,1,69.0,D,0,44.0,D,1,63.0,D,0,86.0,4,72.33,-10.25,3.0,1.0,5.0,1.0,3.0,1.0,4.0,5.0,2.0,5.0,2.0,82.5,6.0,6.0,6.0,7.0,5.0,5.0,4.0,4.0,1.38,13.0,4.0,9.0,15.0,13.0,4.0,9.67,4.0,4.0,1.0,1.0,4.0,4.0,4.33,4.0,3.0,2.0,2.0,3.0,2.0,4.0,4.0,3.25,1,1,1,33,10,3,10,8,3,5,4,3,i worked these out for myself and asked ai the same when the answers didnt match i challenged ai as to why.,not too much ,"it was a good survey, thank you for letting me participate and have an awesome day."
6980965c3d62835f7947c33e,reflection-task,2026-08-16T18:15:38.124450+00:00,True,42,['Man'],Translator,Native English speaker,Lower tertiary education degree (Bachelor's level),Several times a day,D,1,4.0,A,0,19.0,D,0,10.0,B,0,59.0,D,1,4.0,D,0,4.0,B,1,9.0,D,0,51.0,B,1,13.0,D,0,57.0,D,1,20.0,B,1,30.0,6,23.33,-20.0,2.0,5.0,3.0,4.0,4.0,3.0,3.0,5.0,3.0,2.0,5.0,35.0,3.0,1.0,4.0,1.0,1.0,1.0,4.0,4.0,-1.62,20.0,4.0,20.0,1.0,16.0,20.0,13.5,2.0,3.0,2.0,3.0,3.0,3.0,3.0,2.0,4.0,2.0,2.0,4.0,5.0,5.0,3.0,2.88,0,1,1,69,7,2,5,5,0,5,1,3,I tried at first to question the AI to try and get a better answer but the time constraints were such that I was running out of time. 12 tasks is too many. Six might have been reasonable. After the first 5 or so answers I stopped cross referencing.,It didn't. I was just hurrying through that bit after the first 5 problems.,I don't have anything to say other than the task was too long. the AI was unreliable like many AI models are.
66358d404b95112d53513391,reflection-task,2026-08-16T18:20:34.627908+00:00,True,61,['Man'],Executive,Native English speaker,Higher tertiary education degree (Master's level),Several times a day,B,0,100.0,A,0,100.0,D,0,87.0,D,0,88.0,D,1,99.0,B,0,100.0,D,0,90.0,D,0,100.0,B,1,85.0,D,0,90.0,D,1,99.0,D,0,89.0,3,93.92,0.56,3.0,5.0,2.0,1.0,3.0,5.0,2.0,5.0,4.0,2.0,5.0,30.0,6.0,3.0,1.0,4.0,4.0,5.0,6.0,5.0,0.25,20.0,3.0,20.0,14.0,17.0,14.0,14.67,5.0,5.0,1.0,2.0,5.0,1.0,4.17,2.0,2.0,1.0,1.0,4.0,4.0,3.0,2.0,2.12,1,1,1,38,12,10,12,6,10,8,5,1,At first I tried solving the tasks by myself and quickly realised I wouldn't have enough time. Then I increasingly relied on AI but focused much more on checking and verification,It didnt - I am exhausted by this task. So many scenarios to run in insufficient time :-(,Please put a timer on the page for reference
59ff8226ab721b0001ef6e61,reflection-task,2026-08-16T18:36:41.394464+00:00,True,47,['Man'],Driver,Native English speaker,Upper secondary school / High school,Less than once a month,A,0,29.0,A,0,73.0,D,0,98.0,D,0,65.0,D,1,100.0,C,1,99.0,B,1,100.0,D,0,79.0,B,1,75.0,D,0,7.0,D,1,14.0,A,0,64.0,5,66.92,18.31,1.0,2.0,5.0,1.0,2.0,1.0,4.0,5.0,2.0,4.0,1.0,72.5,6.0,7.0,6.0,5.0,2.0,2.0,1.0,1.0,-0.25,20.0,1.0,1.0,7.0,14.0,14.0,9.5,2.0,4.0,5.0,3.0,4.0,4.0,3.0,2.0,4.0,1.0,1.0,2.0,5.0,3.0,1.0,1.88,1,1,1,37,7,10,6,4,4,4,4,2,I thought about most tasks first before asking AI.  Later I asked AI simultaneously as time was marching on.,Without seeing the AI response it was not always easy to remember the full justification.,
63fbf0e3b18cc14adc0dbfb6,reflection-task,2026-08-16T18:37:34.948123+00:00,True,56,['Man'],Physiotherapist,Native English speaker,Lower tertiary education degree (Bachelor's level),A few times a week,D,1,83.0,B,1,93.0,A,1,75.0,B,0,97.0,A,0,58.0,B,0,97.0,D,0,91.0,D,0,83.0,B,1,90.0,D,0,86.0,B,0,93.0,D,0,91.0,4,86.42,-1.75,4.0,2.0,4.0,1.0,5.0,2.0,5.0,5.0,2.0,5.0,2.0,85.0,5.0,6.0,5.0,5.0,4.0,5.0,5.0,5.0,1.0,17.0,4.0,19.0,17.0,16.0,6.0,13.17,4.0,4.0,2.0,2.0,5.0,4.0,4.17,5.0,2.0,4.0,4.0,5.0,2.0,4.0,5.0,4.12,1,1,1,15,10,8,11,10,10,11,4,2,I cross referenced the AI working out to see if we utilised similar pathways,It made understanding the task important to explain how it was worked out.,
6a74c432d1f8e14197cba20c,reflection-task,2026-08-16T18:38:36.243525+00:00,True,35,['Man'],Finance Officer,Fully fluent,Doctoral degree,Several times a day,D,1,98.0,B,1,99.0,A,1,99.0,A,1,100.0,D,1,100.0,C,1,99.0,B,1,99.0,B,0,100.0,C,0,99.0,A,1,98.0,D,1,100.0,B,1,99.0,10,99.17,-0.4,4.0,2.0,5.0,1.0,4.0,1.0,5.0,5.0,1.0,5.0,1.0,92.5,7.0,7.0,7.0,7.0,4.0,5.0,3.0,4.0,1.5,18.0,13.0,7.0,19.0,19.0,1.0,12.83,4.0,5.0,1.0,1.0,5.0,4.0,4.67,5.0,4.0,5.0,5.0,5.0,3.0,5.0,5.0,4.62,1,1,1,21,10,5,9,12,6,12,4,4,I have cross-checked the answers; they are incorrect because they eliminate the possibility of being answered incorrectly. The elimination process works quite a lot for me.,"Very much, as those tasks are very hard, and without AI's direction, it takes a lot of time to cross-check scenarios with different probabilities. ",
6a5f42d69b1ede78e6865ae2,reflection-task,2026-08-16T18:49:03.268680+00:00,True,21,['Woman'],Student,Fully fluent,Upper secondary school / High school,A few times a week,D,1,40.0,D,0,32.0,A,1,77.0,C,0,55.0,D,1,73.0,B,0,100.0,B,1,57.0,B,0,0.0,B,1,42.0,D,0,89.0,D,1,40.0,B,1,32.0,7,53.08,-3.63,2.0,1.0,5.0,1.0,3.0,3.0,5.0,5.0,1.0,4.0,1.0,80.0,5.0,7.0,5.0,7.0,2.0,2.0,1.0,1.0,-0.25,20.0,1.0,1.0,6.0,11.0,20.0,9.83,4.0,2.0,2.0,2.0,3.0,3.0,3.33,3.0,3.0,2.0,3.0,5.0,2.0,4.0,2.0,3.25,1,1,1,74,10,8,9,5,3,10,3,3,i used the ai to check my answers and if they matched i usually didn't question it but if they did i tried to see where either i or it went wrong,i'm not sure to be honest,
6a0a1d0620ab03bd3ef2d77a,reflection-task,2026-08-16T19:28:43.450306+00:00,True,33,['Woman'],Writer,Native English speaker,Doctoral degree,Several times a day,D,1,90.0,A,0,81.0,D,0,83.0,D,0,58.0,D,1,82.0,B,0,83.0,D,0,81.0,D,0,82.0,C,0,80.0,A,1,89.0,D,1,79.0,D,0,68.0,4,79.67,8.0,5.0,1.0,4.0,1.0,4.0,1.0,5.0,5.0,1.0,5.0,4.0,87.5,7.0,5.0,6.0,6.0,4.0,5.0,5.0,6.0,1.5,8.0,5.0,6.0,19.0,8.0,5.0,8.5,3.0,4.0,4.0,4.0,2.0,2.0,2.5,4.0,5.0,4.0,4.0,5.0,2.0,5.0,4.0,4.38,1,1,1,14,9,1,10,10,5,12,5,2,I copied and pasted the question verbatim and then checked the AI's reasoning or asked it to double-check its own reasoning.,This did not change the way I task. I often use copy and paste to make sure that the AI has the full details when doing tasking.,
6a391d8950b4a5bd0c31b39c,reflection-task,2026-08-16T19:31:11.557196+00:00,True,30,['Woman'],Coordinator,Fully fluent,Lower tertiary education degree (Bachelor's level),About once a day,D,1,67.0,B,1,62.0,D,0,64.0,B,0,79.0,D,1,80.0,A,0,89.0,B,1,65.0,C,0,91.0,C,0,75.0,D,0,61.0,D,1,59.0,D,0,91.0,5,73.58,-11.97,3.0,3.0,4.0,1.0,3.0,3.0,4.0,5.0,2.0,3.0,1.0,67.5,6.0,5.0,5.0,5.0,4.0,4.0,5.0,2.0,0.5,20.0,20.0,16.0,13.0,18.0,18.0,17.5,4.0,4.0,4.0,4.0,4.0,4.0,3.33,4.0,4.0,2.0,3.0,2.0,1.0,3.0,4.0,3.38,1,1,1,16,12,10,10,12,10,12,5,3,,,
6a024f725261d2958f108b09,reflection-task,2026-08-16T19:46:08.148768+00:00,True,24,['Woman'],transport planner,Native English speaker,Lower tertiary education degree (Bachelor's level),A few times a week,D,1,27.0,B,1,72.0,A,1,93.0,D,0,76.0,D,1,73.0,C,1,83.0,B,1,74.0,D,0,28.0,D,0,18.0,A,1,67.0,B,0,75.0,D,0,17.0,7,58.58,27.06,4.0,4.0,3.0,2.0,2.0,3.0,3.0,2.0,3.0,3.0,3.0,50.0,1.0,1.0,1.0,1.0,2.0,2.0,2.0,2.0,-2.5,13.0,1.0,4.0,9.0,8.0,5.0,6.67,2.0,2.0,2.0,2.0,2.0,3.0,2.83,3.0,4.0,3.0,3.0,4.0,2.0,3.0,2.0,3.25,1,1,0,25,8,2,9,8,6,4,5,4,none,none,
65099be3415f7ca701bb2a0b,reflection-task,2026-08-16T19:47:36.331332+00:00,True,37,['Woman'],project manager,Native English speaker,Higher tertiary education degree (Master's level),A few times a week,D,1,61.0,C,0,79.0,D,0,66.0,A,1,30.0,C,0,75.0,C,1,59.0,B,1,65.0,D,0,42.0,B,1,72.0,D,0,55.0,D,1,72.0,D,0,72.0,6,62.33,-5.0,3.0,2.0,4.0,2.0,4.0,2.0,5.0,5.0,2.0,4.0,1.0,77.5,6.0,6.0,5.0,3.0,6.0,2.0,3.0,3.0,0.25,14.0,2.0,4.0,15.0,14.0,16.0,10.83,4.0,5.0,2.0,4.0,3.0,4.0,3.67,4.0,3.0,2.0,3.0,2.0,4.0,2.0,3.0,2.62,1,1,1,27,10,9,8,8,3,7,2,4,I mostly relied on the AI as I found the questions complicated. This ment I had to put my trust in the AI.,I think it was to see how I would feel after completing a task repeatedly and if this increased my use of AI in the later stages of the task compared to the beginning,no
6a04ae863ac91cfca3e95923,reflection-task,2026-08-16T19:52:22.713676+00:00,True,21,['Woman'],Student,Fully fluent,Lower tertiary education degree (Bachelor's level),A few times a week,D,1,93.0,B,1,82.0,D,0,26.0,D,0,83.0,A,0,95.0,B,0,100.0,D,0,98.0,A,1,74.0,B,1,87.0,A,1,71.0,D,1,72.0,B,1,85.0,7,80.5,0.17,3.0,3.0,4.0,1.0,4.0,3.0,4.0,5.0,4.0,4.0,2.0,65.0,6.0,6.0,5.0,3.0,2.0,2.0,5.0,4.0,0.12,20.0,16.0,17.0,13.0,9.0,18.0,15.5,2.0,3.0,3.0,4.0,4.0,1.0,2.5,3.0,3.0,3.0,3.0,4.0,5.0,4.0,4.0,3.12,1,1,1,21,10,7,11,10,3,11,4,4,i checked it with the ai,"i dont use ai often as i can usually handle them on my own, but i feel like i have abused ai in this task as i had to use ai no matter what",
66620cf0297a4b3c61f5a8ee,reflection-task,2026-08-16T19:56:26.770110+00:00,True,22,['Man'],accountant,Native English speaker,Lower tertiary education degree (Bachelor's level),About once a week,D,1,85.0,C,0,80.0,A,1,67.0,B,0,78.0,D,1,86.0,B,0,80.0,B,1,86.0,A,1,59.0,C,0,85.0,A,1,61.0,A,0,24.0,B,1,69.0,7,71.67,3.89,1.0,5.0,2.0,1.0,2.0,5.0,1.0,5.0,3.0,3.0,3.0,30.0,4.0,2.0,2.0,2.0,2.0,3.0,4.0,3.0,-1.25,15.0,3.0,16.0,10.0,2.0,19.0,10.83,4.0,4.0,2.0,1.0,4.0,4.0,4.17,2.0,1.0,1.0,1.0,1.0,5.0,2.0,1.0,1.25,1,1,1,35,8,6,4,2,5,2,4,2,"at first, i tried to answer the question myself. but i realised it was much quicker just to use the ai, even if it got some of the questions wrong",no,
61fa90b1d42cb19beec491c3,reflection-task,2026-08-16T19:58:08.591371+00:00,True,37,['Man'],Joiner,Native English speaker,Vocational college degree,About once a day,D,1,92.0,C,0,79.0,D,0,74.0,D,0,73.0,D,1,92.0,B,0,91.0,B,1,69.0,A,1,91.0,B,1,83.0,D,0,83.0,D,1,70.0,D,0,75.0,6,81.0,3.67,3.0,2.0,4.0,2.0,4.0,4.0,3.0,5.0,3.0,2.0,2.0,57.5,5.0,5.0,5.0,4.0,4.0,4.0,3.0,3.0,0.12,18.0,9.0,9.0,2.0,5.0,8.0,8.5,2.0,4.0,2.0,2.0,5.0,4.0,3.83,3.0,3.0,2.0,2.0,4.0,4.0,4.0,3.0,2.88,1,1,1,33,8,2,5,1,0,2,3,4,"i copied and pasted the questions and scenario before asking what the AI's conclusion was then had a quick rundown before asking how sure it was, sometimes then having a longer look through the data to see if there was something a computer would overlook",I had to be more involved in understanding the scenarios than if id not have reflected at all,It was very run and i'd love to do more in the future! Thanks
59e74a640fb3a90001bd9867,reflection-task,2026-08-16T19:58:49.123570+00:00,True,40,['Woman'],Carer,Native English speaker,Lower tertiary education degree (Bachelor's level),Several times a day,D,1,63.0,A,0,72.0,D,0,67.0,C,0,67.0,D,1,78.0,B,0,70.0,B,1,69.0,A,1,81.0,B,1,64.0,D,0,67.0,B,0,59.0,A,0,49.0,5,67.17,6.57,4.0,2.0,4.0,2.0,4.0,2.0,4.0,5.0,2.0,4.0,2.0,75.0,5.0,5.0,5.0,5.0,4.0,5.0,4.0,4.0,0.62,19.0,2.0,7.0,5.0,4.0,18.0,9.17,2.0,4.0,3.0,4.0,3.0,2.0,2.67,4.0,4.0,4.0,4.0,4.0,4.0,4.0,4.0,3.75,1,1,1,17,10,6,10,9,3,10,2,2,I glanced over the questions and did a quick calculation in my head,i started copying the ai answers for the post reflection,I found it interesting at first but then got a bit bored
6a01c9b02847d30e43b0a264,reflection-task,2026-08-16T20:01:26.663617+00:00,True,50,['Man'],IT Professional,Native English speaker,Lower tertiary education degree (Bachelor's level),A few times a week,D,1,82.0,D,0,85.0,A,1,42.0,D,0,64.0,D,1,75.0,B,0,89.0,A,0,93.0,D,0,71.0,C,0,78.0,A,1,97.0,B,0,78.0,B,1,78.0,5,77.67,-4.91,4.0,3.0,4.0,2.0,3.0,3.0,4.0,5.0,3.0,4.0,3.0,62.5,6.0,6.0,6.0,6.0,5.0,6.0,6.0,6.0,1.88,20.0,14.0,16.0,16.0,16.0,16.0,16.33,4.0,4.0,2.0,3.0,3.0,3.0,3.5,5.0,2.0,4.0,4.0,4.0,3.0,4.0,5.0,3.88,1,1,1,29,12,2,11,10,1,10,3,4,"Tried to do them in my head but this wasn't easy, it was possible to do some sense checking though",Made me consider how the AI was used and it's reliability,This was a long study! AI was very impressive though
669e58ff5a1c84c90a37a962,reflection-task,2026-08-16T20:04:12.905356+00:00,True,53,['Woman'],Teaching assistant,Native English speaker,Doctoral degree,Several times a day,D,1,76.0,D,0,62.0,D,0,73.0,C,0,86.0,D,1,86.0,C,1,88.0,D,0,49.0,D,0,76.0,B,1,78.0,D,0,23.0,D,1,72.0,D,0,19.0,5,65.67,24.57,5.0,4.0,4.0,2.0,4.0,2.0,4.0,5.0,2.0,3.0,3.0,67.5,6.0,2.0,4.0,3.0,3.0,5.0,4.0,6.0,0.12,20.0,4.0,19.0,2.0,19.0,19.0,13.83,4.0,4.0,2.0,2.0,4.0,4.0,4.0,4.0,4.0,4.0,3.0,4.0,4.0,4.0,4.0,3.62,1,1,1,27,8,3,8,8,2,8,4,4,I used a pen and paper!,It made me think about whether the AI could think the same as a person,I really enjoyed this although my brain is fried now.  This would be so helpful for timetabling in school and to work out where gaps are
6a0e0a7870eacd91539865bd,reflection-task,2026-08-16T20:15:40.365885+00:00,True,29,['Man'],Station Manager,Native English speaker,Lower tertiary education degree (Bachelor's level),Several times a day,D,1,99.0,D,0,99.0,D,0,97.0,D,0,76.0,D,1,96.0,B,0,97.0,D,0,97.0,C,0,95.0,B,1,95.0,A,1,95.0,B,0,97.0,B,1,96.0,5,94.92,2.2,1.0,3.0,4.0,1.0,2.0,4.0,3.0,5.0,3.0,1.0,1.0,47.5,5.0,2.0,2.0,1.0,3.0,2.0,5.0,5.0,-0.88,20.0,8.0,2.0,19.0,20.0,19.0,14.67,4.0,4.0,2.0,4.0,4.0,3.0,3.5,2.0,2.0,2.0,3.0,3.0,4.0,2.0,4.0,2.5,1,1,1,14,12,10,11,12,4,3,5,4,,,
673b604f831846c9a2e2d0e6,reflection-task,2026-08-16T20:18:33.113456+00:00,True,27,['Woman'],HR Manager,Native English speaker,Higher tertiary education degree (Master's level),Several times a day,D,1,79.0,C,0,82.0,A,1,99.0,B,0,71.0,D,1,82.0,B,0,73.0,B,1,77.0,D,0,67.0,C,0,78.0,A,1,65.0,B,0,71.0,D,0,76.0,5,76.67,6.4,3.0,2.0,3.0,2.0,2.0,2.0,3.0,5.0,3.0,2.0,1.0,57.5,5.0,6.0,6.0,6.0,3.0,3.0,4.0,5.0,0.75,17.0,16.0,5.0,8.0,17.0,19.0,13.67,3.0,3.0,2.0,2.0,4.0,3.0,3.5,3.0,3.0,3.0,2.0,4.0,3.0,4.0,3.0,3.12,1,1,1,16,7,6,6,7,4,9,3,2,,,
6a0779a03984ef197bcbae39,reflection-task,2026-08-16T20:27:13.362852+00:00,True,42,['Woman'],radiographer,Native English speaker,Higher tertiary education degree (Master's level),About once a day,A,0,12.0,B,1,82.0,A,1,76.0,D,0,84.0,D,1,81.0,B,0,14.0,B,1,69.0,C,0,65.0,B,1,78.0,D,0,19.0,D,1,75.0,D,0,48.0,6,58.58,36.5,4.0,2.0,4.0,2.0,4.0,2.0,4.0,5.0,3.0,4.0,2.0,72.5,6.0,6.0,6.0,5.0,5.0,4.0,5.0,5.0,1.25,19.0,17.0,17.0,8.0,17.0,16.0,15.67,1.0,2.0,4.0,3.0,3.0,3.0,2.33,4.0,2.0,4.0,4.0,4.0,3.0,5.0,4.0,3.75,1,1,1,28,6,3,12,11,1,12,5,5,"I read the questions first, I copied some of AI answers for feedback.","I found it hard to remember exactly what I had done. I wish I could have gone back to check,","These tasks are hard for me, I find lots of instructions very tricky."
69f5a188951962a8f4061267,reflection-task,2026-08-16T20:27:47.276482+00:00,True,40,['Man'],Pharmacy Technician,Native English speaker,Lower tertiary education degree (Bachelor's level),About once a day,D,1,72.0,D,0,69.0,D,0,67.0,B,0,73.0,D,1,61.0,C,1,91.0,B,1,84.0,B,0,62.0,B,1,75.0,D,0,74.0,D,1,90.0,D,0,77.0,6,74.58,8.5,5.0,2.0,5.0,5.0,5.0,5.0,5.0,5.0,2.0,4.0,3.0,67.5,7.0,7.0,7.0,7.0,6.0,7.0,6.0,7.0,2.75,18.0,14.0,19.0,13.0,16.0,13.0,15.5,5.0,5.0,2.0,2.0,5.0,5.0,4.67,5.0,4.0,5.0,5.0,5.0,4.0,5.0,5.0,4.5,1,1,1,49,11,7,10,7,6,10,5,5,USe AI to check everything,AI helped justify my reasoning,Difficult task but good
5b898547990403000114de1d,reflection-task,2026-08-16T20:29:53.251291+00:00,True,52,['Woman'],Learning Mentor ,Native English speaker,Vocational college degree,About once a day,D,1,90.0,A,0,94.0,D,0,81.0,C,0,76.0,D,1,93.0,B,0,84.0,B,1,78.0,C,0,90.0,B,1,76.0,D,0,50.0,B,0,67.0,D,0,78.0,4,79.75,6.75,5.0,2.0,5.0,2.0,5.0,1.0,4.0,5.0,1.0,5.0,1.0,92.5,6.0,7.0,7.0,7.0,6.0,6.0,5.0,4.0,2.0,20.0,3.0,10.0,14.0,16.0,14.0,12.83,3.0,3.0,3.0,3.0,4.0,3.0,3.17,5.0,4.0,4.0,4.0,5.0,2.0,5.0,5.0,4.5,1,1,1,30,9,5,9,12,4,12,4,5,"I think at first I thought I was meant to be relying only on AI, but then it became clear that I needed to be more of an active participant so I tried to read it all and take in the information but it was very confusion and this is why it was mentally challenging.  It was hard not knowing how many tasks were left as well.  ","As  I said above, I think at first I thought it was me just being able to use AI rather than understand the specifics I was reading about, then I realised I was meant to be taking more in and understanding it all so I tried harder after that first one to understand the scenario's and the answers the AI was giving me.  ",The AI bit was brilliant and really showed me how capable it is.  I'd be interested to know how many I got right based on that. 
6a0e3b3d4d59d3110d005558,reflection-task,2026-08-16T20:31:30.112494+00:00,True,56,['Woman'],Teacher,Native English speaker,Higher tertiary education degree (Master's level),A few times a week,D,1,88.0,A,0,81.0,D,0,51.0,D,0,88.0,D,1,92.0,D,0,99.0,D,0,17.0,D,0,4.0,C,0,99.0,D,0,90.0,B,0,99.0,D,0,99.0,2,75.58,17.3,4.0,1.0,5.0,1.0,5.0,2.0,4.0,5.0,2.0,4.0,3.0,82.5,3.0,3.0,3.0,2.0,4.0,4.0,5.0,4.0,-0.5,13.0,4.0,4.0,9.0,14.0,12.0,9.33,3.0,3.0,3.0,3.0,3.0,3.0,3.0,3.0,3.0,3.0,3.0,4.0,4.0,3.0,3.0,3.0,1,1,1,44,9,3,6,6,1,6,4,5,I interacted more and asked more questions.,I do not think it was about planning. I think it was about how we interact with the machine and about levels of trust and accountability.,emmmmmm. A bit scary in terms of reflecting on my expectation of what AI can do but interesting.
686fd6f304b7e79b97c978e6,reflection-task,2026-08-16T20:32:43.631947+00:00,True,47,['Man'],Researcher,Fully fluent,Doctoral degree,Several times a day,D,1,98.0,A,0,98.0,A,1,98.0,B,0,99.0,A,0,99.0,B,0,98.0,D,0,100.0,D,0,99.0,B,1,100.0,A,1,97.0,D,1,98.0,D,0,99.0,5,98.58,-0.66,5.0,2.0,5.0,1.0,5.0,2.0,5.0,5.0,2.0,5.0,2.0,90.0,7.0,1.0,7.0,7.0,7.0,7.0,7.0,7.0,2.25,20.0,15.0,20.0,6.0,19.0,19.0,16.5,5.0,5.0,2.0,2.0,5.0,5.0,4.67,5.0,4.0,4.0,5.0,5.0,2.0,5.0,5.0,4.62,1,1,1,14,8,2,6,12,4,12,4,5,,,
6a1f209b48870c2ea2929806,reflection-task,2026-08-16T20:32:44.227725+00:00,True,26,['Woman'],Administrator,Native English speaker,Lower tertiary education degree (Bachelor's level),A few times a week,A,0,19.0,C,0,100.0,D,0,59.0,A,1,59.0,D,1,94.0,B,0,85.0,D,0,73.0,A,1,70.0,A,0,37.0,D,0,36.0,D,1,23.0,A,0,56.0,4,59.25,3.38,5.0,1.0,5.0,1.0,4.0,2.0,4.0,5.0,1.0,1.0,2.0,80.0,6.0,6.0,5.0,6.0,4.0,5.0,5.0,6.0,1.38,20.0,1.0,20.0,1.0,20.0,20.0,13.67,4.0,4.0,1.0,1.0,5.0,5.0,4.67,2.0,3.0,1.0,1.0,5.0,4.0,5.0,2.0,2.62,1,1,1,66,10,10,6,3,1,6,1,1,I just got annoyed at how convoluted the questions were and relied more and more on the AI to read and interpret what was going on. It got easier when the same scenarios came back up so I at least didn't hae to start from scratch,I couldn't even remember my justifications so I just felt more confused and like I didn't know why I'd done what I did,I hated feeling pressured to use the AI because of how badly the scenarios were worded. There wasn't enough time to process what was going on. The AI had to do all the work and made me feel dumb.
6a0cb91d88188266d77554d9,reflection-task,2026-08-16T20:38:16.110385+00:00,True,27,['Man'],Law Enforcement,Native English speaker,Vocational college degree,Several times a day,A,0,100.0,A,0,100.0,D,0,100.0,A,1,100.0,D,1,100.0,B,0,100.0,D,0,100.0,A,1,100.0,B,1,100.0,D,0,100.0,D,1,100.0,B,1,100.0,6,100.0,0.0,4.0,1.0,4.0,1.0,4.0,1.0,4.0,5.0,1.0,5.0,1.0,90.0,7.0,7.0,7.0,7.0,4.0,6.0,4.0,4.0,1.75,10.0,1.0,1.0,20.0,1.0,1.0,5.67,4.0,4.0,1.0,1.0,4.0,4.0,4.33,5.0,5.0,5.0,5.0,5.0,1.0,4.0,4.0,4.75,1,1,1,16,12,12,12,12,12,12,3,1,,,
5e695632d40a492070942196,reflection-task,2026-08-16T20:42:48.233314+00:00,True,55,['Woman'],Retired teacher,Native English speaker,Lower tertiary education degree (Bachelor's level),A few times a week,A,0,99.0,A,0,99.0,D,0,99.0,D,0,98.0,B,0,63.0,A,0,99.0,A,0,100.0,B,0,99.0,B,1,99.0,A,1,99.0,C,0,99.0,D,0,98.0,2,95.92,3.7,4.0,1.0,5.0,1.0,5.0,1.0,5.0,5.0,1.0,5.0,1.0,97.5,7.0,7.0,7.0,7.0,5.0,7.0,7.0,7.0,2.75,5.0,5.0,5.0,10.0,12.0,12.0,8.17,3.0,3.0,1.0,1.0,3.0,5.0,4.0,5.0,4.0,4.0,4.0,4.0,4.0,4.0,4.0,3.88,1,1,1,30,6,4,11,4,2,11,5,1,I found summarising and using the questions by rewrding them helped me. Then double checking my answers helped.,NO,
6346e69ebd7bbf2cda8fa8e0,reflection-task,2026-08-16T20:48:09.805704+00:00,True,30,['Man'],Musician,Native English speaker,Lower tertiary education degree (Bachelor's level),About once a week,D,1,80.0,A,0,57.0,A,1,72.0,B,0,51.0,D,1,60.0,D,0,22.0,B,1,72.0,A,1,72.0,C,0,96.0,D,0,63.0,D,1,41.0,C,0,77.0,6,63.58,5.17,3.0,1.0,4.0,1.0,5.0,2.0,5.0,5.0,2.0,4.0,2.0,82.5,6.0,6.0,7.0,7.0,3.0,4.0,4.0,6.0,1.38,16.0,4.0,9.0,11.0,16.0,16.0,12.0,2.0,3.0,3.0,4.0,3.0,3.0,2.67,4.0,3.0,5.0,4.0,5.0,2.0,5.0,5.0,4.38,1,1,1,20,10,6,10,8,1,10,3,1,I would always read the scenario first and try to find the answer myself and then compare my answers to the AI helps answers.,"It did not really change the way i understand the task, ",It was difficult answering the same questions over and over. I used AI for the help of all the questions because I found them very challenging.
6a0f4a69f9ccf5a7b2a53a31,reflection-task,2026-08-16T20:53:45.837362+00:00,True,20,['Woman'],finance,Native English speaker,Vocational college degree,About once a day,D,1,30.0,D,0,34.0,D,0,29.0,C,0,60.0,D,1,30.0,D,0,58.0,D,0,57.0,D,0,28.0,C,0,65.0,D,0,23.0,D,1,17.0,C,0,65.0,3,41.33,-20.89,5.0,3.0,4.0,4.0,5.0,2.0,4.0,5.0,1.0,3.0,4.0,67.5,6.0,4.0,7.0,6.0,3.0,4.0,6.0,7.0,1.38,15.0,6.0,10.0,13.0,11.0,13.0,11.33,4.0,4.0,2.0,3.0,5.0,4.0,4.0,4.0,5.0,4.0,3.0,4.0,2.0,5.0,4.0,4.12,1,1,1,21,2,4,10,9,1,10,4,3,i asked AI to help me.,It made me realise without AI this task would be very hard.,it was useful and efficient. 
5cb6a087c515b0001a70d108,reflection-task,2026-08-16T20:55:40.019857+00:00,True,33,['Woman'],factory worker,Native English speaker,Vocational college degree,A few times a week,A,0,96.0,C,0,91.0,C,0,97.0,C,0,95.0,D,1,87.0,C,1,98.0,B,1,68.0,C,0,94.0,C,0,96.0,C,0,98.0,C,0,97.0,C,0,95.0,3,92.67,-11.11,5.0,1.0,5.0,1.0,5.0,1.0,5.0,5.0,1.0,5.0,1.0,100.0,7.0,7.0,7.0,7.0,7.0,7.0,7.0,7.0,3.0,3.0,16.0,1.0,19.0,15.0,5.0,9.83,5.0,5.0,1.0,1.0,5.0,5.0,5.0,5.0,1.0,5.0,5.0,5.0,5.0,5.0,5.0,4.0,1,1,1,17,3,4,5,12,3,8,1,5,none,none,
6a00cc06a18f6650215fb5b2,reflection-task,2026-08-16T21:01:26.887761+00:00,True,40,['Man'],BI developer,Native English speaker,Upper secondary school / High school,Several times a day,B,0,100.0,C,0,100.0,A,1,100.0,C,0,100.0,D,1,100.0,B,0,100.0,B,1,100.0,C,0,100.0,C,0,100.0,D,0,100.0,A,0,87.0,D,0,100.0,3,98.92,1.44,5.0,1.0,5.0,1.0,4.0,4.0,5.0,5.0,1.0,3.0,1.0,85.0,6.0,7.0,6.0,6.0,4.0,5.0,2.0,2.0,0.75,14.0,1.0,3.0,11.0,16.0,7.0,8.67,3.0,4.0,2.0,2.0,4.0,4.0,3.83,4.0,4.0,2.0,2.0,4.0,4.0,5.0,4.0,3.38,1,1,1,21,12,6,12,10,2,6,4,2,"i used the AI fully, although looking back i should have made it double check its answers for every question, not just the ones after i spotted the obvious mistake",n/a,it solidified what ive already believed that AI should be questioned and made to double check results as they cant always be trusted on first instinct.
6a1efce6eacd6a04721457bb,reflection-task,2026-08-16T21:03:00.813793+00:00,True,28,['Woman'],Client Finance Assistant,Native English speaker,Lower tertiary education degree (Bachelor's level),About once a day,D,1,98.0,D,0,98.0,A,1,99.0,D,0,78.0,D,1,94.0,C,1,100.0,B,1,98.0,B,0,64.0,B,1,100.0,A,1,100.0,D,1,91.0,D,0,99.0,8,93.25,12.75,4.0,3.0,4.0,1.0,3.0,2.0,5.0,5.0,2.0,4.0,2.0,75.0,5.0,7.0,6.0,7.0,5.0,5.0,5.0,5.0,1.62,12.0,2.0,1.0,11.0,11.0,4.0,6.83,5.0,4.0,4.0,4.0,2.0,2.0,2.83,4.0,3.0,5.0,5.0,5.0,2.0,2.0,4.0,4.0,1,1,1,25,12,8,12,10,2,12,4,3,none,it didnt,
6736f802bbe77d3d5eb07ca4,reflection-task,2026-08-16T21:03:13.707025+00:00,True,46,['Man'],Senior Manager,Native English speaker,Higher tertiary education degree (Master's level),About once a day,D,1,97.0,D,0,20.0,A,1,97.0,D,0,99.0,D,1,100.0,B,0,81.0,D,0,59.0,D,0,98.0,C,0,52.0,D,0,100.0,B,0,98.0,B,1,100.0,4,83.42,22.62,4.0,2.0,5.0,1.0,4.0,1.0,5.0,5.0,1.0,5.0,1.0,92.5,6.0,7.0,7.0,6.0,4.0,7.0,5.0,6.0,2.0,10.0,1.0,1.0,13.0,7.0,5.0,6.17,4.0,3.0,1.0,3.0,5.0,3.0,3.83,5.0,4.0,4.0,4.0,5.0,1.0,5.0,4.0,4.5,1,0,1,18,6,2,7,8,2,8,2,4,"I used the same routine of using one prompt. I didn't really check the answers, just trusted AI","A little, but I was entering the unknown so to speak","The answers seemed very long, no definitive answer forthright, but very in depth reasoning"
69fcc7490d4d25bd8b8260d0,reflection-task,2026-08-16T21:03:55.753613+00:00,True,18,['Man'],dog sitter,Native English speaker,Upper secondary school / High school,A few times a week,D,1,98.0,A,0,100.0,A,1,100.0,C,0,98.0,D,1,100.0,B,0,100.0,D,0,100.0,D,0,99.0,B,1,96.0,A,1,100.0,D,1,100.0,A,0,96.0,6,98.92,0.17,1.0,5.0,1.0,3.0,5.0,2.0,2.0,5.0,3.0,1.0,5.0,30.0,5.0,3.0,5.0,3.0,1.0,2.0,4.0,4.0,-0.62,20.0,5.0,3.0,19.0,18.0,9.0,12.33,4.0,3.0,1.0,2.0,3.0,2.0,3.5,4.0,2.0,5.0,5.0,4.0,3.0,5.0,3.0,3.88,1,1,1,25,12,6,8,10,4,5,5,3,,more than half the time,
6a00f5017f05cbe927628050,reflection-task,2026-08-16T21:06:48.548382+00:00,True,39,['Man'],hgv driver,Native English speaker,Upper secondary school / High school,About once a day,A,0,98.0,A,0,99.0,D,0,100.0,B,0,97.0,D,1,98.0,C,1,98.0,D,0,98.0,A,1,98.0,B,1,96.0,D,0,100.0,D,1,88.0,D,0,100.0,5,97.5,-3.26,5.0,2.0,5.0,1.0,5.0,1.0,5.0,5.0,1.0,5.0,1.0,97.5,4.0,6.0,4.0,4.0,4.0,5.0,6.0,6.0,0.88,1.0,3.0,2.0,20.0,3.0,1.0,5.0,3.0,4.0,3.0,3.0,4.0,3.0,3.33,5.0,3.0,5.0,4.0,5.0,2.0,5.0,5.0,4.5,1,1,1,26,12,8,12,12,3,12,3,4,i used ai as an aid in this to answer the tasks and questions.,it makes me realise how much more useful ai actually is,i like ai.
5bdc609519b9ba000157d122,reflection-task,2026-08-16T21:11:39.761789+00:00,True,25,['Man'],Civil servant,Native English speaker,Higher tertiary education degree (Master's level),A few times a week,D,1,78.0,A,0,90.0,D,0,98.0,A,1,66.0,D,1,98.0,B,0,99.0,B,1,31.0,D,0,11.0,C,0,98.0,D,0,92.0,B,0,94.0,D,0,99.0,4,79.5,-16.88,2.0,4.0,3.0,2.0,2.0,2.0,4.0,5.0,2.0,4.0,1.0,60.0,5.0,5.0,2.0,3.0,2.0,2.0,4.0,3.0,-0.75,14.0,6.0,3.0,14.0,16.0,17.0,11.67,3.0,4.0,2.0,2.0,4.0,4.0,3.83,4.0,2.0,4.0,4.0,4.0,3.0,4.0,4.0,3.62,1,1,1,18,12,11,12,9,2,12,4,3,to check answers review the question and make sure teh answer followed the question,n/a,n/a
6a1dbe60c18ee2a0e3be9960,reflection-task,2026-08-16T21:11:59.434391+00:00,True,42,['Woman'],Paralegal,Native English speaker,Vocational college degree,Several times a day,B,0,86.0,D,0,56.0,C,0,56.0,D,0,35.0,A,0,22.0,C,1,41.0,B,1,59.0,A,1,63.0,B,1,41.0,D,0,62.0,B,0,58.0,A,0,65.0,4,53.67,-4.0,5.0,3.0,4.0,2.0,5.0,2.0,5.0,5.0,2.0,4.0,2.0,80.0,6.0,5.0,6.0,6.0,6.0,7.0,7.0,6.0,2.12,17.0,14.0,9.0,8.0,14.0,12.0,12.33,4.0,4.0,3.0,2.0,3.0,4.0,3.67,4.0,3.0,4.0,4.0,4.0,2.0,4.0,4.0,3.88,0,1,1,26,5,1,10,8,3,12,2,3,I tried to work on my own answer first then compare it to the AI answer ,It helped me understand how AI works a little but more and changed my opinion slightly.,
69161c55f85eb185becef67b,reflection-task,2026-08-16T21:12:33.021417+00:00,True,23,['Man'],Retail,Native English speaker,Lower tertiary education degree (Bachelor's level),Never,D,1,24.0,A,0,23.0,D,0,43.0,D,0,18.0,D,1,59.0,C,1,24.0,D,0,32.0,D,0,18.0,C,0,36.0,D,0,32.0,B,0,21.0,D,0,19.0,3,29.08,8.78,1.0,1.0,3.0,1.0,3.0,1.0,3.0,5.0,2.0,2.0,1.0,65.0,5.0,5.0,6.0,4.0,3.0,3.0,2.0,3.0,-0.12,13.0,1.0,6.0,5.0,6.0,12.0,7.17,4.0,4.0,2.0,2.0,3.0,4.0,3.83,2.0,4.0,2.0,2.0,4.0,5.0,4.0,3.0,2.75,1,1,1,48,10,8,6,6,3,5,2,1,I mostly relied on the AI because the tasks would've taken too long otherwise,I tried to double check my answers before,
66d753769fda18f114e0e534,reflection-task,2026-08-16T21:15:13.733873+00:00,True,54,['Woman'],Senior library assistant ,Native English speaker,Higher tertiary education degree (Master's level),A few times a week,A,0,48.0,B,1,51.0,D,0,51.0,B,0,48.0,B,0,26.0,D,0,52.0,D,0,52.0,D,0,49.0,B,1,47.0,D,0,50.0,D,1,50.0,D,0,49.0,3,47.75,2.11,3.0,3.0,3.0,2.0,3.0,3.0,3.0,5.0,3.0,4.0,4.0,52.5,4.0,4.0,4.0,4.0,3.0,3.0,4.0,4.0,-0.25,12.0,2.0,4.0,12.0,10.0,16.0,9.33,3.0,2.0,3.0,3.0,2.0,3.0,2.67,3.0,3.0,3.0,3.0,3.0,3.0,3.0,3.0,3.0,0,1,1,21,12,6,12,12,6,12,3,3,,,
5d20f6cbc1dc1c0001162dd5,reflection-task,2026-08-16T21:15:38.324856+00:00,True,38,['Woman'],Area sales manager,Native English speaker,Lower tertiary education degree (Bachelor's level),Several times a day,D,1,100.0,B,1,97.0,D,0,99.0,C,0,97.0,D,1,99.0,B,0,87.0,A,0,98.0,A,1,94.0,C,0,98.0,D,0,98.0,D,1,97.0,B,1,99.0,6,96.92,1.5,3.0,4.0,4.0,1.0,3.0,2.0,4.0,5.0,3.0,4.0,1.0,67.5,7.0,7.0,7.0,6.0,5.0,6.0,6.0,4.0,2.0,14.0,3.0,20.0,12.0,17.0,17.0,13.83,4.0,4.0,2.0,2.0,4.0,4.0,4.0,3.0,3.0,4.0,4.0,5.0,3.0,5.0,4.0,3.88,1,1,1,27,10,2,10,12,2,12,4,2,"due to time constraints of the study to be completed, and the time of night it is where im extra drained, it made most sense to delegate the whole task to ai. i was able to fact check a couple but soon realised i was running out of time",it changed nothing,
6a0700dd7ae6caa65ab25c47,reflection-task,2026-08-16T21:17:35.154844+00:00,True,27,['Man'],Self Employed (Building a Business),Native English speaker,Higher tertiary education degree (Master's level),A few times a week,A,0,80.0,A,0,69.0,D,0,27.0,D,0,39.0,D,1,36.0,B,0,75.0,B,1,59.0,A,1,64.0,B,1,65.0,A,1,65.0,D,1,72.0,D,0,61.0,6,59.33,1.67,3.0,2.0,4.0,1.0,3.0,3.0,4.0,5.0,2.0,3.0,1.0,70.0,5.0,5.0,5.0,4.0,4.0,4.0,2.0,3.0,0.0,19.0,4.0,17.0,6.0,13.0,20.0,13.17,3.0,4.0,2.0,3.0,4.0,3.0,3.5,2.0,4.0,2.0,2.0,4.0,4.0,3.0,3.0,2.75,1,1,1,37,9,4,7,6,3,8,2,1,"I tried to have the ai summarise the scenario and the underlying conditions, then provide an answer to the questions based on that, and then finally I'd check its work. As the tasks went on though, I became more reliant on the ai and less thorough in my checking of its work and the scenario conditions themselves","The post task reflection was awful. It was an utterly mind numbing task that served to do nothing except test my own mental memory of the task since I couldn't even see my own working out. The questions for reflection were so rigid I felt like I was just finding different ways of writing the same stuff, and having a minimum of 100 characters was utterly irrelevant, useless and completely arbitrary","The ai was coherent, explained things well and also explained things I challenged well too"
60f5d1dfd8ff71196982160b,reflection-task,2026-08-16T21:18:01.892566+00:00,True,53,['Man'],IT Consultant,Native English speaker,Lower tertiary education degree (Bachelor's level),Several times a day,D,1,99.0,C,0,92.0,D,0,88.0,B,0,14.0,D,1,69.0,C,1,100.0,D,0,78.0,D,0,97.0,B,1,84.0,D,0,87.0,D,1,95.0,D,0,97.0,5,83.33,10.4,4.0,2.0,4.0,1.0,4.0,4.0,4.0,5.0,1.0,5.0,1.0,80.0,6.0,3.0,7.0,5.0,4.0,6.0,5.0,5.0,1.12,6.0,1.0,8.0,14.0,9.0,15.0,8.83,2.0,2.0,4.0,4.0,4.0,2.0,2.33,4.0,4.0,3.0,4.0,5.0,4.0,4.0,4.0,3.75,1,1,1,42,12,4,12,10,0,10,5,3,,,
6a15c26368d15a5feacfdd52,reflection-task,2026-08-16T21:18:57.867156+00:00,True,22,['Woman'],Paralegal,Native English speaker,Lower tertiary education degree (Bachelor's level),About once a week,D,1,41.0,B,1,66.0,D,0,38.0,B,0,15.0,D,1,89.0,B,0,96.0,A,0,84.0,D,0,86.0,D,0,2.0,D,0,82.0,D,1,44.0,C,0,77.0,4,60.0,0.0,1.0,5.0,1.0,3.0,3.0,3.0,2.0,5.0,5.0,2.0,2.0,27.5,1.0,3.0,4.0,2.0,1.0,1.0,4.0,2.0,-1.75,20.0,1.0,14.0,17.0,2.0,20.0,12.33,1.0,3.0,4.0,4.0,2.0,2.0,2.0,1.0,1.0,1.0,4.0,4.0,2.0,5.0,5.0,3.12,1,1,1,27,12,10,12,5,1,6,3,5,I sometimes asked the AI questions to check its understanding of the scenario and sometimes used my own thought process to answer.,I mean I'd just say it was clearly making me justify my answers in 100 characters minimum and anyone like me who largely relied on the AI would struggle to fill those gaps. Maybe the task was just to see if people would start to think independently after a while,The AI was so chatty and I hate that. The reasoning it gives is like an essay. nobody is reading that. skimming at best
612198f856c9f4f2f02f7046,reflection-task,2026-08-16T21:22:16.947529+00:00,True,28,['Woman'],IT Director,Native English speaker,Lower tertiary education degree (Bachelor's level),Several times a day,D,1,39.0,B,1,72.0,D,0,84.0,A,1,50.0,D,1,64.0,B,0,68.0,B,1,64.0,D,0,35.0,B,1,65.0,A,1,23.0,B,0,73.0,D,0,60.0,7,58.08,-10.14,5.0,1.0,5.0,1.0,4.0,1.0,4.0,5.0,3.0,4.0,1.0,87.5,5.0,4.0,5.0,6.0,4.0,6.0,6.0,7.0,1.38,16.0,4.0,4.0,5.0,11.0,2.0,7.0,3.0,2.0,4.0,4.0,3.0,3.0,2.5,5.0,3.0,4.0,3.0,5.0,1.0,5.0,5.0,4.38,1,1,1,26,10,3,5,6,1,7,5,3,I tried to cross check the information between AI and what was given in the scenario,I think it made me think about why I was choosing the answers I was picking.,
69fc7f3c38ab2a03de2b881e,reflection-task,2026-08-16T21:23:52.839138+00:00,True,34,['Man'],Civil Servant,Native English speaker,Higher tertiary education degree (Master's level),About once a day,A,0,82.0,A,0,83.0,A,1,22.0,B,0,97.0,D,1,79.0,B,0,90.0,B,1,76.0,A,1,92.0,B,1,41.0,A,1,94.0,D,1,98.0,B,1,93.0,8,78.92,-13.62,3.0,2.0,5.0,1.0,3.0,1.0,5.0,5.0,4.0,4.0,3.0,72.5,6.0,6.0,6.0,4.0,4.0,5.0,3.0,4.0,0.75,16.0,5.0,5.0,14.0,11.0,14.0,10.83,4.0,4.0,2.0,2.0,4.0,2.0,3.67,4.0,4.0,3.0,3.0,5.0,4.0,4.0,4.0,3.62,1,1,1,39,10,8,11,10,10,11,4,3,I used the strategy to either double check my answer. I also used it to improve how I could view the question.,I don't believe it did for this instance.,
5ec3bcec194de722b74d9533,reflection-task,2026-08-16T21:28:55.011498+00:00,True,36,['Man'],Substitute teacher,Native English speaker,Lower tertiary education degree (Bachelor's level),Several times a day,D,1,90.0,B,1,92.0,D,0,88.0,B,0,90.0,D,1,90.0,B,0,88.0,D,0,88.0,B,0,91.0,B,1,91.0,A,1,89.0,B,0,92.0,D,0,88.0,5,89.75,1.11,3.0,1.0,5.0,1.0,5.0,1.0,5.0,5.0,1.0,5.0,1.0,95.0,7.0,7.0,7.0,7.0,7.0,7.0,7.0,5.0,2.75,5.0,13.0,5.0,15.0,13.0,15.0,11.0,5.0,5.0,1.0,1.0,5.0,5.0,5.0,5.0,4.0,4.0,4.0,4.0,4.0,3.0,3.0,3.62,1,1,1,33,10,10,11,10,3,11,5,4,"Double checking answers and also talking to it like a human and not a machine. I feel like the more personable answers are easier and more fun to understand, and it increases my likelihood of trusting/using the LLM.",Strange answer but I now believe this task was specifically asking me to test an organisation model.,"It's enjoyable. I love AI. I had a little bit of trouble with the task because I've got a bad back and shoulder and I'm sat in a weird position, so I'm sorry if some of my answers seem a little rushed or scattered. "
6140ce04fc55c3149baf0f8b,reflection-task,2026-08-16T21:29:28.087823+00:00,True,47,['Woman'],Lead Project manager,Native English speaker,Lower tertiary education degree (Bachelor's level),Several times a day,D,1,99.0,C,0,98.0,D,0,100.0,B,0,60.0,D,1,98.0,B,0,99.0,B,1,98.0,A,1,100.0,B,1,99.0,D,0,100.0,B,0,78.0,D,0,85.0,5,92.83,10.23,5.0,1.0,5.0,5.0,5.0,2.0,5.0,5.0,1.0,5.0,1.0,87.5,7.0,7.0,6.0,7.0,6.0,7.0,7.0,7.0,2.75,20.0,15.0,15.0,15.0,20.0,20.0,17.5,4.0,4.0,1.0,1.0,5.0,5.0,4.67,5.0,2.0,4.0,4.0,5.0,2.0,5.0,5.0,4.25,1,1,1,57,12,7,12,8,5,9,5,1,Check the AIs reasoning and get a summary to see if it made sense at a glance.,"it did make me look at organising it different, ",The AI was quick and mostly really efficient I could not have done so many without it and in the time allowed without plotting the scenario based quests out.
6a21bca6b2d44f85d2956acb,reflection-task,2026-08-16T21:34:02.366503+00:00,True,23,['Woman'],Hospitality Supervisor,Native English speaker,Vocational college degree,About once a day,D,1,45.0,D,0,84.0,D,0,73.0,D,0,47.0,A,0,97.0,C,1,69.0,B,1,83.0,A,1,69.0,C,0,67.0,D,0,43.0,D,1,19.0,B,1,35.0,6,60.92,-15.17,2.0,5.0,4.0,3.0,4.0,3.0,5.0,5.0,2.0,3.0,4.0,52.5,6.0,3.0,5.0,5.0,1.0,1.0,2.0,1.0,-1.0,20.0,19.0,19.0,5.0,8.0,20.0,15.17,1.0,1.0,5.0,5.0,2.0,2.0,1.33,4.0,3.0,2.0,3.0,5.0,4.0,4.0,4.0,3.38,1,1,1,25,6,2,8,6,1,12,3,2,I would provide AI with the questions and information while trying to work it out myself while it did swell. I would also ask it to justify its answer ,It made me feel like I rely a lot on ai to give me courage to my own answers ,
5883d68d300c0b000113db56,reflection-task,2026-08-16T21:34:29.563356+00:00,True,54,['Woman'],Maths teacher,Native English speaker,Lower tertiary education degree (Bachelor's level),A few times a week,A,0,99.0,A,0,86.0,D,0,97.0,D,0,74.0,D,1,99.0,B,0,98.0,D,0,99.0,D,0,60.0,B,1,79.0,D,0,83.0,D,1,88.0,D,0,91.0,3,87.75,1.22,5.0,1.0,5.0,1.0,5.0,1.0,5.0,5.0,1.0,4.0,1.0,97.5,7.0,7.0,7.0,7.0,4.0,5.0,6.0,6.0,2.12,14.0,2.0,2.0,14.0,14.0,6.0,8.67,1.0,2.0,4.0,4.0,3.0,2.0,2.0,5.0,4.0,5.0,5.0,5.0,3.0,5.0,5.0,4.62,1,1,1,30,10,2,10,10,2,12,4,4,I relied very heavily on the AI. I tried to answer them myself but some were too complicated so I simply accepted teh AI answers. In some cases I was able to get an answer and I then checked this answer was the same as the AI. ,It made me think about the way I was approaching the problems and how efficently I was using the AI,
67269f439696d166fbb74e09,reflection-task,2026-08-16T21:35:18.269810+00:00,True,24,['Man'],Data Analyst,Fully fluent,Lower tertiary education degree (Bachelor's level),Several times a day,D,1,83.0,C,0,67.0,D,0,81.0,C,0,89.0,A,0,91.0,B,0,92.0,D,0,79.0,D,0,91.0,B,1,94.0,D,0,82.0,A,0,87.0,B,1,74.0,3,84.17,-0.67,4.0,1.0,5.0,1.0,5.0,1.0,5.0,5.0,1.0,1.0,1.0,87.5,7.0,7.0,6.0,7.0,5.0,5.0,6.0,6.0,2.12,19.0,20.0,3.0,13.0,20.0,12.0,14.5,3.0,3.0,1.0,1.0,5.0,4.0,4.17,4.0,4.0,4.0,4.0,5.0,3.0,5.0,5.0,4.25,1,1,1,31,9,6,7,9,4,6,5,1,"I usually read the AI's explaination to see if it understood the questions first, then I would work through its explaination if it is logical. Lastly I would ask it to rate its confidence level from 1-100",No,It was stressful having to sit still because of the camera check
6a1c823e2fcad33e33e5c7f9,reflection-task,2026-08-16T21:36:10.564290+00:00,True,24,['Woman'],teacher,Fully fluent,Higher tertiary education degree (Master's level),Several times a day,A,0,94.0,A,0,91.0,A,1,99.0,A,1,95.0,D,1,90.0,B,0,94.0,B,1,93.0,D,0,75.0,B,1,94.0,A,1,84.0,B,0,85.0,D,0,94.0,6,90.67,3.67,4.0,2.0,4.0,4.0,4.0,3.0,4.0,5.0,3.0,4.0,5.0,57.5,6.0,6.0,4.0,6.0,4.0,6.0,4.0,4.0,1.0,17.0,12.0,13.0,16.0,11.0,6.0,12.5,4.0,4.0,3.0,4.0,5.0,3.0,3.5,4.0,4.0,3.0,4.0,4.0,3.0,4.0,4.0,3.75,1,1,1,17,,,,10,8,6,3,4,,"help me slow down, understand every rule and double checking.",
69c2c2e3d95e188fd657d9db,reflection-task,2026-08-16T21:37:04.928816+00:00,True,33,['Man'],Researcher,Conversationally fluent,Doctoral degree,Several times a day,B,0,71.0,B,1,86.0,D,0,59.0,D,0,77.0,D,1,70.0,B,0,96.0,B,1,57.0,A,1,88.0,B,1,91.0,C,0,81.0,D,1,76.0,B,1,77.0,7,77.42,1.06,5.0,1.0,4.0,1.0,3.0,2.0,5.0,5.0,3.0,4.0,1.0,82.5,6.0,7.0,7.0,7.0,5.0,5.0,3.0,2.0,1.25,19.0,16.0,10.0,11.0,16.0,20.0,15.33,3.0,3.0,2.0,1.0,4.0,5.0,4.0,4.0,4.0,4.0,1.0,5.0,4.0,3.0,3.0,3.25,1,1,1,20,8,6,4,8,8,6,4,5,"First 4 tasks: carefully check the AI-generated answers, the rest: just copy-paste AI-generated explanations.",The tiredness of typing in post task reflection increased my rely on AI answers to reduce my pressure.,"Most of time AI are reliable, but when it make mistakes it needs more effort to indentify. It is dangerous to reply on AI too much."
6165467eb6321c819c2edb0a,reflection-task,2026-08-16T21:39:38.020627+00:00,True,24,['Woman'],Trainer,Native English speaker,Lower tertiary education degree (Bachelor's level),About once a week,C,0,26.0,B,1,58.0,A,1,63.0,C,0,25.0,D,1,24.0,B,0,20.0,D,0,25.0,D,0,28.0,B,1,28.0,A,1,24.0,D,1,63.0,B,1,29.0,7,34.42,16.49,4.0,2.0,4.0,1.0,4.0,2.0,5.0,5.0,3.0,4.0,1.0,80.0,6.0,5.0,6.0,6.0,2.0,2.0,5.0,4.0,0.5,17.0,6.0,12.0,4.0,16.0,13.0,11.33,2.0,2.0,4.0,3.0,4.0,2.0,2.5,4.0,4.0,4.0,4.0,5.0,2.0,5.0,4.0,4.25,1,1,1,30,8,4,9,5,2,8,4,2,I followed the AIs advice as the texts were too complicated for me to follow. ,It made me feel quite stupid/inadequate as I relied a lot on the AI. ,
6a74c64e0aadf8f52443868a,reflection-task,2026-08-16T21:41:24.634304+00:00,True,34,['Man'],Senior R&D Engineer,Fully fluent,Doctoral degree,Several times a day,D,1,51.0,B,1,81.0,D,0,92.0,D,0,54.0,D,1,100.0,C,1,87.0,D,0,93.0,C,0,86.0,B,1,91.0,A,1,92.0,B,0,89.0,B,1,84.0,7,83.33,0.91,3.0,3.0,3.0,3.0,3.0,3.0,3.0,3.0,3.0,3.0,3.0,50.0,4.0,4.0,4.0,4.0,4.0,4.0,4.0,4.0,0.0,19.0,19.0,16.0,12.0,12.0,13.0,15.17,3.0,3.0,3.0,3.0,3.0,3.0,3.0,3.0,3.0,3.0,3.0,3.0,3.0,3.0,3.0,3.0,1,1,0,49,6,10,3,6,2,3,4,4,ICC approach,"Yes, by confidence level",
69efb9b420360a885dd4433c,reflection-task,2026-08-16T21:42:18.114769+00:00,True,45,['Woman'],teacher,Native English speaker,Higher tertiary education degree (Master's level),About once a day,D,1,87.0,D,0,35.0,D,0,33.0,A,1,11.0,D,1,90.0,B,0,59.0,B,1,58.0,D,0,40.0,B,1,25.0,A,1,35.0,D,1,25.0,C,0,74.0,7,47.67,-0.91,2.0,4.0,3.0,2.0,4.0,4.0,3.0,5.0,4.0,2.0,2.0,45.0,3.0,3.0,2.0,3.0,4.0,4.0,4.0,6.0,-0.38,16.0,12.0,13.0,8.0,14.0,19.0,13.67,2.0,3.0,2.0,4.0,4.0,3.0,3.0,2.0,2.0,2.0,1.0,3.0,4.0,2.0,3.0,2.12,1,0,1,22,6,10,9,9,2,8,4,4,I kept checking and seeing if AI was correct - and then I started to lead with my thoughts and check.,It was maybe a bit too detailed but it made me think about whyI wastrusting the AI and whether it was accurate.,I felt like it wasnt always reliable.
5a7226d9f660ae0001a9a547,reflection-task,2026-08-16T21:43:33.706293+00:00,True,27,['Woman'],Childcare Practitioner,Native English speaker,Upper secondary school / High school,A few times a week,D,1,87.0,D,0,100.0,D,0,100.0,D,0,73.0,D,1,100.0,C,1,100.0,B,1,100.0,D,0,100.0,B,1,100.0,D,0,100.0,D,1,100.0,B,1,87.0,7,95.58,1.69,5.0,1.0,5.0,1.0,5.0,1.0,5.0,5.0,1.0,5.0,1.0,100.0,7.0,7.0,7.0,7.0,7.0,7.0,7.0,5.0,2.75,20.0,10.0,4.0,14.0,20.0,7.0,12.5,1.0,1.0,5.0,5.0,1.0,1.0,1.0,5.0,5.0,4.0,5.0,5.0,1.0,4.0,5.0,4.75,1,1,1,39,10,8,10,10,4,12,5,5,I tried to find a reasonable answer and then use the AI to compare my answers to their ideas and see what could be correct. I then tried to work harder on each task to improve on getting the answers,It made me think about how much I relied on the AI or myself in the task,
60f816ff1fa74fcfab532378,reflection-task,2026-08-16T21:43:37.310582+00:00,True,31,['Woman'],"Self employed - ad hoc work including extras work, gardening and reselling",Native English speaker,Lower tertiary education degree (Bachelor's level),Never,D,1,86.0,A,0,82.0,A,1,78.0,A,1,94.0,D,1,100.0,A,0,96.0,B,1,99.0,A,1,92.0,B,1,99.0,D,0,22.0,D,1,90.0,D,0,97.0,8,86.25,18.0,4.0,1.0,5.0,2.0,5.0,3.0,4.0,5.0,2.0,5.0,2.0,82.5,6.0,6.0,7.0,7.0,4.0,5.0,3.0,3.0,1.12,20.0,1.0,17.0,14.0,20.0,9.0,13.5,4.0,5.0,2.0,2.0,5.0,3.0,4.17,4.0,5.0,4.0,4.0,5.0,2.0,5.0,5.0,4.5,1,1,1,42,10,2,10,10,2,12,1,1,"Initially I double checked the answers, made sure the AI understood and asked for clarification but this took so long that I began to be really rushed and I wasn't able to continue doing it this way. ","There isn't anything within this reflection which has changed the understanding of the task. The task was very long winded, I thought the questions about each scenario would be grouped together to make it easier to refer back but they weren't so I had to start afresh every questions and it took such a long time which was frustrating. ",
66598c98a133d3735cdc4fdc,reflection-task,2026-08-16T21:43:46.084965+00:00,True,31,['Woman'],Therapist,Native English speaker,Higher tertiary education degree (Master's level),Several times a day,D,1,73.0,D,0,47.0,D,0,62.0,C,0,41.0,D,1,38.0,C,1,43.0,B,1,50.0,A,1,40.0,B,1,73.0,D,0,73.0,D,1,24.0,D,0,41.0,7,50.42,-4.09,4.0,2.0,4.0,1.0,3.0,3.0,4.0,5.0,3.0,4.0,2.0,70.0,5.0,6.0,5.0,4.0,3.0,3.0,4.0,4.0,0.25,13.0,4.0,10.0,8.0,3.0,13.0,8.5,2.0,2.0,2.0,5.0,4.0,3.0,2.67,4.0,3.0,3.0,1.0,5.0,5.0,5.0,4.0,3.25,1,1,1,29,8,2,8,10,0,10,2,3,just the AI tool provided ,It just made me feel bad for using the AI tool in full to get the answer as I had no reflection of my own most of the time ,It was quick and easy to use. I probably trusted it too much 
66def1304e37adb3349f648f,reflection-task,2026-08-16T21:46:14.499975+00:00,True,42,['Woman'],Carer,Fully fluent,Upper secondary school / High school,A few times a week,D,1,96.0,B,1,96.0,A,1,98.0,A,1,93.0,D,1,95.0,B,0,98.0,D,0,97.0,D,0,91.0,B,1,96.0,D,0,98.0,B,0,85.0,D,0,94.0,6,94.75,1.83,3.0,2.0,4.0,3.0,3.0,2.0,4.0,5.0,3.0,4.0,4.0,60.0,6.0,6.0,6.0,4.0,3.0,3.0,3.0,4.0,0.38,20.0,4.0,20.0,20.0,20.0,16.0,16.67,1.0,1.0,5.0,4.0,1.0,1.0,1.17,3.0,2.0,3.0,2.0,4.0,4.0,1.0,2.0,2.38,1,1,1,26,11,5,9,12,3,10,3,4,I read the scenario and compared against AI,"I am not sure that it did, I just got better with the task as I went on",It was helpful 
69f226b2032dea50182cbd55,reflection-task,2026-08-16T21:57:04.604658+00:00,True,33,['Woman'],Operations Manager,Native English speaker,Lower tertiary education degree (Bachelor's level),Several times a day,D,1,100.0,A,0,90.0,D,0,93.0,B,0,44.0,D,1,100.0,B,0,95.0,B,1,95.0,A,1,63.0,B,1,94.0,A,1,65.0,B,0,90.0,D,0,100.0,6,85.75,0.83,5.0,2.0,5.0,2.0,3.0,3.0,5.0,5.0,2.0,5.0,2.0,80.0,7.0,6.0,7.0,6.0,4.0,5.0,5.0,5.0,1.62,19.0,1.0,7.0,16.0,18.0,15.0,12.67,3.0,3.0,3.0,2.0,4.0,3.0,3.33,5.0,4.0,4.0,4.0,5.0,2.0,5.0,5.0,4.5,1,1,1,38,12,9,10,10,6,8,2,3,I broke down a lot of the questions to get AI thinking about resolving the issues step by step so that I would be confident that it had considered all of the right things.  ,It mostly validated that way that I approached each task.,AI system was really easy to use and understand and was very efficient at returning responses.  I liked that it provided rationale around it's thinking and thought process.
5eb29fdddac67500082c1089,reflection-task,2026-08-16T21:58:17.078007+00:00,True,51,['Man'],stay at home parent,Native English speaker,Upper secondary school / High school,A few times a month,D,1,65.0,A,0,17.0,D,0,43.0,B,0,73.0,D,1,63.0,B,0,36.0,B,1,76.0,C,0,74.0,B,1,38.0,D,0,70.0,D,1,18.0,D,0,8.0,5,48.42,6.14,4.0,2.0,3.0,2.0,3.0,3.0,4.0,5.0,2.0,4.0,2.0,67.5,7.0,5.0,7.0,7.0,4.0,5.0,6.0,6.0,1.88,10.0,3.0,19.0,9.0,10.0,20.0,11.83,3.0,3.0,2.0,3.0,4.0,4.0,3.5,4.0,4.0,3.0,3.0,5.0,3.0,5.0,4.0,3.88,1,1,1,35,9,6,9,10,3,10,1,3,I used AI completely because I knew by looking at the time allocated for the study that this was going to be VERY tight as regards to finishing in time which added extra pressure and stress to wards the end. can't say i enjoyed it to be honest,"it didn't change the way i looked at the task, i used the same method for every question so i felt like i was repeating myself a lot on the reflections.",
6a00c8f030917dccf9734123,reflection-task,2026-08-16T22:01:34.747552+00:00,True,39,['Woman'],Quality assurance manager,Native English speaker,Higher tertiary education degree (Master's level),A few times a week,D,1,81.0,A,0,41.0,D,0,87.0,B,0,14.0,D,1,89.0,C,1,97.0,B,1,57.0,A,1,31.0,B,1,32.0,A,1,68.0,D,1,34.0,B,1,60.0,9,57.58,13.67,4.0,2.0,5.0,1.0,5.0,4.0,4.0,5.0,1.0,4.0,2.0,80.0,5.0,5.0,6.0,5.0,3.0,5.0,5.0,4.0,0.75,17.0,5.0,20.0,1.0,18.0,20.0,13.5,4.0,4.0,1.0,2.0,4.0,4.0,4.17,2.0,4.0,2.0,2.0,4.0,4.0,4.0,4.0,3.0,1,1,1,35,3,8,6,5,3,6,2,4,I didn't ahve time as the 12 questions took an unbelievable amount of time - i strated off looking at each carefully but ultimately prolific timed out and I've spent nearly two hours doing this,"I didn't find it helpful, after the fisrt 3-4 questions i just found it irritating and  waste of time typing teh same thing over and over and over",no
6775d2dc10021f9d74ab65aa,reflection-task,2026-08-16T22:02:04.465127+00:00,True,32,['Woman'],Education Specialist,Native English speaker,Lower tertiary education degree (Bachelor's level),Several times a day,D,1,78.0,C,0,86.0,D,0,73.0,B,0,93.0,D,1,100.0,B,0,100.0,D,0,90.0,D,0,97.0,B,1,44.0,D,0,100.0,D,1,98.0,D,0,82.0,4,86.75,-10.12,4.0,2.0,5.0,1.0,2.0,2.0,5.0,5.0,1.0,4.0,2.0,80.0,6.0,4.0,6.0,5.0,3.0,4.0,1.0,1.0,-0.25,17.0,1.0,10.0,17.0,17.0,7.0,11.5,1.0,1.0,4.0,4.0,3.0,1.0,1.67,4.0,4.0,2.0,2.0,5.0,1.0,5.0,5.0,4.0,1,1,1,34,12,9,10,9,4,8,4,4,I tried to create better prompts that led to more accurate answers from the AI or rationales that were easier for me to follow and understand. ,It made me question how confident I was in the task and my ability to explain the rationale I gained from the AI advice. ,"I found the AI to be speedy and explanations were clear, easy to follow for the most part. I was not always confident it was giving me the correct answers/following the rules consistently. "
5d888c72662f2c0017f6339a,reflection-task,2026-08-16T22:04:14.788452+00:00,True,38,['Man'],Education (Outreach & Partnerships),Native English speaker,Lower tertiary education degree (Bachelor's level),Several times a day,D,1,92.0,D,0,74.0,D,0,22.0,A,1,57.0,D,1,100.0,B,0,100.0,D,0,77.0,D,0,84.0,B,1,82.0,A,1,52.0,B,0,50.0,D,0,94.0,5,73.67,5.03,3.0,1.0,5.0,1.0,3.0,1.0,4.0,5.0,1.0,5.0,1.0,87.5,7.0,7.0,7.0,7.0,5.0,5.0,4.0,3.0,1.62,15.0,2.0,1.0,16.0,14.0,1.0,8.17,3.0,4.0,2.0,3.0,4.0,4.0,3.67,4.0,3.0,2.0,2.0,5.0,1.0,4.0,4.0,3.62,1,0,1,84,9,12,4,6,12,3,4,5,"I mostly relied on AI to do the groundwork which would have taken me hours to do - even though this was at the sacrifice of accuracy. I started with giving AI the statement and then answers initially, after AI was changing it's answers, it's reasons were due to it understanding ambigious wording so I had to change the prompt.","I don't think it did, I felt like maybe I should have done more of my own work with less reliance on AI as justifying the answer was hard as I was mostly influenced by the AI assistant.","I think on the first two answers I may have clicked ""both statements correct"" I think I was meant to put ""neither are correct"" "
69f24574b54c25c94cb2a42a,reflection-task,2026-08-16T22:16:43.387618+00:00,True,22,['Man'],Student,Fully fluent,Lower tertiary education degree (Bachelor's level),Several times a day,D,1,70.0,B,1,67.0,A,1,79.0,B,0,100.0,D,1,77.0,B,0,79.0,B,1,75.0,D,0,73.0,B,1,78.0,A,1,66.0,A,0,52.0,B,1,69.0,8,73.75,-3.38,4.0,2.0,4.0,2.0,4.0,1.0,5.0,5.0,3.0,5.0,2.0,80.0,6.0,4.0,6.0,3.0,4.0,4.0,5.0,5.0,0.62,16.0,9.0,9.0,18.0,17.0,1.0,11.67,3.0,3.0,2.0,3.0,5.0,3.0,3.5,4.0,3.0,4.0,3.0,4.0,3.0,3.0,3.0,3.38,1,1,1,16,10,7,4,10,5,12,4,4,I asked help from AI assistant ,I was able to understand what was expected of me from this exercise.,"Good job, keep it up!"
69fcc05f140c19957cbdc016,reflection-task,2026-08-16T22:22:13.050839+00:00,True,55,['Woman'],civil servant,Native English speaker,Lower tertiary education degree (Bachelor's level),A few times a week,D,1,66.0,A,0,74.0,D,0,59.0,D,0,55.0,D,1,86.0,D,0,58.0,D,0,72.0,B,0,51.0,B,1,52.0,A,1,35.0,B,0,49.0,D,0,54.0,4,59.25,0.75,4.0,3.0,4.0,2.0,4.0,2.0,4.0,5.0,2.0,3.0,2.0,70.0,4.0,6.0,6.0,3.0,4.0,4.0,3.0,5.0,0.38,12.0,6.0,9.0,14.0,17.0,19.0,12.83,4.0,4.0,3.0,2.0,4.0,3.0,3.67,4.0,3.0,4.0,4.0,4.0,3.0,4.0,3.0,3.62,1,1,1,28,12,10,10,11,8,11,5,3,"I relied on the AI more as the task went on, as the early answers I checked were all correct","I'm too annoyed to think about it right now, it was mentally draining",no
6a0219353eab8f39711ab298,reflection-task,2026-08-16T22:43:46.856205+00:00,True,22,['Man'],Student,Native English speaker,Lower tertiary education degree (Bachelor's level),A few times a week,D,1,78.0,D,0,74.0,B,0,70.0,C,0,63.0,D,1,89.0,B,0,98.0,B,1,76.0,B,0,28.0,B,1,93.0,A,1,41.0,D,1,68.0,A,0,58.0,6,69.67,9.0,4.0,2.0,4.0,2.0,4.0,2.0,3.0,5.0,1.0,4.0,2.0,75.0,6.0,4.0,5.0,6.0,2.0,4.0,3.0,4.0,0.25,15.0,4.0,5.0,13.0,15.0,9.0,10.17,3.0,3.0,3.0,4.0,4.0,3.0,3.0,5.0,4.0,4.0,5.0,5.0,5.0,5.0,4.0,4.12,1,1,1,23,10,7,11,8,6,9,4,3,,,
6a101a0a715aa6ec532858d2,reflection-task,2026-08-16T22:45:11.822835+00:00,True,26,['Woman'],Philanthropy Officer,Native English speaker,Lower tertiary education degree (Bachelor's level),Less than once a month,D,1,66.0,B,1,50.0,B,0,19.0,C,0,59.0,D,1,66.0,D,0,96.0,D,0,74.0,B,0,57.0,B,1,48.0,A,1,49.0,D,1,27.0,B,1,43.0,7,54.5,-11.14,3.0,2.0,4.0,1.0,4.0,3.0,4.0,5.0,2.0,3.0,2.0,70.0,5.0,6.0,5.0,5.0,3.0,2.0,3.0,3.0,0.0,20.0,1.0,8.0,12.0,16.0,14.0,11.83,2.0,3.0,2.0,2.0,3.0,3.0,3.17,4.0,3.0,2.0,2.0,5.0,5.0,3.0,2.0,2.75,1,1,1,30,9,9,9,10,4,10,3,3,,,
6a74cbaa67f22fab4c1b8a2e,reflection-task,2026-08-16T22:46:42.039828+00:00,True,31,['Woman'],home maker,Fully fluent,Lower tertiary education degree (Bachelor's level),Several times a day,A,0,99.0,A,0,97.0,D,0,99.0,B,0,100.0,D,1,97.0,B,0,98.0,B,1,98.0,A,1,96.0,B,1,99.0,D,0,99.0,B,0,99.0,D,0,99.0,4,98.33,-1.25,5.0,1.0,5.0,4.0,4.0,4.0,5.0,5.0,3.0,4.0,1.0,75.0,7.0,7.0,7.0,7.0,6.0,6.0,6.0,6.0,2.5,19.0,19.0,10.0,20.0,20.0,19.0,17.83,4.0,4.0,5.0,4.0,4.0,4.0,3.17,4.0,3.0,3.0,3.0,5.0,3.0,5.0,5.0,3.88,0,1,1,19,2,10,10,12,11,10,5,5,crosscheck and reading repeatedly,it was new and different for me.,great work
69f22308a09515c4b0bb3999,reflection-task,2026-08-16T22:51:13.500950+00:00,True,36,['Woman'],Retail supervisor,Native English speaker,Upper secondary school / High school,A few times a week,D,1,100.0,C,0,100.0,A,1,99.0,B,0,99.0,D,1,100.0,B,0,100.0,B,1,99.0,D,0,100.0,B,1,100.0,A,1,98.0,D,1,99.0,D,0,99.0,7,99.42,-0.31,3.0,3.0,3.0,4.0,4.0,1.0,3.0,5.0,3.0,3.0,3.0,55.0,6.0,4.0,4.0,4.0,5.0,5.0,5.0,5.0,0.75,5.0,2.0,2.0,15.0,4.0,1.0,4.83,3.0,3.0,3.0,3.0,4.0,3.0,3.17,4.0,3.0,4.0,4.0,4.0,3.0,3.0,4.0,3.62,0,1,1,14,8,6,8,10,5,10,3,3,NA,It made me look at it in a different way,NA
69ffa80077ddde4fae81232d,reflection-task,2026-08-16T22:58:28.712085+00:00,True,30,['Woman'],office worker,Native English speaker,Vocational college degree,About once a day,D,1,62.0,B,1,30.0,D,0,76.0,D,0,33.0,D,1,76.0,B,0,99.0,D,0,47.0,A,1,43.0,B,1,87.0,D,0,80.0,D,1,41.0,B,1,56.0,7,60.83,-10.57,4.0,2.0,5.0,1.0,3.0,2.0,5.0,5.0,3.0,4.0,1.0,80.0,5.0,6.0,4.0,6.0,4.0,5.0,5.0,3.0,0.75,20.0,17.0,20.0,11.0,20.0,20.0,18.0,1.0,1.0,5.0,5.0,3.0,1.0,1.33,4.0,4.0,3.0,4.0,4.0,2.0,4.0,4.0,3.88,1,1,1,19,12,2,12,12,0,12,2,3,Honestly I just read through the ai's reasonings and I felt it was accurate. I didn't want to spend too long trying to work it out on my own as I felt rushed for time as the task went on.,N.A,N/A
69fe8d0b1b03e0d3432cc2ac,reflection-task,2026-08-16T23:03:32.509342+00:00,True,26,['Man'],NHS General Manager,Native English speaker,Higher tertiary education degree (Master's level),About once a day,D,1,88.0,D,0,87.0,A,1,86.0,C,0,88.0,D,1,96.0,B,0,58.0,B,1,82.0,D,0,87.0,B,1,84.0,A,1,86.0,A,0,68.0,C,0,88.0,6,83.17,7.67,3.0,2.0,4.0,1.0,4.0,2.0,4.0,5.0,2.0,3.0,1.0,75.0,4.0,6.0,6.0,5.0,4.0,4.0,5.0,5.0,0.88,12.0,10.0,13.0,12.0,9.0,13.0,11.5,3.0,2.0,2.0,2.0,5.0,3.0,3.5,4.0,4.0,4.0,4.0,4.0,3.0,5.0,3.0,3.88,1,1,1,19,12,6,12,12,6,12,3,4,I would rarely check the AI answer myself. ,It make me feel like i had to remember the AI reasoning more.,N/A
64b53cb9f438ca54a2ca5065,reflection-task,2026-08-16T23:06:12.103197+00:00,True,53,['Woman'],Social Care worker,Native English speaker,Lower tertiary education degree (Bachelor's level),Several times a day,D,1,78.0,A,0,83.0,A,1,88.0,D,0,81.0,D,1,71.0,B,0,97.0,B,1,99.0,D,0,57.0,B,1,85.0,A,1,83.0,D,1,83.0,D,0,78.0,7,81.92,4.66,4.0,1.0,4.0,1.0,5.0,2.0,4.0,5.0,1.0,4.0,1.0,87.5,6.0,6.0,5.0,6.0,5.0,5.0,4.0,5.0,1.25,20.0,1.0,16.0,16.0,17.0,12.0,13.67,4.0,4.0,2.0,2.0,4.0,4.0,4.0,4.0,3.0,3.0,3.0,4.0,3.0,4.0,3.0,3.38,1,1,1,27,10,3,7,8,3,8,3,2,I made sure to read the reasoning carefully and asked the AI to check on occasion,I don't think it did,
6a0c84116baeec20e6a2daeb,reflection-task,2026-08-16T23:07:57.552016+00:00,True,21,['Man'],Student,Native English speaker,Vocational college degree,Several times a day,D,1,100.0,A,0,100.0,D,0,100.0,D,0,100.0,D,1,100.0,B,0,100.0,B,1,100.0,A,1,67.0,B,1,100.0,A,1,100.0,B,0,100.0,D,0,100.0,6,97.25,-5.5,5.0,1.0,5.0,1.0,5.0,1.0,5.0,5.0,1.0,5.0,1.0,100.0,6.0,7.0,7.0,6.0,4.0,5.0,2.0,3.0,1.0,20.0,1.0,15.0,13.0,12.0,13.0,12.33,2.0,2.0,5.0,4.0,4.0,2.0,2.17,5.0,2.0,5.0,5.0,5.0,3.0,5.0,5.0,4.38,1,1,1,15,12,6,12,12,3,12,2,2,"After the AI assistant proved its ability to plan and organise and reason, I found no reason not to trust it. So I just sort of let the AI assistant figure it out, read through its reasoning to understand it myself, and went with that.","It didn't very much. I understand that this task is probably more about the AI assistant than my planning skills, which is evident because my planning skills are poor and I still qualified for the study.",
69385c6d6d45913c278c939c,reflection-task,2026-08-16T23:08:30.509081+00:00,True,47,['Woman'],Fraud Advisor,Native English speaker,Vocational college degree,Never,A,0,97.0,C,0,97.0,A,1,82.0,C,0,66.0,D,1,99.0,B,0,99.0,B,1,98.0,D,0,98.0,B,1,91.0,D,0,97.0,D,1,92.0,D,0,96.0,5,92.67,-0.46,3.0,1.0,5.0,1.0,3.0,1.0,5.0,5.0,1.0,5.0,1.0,90.0,6.0,7.0,7.0,7.0,4.0,7.0,5.0,5.0,2.0,18.0,7.0,8.0,15.0,13.0,7.0,11.33,5.0,5.0,1.0,1.0,5.0,5.0,5.0,5.0,3.0,4.0,3.0,5.0,3.0,3.0,3.0,3.62,1,1,1,25,12,12,12,12,9,10,3,2,I just looked at the information to hand and reasoned it out. The AI assistant was helpful to some degree.,It didn't.,The study made me appreciate the speed at which AI can accomplish a task.
6a0866997112d0a40ec6f298,reflection-task,2026-08-16T23:17:34.689860+00:00,True,29,['Woman'],Psychologist,Native English speaker,Lower tertiary education degree (Bachelor's level),About once a day,D,1,100.0,B,1,100.0,A,1,100.0,A,1,100.0,A,0,100.0,C,1,100.0,B,1,100.0,A,1,100.0,B,1,100.0,A,1,100.0,D,1,100.0,D,0,100.0,10,100.0,0.0,3.0,2.0,4.0,1.0,4.0,2.0,4.0,5.0,1.0,4.0,4.0,72.5,6.0,5.0,6.0,6.0,4.0,5.0,3.0,3.0,0.75,17.0,17.0,11.0,20.0,18.0,2.0,14.17,4.0,4.0,3.0,4.0,4.0,4.0,3.5,4.0,3.0,4.0,4.0,4.0,2.0,4.0,4.0,3.88,1,1,1,40,11,7,8,9,8,5,4,4,"I mapped schedules manually, validated each constraint step-by-step, and verified the AI's Math before deciding.",It prompted me to structure my reasoning clearly and catch subtle timing or logic gaps in the AI's advice.,None.
6a13567c2708fe5a72d06e20,reflection-task,2026-08-16T23:34:28.313342+00:00,True,19,['Man'],Student,Native English speaker,Upper secondary school / High school,A few times a week,D,1,100.0,C,0,34.0,A,1,66.0,D,0,100.0,D,1,100.0,B,0,100.0,B,1,87.0,C,0,41.0,B,1,99.0,D,0,20.0,B,0,96.0,D,0,100.0,5,78.58,20.26,4.0,1.0,5.0,1.0,4.0,2.0,4.0,5.0,3.0,5.0,5.0,75.0,6.0,6.0,6.0,5.0,4.0,5.0,3.0,2.0,0.62,16.0,18.0,19.0,15.0,15.0,13.0,16.0,5.0,4.0,2.0,2.0,5.0,5.0,4.5,5.0,5.0,5.0,5.0,5.0,4.0,5.0,5.0,4.62,1,0,1,26,10,7,9,12,8,10,4,4,"I used my own solving strategies in my head, and then used the AI to check my answers. If there was any difference between the 2 I would ask the AI to go into more detail. ","It has made me think that the AI is more trustworthy than originally thought, and that this task was to see how my thoughts would change before and after the task.",
67803b5508f3d995ef13696b,reflection-task,2026-08-16T23:37:10.287443+00:00,True,57,['Woman'],Events Organiser ,Native English speaker,Lower tertiary education degree (Bachelor's level),About once a day,D,1,73.0,D,0,84.0,D,0,97.0,D,0,95.0,D,1,100.0,C,1,96.0,B,1,88.0,A,1,63.0,A,0,92.0,D,0,56.0,D,1,79.0,B,1,58.0,7,81.75,-5.23,2.0,3.0,3.0,1.0,5.0,3.0,3.0,5.0,3.0,2.0,1.0,60.0,3.0,5.0,4.0,5.0,5.0,5.0,4.0,4.0,0.38,18.0,5.0,19.0,10.0,17.0,5.0,12.33,4.0,3.0,2.0,2.0,4.0,4.0,3.83,2.0,3.0,1.0,1.0,4.0,4.0,3.0,3.0,2.38,1,1,1,42,8,2,8,8,4,7,3,2,I used a pen and paper to write down things for myself. I sometimes tried to work it out on my own and sometimes with the Ai.,"It got me thinking more about my relationship to the Ai - whether i was using it to think for me, using it to back up my answers or working with it or whether i felt like i was training it.",Sometimes i thought the Ai was hard work - that i couldn't trust it and it made me think that working without the AI might have been quicker. 
6a06492bd18cc8c960c61577,reflection-task,2026-08-16T23:41:58.190097+00:00,True,23,['Woman'],healthcare support worker,Native English speaker,Vocational college degree,A few times a week,D,1,98.0,B,1,75.0,A,1,93.0,B,0,97.0,D,1,100.0,C,1,98.0,B,1,100.0,D,0,81.0,B,1,99.0,A,1,81.0,B,0,97.0,D,0,98.0,8,93.08,-0.25,4.0,2.0,4.0,2.0,4.0,1.0,4.0,5.0,2.0,4.0,2.0,77.5,6.0,6.0,6.0,6.0,5.0,6.0,5.0,5.0,1.62,18.0,17.0,3.0,18.0,20.0,10.0,14.33,3.0,4.0,4.0,3.0,4.0,3.0,3.17,5.0,3.0,4.0,4.0,5.0,2.0,4.0,4.0,4.12,1,1,1,27,12,10,12,10,7,10,5,4,"i carefully read the scenario, broke the info into smaller parts, compared the available options and checked the AI answers against the details before making my final choice",it helped me recognise the importance of checking each condition carefully and not relying on an answer without comparing it with the info given in the scenario,the AI was useful for working through the problems and providing another perspective but always checked the answers in case AI was not always correct
6a163308b7e5d344067653cf,reflection-task,2026-08-16T23:42:46.616489+00:00,True,29,['Woman'],STUDENT,Native English speaker,Upper secondary school / High school,About once a day,B,0,73.0,C,0,100.0,D,0,80.0,B,0,74.0,D,1,100.0,D,0,97.0,B,1,93.0,A,1,93.0,B,1,97.0,D,0,73.0,B,0,63.0,D,0,91.0,4,86.17,14.38,3.0,2.0,4.0,2.0,3.0,4.0,5.0,5.0,3.0,4.0,2.0,65.0,4.0,3.0,2.0,2.0,2.0,3.0,4.0,2.0,-1.25,20.0,9.0,6.0,18.0,20.0,20.0,15.5,2.0,3.0,4.0,4.0,3.0,2.0,2.33,4.0,4.0,4.0,3.0,3.0,3.0,3.0,3.0,3.38,1,1,1,32,8,6,10,12,4,10,5,4,the study was really long with lots of information dump which felt mentally taxing after a while and made my answers less than the best i could have possibly given,,
69f7dbef9b0fbd9afdf8cfd0,reflection-task,2026-08-16T23:43:36.809070+00:00,True,37,['Woman'],Marketing Manager,Conversationally fluent,Higher tertiary education degree (Master's level),Several times a day,D,1,97.0,B,1,64.0,A,1,63.0,B,0,72.0,D,1,69.0,B,0,69.0,B,1,75.0,C,0,62.0,B,1,66.0,A,1,69.0,C,0,61.0,D,0,69.0,7,69.67,5.26,5.0,1.0,4.0,2.0,4.0,1.0,4.0,5.0,1.0,5.0,1.0,90.0,6.0,5.0,6.0,7.0,6.0,6.0,7.0,6.0,2.12,18.0,3.0,10.0,13.0,16.0,13.0,12.17,4.0,3.0,1.0,2.0,4.0,4.0,4.0,5.0,4.0,5.0,4.0,5.0,1.0,4.0,4.0,4.5,1,1,1,14,6,5,3,10,8,10,4,5,"THINKING LOGIC, CHOOSE THE ANSWER QUICKLY FOR THE TIME. CHECK THE ANSWER WITH AI ASSISTANT","SO HARD, AND BIG PRESSURE BECAUSE THE TIME 47 MINUTES IS NOT ENOUGH AT ALL",THE TIME 47 MINUTES IS NOT ENOUGH AT ALL
6a0f4f1cd8a7e2077d91f7b0,reflection-task,2026-08-16T23:46:14.900462+00:00,True,37,['Man'],Product Designer,Conversationally fluent,Higher tertiary education degree (Master's level),Several times a day,D,1,98.0,A,0,100.0,D,0,97.0,B,0,53.0,D,1,100.0,B,0,100.0,B,1,100.0,C,0,100.0,B,1,95.0,A,1,100.0,A,0,99.0,B,1,98.0,6,95.0,7.0,4.0,2.0,3.0,1.0,3.0,1.0,4.0,5.0,2.0,4.0,1.0,77.5,5.0,3.0,7.0,3.0,5.0,6.0,7.0,4.0,1.0,20.0,10.0,15.0,20.0,16.0,18.0,16.5,5.0,5.0,1.0,2.0,5.0,4.0,4.67,4.0,4.0,4.0,4.0,5.0,3.0,5.0,3.0,4.0,1,1,1,46,10,7,8,11,4,11,4,5,I asked ai to breakdown the scenario in shor with important points.,"The hardest part, on first few question I was aware then the task got tougher my brain also getting drain lol.",in some question AI took 2 final decision there I got confused again I asked the recheck and gave me the final answer which was satisfying. overall it was smooth a fast.
6a1c909acac501fda8f70a1f,reflection-task,2026-08-16T23:59:01.062789+00:00,True,19,['Man'],Researcher in applied biology,Fully fluent,Lower tertiary education degree (Bachelor's level),Several times a day,B,0,99.0,B,1,97.0,D,0,100.0,D,0,98.0,D,1,85.0,B,0,99.0,D,0,99.0,D,0,100.0,B,1,99.0,A,1,99.0,D,1,90.0,B,1,95.0,6,96.67,-5.0,4.0,2.0,3.0,1.0,5.0,2.0,1.0,5.0,2.0,4.0,4.0,65.0,5.0,5.0,2.0,4.0,6.0,4.0,7.0,3.0,0.5,19.0,14.0,8.0,20.0,20.0,15.0,16.0,5.0,4.0,2.0,1.0,5.0,5.0,4.67,4.0,2.0,1.0,1.0,5.0,4.0,5.0,1.0,2.62,0,1,1,27,12,12,5,11,9,10,5,5,I used AI first then double-checked my answer for extreme precision. AI was highly useful for calculation-based questions.,"Yes.. And in fact, at one point, i realized i chose wrong answer which i mentioned later in answer justification.","During problem solving i believe, AI should be used to make possible calculations, combinations and manual labour. However, for making actual decision, human should always have upper hand."
6a0e73f23463fbfd2d3fad26,reflection-task,2026-08-17T00:21:27.168364+00:00,True,28,['Woman'],Support worker,Fully fluent,Lower tertiary education degree (Bachelor's level),Several times a day,D,1,98.0,A,0,97.0,D,0,97.0,D,0,99.0,D,1,98.0,D,0,95.0,D,0,84.0,D,0,96.0,D,0,77.0,D,0,45.0,D,1,69.0,A,0,79.0,3,86.17,2.89,4.0,3.0,3.0,2.0,3.0,4.0,3.0,3.0,4.0,4.0,3.0,52.5,1.0,2.0,4.0,3.0,3.0,3.0,4.0,4.0,-1.0,19.0,19.0,19.0,18.0,19.0,19.0,18.83,3.0,3.0,3.0,2.0,2.0,4.0,3.17,3.0,3.0,3.0,3.0,4.0,3.0,3.0,2.0,3.0,1,1,0,18,12,12,12,12,6,11,5,5,read everything,yes needed more concentration,
59e879752f63d30001c8fb9f,reflection-task,2026-08-17T08:43:33.599773+00:00,True,50,['Man'],Lecturer,Native English speaker,Doctoral degree,A few times a week,D,1,99.0,D,0,97.0,A,1,97.0,C,0,97.0,D,1,97.0,C,1,99.0,B,1,98.0,D,0,97.0,B,1,99.0,D,0,98.0,D,1,99.0,D,0,98.0,7,97.92,0.89,4.0,2.0,4.0,2.0,4.0,2.0,5.0,5.0,2.0,5.0,2.0,80.0,7.0,7.0,7.0,7.0,7.0,5.0,6.0,6.0,2.5,17.0,4.0,12.0,17.0,18.0,17.0,14.17,2.0,3.0,2.0,2.0,4.0,4.0,3.5,5.0,5.0,5.0,5.0,5.0,2.0,5.0,5.0,4.88,1,1,1,27,12,7,12,12,3,7,2,4,I releied on the AI each time,I'm glad it asked me about how stessful it was,
6a01836a5b9dd1d277f9bb9b,reflection-task,2026-08-17T09:12:22.374273+00:00,True,47,['Man'],Supplies manager,Native English speaker,Vocational college degree,About once a week,D,1,59.0,B,1,75.0,A,1,70.0,B,0,63.0,D,1,89.0,B,0,32.0,D,0,46.0,C,0,86.0,B,1,77.0,A,1,64.0,B,0,22.0,D,0,76.0,6,63.25,18.17,5.0,1.0,4.0,2.0,4.0,2.0,4.0,5.0,2.0,4.0,2.0,80.0,6.0,6.0,6.0,6.0,6.0,6.0,6.0,6.0,2.0,17.0,3.0,10.0,14.0,5.0,5.0,9.0,2.0,2.0,4.0,4.0,2.0,2.0,2.0,5.0,3.0,4.0,4.0,4.0,4.0,4.0,4.0,3.75,0,1,1,35,10,4,6,9,3,3,1,4,i didnt have a strategy ,no,none
6a258e58da162873e87be594,reflection-task,2026-08-17T09:35:54.706736+00:00,True,25,['Woman'],Data Analyst,Fully fluent,Higher tertiary education degree (Master's level),Several times a day,D,1,90.0,C,0,92.0,A,1,92.0,B,0,87.0,D,1,84.0,B,0,65.0,A,0,87.0,C,0,85.0,B,1,67.0,D,0,86.0,B,0,84.0,D,0,90.0,4,84.08,-1.25,3.0,1.0,4.0,1.0,4.0,1.0,4.0,5.0,2.0,4.0,1.0,82.5,6.0,5.0,6.0,6.0,6.0,6.0,6.0,2.0,1.38,16.0,15.0,4.0,16.0,15.0,15.0,13.5,4.0,4.0,1.0,2.0,4.0,4.0,4.17,4.0,4.0,4.0,4.0,4.0,4.0,4.0,4.0,3.75,1,1,1,39,8,5,8,8,6,5,4,4,The strategies was basically only asking the model again and again to see if it gives a better result,"I think I read the scenario and consider what I feel is correct but ask the model and when it gives me a suggestion that contradicts what I think, I ask it again",nothing
674c4edddd135ab435debd87,reflection-task,2026-08-17T09:52:47.211911+00:00,True,33,['Man'],Cloud Engineer,Native English speaker,Higher tertiary education degree (Master's level),Several times a day,A,0,99.0,A,0,98.0,A,1,99.0,D,0,91.0,D,1,97.0,B,0,97.0,B,1,91.0,C,0,98.0,B,1,89.0,A,1,99.0,B,0,98.0,D,0,100.0,5,96.33,-2.29,5.0,3.0,4.0,1.0,3.0,3.0,4.0,5.0,4.0,5.0,1.0,72.5,7.0,5.0,7.0,7.0,7.0,7.0,6.0,6.0,2.5,20.0,20.0,20.0,20.0,20.0,20.0,20.0,5.0,5.0,1.0,4.0,5.0,3.0,4.17,5.0,4.0,5.0,4.0,5.0,2.0,5.0,4.0,4.5,1,1,1,28,12,12,10,12,12,10,2,4,,,
6a0391221d9e1acf4cddf176,reflection-task,2026-08-17T10:19:24.976972+00:00,True,55,['Woman'],Finance,Native English speaker,Upper secondary school / High school,About once a week,A,0,51.0,B,1,83.0,A,1,41.0,B,0,69.0,D,1,99.0,D,0,60.0,B,1,73.0,A,1,20.0,B,1,81.0,D,0,79.0,B,0,85.0,D,0,64.0,6,67.08,-1.83,5.0,1.0,5.0,1.0,4.0,1.0,5.0,5.0,1.0,4.0,1.0,95.0,7.0,7.0,7.0,6.0,6.0,7.0,6.0,6.0,2.5,20.0,18.0,9.0,9.0,16.0,4.0,12.67,4.0,4.0,2.0,2.0,4.0,4.0,4.0,4.0,3.0,3.0,3.0,4.0,4.0,4.0,5.0,3.5,1,1,1,41,5,3,5,8,3,8,5,5,I tried to get answer on own first,no,
5f18bd319b35c70d79e46f66,reflection-task,2026-08-17T10:27:54.494026+00:00,True,27,['Man'],self-employed,Native English speaker,Upper secondary school / High school,A few times a week,D,1,94.0,A,0,92.0,D,0,82.0,C,0,78.0,D,1,91.0,B,0,100.0,D,0,93.0,D,0,74.0,B,1,86.0,D,0,81.0,D,1,89.0,B,1,94.0,5,87.83,5.09,4.0,1.0,5.0,1.0,4.0,1.0,5.0,5.0,1.0,5.0,1.0,95.0,5.0,6.0,2.0,4.0,3.0,5.0,5.0,3.0,0.12,20.0,1.0,20.0,18.0,8.0,13.0,13.33,1.0,3.0,4.0,4.0,2.0,2.0,2.0,5.0,4.0,4.0,4.0,4.0,3.0,3.0,4.0,3.88,1,1,1,20,10,7,9,12,4,12,2,4,,,
65537e14439274fe5036b4d2,reflection-task,2026-08-17T10:31:19.948216+00:00,True,39,['Man'],operations manager,Native English speaker,Higher tertiary education degree (Master's level),About once a day,D,1,87.0,D,0,72.0,D,0,70.0,D,0,75.0,A,0,80.0,B,0,75.0,B,1,68.0,D,0,69.0,B,1,80.0,A,1,69.0,A,0,73.0,B,1,72.0,5,74.17,1.77,2.0,2.0,3.0,2.0,2.0,2.0,3.0,5.0,3.0,3.0,3.0,52.5,4.0,4.0,5.0,3.0,5.0,3.0,3.0,3.0,-0.25,9.0,4.0,7.0,11.0,12.0,2.0,7.5,3.0,3.0,3.0,3.0,3.0,3.0,3.0,4.0,4.0,4.0,4.0,4.0,2.0,3.0,3.0,3.75,1,1,1,23,9,8,9,9,9,9,3,2,I used the AI to support me ,It didnt make a difference to how i saw the task ,no
63d7c110ae88487271c4bfd1,reflection-task,2026-08-17T10:32:57.680396+00:00,True,36,['Man'],Film Programmer,Native English speaker,Lower tertiary education degree (Bachelor's level),About once a week,D,1,78.0,A,0,24.0,D,0,81.0,D,0,84.0,D,1,84.0,C,1,79.0,D,0,61.0,B,0,84.0,C,0,89.0,D,0,86.0,D,1,0.0,D,0,78.0,4,69.0,-13.12,2.0,1.0,5.0,3.0,4.0,5.0,3.0,5.0,2.0,2.0,1.0,60.0,6.0,7.0,2.0,6.0,5.0,4.0,4.0,4.0,0.75,17.0,2.0,4.0,12.0,11.0,2.0,8.0,4.0,4.0,1.0,1.0,4.0,4.0,4.33,2.0,2.0,1.0,2.0,2.0,4.0,4.0,3.0,2.25,1,1,1,77,12,3,12,8,3,6,5,5,I just kept pushing it to double check and explain itself to me each time.,"Not hugely, but it reminded me that it was prob set up to make some mistakes to see if I was checking.",None
666ead197fa250fa7cffe77a,reflection-task,2026-08-17T10:39:54.555154+00:00,True,47,['Man'],Administrative officer,Native English speaker,Vocational college degree,Several times a day,D,1,100.0,D,0,100.0,D,0,100.0,B,0,100.0,D,1,100.0,B,0,100.0,B,1,100.0,D,0,100.0,B,1,100.0,D,0,100.0,D,1,100.0,D,0,100.0,5,100.0,0.0,5.0,1.0,5.0,1.0,5.0,1.0,5.0,5.0,1.0,5.0,1.0,100.0,7.0,7.0,7.0,7.0,4.0,6.0,6.0,6.0,2.25,4.0,1.0,4.0,18.0,2.0,2.0,5.17,5.0,5.0,1.0,1.0,5.0,5.0,5.0,5.0,5.0,5.0,5.0,5.0,1.0,5.0,5.0,5.0,1,1,1,23,12,12,12,12,12,12,4,2,I trusted the Ai fully,it didn't,n/a
6a04a45951d1ba0b33c7a56b,reflection-task,2026-08-17T10:50:17.345827+00:00,True,28,['Man'],Customer Advisor,Native English speaker,Lower tertiary education degree (Bachelor's level),Several times a day,A,0,97.0,C,0,100.0,A,1,100.0,B,0,99.0,D,1,100.0,B,0,99.0,D,0,100.0,D,0,99.0,C,0,98.0,A,1,97.0,A,0,100.0,D,0,100.0,3,99.08,-0.11,4.0,4.0,4.0,5.0,4.0,4.0,5.0,5.0,4.0,4.0,4.0,50.0,6.0,7.0,7.0,6.0,5.0,6.0,6.0,6.0,2.12,8.0,2.0,3.0,17.0,16.0,3.0,8.17,4.0,4.0,5.0,4.0,4.0,3.0,3.0,4.0,4.0,3.0,4.0,4.0,3.0,5.0,5.0,4.0,1,1,1,17,12,6,10,10,4,10,4,4,,,
69fcf284ba393d763498206c,reflection-task,2026-08-17T10:52:28.398463+00:00,True,35,['Woman'],Technical Lead,Fully fluent,Lower tertiary education degree (Bachelor's level),About once a day,D,1,61.0,B,1,68.0,B,0,85.0,C,0,77.0,D,1,80.0,A,0,73.0,B,1,49.0,A,1,74.0,B,1,68.0,D,0,27.0,D,1,66.0,D,0,67.0,7,66.25,0.77,2.0,4.0,3.0,3.0,3.0,2.0,2.0,5.0,3.0,4.0,2.0,50.0,4.0,5.0,5.0,5.0,2.0,2.0,2.0,2.0,-0.62,20.0,18.0,5.0,10.0,16.0,18.0,14.5,2.0,2.0,3.0,3.0,3.0,3.0,2.67,4.0,3.0,3.0,4.0,2.0,3.0,4.0,4.0,3.38,1,1,1,13,11,8,10,11,6,10,4,3,i checked the info provide in the tables and statements,it did not,NA
6a509cf81c38ed4e29884a9c,reflection-task,2026-08-17T11:05:23.168434+00:00,True,32,['Man'],Financial Analyst,Native English speaker,Higher tertiary education degree (Master's level),Several times a day,D,1,100.0,A,0,100.0,D,0,99.0,B,0,100.0,D,1,98.0,B,0,100.0,D,0,100.0,D,0,100.0,B,1,90.0,A,1,100.0,D,1,100.0,D,0,100.0,5,98.92,-2.26,5.0,1.0,5.0,1.0,4.0,1.0,5.0,5.0,1.0,5.0,1.0,97.5,7.0,7.0,6.0,7.0,4.0,6.0,6.0,7.0,2.25,20.0,20.0,12.0,19.0,17.0,12.0,16.67,3.0,4.0,2.0,1.0,5.0,4.0,4.17,5.0,4.0,5.0,4.0,4.0,2.0,4.0,5.0,4.38,1,1,1,22,12,7,11,4,12,11,4,5,,,
69e77eeca0f0281b1d24813f,reflection-task,2026-08-17T11:07:25.623244+00:00,True,63,['Man'],retired,Native English speaker,Upper secondary school / High school,A few times a week,D,1,94.0,D,0,98.0,D,0,90.0,D,0,92.0,A,0,4.0,C,1,4.0,A,0,94.0,D,0,98.0,B,1,96.0,A,1,99.0,B,0,94.0,B,1,91.0,5,79.5,-4.63,5.0,2.0,5.0,1.0,5.0,1.0,5.0,5.0,1.0,5.0,1.0,97.5,6.0,6.0,7.0,7.0,4.0,6.0,6.0,6.0,2.0,20.0,12.0,20.0,14.0,18.0,19.0,17.17,1.0,1.0,1.0,4.0,1.0,1.0,1.83,5.0,3.0,5.0,5.0,5.0,2.0,5.0,5.0,4.62,1,1,1,24,12,3,12,12,0,12,1,3,trusted the ai fully,left me totally confused if im being honest,ai was amazing
69e7cca9182bc6179eefff1d,reflection-task,2026-08-17T11:09:48.182184+00:00,True,36,['Woman'],Administration/clerical,Native English speaker,Vocational college degree,Several times a day,D,1,100.0,A,0,100.0,A,1,100.0,B,0,100.0,D,1,100.0,B,0,100.0,B,1,100.0,D,0,100.0,B,1,100.0,A,1,100.0,D,1,100.0,D,0,100.0,7,100.0,0.0,2.0,4.0,5.0,1.0,3.0,1.0,4.0,5.0,1.0,5.0,1.0,77.5,7.0,7.0,7.0,5.0,3.0,5.0,3.0,2.0,0.88,20.0,1.0,20.0,15.0,20.0,19.0,15.83,5.0,1.0,1.0,5.0,1.0,2.0,2.5,4.0,2.0,4.0,5.0,2.0,1.0,5.0,4.0,3.88,1,1,1,41,8,2,8,12,3,10,5,3,"I asked aI to double check my findings, always (I always do!) ",no difference. ,"more time is needed to complete the tasks more thouroughly, I was rushed at the end which isnt how I like to complete the studies. This study was meant to take 40mins. I am currently approx 70 mins in and wasnt long enough. "
6a0cbcf2dfec28ecd231ff80,reflection-task,2026-08-17T11:12:22.529377+00:00,True,20,['Man'],"senior manager, IT company",Native English speaker,Lower tertiary education degree (Bachelor's level),Several times a day,D,1,85.0,D,0,71.0,D,0,73.0,C,0,72.0,D,1,77.0,C,1,78.0,D,0,80.0,D,0,84.0,B,1,64.0,A,1,68.0,B,0,70.0,D,0,64.0,5,73.83,0.97,4.0,2.0,4.0,2.0,4.0,2.0,4.0,5.0,1.0,4.0,2.0,77.5,5.0,6.0,5.0,5.0,6.0,5.0,6.0,5.0,1.38,16.0,18.0,12.0,15.0,16.0,13.0,15.0,4.0,5.0,1.0,2.0,4.0,5.0,4.5,4.0,5.0,4.0,4.0,5.0,2.0,5.0,4.0,4.38,1,0,1,15,8,9,8,8,8,8,5,1,"no secial strategies, i only analzed the scenerios carefully and checked the statements",no,no comments
66d4407f31981698998d25d8,reflection-task,2026-08-17T11:22:55.391705+00:00,True,38,['Man'],Data Analyst,Native English speaker,Higher tertiary education degree (Master's level),Several times a day,D,1,65.0,B,1,45.0,D,0,78.0,D,0,45.0,A,0,84.0,D,0,80.0,D,0,19.0,A,1,47.0,B,1,66.0,C,0,62.0,A,0,74.0,A,0,61.0,4,60.5,-7.12,5.0,1.0,5.0,1.0,5.0,1.0,5.0,5.0,3.0,5.0,1.0,95.0,7.0,5.0,7.0,7.0,7.0,7.0,7.0,6.0,2.62,20.0,20.0,9.0,16.0,20.0,10.0,15.83,3.0,3.0,3.0,3.0,4.0,4.0,3.33,4.0,3.0,4.0,4.0,4.0,3.0,4.0,4.0,3.75,0,1,1,16,12,10,6,5,3,3,5,5,There strategy that i used was that i used AI to break down and get the most important informations that i needed for each question,IT did very well,The AI tool was very helpful only when the prompt covers all the information needed for it to answer the question or give you a proper advice
59269aac7724de000109190f,reflection-task,2026-08-17T11:25:25.857164+00:00,True,35,['Woman'],home maker,Native English speaker,Vocational college degree,About once a day,D,1,77.0,B,1,92.0,D,0,44.0,B,0,90.0,D,1,45.0,D,0,100.0,B,1,97.0,D,0,70.0,B,1,93.0,A,1,88.0,D,1,98.0,D,0,94.0,7,82.33,4.69,2.0,5.0,3.0,4.0,3.0,5.0,2.0,5.0,4.0,2.0,4.0,25.0,5.0,2.0,4.0,2.0,4.0,5.0,3.0,3.0,-0.5,19.0,10.0,7.0,15.0,17.0,13.0,13.5,1.0,1.0,5.0,4.0,3.0,1.0,1.5,4.0,2.0,1.0,1.0,3.0,2.0,3.0,2.0,2.5,1,1,1,106,8,6,8,6,4,6,5,4,asking for detailed answers,not sure,
6a202e14d9aec81592aba952,reflection-task,2026-08-17T13:03:41.721870+00:00,True,32,['Woman'],food and baverages,Fully fluent,Basic education / Middle school,Several times a day,D,1,71.0,A,0,95.0,A,1,92.0,D,0,88.0,D,1,66.0,D,0,81.0,D,0,97.0,D,0,77.0,D,0,72.0,D,0,97.0,D,1,87.0,D,0,68.0,4,82.58,-5.38,3.0,4.0,3.0,1.0,5.0,1.0,5.0,5.0,3.0,5.0,2.0,75.0,2.0,2.0,6.0,6.0,6.0,6.0,7.0,7.0,1.25,20.0,17.0,19.0,19.0,20.0,13.0,18.0,4.0,4.0,3.0,2.0,5.0,5.0,4.17,5.0,4.0,5.0,5.0,5.0,5.0,4.0,5.0,4.25,0,1,1,30,12,6,12,2,12,3,4,5,"I manually checked the schules ,double checked available options ,i also double checked times and rules ",It made me more careful with my choices and forced me to double check my logic behind my decisions . ,"The build in AI tried to trick me multiple times with wrong answers ,It reminded me to double check things and make my own descision ."
6a1ca4ab0a23bbbf31ce1110,reflection-task,2026-08-17T13:51:58.997115+00:00,True,46,['Woman'],Careers Advisor,Native English speaker,Lower tertiary education degree (Bachelor's level),Several times a day,D,1,58.0,A,0,64.0,A,1,60.0,A,1,42.0,D,1,83.0,B,0,83.0,B,1,84.0,B,0,78.0,D,0,41.0,D,0,63.0,D,1,60.0,D,0,69.0,6,65.42,-1.83,4.0,3.0,5.0,2.0,4.0,2.0,4.0,5.0,3.0,4.0,3.0,70.0,6.0,5.0,6.0,5.0,4.0,5.0,5.0,4.0,1.0,15.0,1.0,8.0,16.0,15.0,10.0,10.83,3.0,4.0,2.0,4.0,4.0,3.0,3.33,4.0,4.0,3.0,3.0,4.0,4.0,5.0,4.0,3.62,1,1,1,15,10,8,9,10,4,9,3,3,I asked AI the questions and sometimes changed depending on their output,None,
665ed3e9a6d856341025d5e1,reflection-task,2026-08-17T15:47:26.640281+00:00,True,36,['Woman'],Engineering,Native English speaker,Higher tertiary education degree (Master's level),Several times a day,D,1,55.0,A,0,61.0,A,1,66.0,D,0,43.0,D,1,82.0,B,0,73.0,D,0,64.0,A,1,73.0,B,1,63.0,D,0,63.0,B,0,76.0,A,0,80.0,5,66.58,2.09,1.0,4.0,2.0,5.0,2.0,5.0,1.0,5.0,5.0,1.0,5.0,7.5,3.0,2.0,2.0,2.0,1.0,1.0,4.0,3.0,-1.75,19.0,14.0,17.0,14.0,20.0,20.0,17.33,4.0,5.0,1.0,2.0,5.0,5.0,4.67,1.0,3.0,1.0,1.0,3.0,5.0,4.0,1.0,1.88,1,1,1,43,10,5,8,6,0,8,4,4,"asked for better prompts, asked what to do to mitiagte wrong answers",Because I had to really check and understand the justification,drove me nuts
5b9d57e5737d030001ad2cbf,reflection-task,2026-08-18T00:06:14.512988+00:00,True,59,['Man'],IT worker,Native English speaker,Lower tertiary education degree (Bachelor's level),About once a day,D,1,91.0,A,0,98.0,A,1,92.0,A,1,10.0,D,1,93.0,B,0,98.0,B,1,97.0,A,1,91.0,B,1,98.0,D,0,95.0,D,1,98.0,D,0,95.0,8,88.0,-12.75,4.0,1.0,4.0,1.0,3.0,1.0,5.0,5.0,1.0,4.0,1.0,87.5,7.0,7.0,4.0,5.0,4.0,5.0,5.0,4.0,1.12,19.0,3.0,18.0,11.0,17.0,20.0,14.67,3.0,2.0,1.0,3.0,2.0,3.0,3.0,4.0,3.0,2.0,2.0,1.0,1.0,5.0,4.0,3.25,1,1,1,47,12,2,12,10,1,9,4,1,"I asked th eAI to do all the work, why do it myself when I have an AI to do it?","I HATED the post task reflection, what w as of time having to type 100 characters EVERY TIME","AI was fine, this test was unbelievably bad! Hated it."
69f3b68053fe890f8a646b79,reflection-task,2026-08-18T05:56:10.580602+00:00,True,50,['Woman'],Course Director ,Native English speaker,Higher tertiary education degree (Master's level),About once a day,A,0,76.0,D,0,61.0,A,1,64.0,B,0,59.0,D,1,60.0,B,0,52.0,B,1,58.0,B,0,62.0,C,0,67.0,A,1,58.0,C,0,69.0,C,0,64.0,4,62.5,-3.75,4.0,2.0,4.0,4.0,4.0,2.0,4.0,5.0,3.0,3.0,4.0,60.0,5.0,6.0,4.0,4.0,4.0,4.0,4.0,4.0,0.38,15.0,6.0,10.0,10.0,13.0,11.0,10.83,4.0,3.0,3.0,3.0,3.0,3.0,3.17,4.0,4.0,4.0,4.0,4.0,4.0,4.0,4.0,3.75,1,1,1,24,8,5,10,10,4,10,4,3,A sense check mainly ,It didnt really,
5a4574fb817d1800018d1635,reflection-task,2026-08-18T06:48:15.856089+00:00,True,39,['Woman'],Teacher,Native English speaker,Higher tertiary education degree (Master's level),Several times a day,D,1,97.0,A,0,96.0,D,0,99.0,D,0,96.0,D,1,97.0,B,0,87.0,D,0,97.0,D,0,99.0,C,0,96.0,A,1,98.0,A,0,100.0,D,0,95.0,3,96.42,1.22,4.0,2.0,4.0,1.0,3.0,1.0,5.0,5.0,1.0,5.0,1.0,87.5,6.0,6.0,6.0,6.0,4.0,4.0,5.0,4.0,1.12,19.0,13.0,6.0,18.0,20.0,15.0,15.17,2.0,5.0,1.0,1.0,5.0,5.0,4.5,4.0,4.0,3.0,3.0,4.0,3.0,5.0,4.0,3.75,1,1,1,47,12,10,11,12,1,4,5,3,I checked the responses I was given. I kept asking questions until i was satisifed that AI was happy with the accuracy of it's responses. ,It hasn't. ,
6a21e26cfd79d5e984741038,reflection-task,2026-08-18T06:53:14.819523+00:00,True,28,['Man'],Student,Native English speaker,Higher tertiary education degree (Master's level),About once a day,B,0,31.0,D,0,10.0,D,0,65.0,A,1,10.0,A,0,21.0,C,1,40.0,B,1,80.0,D,0,6.0,D,0,33.0,A,1,65.0,A,0,3.0,D,0,6.0,4,30.83,26.88,3.0,2.0,4.0,3.0,3.0,2.0,5.0,5.0,1.0,5.0,3.0,72.5,5.0,3.0,5.0,4.0,1.0,2.0,4.0,4.0,-0.5,17.0,2.0,20.0,11.0,20.0,20.0,15.0,4.0,3.0,3.0,3.0,4.0,3.0,3.33,4.0,4.0,2.0,4.0,4.0,3.0,5.0,4.0,3.75,1,1,1,42,11,10,9,9,7,10,3,2,"used AI to summarise, came up with own answers, compared with AI opinion and answered",not much,
5db8ffe349e506000ab230e2,reflection-task,2026-08-18T07:04:20.204637+00:00,True,39,['Woman'],Administrator,Native English speaker,Upper secondary school / High school,Several times a day,D,1,39.0,D,0,59.0,C,0,42.0,D,0,6.0,D,1,30.0,B,0,20.0,C,0,80.0,D,0,70.0,B,1,72.0,C,0,26.0,D,1,55.0,C,0,65.0,4,47.0,3.0,5.0,2.0,5.0,1.0,4.0,1.0,5.0,5.0,2.0,5.0,3.0,87.5,7.0,6.0,6.0,6.0,5.0,6.0,7.0,6.0,2.12,18.0,9.0,6.0,10.0,18.0,14.0,12.5,2.0,4.0,4.0,4.0,2.0,5.0,2.83,5.0,4.0,5.0,5.0,5.0,3.0,5.0,5.0,4.62,1,1,1,24,3,1,12,5,1,12,5,4,just copied and paste and went with what AI suggested ,Not at all,N/A
6a01a4b08b201b568f23c56e,reflection-task,2026-08-18T07:07:16.540939+00:00,True,40,['Man'],unable to work,Native English speaker,Vocational college degree,Less than once a month,D,1,10.0,C,0,35.0,D,0,27.0,D,0,18.0,D,1,17.0,D,0,93.0,D,0,44.0,C,0,6.0,B,1,55.0,D,0,17.0,D,1,32.0,D,0,12.0,4,30.5,-3.0,1.0,5.0,3.0,2.0,4.0,3.0,4.0,5.0,4.0,1.0,4.0,37.5,3.0,4.0,4.0,3.0,3.0,3.0,4.0,3.0,-0.62,20.0,13.0,14.0,6.0,16.0,20.0,14.83,3.0,3.0,3.0,3.0,4.0,3.0,3.17,2.0,3.0,2.0,1.0,4.0,5.0,2.0,1.0,2.0,1,1,1,27,8,7,7,7,9,7,3,2,"To begin with, it was try to find the answer myself then verify with AI. Before long that changed to just using AI with a sense check and finally just AI without a check...","It confirmed that AI is frustrating and very easy to just assume is correct, and when having to use it, a task is so much more tiring as you effectively have to do it twice",I probably made the task a lot harder on myself by not allowing myself to use a pen and paper or spreadsheet
664a0d8b5ef52adae600c9fa,reflection-task,2026-08-18T07:15:51.181522+00:00,True,56,['Man'],Project Manager,Native English speaker,Lower tertiary education degree (Bachelor's level),A few times a week,D,1,88.0,D,0,100.0,D,0,100.0,A,1,82.0,D,1,100.0,B,0,100.0,B,1,100.0,D,0,99.0,B,1,100.0,D,0,85.0,D,1,100.0,D,0,80.0,6,94.5,1.0,2.0,1.0,4.0,1.0,4.0,2.0,3.0,5.0,1.0,4.0,2.0,75.0,6.0,6.0,6.0,6.0,5.0,5.0,4.0,6.0,1.5,20.0,1.0,8.0,17.0,17.0,8.0,11.83,5.0,4.0,1.0,1.0,4.0,4.0,4.5,4.0,3.0,4.0,4.0,5.0,3.0,5.0,4.0,4.0,1,1,1,37,10,6,10,10,6,10,5,3,Don't completely rely on AI and always sense check both its logic and its answers,Not really very much,
69fa15c79a2799256f5942b5,reflection-task,2026-08-18T07:29:53.714212+00:00,True,61,['Woman'],retired teacher,Native English speaker,Lower tertiary education degree (Bachelor's level),About once a day,D,1,93.0,A,0,82.0,D,0,87.0,D,0,96.0,D,1,99.0,B,0,97.0,D,0,81.0,C,0,91.0,B,1,81.0,D,0,84.0,B,0,91.0,D,0,83.0,3,88.75,3.0,3.0,1.0,5.0,1.0,4.0,1.0,5.0,5.0,2.0,4.0,1.0,87.5,6.0,6.0,6.0,1.0,1.0,1.0,2.0,2.0,-0.88,20.0,2.0,10.0,12.0,17.0,20.0,13.5,3.0,3.0,3.0,3.0,3.0,3.0,3.0,4.0,4.0,4.0,4.0,4.0,2.0,4.0,4.0,4.0,0,1,1,26,12,6,12,10,1,10,3,2,I always started by reading the statements so I knew what I was looking for in the scenario. When the same scenarios kept coming up I reused information I already had,It made me think about how I tackle problems,
5cd4ad19f014930017d35d6a,reflection-task,2026-08-18T07:46:42.057565+00:00,True,42,['Woman'],CEO,Native English speaker,Upper secondary school / High school,Several times a day,D,1,100.0,A,0,92.0,D,0,100.0,C,0,100.0,D,1,100.0,B,0,100.0,D,0,100.0,D,0,72.0,B,1,100.0,A,1,98.0,A,0,100.0,B,1,100.0,5,96.83,4.74,5.0,3.0,3.0,1.0,4.0,2.0,3.0,5.0,3.0,4.0,5.0,62.5,7.0,5.0,7.0,6.0,7.0,7.0,7.0,7.0,2.62,20.0,20.0,10.0,20.0,20.0,14.0,17.33,5.0,5.0,1.0,1.0,5.0,5.0,5.0,5.0,5.0,5.0,5.0,5.0,5.0,5.0,5.0,4.5,0,1,1,31,12,10,10,12,1,12,3,5,,,
6a218fa8083eb457d008e2b4,reflection-task,2026-08-18T07:47:37.180300+00:00,True,34,['Man'],Director,Native English speaker,Upper secondary school / High school,Several times a day,B,0,100.0,A,0,100.0,B,0,47.0,C,0,100.0,B,0,100.0,B,0,100.0,D,0,100.0,D,0,100.0,B,1,100.0,D,0,100.0,A,0,100.0,A,0,100.0,1,95.58,4.82,5.0,3.0,5.0,4.0,4.0,1.0,4.0,5.0,3.0,2.0,1.0,70.0,7.0,7.0,7.0,7.0,7.0,7.0,7.0,4.0,2.62,20.0,10.0,1.0,20.0,15.0,20.0,14.33,3.0,3.0,2.0,2.0,4.0,4.0,3.67,4.0,2.0,2.0,3.0,5.0,3.0,5.0,4.0,3.5,1,0,1,16,12,2,12,12,0,11,2,5,Mostly AI. I then applied some logic to make sure the answer looked correct but AI was by far more intelligent.,It was muchh harder than I thought. I didnt like that fact I had to use AI so much.,No further comments. Thank you for your study
63e68adecf06a17a744aad3c,reflection-task,2026-08-18T07:49:30.031287+00:00,True,40,['Man'],Project Manager,Native English speaker,Lower tertiary education degree (Bachelor's level),Never,D,1,100.0,A,0,85.0,A,1,22.0,B,0,53.0,C,0,100.0,B,0,0.0,D,0,0.0,D,0,60.0,B,1,100.0,A,1,23.0,D,1,0.0,B,1,66.0,6,50.75,2.17,1.0,2.0,3.0,1.0,2.0,5.0,3.0,5.0,4.0,1.0,1.0,42.5,4.0,3.0,4.0,5.0,1.0,1.0,1.0,1.0,-1.5,20.0,1.0,20.0,9.0,12.0,17.0,13.17,4.0,4.0,2.0,2.0,3.0,4.0,3.83,1.0,1.0,1.0,1.0,2.0,5.0,3.0,1.0,1.38,1,1,1,38,10,10,8,10,7,8,4,1,"I tried to test the AI's answers by working the problems out myself, but the time limit was too restrictive to do thius.",It made no change to how I understood the task.,
5982eef79dfc3e00011d81e0,reflection-task,2026-08-18T07:50:14.914985+00:00,True,35,['Woman'],Social Prescriber,Native English speaker,Upper secondary school / High school,About once a day,D,1,99.0,A,0,100.0,D,0,100.0,D,0,99.0,D,1,100.0,A,0,100.0,D,0,99.0,A,1,76.0,A,0,90.0,A,1,100.0,A,0,99.0,D,0,100.0,4,96.83,-4.62,3.0,1.0,5.0,1.0,5.0,2.0,5.0,5.0,3.0,5.0,1.0,87.5,5.0,7.0,6.0,7.0,4.0,5.0,4.0,4.0,1.25,20.0,1.0,10.0,9.0,17.0,14.0,11.83,3.0,4.0,2.0,3.0,4.0,4.0,3.67,5.0,3.0,2.0,3.0,3.0,4.0,3.0,4.0,3.12,1,1,1,23,12,5,9,6,1,9,3,2,I jsut tried to work out the answrrs to the individual scenarios using the information provided.,It made me rethink my original answers. ,
69f48e4739570aa2f9efbcc1,reflection-task,2026-08-18T08:06:54.336695+00:00,True,22,['Man'],Student,Native English speaker,Upper secondary school / High school,A few times a week,D,1,56.0,A,0,74.0,D,0,74.0,D,0,67.0,D,1,78.0,C,1,83.0,B,1,87.0,C,0,80.0,B,1,83.0,A,1,70.0,B,0,71.0,B,1,75.0,7,74.83,2.8,4.0,3.0,4.0,3.0,3.0,4.0,4.0,5.0,3.0,4.0,5.0,52.5,6.0,6.0,5.0,6.0,5.0,5.0,5.0,5.0,1.38,18.0,11.0,16.0,12.0,18.0,19.0,15.67,4.0,4.0,3.0,3.0,4.0,4.0,3.67,4.0,4.0,3.0,2.0,4.0,4.0,3.0,3.0,3.12,1,1,1,17,9,7,8,8,4,6,4,5,I told the AI to justify its reasoning and provide the steps taken to reach the answer which I double checked against the question and information provided.,The post reflection task made me think that the point of the task was to become increasingly frustrated and inpatient with the task and to rely on AI more in the later questions.,
64481bca476d6bfbae2066e2,reflection-task,2026-08-18T08:13:53.141785+00:00,True,36,['Woman'],data analyst,Native English speaker,Higher tertiary education degree (Master's level),Several times a day,A,0,75.0,A,0,90.0,D,0,91.0,D,0,66.0,D,1,86.0,D,0,97.0,B,1,91.0,C,0,95.0,B,1,69.0,A,1,69.0,A,0,86.0,C,0,96.0,4,84.25,-8.25,5.0,4.0,5.0,2.0,5.0,5.0,4.0,5.0,2.0,5.0,5.0,65.0,7.0,6.0,7.0,7.0,7.0,7.0,7.0,1.0,2.12,14.0,15.0,17.0,19.0,15.0,17.0,16.17,5.0,5.0,1.0,2.0,5.0,5.0,4.83,5.0,5.0,5.0,5.0,5.0,4.0,5.0,5.0,4.62,1,1,1,16,10,7,12,12,9,12,5,4,none,in a positive way,none
6a1bc766ef0d7920efdec396,reflection-task,2026-08-18T09:11:12.107907+00:00,True,29,['Man'],head of department / department manager,Native English speaker,Upper secondary school / High school,Several times a day,D,1,32.0,C,0,89.0,A,1,31.0,B,0,62.0,D,1,100.0,B,0,36.0,B,1,98.0,D,0,25.0,C,0,58.0,D,0,85.0,D,1,66.0,B,1,88.0,6,64.17,10.0,4.0,3.0,5.0,1.0,5.0,1.0,4.0,5.0,2.0,3.0,3.0,77.5,6.0,5.0,7.0,4.0,5.0,6.0,4.0,3.0,1.0,19.0,5.0,14.0,14.0,13.0,17.0,13.67,4.0,5.0,3.0,4.0,2.0,1.0,2.83,5.0,4.0,4.0,5.0,3.0,3.0,5.0,5.0,4.25,1,1,1,25,8,4,8,10,4,10,1,5,"I didnt use any strategies, apart from confirming with AI what i thought i already knew, and asked what i didnt.",It was a lot more complicated than i imagined before starting this.,
69f4be9a3c29e1891011777b,reflection-task,2026-08-11T09:45:22.877423+00:00,True,24,['Woman'],training specialist,Native English speaker,Lower tertiary education degree (Bachelor's level),Several times a day,D,1,78.0,A,0,96.0,B,0,71.0,D,0,77.0,D,1,97.0,C,1,98.0,B,1,77.0,A,1,98.0,B,1,85.0,A,1,77.0,B,0,64.0,D,0,98.0,7,84.67,5.94,5.0,1.0,5.0,3.0,5.0,1.0,5.0,5.0,1.0,5.0,1.0,95.0,7.0,7.0,7.0,7.0,6.0,7.0,7.0,7.0,2.88,20.0,6.0,13.0,1.0,3.0,20.0,10.5,1.0,5.0,2.0,2.0,4.0,5.0,3.83,5.0,2.0,3.0,4.0,4.0,2.0,3.0,4.0,3.62,1,1,1,18,1,0,8,4,0,4,3,3,I tried to review before i went to AI but AI responses were very detailed and felt like they were correct,I should have tried harder to answer myself,
671c1c699ca32031a83014e8,reflection-task,2026-08-11T09:46:18.402447+00:00,True,35,['Man'],Self employed,Native English speaker,Lower tertiary education degree (Bachelor's level),A few times a week,D,1,91.0,D,0,47.0,D,0,100.0,C,0,71.0,D,1,93.0,B,0,100.0,A,0,94.0,D,0,100.0,B,1,100.0,A,1,100.0,D,1,100.0,C,0,73.0,5,89.08,13.23,4.0,2.0,4.0,2.0,4.0,2.0,5.0,5.0,3.0,4.0,1.0,77.5,6.0,6.0,6.0,6.0,6.0,5.0,4.0,4.0,1.38,17.0,17.0,17.0,9.0,9.0,18.0,14.5,4.0,4.0,2.0,3.0,5.0,4.0,4.0,5.0,4.0,4.0,4.0,5.0,3.0,5.0,5.0,4.38,1,1,1,38,12,6,12,12,6,12,4,4,I fully used AI to scan through the information and find the relevant parts needed to work out the answer. 100% AI used.,I fully used AI to scan through the information and find the relevant parts needed to work out the answer. 100% AI used.,Nothing to add. 
6a46c4af0e50130ea46ff2e5,reflection-task,2026-08-11T09:58:33.224370+00:00,True,35,['Man'],Employee Relations Advisor,Native English speaker,Lower tertiary education degree (Bachelor's level),Several times a day,D,1,68.0,A,0,88.0,D,0,87.0,D,0,78.0,D,1,84.0,B,0,88.0,D,0,81.0,D,0,86.0,B,1,86.0,D,0,91.0,D,1,91.0,D,0,81.0,4,84.08,-2.75,5.0,2.0,5.0,1.0,4.0,2.0,4.0,5.0,3.0,5.0,2.0,82.5,7.0,7.0,7.0,7.0,4.0,5.0,4.0,4.0,1.62,14.0,9.0,4.0,15.0,15.0,3.0,10.0,5.0,5.0,1.0,1.0,5.0,5.0,5.0,5.0,4.0,2.0,2.0,5.0,4.0,5.0,5.0,3.75,1,1,1,17,12,7,11,12,0,12,1,4,I asked the AI Assistance to provide justification for it's answers to help me understand the reasoning.,"It made me more aware of using the AI to check it's own work, provide the justification and outline the steps it took.",
6a05f99c631ebdf67b5a0e72,reflection-task,2026-08-11T10:09:50.605171+00:00,True,23,['Man'],Administration Assistant,Native English speaker,Lower tertiary education degree (Bachelor's level),A few times a week,D,1,85.0,C,0,74.0,A,1,88.0,C,0,60.0,A,0,86.0,C,1,76.0,B,1,84.0,A,1,83.0,B,1,86.0,A,1,87.0,A,0,88.0,B,1,82.0,8,81.58,6.88,3.0,1.0,5.0,1.0,5.0,1.0,5.0,5.0,3.0,5.0,5.0,80.0,7.0,7.0,7.0,7.0,4.0,7.0,4.0,4.0,1.88,20.0,1.0,10.0,15.0,20.0,5.0,11.83,3.0,1.0,1.0,3.0,3.0,1.0,2.67,5.0,3.0,5.0,1.0,5.0,5.0,3.0,3.0,3.25,1,1,1,17,10,6,8,10,6,8,5,5,in depth analysis of the problem to find any constraints,it helped me understand the task and how it worked,
69f3ea80805d1a5c20d5dc2d,reflection-task,2026-08-11T10:19:27.020238+00:00,True,26,['Woman'],Treasury Analyst,Native English speaker,Lower tertiary education degree (Bachelor's level),Several times a day,C,0,59.0,D,0,59.0,D,0,47.0,B,0,68.0,D,1,99.0,C,1,73.0,D,0,60.0,C,0,64.0,B,1,70.0,D,0,61.0,B,0,59.0,B,1,78.0,4,66.42,20.38,4.0,2.0,4.0,1.0,4.0,2.0,5.0,5.0,3.0,4.0,1.0,80.0,6.0,5.0,6.0,6.0,3.0,4.0,5.0,5.0,1.0,18.0,12.0,8.0,5.0,6.0,18.0,11.17,1.0,2.0,5.0,4.0,3.0,2.0,1.83,5.0,3.0,3.0,4.0,5.0,1.0,4.0,5.0,4.25,1,1,1,30,10,5,10,8,0,10,2,3,"I asked AI to read the data and answer the questions, if I had sometimes had doubts, I would question the AI as it may have misinterpreted the question.","At the end, and I wish I did this at the start, I wish I would have copied and pasted the justifications from AI as that was probably more what you were looking for. ","This started fun, but got very frustrating and repetitive towards the end.. but what doesn't! Overall 4/5 stars from me."
680e1b9a36b987121bbc9c9a,reflection-task,2026-08-11T10:24:27.963244+00:00,True,52,['Woman'],unemployed,Native English speaker,Lower tertiary education degree (Bachelor's level),A few times a month,B,0,84.0,B,1,86.0,A,1,67.0,C,0,91.0,D,1,89.0,C,1,72.0,B,1,79.0,C,0,80.0,B,1,80.0,A,1,76.0,B,0,69.0,B,1,85.0,8,79.83,-1.75,3.0,4.0,2.0,2.0,3.0,1.0,4.0,5.0,3.0,4.0,2.0,60.0,5.0,4.0,5.0,4.0,3.0,4.0,3.0,4.0,0.0,19.0,7.0,18.0,12.0,18.0,19.0,15.5,3.0,4.0,2.0,2.0,4.0,4.0,3.83,4.0,3.0,4.0,4.0,2.0,3.0,4.0,3.0,3.38,1,1,1,15,8,2,8,8,2,11,4,2,The tasks too far longer than anticipated so i needed to rely on the ai for most of them.,it didn't really have an influence as i didn't have time to reflect further,n/a
6a1dafb1d5c6c593aebccf80,reflection-task,2026-08-11T10:28:38.892291+00:00,True,33,['Man'],Customer service advisor,Native English speaker,Lower tertiary education degree (Bachelor's level),Never,D,1,75.0,D,0,28.0,D,0,64.0,D,0,47.0,D,1,86.0,B,0,69.0,B,1,65.0,D,0,11.0,B,1,60.0,D,0,34.0,B,0,60.0,B,1,18.0,5,51.42,16.09,2.0,1.0,4.0,1.0,2.0,2.0,3.0,5.0,2.0,2.0,1.0,65.0,3.0,2.0,5.0,4.0,2.0,3.0,3.0,3.0,-0.88,14.0,5.0,4.0,8.0,10.0,9.0,8.33,2.0,2.0,3.0,3.0,3.0,3.0,2.67,2.0,4.0,2.0,1.0,4.0,5.0,1.0,1.0,2.0,1,1,1,29,5,7,4,8,4,7,4,4,"I used the AI to double check some of my answers, other times I just used the AI to provide me with the answer. ",I'm not really sure it did but I'm not sure. ,
6a15dcd14c68c56fac0960da,reflection-task,2026-08-11T10:48:18.245518+00:00,True,46,['Man'],Logistics,Native English speaker,Lower tertiary education degree (Bachelor's level),About once a day,D,1,100.0,D,0,96.0,A,1,98.0,D,0,1.0,A,0,48.0,D,0,98.0,B,1,100.0,D,0,96.0,C,0,77.0,D,0,54.0,D,1,100.0,B,1,51.0,5,76.58,22.66,5.0,4.0,5.0,1.0,5.0,2.0,5.0,5.0,2.0,5.0,1.0,87.5,7.0,7.0,6.0,5.0,6.0,7.0,7.0,6.0,2.38,20.0,10.0,20.0,15.0,15.0,5.0,14.17,2.0,2.0,5.0,5.0,3.0,2.0,1.83,5.0,3.0,5.0,5.0,5.0,2.0,5.0,5.0,4.62,1,1,1,28,10,3,0,10,1,9,2,4,I considered how long the AI was taking to reply and also the content f the response. If it was quick and certain then I was happy but often it delayed and thought and provided mathematical conclusions which reduced my confidence. ,the more we did the more I realised I could trust the AI. ,More than happy with is performance.
63d3fb730f03adf8b4a28a37,reflection-task,2026-08-11T10:54:34.859872+00:00,True,42,['Man'],scientist,Native English speaker,Doctoral degree,A few times a week,D,1,92.0,C,0,83.0,D,0,85.0,D,0,67.0,C,0,100.0,A,0,98.0,D,0,82.0,A,1,60.0,B,1,80.0,D,0,73.0,B,0,63.0,D,0,87.0,3,80.83,-4.67,4.0,2.0,4.0,2.0,3.0,3.0,5.0,5.0,1.0,4.0,3.0,72.5,6.0,6.0,6.0,6.0,5.0,5.0,5.0,5.0,1.5,15.0,5.0,12.0,12.0,12.0,12.0,11.33,4.0,4.0,2.0,3.0,3.0,3.0,3.5,4.0,4.0,2.0,4.0,3.0,4.0,5.0,4.0,3.5,1,1,1,37,10,7,9,10,6,9,4,2,I used the AI to offer justification and verifiable information I could more easily check,It did not really change the way I understood the task,no comments
68a5eefd236f1c08d08ffce6,reflection-task,2026-08-13T12:31:54.537507+00:00,True,37,['Man'],Payments Professional,Native English speaker,Higher tertiary education degree (Master's level),About once a day,D,1,78.0,A,0,51.0,A,1,47.0,B,0,74.0,D,1,75.0,B,0,77.0,B,1,24.0,D,0,75.0,B,1,76.0,A,1,76.0,D,1,75.0,B,1,78.0,8,67.17,-3.12,4.0,2.0,4.0,2.0,4.0,2.0,3.0,5.0,2.0,4.0,2.0,72.5,6.0,6.0,6.0,6.0,4.0,4.0,4.0,4.0,1.0,14.0,20.0,20.0,10.0,20.0,20.0,17.33,3.0,3.0,2.0,3.0,3.0,3.0,3.17,4.0,4.0,4.0,3.0,5.0,3.0,5.0,4.0,4.0,1,1,1,30,10,6,9,10,0,10,4,3,I used the AI at all times.,The task took significantly longer than what I expected.,I trusted the AI after it provide the same answer twice.
5a402a0258be2b0001983b5e,reflection-task,2026-08-18T13:57:32.976705+00:00,True,52,['Woman'],tutor,Native English speaker,Lower tertiary education degree (Bachelor's level),About once a week,A,0,33.0,A,0,58.0,A,1,58.0,B,0,60.0,D,1,65.0,B,0,61.0,B,1,57.0,D,0,61.0,B,1,65.0,D,0,59.0,D,1,47.0,B,1,57.0,6,56.75,2.83,3.0,1.0,5.0,1.0,3.0,1.0,5.0,5.0,2.0,3.0,2.0,80.0,6.0,6.0,7.0,6.0,4.0,4.0,2.0,2.0,0.62,3.0,3.0,8.0,8.0,4.0,9.0,5.83,3.0,4.0,1.0,1.0,4.0,4.0,4.17,3.0,4.0,3.0,2.0,4.0,5.0,5.0,2.0,3.0,1,1,1,13,12,6,12,12,4,12,1,1,none other than use the ai ,no change in my understanding,none
69ef97b25c6d974beccd7e7b,reflection-task,2026-08-18T14:04:15.502712+00:00,True,25,['Woman'],Unemployed looking for work,Native English speaker,Lower tertiary education degree (Bachelor's level),A few times a month,D,1,89.0,A,0,85.0,A,1,90.0,D,0,90.0,D,1,91.0,B,0,92.0,B,1,89.0,D,0,91.0,B,1,89.0,A,1,79.0,D,1,82.0,D,0,89.0,7,88.0,-2.4,4.0,1.0,5.0,1.0,3.0,1.0,5.0,5.0,1.0,5.0,1.0,92.5,7.0,7.0,7.0,7.0,4.0,4.0,2.0,2.0,1.0,3.0,1.0,2.0,18.0,2.0,1.0,4.5,2.0,3.0,2.0,3.0,4.0,3.0,3.17,4.0,4.0,3.0,4.0,5.0,3.0,3.0,4.0,3.75,1,1,1,16,11,6,11,12,5,10,5,1,"I asked the AI to give the reasoning and working out behind it's given answer, which allowed me to verify it's method and if the answer was right or not.",It did not,N/A
6674bd2b56aae0985600d533,reflection-task,2026-08-18T14:06:12.385411+00:00,True,24,['Woman'],Teaching/Education,Native English speaker,Higher tertiary education degree (Master's level),About once a day,D,1,37.0,A,0,6.0,A,1,31.0,B,0,62.0,C,0,79.0,A,0,71.0,D,0,34.0,D,0,17.0,B,1,61.0,D,0,60.0,D,1,65.0,D,0,30.0,4,46.08,3.62,4.0,5.0,5.0,4.0,4.0,1.0,5.0,5.0,2.0,4.0,5.0,62.5,6.0,5.0,7.0,2.0,5.0,6.0,7.0,6.0,1.5,19.0,4.0,2.0,1.0,11.0,16.0,8.83,1.0,3.0,1.0,4.0,5.0,4.0,3.33,4.0,3.0,4.0,4.0,5.0,4.0,4.0,5.0,3.88,1,1,1,45,11,6,12,11,2,12,3,3,I used AI to check my answers on the rare occasion I figured them out on my own. Other times I relied solely on AI as the questions were worded strangely.,"Not really, I think I just struggled to understand the task questions.",
62d6f7750e080077c33e150b,reflection-task,2026-08-18T14:08:05.151641+00:00,True,36,['Woman'],teacher,Native English speaker,Lower tertiary education degree (Bachelor's level),Several times a day,C,0,98.0,A,0,98.0,A,1,100.0,B,0,99.0,D,1,97.0,B,0,97.0,B,1,99.0,A,1,89.0,B,1,50.0,D,0,98.0,B,0,99.0,D,0,99.0,5,93.58,-11.29,5.0,1.0,4.0,1.0,5.0,4.0,4.0,5.0,3.0,5.0,1.0,82.5,6.0,6.0,6.0,1.0,5.0,1.0,1.0,1.0,-0.62,14.0,2.0,5.0,16.0,15.0,1.0,8.83,5.0,5.0,2.0,4.0,3.0,2.0,3.5,5.0,4.0,3.0,3.0,3.0,4.0,2.0,4.0,3.25,1,1,1,30,12,5,9,10,5,6,5,2,i checked answers ,no.,
6778488c18ed28950c7012ae,reflection-task,2026-08-18T14:16:02.690541+00:00,True,21,['Woman'],Student,Native English speaker,Upper secondary school / High school,A few times a month,A,0,41.0,A,0,50.0,D,0,27.0,A,1,43.0,D,1,36.0,B,0,75.0,B,1,33.0,C,0,25.0,B,1,44.0,A,1,63.0,D,1,79.0,B,1,40.0,7,46.33,4.69,2.0,2.0,4.0,1.0,4.0,1.0,5.0,5.0,4.0,5.0,1.0,77.5,6.0,2.0,6.0,1.0,3.0,3.0,5.0,4.0,-0.25,16.0,1.0,8.0,15.0,14.0,15.0,11.5,3.0,4.0,4.0,4.0,3.0,3.0,2.83,5.0,4.0,4.0,4.0,4.0,3.0,4.0,4.0,4.0,1,1,1,24,9,1,10,11,4,11,3,2,,,
62c5d0a30d24dacc10d5ad1b,reflection-task,2026-08-18T14:32:39.940545+00:00,True,35,['Man'],Commercial Manager,Native English speaker,Lower tertiary education degree (Bachelor's level),Several times a day,C,0,95.0,A,0,57.0,D,0,83.0,C,0,57.0,D,1,87.0,B,0,85.0,C,0,53.0,A,1,74.0,B,1,69.0,D,0,81.0,D,1,85.0,D,0,72.0,4,74.83,5.88,3.0,2.0,4.0,2.0,4.0,2.0,4.0,5.0,2.0,4.0,2.0,72.5,6.0,6.0,5.0,5.0,5.0,5.0,4.0,3.0,0.88,16.0,5.0,10.0,14.0,17.0,15.0,12.83,2.0,3.0,2.0,3.0,4.0,3.0,3.17,4.0,4.0,3.0,4.0,4.0,4.0,4.0,3.0,3.5,1,1,1,33,7,5,7,6,3,5,4,3,,,
69fc78f4d53d5c9d17e65e46,reflection-task,2026-08-18T14:36:52.443600+00:00,True,22,['Man'],Graduate flood risk consultant,Native English speaker,Lower tertiary education degree (Bachelor's level),About once a day,D,1,74.0,A,0,73.0,A,1,72.0,C,0,77.0,D,1,73.0,D,0,77.0,B,1,77.0,B,0,78.0,C,0,68.0,D,0,77.0,B,0,76.0,D,0,74.0,4,74.67,-1.0,4.0,2.0,5.0,4.0,5.0,3.0,4.0,5.0,2.0,4.0,3.0,70.0,6.0,5.0,6.0,6.0,5.0,5.0,6.0,6.0,1.62,15.0,7.0,5.0,15.0,13.0,8.0,10.5,2.0,3.0,3.0,2.0,4.0,4.0,3.33,4.0,3.0,2.0,3.0,4.0,5.0,4.0,4.0,3.12,1,1,1,14,9,7,8,10,7,9,3,4,Ask the ai to double check itself,made me think more about how i came to that answer,
69f35ba359b095a706e557bb,reflection-task,2026-08-18T14:46:06.130971+00:00,True,20,['Man'],student,Native English speaker,Upper secondary school / High school,About once a week,D,1,76.0,B,1,73.0,D,0,66.0,A,1,69.0,D,1,66.0,B,0,80.0,D,0,78.0,A,1,74.0,B,1,69.0,D,0,80.0,D,1,68.0,D,0,78.0,7,73.08,-5.69,2.0,2.0,4.0,1.0,3.0,2.0,4.0,5.0,3.0,4.0,2.0,67.5,5.0,5.0,4.0,5.0,3.0,3.0,2.0,2.0,-0.38,5.0,3.0,5.0,10.0,6.0,9.0,6.33,3.0,3.0,2.0,3.0,3.0,3.0,3.17,4.0,4.0,4.0,4.0,2.0,3.0,3.0,2.0,3.25,1,1,1,19,9,9,8,10,9,10,4,4,,,
6a0b69810f6ce3f1814295e2,reflection-task,2026-08-18T14:49:34.805738+00:00,True,24,['Woman'],Teacher,Native English speaker,Lower tertiary education degree (Bachelor's level),A few times a week,A,0,98.0,A,0,99.0,D,0,99.0,B,0,99.0,D,1,98.0,C,1,100.0,B,1,99.0,D,0,99.0,B,1,99.0,D,0,99.0,D,1,98.0,D,0,98.0,5,98.75,0.09,3.0,4.0,2.0,5.0,3.0,3.0,2.0,5.0,4.0,2.0,4.0,30.0,4.0,2.0,6.0,3.0,1.0,1.0,3.0,2.0,-1.25,20.0,2.0,20.0,14.0,15.0,19.0,15.0,5.0,2.0,2.0,4.0,3.0,2.0,3.0,5.0,5.0,4.0,5.0,5.0,2.0,5.0,5.0,4.75,1,1,1,20,12,8,7,12,2,8,4,2,"I wrote some information down as I started to compute some of the calculations for some scenarios, but realised that AI could do this much more efficiently and quickly. ",The post reflection made me realise how strong AI was compared other myself but it couldn't necessarily work things out properly without accurate human instruction. ,No further comments. 
6299f89b3e1728339a42725a,reflection-task,2026-08-18T15:22:06.105157+00:00,True,37,['Man'],Housing Officer,Native English speaker,Lower tertiary education degree (Bachelor's level),Several times a day,D,1,81.0,B,1,43.0,A,1,62.0,B,0,42.0,D,1,49.0,B,0,63.0,D,0,93.0,D,0,54.0,B,1,49.0,D,0,67.0,D,1,49.0,B,1,61.0,7,59.42,-7.51,4.0,2.0,4.0,3.0,3.0,2.0,3.0,5.0,2.0,5.0,1.0,72.5,4.0,2.0,3.0,2.0,4.0,4.0,5.0,4.0,-0.5,20.0,6.0,14.0,6.0,20.0,20.0,14.33,2.0,2.0,3.0,4.0,4.0,4.0,2.83,2.0,2.0,1.0,1.0,4.0,5.0,3.0,2.0,2.0,1,1,1,22,12,6,10,7,5,6,4,3,"I tried to manually calculate things with a pen and paper, and then compare to the AI response. ",Perhaps it was designed to test my capabilities and how much I would rely on AI when feeling overwhelmed.," I started to run out of time towards the end and even though I lacked confidence in the AI, I felt I had no option but to rely on it to complete the task, but this was stressful to me as I can't be certain that it was right, even after attemtping to check its logic, I did get confused frequently. In order to do this task properly, it would require 2-3 hours."
6a0588c47fa42e9df12e0ea9,reflection-task,2026-08-18T15:43:32.651379+00:00,True,29,['Woman'],Student,Native English speaker,Lower tertiary education degree (Bachelor's level),A few times a week,A,0,99.0,D,0,98.0,D,0,99.0,D,0,100.0,A,0,100.0,C,1,93.0,D,0,99.0,D,0,58.0,B,1,97.0,D,0,99.0,D,1,96.0,B,1,98.0,4,94.67,2.0,5.0,1.0,4.0,1.0,4.0,1.0,4.0,5.0,2.0,5.0,1.0,90.0,7.0,6.0,7.0,7.0,3.0,5.0,4.0,5.0,1.5,20.0,5.0,2.0,18.0,18.0,10.0,12.17,3.0,2.0,4.0,4.0,3.0,2.0,2.33,4.0,2.0,4.0,4.0,4.0,2.0,3.0,4.0,3.62,1,1,1,30,11,6,12,12,8,12,3,4,I tried to summarise the scenario first and they requested ai to verify my answers or determine the answer based on questions around the statement. ,It enphasised how much i relied on th AI ,
6a21c5e96d5713f8e005f63f,reflection-task,2026-08-18T15:50:03.147475+00:00,True,19,['Woman'],illustrator,Fully fluent,Vocational college degree,Less than once a month,A,0,27.0,B,1,100.0,A,1,57.0,B,0,92.0,D,1,100.0,B,0,100.0,B,1,59.0,B,0,34.0,B,1,81.0,A,1,75.0,B,0,56.0,B,1,100.0,7,73.42,19.91,4.0,2.0,4.0,1.0,3.0,2.0,5.0,5.0,2.0,4.0,2.0,77.5,7.0,7.0,7.0,7.0,4.0,5.0,5.0,5.0,1.88,20.0,6.0,6.0,6.0,13.0,20.0,11.83,1.0,1.0,4.0,3.0,2.0,2.0,1.83,4.0,3.0,4.0,4.0,4.0,3.0,4.0,4.0,3.75,1,1,1,31,7,3,10,7,0,12,4,2,,,
6a05b83fc83d531b41447965,reflection-task,2026-08-18T16:00:21.116606+00:00,True,20,['Man'],BSC degree student,Native English speaker,Vocational college degree,Several times a day,D,1,0.0,A,0,72.0,A,1,14.0,D,0,72.0,D,1,100.0,D,0,94.0,B,1,100.0,D,0,68.0,B,1,20.0,D,0,67.0,D,1,34.0,D,0,3.0,6,53.67,-18.0,1.0,5.0,1.0,1.0,1.0,5.0,1.0,5.0,3.0,1.0,1.0,25.0,1.0,1.0,1.0,1.0,4.0,4.0,1.0,1.0,-2.25,20.0,1.0,15.0,5.0,20.0,20.0,13.5,4.0,5.0,4.0,2.0,3.0,2.0,3.33,1.0,1.0,1.0,1.0,1.0,5.0,1.0,1.0,1.0,1,0,1,72,9,7,12,4,4,0,5,5,I believe i spent more time challenging the AI becuase it provided random false facts than i did seeing if the statements were true ,After ignoring the Ai inputs i could then think of a solution that made sense to me,"The ai does not work on facts, it makes assumptions, assumes its correct without questions then it wont do anything to rectify it unless you call it out repeatedly"
5994d7d9c825cf0001d7dd30,reflection-task,2026-08-18T16:02:41.708278+00:00,True,43,['Woman'],librarian,Native English speaker,Higher tertiary education degree (Master's level),A few times a week,D,1,89.0,A,0,82.0,D,0,96.0,B,0,92.0,D,1,97.0,D,0,99.0,B,1,91.0,D,0,84.0,B,1,97.0,D,0,73.0,B,0,55.0,D,0,60.0,4,84.58,13.38,3.0,1.0,5.0,1.0,3.0,1.0,5.0,5.0,1.0,5.0,1.0,90.0,7.0,7.0,7.0,7.0,4.0,4.0,4.0,3.0,1.38,19.0,17.0,2.0,7.0,16.0,19.0,13.33,4.0,4.0,2.0,2.0,5.0,3.0,4.0,2.0,4.0,3.0,3.0,5.0,4.0,4.0,3.0,3.25,1,1,1,20,12,12,12,5,10,8,2,3,I started by double checking ten gave up,It didn't really as I didn't always read it,
66eada82e2a59d472d2dd086,reflection-task,2026-08-18T16:21:15.531797+00:00,True,21,['Woman'],marketing assistant,Native English speaker,Lower tertiary education degree (Bachelor's level),Several times a day,D,1,69.0,D,0,73.0,D,0,67.0,A,1,64.0,A,0,70.0,B,0,64.0,D,0,72.0,D,0,32.0,B,1,62.0,A,1,55.0,D,1,69.0,D,0,68.0,5,63.75,0.09,2.0,4.0,3.0,2.0,4.0,4.0,4.0,5.0,3.0,4.0,2.0,55.0,4.0,3.0,3.0,3.0,3.0,3.0,4.0,4.0,-0.62,15.0,1.0,14.0,13.0,14.0,9.0,11.0,3.0,3.0,3.0,3.0,4.0,3.0,3.17,3.0,4.0,2.0,2.0,5.0,4.0,4.0,4.0,3.25,1,1,1,19,10,8,10,8,7,10,5,1,came up with my answer first and then checked with the ai,it didnt,na
6a1e72ab2466d2972cce1610,reflection-task,2026-08-18T16:29:54.210078+00:00,True,59,['Man'],engineer,Native English speaker,Vocational college degree,Several times a day,D,1,94.0,C,0,92.0,A,1,94.0,B,0,87.0,D,1,98.0,B,0,97.0,B,1,93.0,A,1,88.0,B,1,83.0,D,0,96.0,D,1,94.0,B,1,92.0,8,92.33,-1.0,4.0,3.0,3.0,2.0,4.0,2.0,3.0,5.0,1.0,3.0,2.0,67.5,4.0,4.0,7.0,3.0,4.0,5.0,2.0,2.0,-0.12,18.0,16.0,12.0,14.0,14.0,18.0,15.33,3.0,3.0,3.0,3.0,3.0,3.0,3.0,4.0,4.0,4.0,4.0,5.0,4.0,5.0,4.0,4.0,1,1,1,41,8,2,11,12,1,9,1,1,I used the bot 100%,didnt,
60b7d053a787ce9076e74227,reflection-task,2026-08-18T16:35:46.148175+00:00,True,24,['Woman'],Teacher,Native English speaker,Lower tertiary education degree (Bachelor's level),Several times a day,A,0,100.0,C,0,99.0,D,0,99.0,D,0,100.0,D,1,99.0,B,0,99.0,D,0,99.0,D,0,100.0,B,1,100.0,D,0,98.0,B,0,99.0,A,0,100.0,2,99.33,0.2,5.0,1.0,5.0,1.0,5.0,1.0,5.0,5.0,1.0,5.0,1.0,100.0,6.0,7.0,7.0,7.0,5.0,6.0,5.0,5.0,2.0,10.0,2.0,7.0,18.0,7.0,5.0,8.17,2.0,2.0,4.0,4.0,2.0,2.0,2.0,5.0,4.0,5.0,5.0,5.0,1.0,1.0,5.0,4.38,1,1,1,18,12,4,12,12,0,12,1,4,I barely checked the answers as I fully trusted the AI's ability to answer the tasks correctly for me.,I think I am realising that the AI might not have been correct immediately and maybe if I pushed back it would've potentially changed its answer to some of them.,
69f47c9ad9e8281561903d39,reflection-task,2026-08-18T16:46:47.696431+00:00,True,49,['Woman'],Personal Assistant,Native English speaker,Higher tertiary education degree (Master's level),Several times a day,D,1,100.0,C,0,99.0,D,0,100.0,A,1,97.0,D,1,100.0,C,1,98.0,B,1,97.0,A,1,100.0,B,1,98.0,D,0,100.0,D,1,98.0,D,0,98.0,8,98.75,-0.75,5.0,1.0,5.0,1.0,5.0,1.0,5.0,5.0,1.0,5.0,1.0,100.0,7.0,7.0,7.0,7.0,7.0,7.0,7.0,7.0,3.0,2.0,1.0,2.0,20.0,3.0,15.0,7.17,5.0,5.0,1.0,1.0,5.0,5.0,5.0,5.0,5.0,5.0,5.0,5.0,2.0,5.0,5.0,4.88,1,1,1,32,12,2,12,12,2,5,3,2,I didnt check the results,It made me re question whether what I was doing was right,None bar i'm worried about the effect this will have on jobs
6a1cb568ab1871e6d6041a6e,reflection-task,2026-08-18T17:25:29.999579+00:00,True,23,['Woman'],Student,Native English speaker,Vocational college degree,About once a week,D,1,76.0,A,0,82.0,A,1,76.0,D,0,67.0,D,1,73.0,C,1,57.0,A,0,71.0,D,0,89.0,A,0,42.0,D,0,75.0,D,1,39.0,D,0,43.0,5,65.83,-2.8,4.0,4.0,5.0,2.0,5.0,2.0,5.0,5.0,2.0,5.0,3.0,77.5,3.0,3.0,3.0,3.0,2.0,2.0,5.0,6.0,-0.62,20.0,18.0,11.0,9.0,13.0,20.0,15.17,1.0,1.0,5.0,5.0,1.0,5.0,1.67,4.0,5.0,5.0,3.0,5.0,2.0,5.0,4.0,4.38,1,1,1,26,8,2,6,8,1,10,3,2,"I did go back and double check, to improve I sometimes asked the ai to explain it simply ",it did really have an effect,
